{
"type": "FeatureCollection",
"name": "z_trails_forchet",
"crs": { "type": "name", "properties": { "name": "urn:ogc:def:crs:OGC:1.3:CRS84" } },
"features": [
{ "type": "Feature", "properties": { "name": "Muren-Trail", "description": "Witziger Slalom durch die Kiefern am Rand der Mure" }, "geometry": { "type": "LineString", "coordinates": [ [ 10.842438595649112, 47.242935580332237, 826.0780029296875 ], [ 10.841671266115643, 47.242729377154674, 828.9420166015625 ], [ 10.840951894678017, 47.242392938668239, 827.66497802734375 ], [ 10.840648160071021, 47.242089056908583, 824.97698974609375 ], [ 10.840168579112602, 47.24193711537508, 829.1829833984375 ], [ 10.839752942281978, 47.241720055285626, 833.92498779296875 ], [ 10.839353291483294, 47.241437875839772, 828.61798095703125 ], [ 10.839113501004087, 47.241231666832739, 827.5260009765625 ], [ 10.839241389259668, 47.24093863159996, 818.80401611328125 ], [ 10.839433221643031, 47.240786686767109, 813.7750244140625 ], [ 10.839768928313925, 47.240547915435037, 805.98797607421875 ], [ 10.840248509272342, 47.240298289710047, 795.114013671875 ], [ 10.840328439432078, 47.240059516176899, 786.75799560546875 ], [ 10.840760062294649, 47.239831594982356, 781.8809814453125 ], [ 10.841191685157229, 47.239505991575029, 771.77099609375 ], [ 10.8413515454767, 47.239202093256189, 765.49700927734375 ], [ 10.841719224211486, 47.238789657035447, 757.58001708984375 ], [ 10.84199098675459, 47.238518315665679, 751.6300048828125 ], [ 10.842182819137955, 47.238225265425548, 747.26202392578125 ], [ 10.842342679457426, 47.23794306736616, 742.53302001953125 ], [ 10.842438595649112, 47.23765001394446, 733.2559814453125 ] ] } },
{ "type": "Feature", "properties": { "name": "Sautens - Bischlang Trail (0,6 km)", "description": "Kurze Trail Variante mit technische Passage in erster Hälfte!" }, "geometry": { "type": "LineString", "coordinates": [ [ 10.837823544837644, 47.216743628167556, 827.583984375 ], [ 10.837837167401423, 47.216854661785369, 825.43499755859375 ], [ 10.837878035092768, 47.216928684068094, 822.76202392578125 ], [ 10.837905280220333, 47.217002706247477, 819.1510009765625 ], [ 10.837946147911678, 47.217132244812738, 815.614990234375 ], [ 10.837946147911678, 47.217317299357006, 814.92999267578125 ], [ 10.837905280220333, 47.217363562892167, 817.7249755859375 ], [ 10.837823544837644, 47.217511605933424, 819.51202392578125 ], [ 10.837850789965206, 47.217678153860767, 818.36700439453125 ], [ 10.83802788329437, 47.217826196023665, 811.28497314453125 ], [ 10.838095996113282, 47.217872459114815, 809.3060302734375 ], [ 10.838191354059756, 47.217918722165592, 807.24102783203125 ], [ 10.838259466878663, 47.218001995555269, 806.06201171875 ], [ 10.838382069952702, 47.218011248146063, 800.7919921875 ], [ 10.838485919472486, 47.218149869333885, 807.13897705078125 ], [ 10.83835935261831, 47.218216731212408, 806.8079833984375 ], [ 10.837965589071979, 47.218340903048819, 806.02099609375 ], [ 10.837782770282617, 47.21838866137, 797.95599365234375 ], [ 10.837585888509448, 47.218331351379419, 796.301025390625 ], [ 10.83743119568768, 47.218149869333885, 789.655029296875 ], [ 10.837290565849704, 47.217958834930698, 787.1090087890625 ], [ 10.836868676335779, 47.217777351610152, 779.47198486328125 ], [ 10.836770235449199, 47.217720040958824, 779.93902587890625 ], [ 10.836531164724642, 47.217529005007016, 779.8070068359375 ], [ 10.836249905048687, 47.217443038604159, 780.8590087890625 ], [ 10.835884267469956, 47.217443038604159, 781.93597412109375 ], [ 10.835356905577552, 47.21782511043893, 770.781005859375 ], [ 10.835356905577552, 47.218092559085207, 769.49798583984375 ], [ 10.83530065364236, 47.218207179520633, 767.7449951171875 ], [ 10.835188149771978, 47.218445971298664, 763.69000244140625 ], [ 10.835005330982614, 47.218684762001246, 757.99102783203125 ] ] } },
{ "type": "Feature", "properties": { "name": "Umholer Up & Down Trail (0,4 km)", "description": "UH mit Flow! Top!" }, "geometry": { "type": "LineString", "coordinates": [ [ 10.872015248701157, 47.250996268433568, 687.3599853515625 ], [ 10.871946577712365, 47.250903042268412, 688.77801513671875 ], [ 10.871939710613484, 47.250842445173056, 689.9949951171875 ], [ 10.871891640921332, 47.250735234757592, 692.531982421875 ], [ 10.871864172525811, 47.250697944127424, 693.84002685546875 ], [ 10.871616956966166, 47.250530135966763, 696.9959716796875 ], [ 10.871397209802034, 47.250497506540434, 698.11798095703125 ], [ 10.871239266527811, 47.2504508930394, 697.4639892578125 ], [ 10.870923379979372, 47.250366988634156, 694.8499755859375 ], [ 10.870641828925329, 47.250250454517449, 695.16302490234375 ], [ 10.870600626332054, 47.250231809034993, 693.958984375 ], [ 10.870415214662318, 47.250110613238967, 692.52001953125 ], [ 10.870380879167923, 47.249994078558174, 692.54302978515625 ], [ 10.870339676574648, 47.249905512029265, 691.844970703125 ], [ 10.87031907527801, 47.2497889768972, 690.1719970703125 ], [ 10.87031907527801, 47.249709732860936, 690.4949951171875 ], [ 10.870346543673527, 47.249588535870245, 690.43597412109375 ], [ 10.870339676574648, 47.249541921569211, 690.822998046875 ], [ 10.870243537190339, 47.249485984353811, 690.99200439453125 ], [ 10.870161132003791, 47.249462677163308, 690.5009765625 ], [ 10.870051258421725, 47.249402078419955, 690.30499267578125 ], [ 10.870030657125087, 47.24933215670687, 692.47802734375 ], [ 10.870044391322846, 47.249224943234196, 691.70001220703125 ], [ 10.870154264904912, 47.249155021287251, 690.0059814453125 ], [ 10.870346543673527, 47.249057130406463, 689.61297607421875 ], [ 10.870504486947745, 47.249015177116455, 686.55499267578125 ], [ 10.870538822442139, 47.249005854158618, 686.55499267578125 ], [ 10.870683031518604, 47.248963900827988, 684.70697021484375 ], [ 10.870724234111879, 47.248861348102139, 685.625 ], [ 10.870731101210756, 47.248838040636748, 685.9739990234375 ], [ 10.870779170902912, 47.2487587951777, 684.8079833984375 ], [ 10.870882177386099, 47.248716841651401, 685.08599853515625 ], [ 10.870978316770406, 47.248702857135243, 685.3590087890625 ], [ 10.871033253561441, 47.248656242054722, 686.8179931640625 ], [ 10.871067589055833, 47.248609626933181, 686.8330078125 ], [ 10.871081323253595, 47.24853504265338, 686.97802734375 ], [ 10.871122525846868, 47.248493088949829, 686.28497314453125 ], [ 10.87119119683566, 47.248455796741013, 686.13702392578125 ], [ 10.87134914010988, 47.248432489097155, 687.46600341796875 ], [ 10.871404076900912, 47.248418504505914, 687.46600341796875 ] ] } },
{ "type": "Feature", "properties": { "name": "Haiminger Forchet - Umspannwerk NO (0,5 km)", "description": "Flow Traum!" }, "geometry": { "type": "LineString", "coordinates": [ [ 10.872940547105379, 47.247060204805344, 692.89300537109375 ], [ 10.872946745777968, 47.247072828495206, 692.89300537109375 ], [ 10.873058321884606, 47.247119115332268, 692.344970703125 ], [ 10.873101712592746, 47.247178025793694, 692.3389892578125 ], [ 10.873101712592746, 47.247279015003677, 692.26202392578125 ], [ 10.873083116574975, 47.247342133162149, 691.01300048828125 ], [ 10.873039725866834, 47.247375796149242, 690.030029296875 ], [ 10.872990136486106, 47.247417874853014, 690.030029296875 ], [ 10.872965341795744, 47.247464161388578, 689.4940185546875 ], [ 10.872965341795744, 47.24752727932642, 688.65899658203125 ], [ 10.872977739140923, 47.247598812898381, 687.43701171875 ], [ 10.872965341795744, 47.247640891425007, 687.43701171875 ], [ 10.87290335506983, 47.247741879752496, 684.7750244140625 ], [ 10.872853765689104, 47.247872322723872, 685.41497802734375 ], [ 10.872828970998738, 47.248011181017837, 684.45001220703125 ], [ 10.872835169671331, 47.248095337382466, 684.0679931640625 ], [ 10.872866163034287, 47.248196324843505, 683.7750244140625 ], [ 10.872928149760194, 47.248242610698803, 683.18597412109375 ], [ 10.872928149760194, 47.248293104312999, 682.43701171875 ], [ 10.872928572852079, 47.248293908484705, 682.43701171875 ], [ 10.872959143123149, 47.248352013468725, 682.01300048828125 ], [ 10.873033527194243, 47.248427753715532, 681.43597412109375 ], [ 10.873101712592746, 47.248461416012688, 680.7490234375 ], [ 10.873157500646064, 47.248478247153223, 681.6669921875 ], [ 10.873217393225925, 47.248535165935913, 680.56298828125 ], [ 10.873259778743821, 47.248547675551478, 680.6510009765625 ], [ 10.873306268788253, 47.248577129995972, 680.6510009765625 ], [ 10.873337262151209, 47.248606584424074, 680.573974609375 ], [ 10.873345962045761, 47.248632738002044, 680.18701171875 ], [ 10.873358533284724, 47.248635785711869, 680.18701171875 ], [ 10.87336825551416, 47.24863814272171, 680.18701171875 ], [ 10.873387005524409, 47.248655113180583, 681.2020263671875 ], [ 10.873405447549708, 47.248671804885149, 681.2020263671875 ], [ 10.873492228965981, 47.248760167962388, 680.77899169921875 ], [ 10.873541620989798, 47.248827224174626, 681.3709716796875 ], [ 10.873541818346711, 47.248827492112774, 681.3709716796875 ], [ 10.873548017019298, 47.248840115381441, 681.3709716796875 ], [ 10.873594507063736, 47.24891901073854, 681.67901611328125 ], [ 10.873594507063736, 47.248966347902666, 681.92401123046875 ], [ 10.87360690440892, 47.248983178882767, 681.92401123046875 ], [ 10.873650295117052, 47.249033671790961, 680.906005859375 ], [ 10.873712281842963, 47.249075749177699, 680.906005859375 ], [ 10.873714799354529, 47.24907738973873, 681.010009765625 ], [ 10.873715381179258, 47.249079956914528, 681.010009765625 ], [ 10.873715381179258, 47.249090294063642, 681.010009765625 ], [ 10.873715381179258, 47.249126241997651, 681.1810302734375 ], [ 10.873672088168684, 47.249264784361472, 679.67401123046875 ], [ 10.873671990471125, 47.24926509700434, 679.67401123046875 ], [ 10.873671816547622, 47.249265226871429, 679.67401123046875 ], [ 10.873610003745211, 47.249311381925665, 678.72698974609375 ], [ 10.873535619674117, 47.249366082235099, 678.3809814453125 ], [ 10.87350462631116, 47.249391328512708, 678.7860107421875 ], [ 10.873455036930435, 47.249462859567224, 678.8809814453125 ], [ 10.873430242240071, 47.249563844420926, 678.614990234375 ], [ 10.873411646222298, 47.249639582934847, 678.801025390625 ], [ 10.873411646222298, 47.249719529026486, 678.89898681640625 ], [ 10.873399248877115, 47.249803682676777, 679.2130126953125 ], [ 10.873393050204523, 47.249917289892593, 679.79901123046875 ], [ 10.873393050204523, 47.249950951243072, 681.051025390625 ], [ 10.873393050204523, 47.250022481541819, 681.76202392578125 ], [ 10.873380652859341, 47.250089804087665, 682.89202880859375 ], [ 10.873374454186751, 47.2501108423657, 683.60302734375 ], [ 10.873287672770477, 47.250144503593155, 684.60699462890625 ], [ 10.873207090026794, 47.250203410689736, 683.42498779296875 ], [ 10.873169897991247, 47.250266525363379, 682.57000732421875 ], [ 10.873182295336427, 47.250354885780119, 684.052978515625 ], [ 10.873176096663839, 47.250405377380638, 684.3189697265625 ], [ 10.873125382582188, 47.250458578833815, 685.3699951171875 ], [ 10.873107911265336, 47.250476907065654, 686.56597900390625 ], [ 10.873058321884606, 47.250476907065654, 686.56597900390625 ], [ 10.873034892601771, 47.250476907065654, 686.73797607421875 ], [ 10.872996335158701, 47.250476907065654, 686.73797607421875 ], [ 10.872878560379469, 47.250439038420915, 685.13299560546875 ], [ 10.872791778963192, 47.250422207903455, 683.95501708984375 ], [ 10.872704997546917, 47.250426415533319, 683.3330078125 ], [ 10.872661606838779, 47.250443246049443, 683.3330078125 ], [ 10.872568626749915, 47.250481114691169, 682.9310302734375 ], [ 10.87248184533364, 47.250540021413372, 682.8389892578125 ], [ 10.872333077191458, 47.250603135685878, 683.6710205078125 ] ] } },
{ "type": "Feature", "properties": { "name": "Umholer bis Inn (1 km)", "description": "Landschaftliches Highlight und technisch bis flowiger Traum-Weg!" }, "geometry": { "type": "LineString", "coordinates": [ [ 10.869591162796821, 47.250711928116807, 708.84698486328125 ], [ 10.869563694401304, 47.250777186685134, 709.01300048828125 ], [ 10.869481289214756, 47.250851767807625, 707.4520263671875 ], [ 10.869378282731569, 47.250917026203624, 706.85101318359375 ], [ 10.869295877545017, 47.250986945824437, 705.95098876953125 ], [ 10.869220339457344, 47.251094155730364, 705.1820068359375 ], [ 10.869158535567434, 47.251196704132958, 706.3480224609375 ], [ 10.869034927787613, 47.251327219994558, 707.052978515625 ], [ 10.868872486927788, 47.251415928704795, 702.1710205078125 ], [ 10.868565603913876, 47.251438570748817, 695.760986328125 ], [ 10.868492218845331, 47.251642348709439, 694.68701171875 ], [ 10.868498890215196, 47.251655933878936, 694.68701171875 ], [ 10.868552261174141, 47.251832540765271, 693.99700927734375 ], [ 10.868598960763215, 47.251927636537062, 693.69500732421875 ], [ 10.868765745009908, 47.252108770868084, 692.22100830078125 ], [ 10.868819115968847, 47.252244621209783, 689.41400146484375 ], [ 10.868859144188054, 47.252407641159849, 687.9580078125 ], [ 10.868892501037392, 47.252520849163247, 686.98699951171875 ], [ 10.868965886105936, 47.252692924864945, 685.81500244140625 ], [ 10.868979228845673, 47.252774434212725, 684.32598876953125 ], [ 10.868978528293098, 47.252777762780639, 684.32598876953125 ], [ 10.868999434477859, 47.252801777299183, 684.27398681640625 ], [ 10.869042144013186, 47.252908072871904, 682.81402587890625 ], [ 10.868928251918986, 47.253009536628674, 682.94000244140625 ], [ 10.868917221087527, 47.253013904225426, 682.94000244140625 ], [ 10.868842832848333, 47.253043357837718, 683.12298583984375 ], [ 10.868764532033573, 47.253111000191041, 680.14398193359375 ], [ 10.868750295521798, 47.253149652925579, 680.14398193359375 ], [ 10.868650639939373, 47.253260779380199, 683.35797119140625 ], [ 10.868629285171709, 47.253338084602419, 683.4320068359375 ], [ 10.868636403427598, 47.253512020939787, 684.52099609375 ], [ 10.868650639939373, 47.253589325795247, 684.83001708984375 ], [ 10.868714704242358, 47.253724609020757, 684.916015625 ], [ 10.86891401540721, 47.253898544088599, 685.156982421875 ], [ 10.86902790750141, 47.253975848379817, 683.06597900390625 ], [ 10.869156036107386, 47.254048321050348, 682.39501953125 ], [ 10.869212982154483, 47.25409663610894, 683.80999755859375 ], [ 10.869326874248687, 47.254169108614185, 684.54400634765625 ], [ 10.869433648086996, 47.254193266093871, 683.69598388671875 ], [ 10.869476357622325, 47.254212592069706, 683.69598388671875 ], [ 10.869547540181197, 47.254285064416244, 684.1710205078125 ], [ 10.869583131460637, 47.254309221843052, 683.72998046875 ], [ 10.869618722740075, 47.254328547776566, 683.40399169921875 ], [ 10.869697023554838, 47.254347873703018, 682.572998046875 ], [ 10.869789560881374, 47.254347873703018, 681.3179931640625 ], [ 10.869953280766788, 47.254280232929567, 680.83197021484375 ], [ 10.870031581581552, 47.254260906978416, 679.8289794921875 ], [ 10.870102764140427, 47.25422708654694, 679.8690185546875 ], [ 10.870195301466966, 47.254217423562558, 679.593994140625 ], [ 10.870273602281728, 47.254217423562558, 679.5369873046875 ], [ 10.870380376120037, 47.254217423562558, 679.0159912109375 ], [ 10.870508504726013, 47.254231918038471, 678.40301513671875 ], [ 10.870565450773116, 47.254256075489529, 678.85498046875 ], [ 10.870650869843764, 47.254265738466863, 679.0560302734375 ], [ 10.870764761937965, 47.254260906978416, 679.1300048828125 ], [ 10.87077899844974, 47.254260906978416, 679.1300048828125 ], [ 10.870821707985067, 47.254260906978416, 678.88397216796875 ], [ 10.870956954846926, 47.254265738466863, 678.8900146484375 ], [ 10.871063728685241, 47.254265738466863, 679.27301025390625 ], [ 10.871134911244114, 47.254236749529575, 679.28497314453125 ], [ 10.871248803338318, 47.254231918038471, 678.614990234375 ], [ 10.871355577176629, 47.25422708654694, 678.552001953125 ], [ 10.871490824038494, 47.254212592069706, 679.04400634765625 ], [ 10.871633189156244, 47.254212592069706, 679.49102783203125 ], [ 10.871775554273992, 47.254212592069706, 679.010009765625 ], [ 10.871917919391743, 47.254193266093871, 679.63397216796875 ], [ 10.872017574974171, 47.254173940110995, 679.4110107421875 ], [ 10.872181294859583, 47.254256075489529, 678.92999267578125 ], [ 10.872238240906681, 47.254280232929567, 679.64599609375 ], [ 10.872288068697895, 47.254289895902488, 678.99298095703125 ], [ 10.872309423465559, 47.254328547776566, 679.10198974609375 ], [ 10.872352133000881, 47.254372031101177, 679.0789794921875 ], [ 10.872394842536208, 47.254420345864425, 678.6090087890625 ], [ 10.872430433815644, 47.254454166172458, 678.28802490234375 ], [ 10.872487379862745, 47.254526638188402, 676.958984375 ], [ 10.872508734630408, 47.254603941562742, 676.06500244140625 ], [ 10.872608390212834, 47.254666750471316, 676.40399169921875 ], [ 10.872626045160743, 47.254698705476805, 676.92498779296875 ], [ 10.872651099748158, 47.254744053641112, 676.52398681640625 ], [ 10.872573873769481, 47.254822678100204, 676.6500244140625 ], [ 10.872551444165735, 47.254845513880241, 676.6500244140625 ], [ 10.872544325909844, 47.25487933391674, 677.1939697265625 ], [ 10.872544325909844, 47.254917985360592, 674.91400146484375 ], [ 10.872552563151849, 47.254931200262796, 674.91400146484375 ], [ 10.872622626724608, 47.255043602358249, 671.36798095703125 ], [ 10.872729400562923, 47.255101579333591, 674.8170166015625 ], [ 10.872814819633572, 47.255101579333591, 673.07501220703125 ], [ 10.87293582998366, 47.255174050463509, 671.969970703125 ], [ 10.872978539518982, 47.25524652149425, 671.24798583984375 ], [ 10.872978539518982, 47.255279502185985, 670.27398681640625 ], [ 10.872978539518982, 47.255323823817712, 669.63201904296875 ], [ 10.872978539518982, 47.255376969099629, 669.6669921875 ], [ 10.872978539518982, 47.255444608472203, 668.9849853515625 ], [ 10.873056840333748, 47.255459102612221, 667.8740234375 ], [ 10.87308135878714, 47.255459102612221, 667.8740234375 ], [ 10.873106668124958, 47.255459102612221, 667.8740234375 ], [ 10.873149377660285, 47.255473596748288, 667.8280029296875 ], [ 10.873191197301463, 47.255510714610736, 666.7449951171875 ], [ 10.873241914986824, 47.255555730111013, 666.48199462890625 ], [ 10.873386331295967, 47.255602406086133, 665.7769775390625 ], [ 10.873466140047276, 47.255628200619391, 665.06097412109375 ], [ 10.873523086094378, 47.255628200619391, 664.31097412109375 ], [ 10.873572913885591, 47.255637863346351, 664.31097412109375 ], [ 10.873592020782278, 47.25564867033976, 664.35101318359375 ], [ 10.873615623420916, 47.255662020156024, 664.35101318359375 ], [ 10.873736633771003, 47.255686176954683, 665.302001953125 ], [ 10.873822052841653, 47.255705502385666, 666.7449951171875 ], [ 10.873857644121092, 47.255715165098515, 667.2440185546875 ], [ 10.873992890982953, 47.255715165098515, 668.6929931640625 ], [ 10.874156610868368, 47.255724827809615, 668.6929931640625 ], [ 10.874192202147807, 47.255739321872937, 668.95599365234375 ], [ 10.874320330753783, 47.255744153226502, 668.18902587890625 ], [ 10.87442710459209, 47.25573449051894, 667.2440185546875 ], [ 10.87451964191863, 47.255777972689074, 666.93402099609375 ], [ 10.874647770524605, 47.255806960782657, 666.49298095703125 ], [ 10.874718953083482, 47.255802129434848, 666.78497314453125 ], [ 10.874754544362919, 47.255797298086577, 666.1669921875 ] ] } },
{ "type": "Feature", "properties": { "name": "Umholer DH (0,4 km)", "description": "Kurzer, knackiger DH-Trail von der Umholer Höhe nach Nordost runter.." }, "geometry": { "type": "LineString", "coordinates": [ [ 10.869707903477762, 47.25067463747024, 708.906005859375 ], [ 10.86973118094938, 47.250692193636816, 709.8330078125 ], [ 10.869732614834275, 47.250699980113815, 709.8330078125 ], [ 10.869796679137263, 47.250753130036124, 710.96002197265625 ], [ 10.869839388672588, 47.250801448101043, 713.0269775390625 ], [ 10.869860743440247, 47.250820775314665, 713.0269775390625 ], [ 10.869874979952026, 47.250854597921524, 714.66400146484375 ], [ 10.8698892164638, 47.250864261519517, 714.802978515625 ], [ 10.869939044255014, 47.250864261519517, 714.802978515625 ], [ 10.869974635534451, 47.250878756913195, 717.07098388671875 ], [ 10.870045818093327, 47.250951233822121, 719.635009765625 ], [ 10.870060054605098, 47.250951233822121, 719.635009765625 ], [ 10.870122852486238, 47.250955970097785, 719.84197998046875 ], [ 10.870124118908087, 47.25095606561252, 719.84197998046875 ], [ 10.870188183211074, 47.250989888132992, 721.74200439453125 ], [ 10.870189595994065, 47.250993724053181, 721.74200439453125 ], [ 10.870195301466966, 47.251009215277833, 722.89697265625 ], [ 10.870223774490515, 47.251072028449897, 722.96502685546875 ], [ 10.870230892746402, 47.251086523786725, 722.96502685546875 ], [ 10.870344784840601, 47.251110682672625, 723.2459716796875 ], [ 10.870368147185545, 47.251113481150682, 722.08001708984375 ], [ 10.870436703176075, 47.251121693187493, 720.87799072265625 ], [ 10.870518080729791, 47.251178262198216, 719.0159912109375 ], [ 10.870582082924415, 47.251213386932129, 717.92901611328125 ], [ 10.870615278564328, 47.251255635756486, 716.1409912109375 ], [ 10.870619705604616, 47.251287188299813, 715.344970703125 ], [ 10.870629515076102, 47.251357102679144, 714.06597900390625 ], [ 10.870629515076102, 47.251448905917854, 711.80999755859375 ], [ 10.870608160308441, 47.251468232895213, 710.25 ], [ 10.870601042052552, 47.25150688682875, 708.135986328125 ], [ 10.870572569029001, 47.251642175373938, 702.3690185546875 ], [ 10.870494268214237, 47.251671165731508, 702.47900390625 ], [ 10.870401730887703, 47.251733978118494, 700.53399658203125 ], [ 10.870316311817049, 47.251820948992872, 698.39599609375 ], [ 10.870316311817049, 47.251888592907527, 697.67999267578125 ], [ 10.870294957049389, 47.251941741637019, 697.06097412109375 ], [ 10.870266484025839, 47.252091524133114, 694.97698974609375 ], [ 10.870266484025839, 47.252115682560564, 694.97698974609375 ], [ 10.870266484025839, 47.252183326098766, 693.49102783203125 ], [ 10.870266484025839, 47.252236474532467, 692.9990234375 ], [ 10.870351903096489, 47.252284791244087, 691.75897216796875 ], [ 10.870382037733505, 47.252291365912264, 691.75897216796875 ], [ 10.870394613365677, 47.252334045830111, 692.00201416015625 ], [ 10.87053195534326, 47.252473881237897, 691.2139892578125 ], [ 10.870641828925329, 47.252529815297621, 689.864013671875 ], [ 10.870751702507393, 47.252595071625969, 688.23297119140625 ], [ 10.870779170902905, 47.252669650188487, 687.551025390625 ], [ 10.870779170902905, 47.252744228645973, 687.08099365234375 ], [ 10.870737968309633, 47.252790840128569, 685.87298583984375 ], [ 10.870669297320843, 47.252912029791311, 684.73297119140625 ], [ 10.870655563123083, 47.253033219176729, 684.89898681640625 ], [ 10.87053195534326, 47.253098474884787, 684.114013671875 ], [ 10.870435815958949, 47.253163730512419, 682.06298828125 ], [ 10.870325942376883, 47.253191697185372, 682.08001708984375 ] ] } },
{ "type": "Feature", "properties": { "name": "Haiminger Forchet - Umspannwerk NW (0,6 km)", "description": "Zuerst technisch dann flowiges Traum-Wegerl!" }, "geometry": { "type": "LineString", "coordinates": [ [ 10.872839300566648, 47.24707596655621, 692.468994140625 ], [ 10.872592085007001, 47.247262432195214, 693.3489990234375 ], [ 10.872564616611482, 47.2473463415186, 694.2249755859375 ], [ 10.872495945622692, 47.247458220409698, 696.19097900390625 ], [ 10.872358603645111, 47.247579422275052, 697.57000732421875 ], [ 10.872262464260801, 47.247644684703054, 698.53802490234375 ], [ 10.872221261667526, 47.247663331096284, 698.53802490234375 ], [ 10.871932843514605, 47.247737916603583, 700.8179931640625 ], [ 10.871740564745989, 47.247756562963993, 700.57501220703125 ], [ 10.871589488570647, 47.247756562963993, 701.37799072265625 ], [ 10.871520817581855, 47.247756562963993, 699.8709716796875 ], [ 10.871356007208757, 47.247784532492297, 696.49298095703125 ], [ 10.871163728440143, 47.247793855665122, 692.9580078125 ], [ 10.870943981276008, 47.247831148339998, 690.10699462890625 ], [ 10.870875310287216, 47.247887087303084, 689.18597412109375 ], [ 10.870875310287216, 47.248008288187094, 688.1259765625 ], [ 10.870820373496183, 47.248036257582491, 688.1259765625 ], [ 10.870641828925329, 47.248054903837875, 686.30902099609375 ], [ 10.870325942376889, 47.24797099563694, 688.57098388671875 ], [ 10.870119929410512, 47.247989641915318, 686.4539794921875 ], [ 10.869941384839656, 47.247998965052012, 686.614013671875 ], [ 10.869694169280006, 47.248092196328962, 687.91900634765625 ], [ 10.869474422115873, 47.248185427441783, 689.2960205078125 ], [ 10.869254674951744, 47.248232042936671, 691.01300048828125 ], [ 10.869089864578646, 47.248269335303021, 693.16497802734375 ], [ 10.868911320007788, 47.248287981476359, 695.0009765625 ], [ 10.868705307041413, 47.248287981476359, 695.28497314453125 ], [ 10.868526762470557, 47.248213396743637, 695.5250244140625 ], [ 10.868389420492974, 47.248148135016336, 694.73699951171875 ], [ 10.868128470735568, 47.24810151944763, 692.1290283203125 ], [ 10.867894989373678, 47.248157458125164, 689.0150146484375 ], [ 10.867524166034201, 47.248185427441783, 690.41497802734375 ], [ 10.867331887265586, 47.248194750544044, 687.2769775390625 ], [ 10.866961063926112, 47.248213396743637, 685.4949951171875 ], [ 10.866494101202335, 47.248213396743637, 685.3590087890625 ] ] } },
{ "type": "Feature", "properties": { "name": "Trail zum Umspannwerk (0,8 km)", "description": "Verbindung zum Umspannwerk" }, "geometry": { "type": "LineString", "coordinates": [ [ 10.866487728938099, 47.248116376452714, 685.5040283203125 ], [ 10.866686086461009, 47.248040635760646, 685.81097412109375 ], [ 10.866841053275788, 47.24788073838841, 686.14300537109375 ], [ 10.866896841329103, 47.247813413034649, 685.906005859375 ], [ 10.866934033364652, 47.24777975032567, 685.7080078125 ], [ 10.866946430709834, 47.247708216998049, 687.1259765625 ], [ 10.866915437346877, 47.247624060018353, 688.031982421875 ], [ 10.866915437346877, 47.247539902904954, 687.25299072265625 ], [ 10.866971225400198, 47.247447329925777, 689.3170166015625 ], [ 10.867027013453518, 47.247375796149228, 689.94097900390625 ], [ 10.8671757815957, 47.247203273114231, 686.1729736328125 ], [ 10.867200576286066, 47.247098075865885, 686.18402099609375 ], [ 10.867219172303837, 47.247051789010435, 686.38299560546875 ], [ 10.867243966994204, 47.24699708631092, 686.1519775390625 ], [ 10.867293556374932, 47.246942383554924, 686.323974609375 ], [ 10.867417529826751, 47.246908720292382, 685.885009765625 ], [ 10.86764068204003, 47.246858225358466, 685.85302734375 ], [ 10.867783251509623, 47.246883472831442, 686.93902587890625 ], [ 10.867913423634036, 47.24692134401834, 688.83099365234375 ], [ 10.868024999740676, 47.246891888653082, 689.5679931640625 ], [ 10.868062191776223, 47.246875057008459, 690.10101318359375 ], [ 10.868223357263588, 47.246799314541377, 691.072021484375 ], [ 10.868279145316908, 47.246769859108262, 691.82098388671875 ], [ 10.868384522750953, 47.246731987813057, 690.62200927734375 ], [ 10.868533290893142, 47.246685700637698, 691.14599609375 ], [ 10.868601476291643, 47.246668868927536, 690.98602294921875 ], [ 10.868731648416055, 47.246639413421889, 692.25897216796875 ], [ 10.868818429832327, 47.246639413421889, 692.29498291015625 ], [ 10.869134562134471, 47.24664362135227, 690.77899169921875 ], [ 10.869308124967022, 47.246698324416812, 688.62701416015625 ], [ 10.869351515675156, 47.246727779889696, 689.4940185546875 ], [ 10.869419701073662, 47.246740403658784, 689.239990234375 ], [ 10.869543674525481, 47.246774067028291, 689.135986328125 ], [ 10.869599462578801, 47.246799314541377, 689.33697509765625 ], [ 10.869742032048391, 47.246875057008459, 688.33099365234375 ], [ 10.869847409482441, 47.246933967741299, 688.17401123046875 ], [ 10.869934190898716, 47.247022333717723, 689.7130126953125 ], [ 10.870051965677945, 47.247098075865885, 687.48101806640625 ], [ 10.870144945766812, 47.247102283759837, 687.94000244140625 ], [ 10.870275117891225, 47.247140154790294, 687.91302490234375 ], [ 10.870411488688227, 47.24722431253884, 689.33697509765625 ], [ 10.870485872759319, 47.247325301660567, 691.99298095703125 ], [ 10.870498270104502, 47.247346341036703, 691.28802490234375 ], [ 10.87059744886596, 47.247434706325173, 690.42999267578125 ], [ 10.870687329618528, 47.247487304641176, 689.864013671875 ], [ 10.870724521654074, 47.247539902904961, 690.41497802734375 ], [ 10.870764813025916, 47.247577773622538, 689.68402099609375 ], [ 10.870798905725168, 47.247621956092161, 689.906005859375 ], [ 10.870839197097006, 47.247674554222215, 690.0269775390625 ], [ 10.87087948846885, 47.247680865994326, 689.4000244140625 ], [ 10.870910481831805, 47.247634579648128, 689.23101806640625 ], [ 10.870922879176987, 47.247581981478369, 688.802001953125 ], [ 10.870938375858463, 47.24755252648049, 688.4580078125 ], [ 10.870975567894012, 47.247485200709541, 686.74700927734375 ], [ 10.87099726324808, 47.247462057456019, 687.1939697265625 ], [ 10.871068547982878, 47.247415770918622, 690.91802978515625 ], [ 10.871130534708788, 47.24738210795693, 690.28802490234375 ], [ 10.871173925416926, 47.247344237099462, 689.70098876953125 ], [ 10.871260706833198, 47.24723693618958, 686.71697998046875 ], [ 10.871257607496903, 47.247163298184475, 686.31500244140625 ], [ 10.87130719687763, 47.247085452182048, 686.0040283203125 ], [ 10.871316494886523, 47.247005502114526, 686.593017578125 ], [ 10.871319594222815, 47.246923447972378, 686.52801513671875 ], [ 10.871319594222815, 47.246858225358466, 685.97100830078125 ], [ 10.871335090904292, 47.246814042251785, 685.50897216796875 ], [ 10.871384680285018, 47.246767755148134, 684.22198486328125 ], [ 10.871521051082023, 47.246700428379704, 683.9520263671875 ], [ 10.871558243117569, 47.246685700637698, 683.57598876953125 ], [ 10.87173180595012, 47.246614165832575, 684.29901123046875 ], [ 10.871815488030096, 47.246569982522338, 683.905029296875 ], [ 10.871964256172284, 47.246511071384674, 685.43499755859375 ], [ 10.872085130287809, 47.246494239619039, 685.030029296875 ], [ 10.872206004403331, 47.246490031676792, 685.0980224609375 ], [ 10.872342375200336, 47.246481615791289, 684.96502685546875 ], [ 10.872509739360295, 47.246481615791289, 685.15997314453125 ], [ 10.872565527413615, 47.246481615791289, 685.843994140625 ], [ 10.872667805511366, 47.246534215053721, 686.2969970703125 ], [ 10.87265850750248, 47.246641517387118, 686.46600341796875 ], [ 10.872661606838776, 47.246687804601088, 686.31500244140625 ], [ 10.872732891573573, 47.246814042251785, 687.8330078125 ], [ 10.872754586927641, 47.246849809531462, 688.23297119140625 ], [ 10.872797977635781, 47.24692134401834, 689.28399658203125 ], [ 10.872816573653553, 47.246957111225555, 690.2550048828125 ], [ 10.87284446768021, 47.246994982360043, 691.1820068359375 ], [ 10.872859964361691, 47.247018125817426, 692.03997802734375 ] ] } },
{ "type": "Feature", "properties": { "name": "Haiminger Forchet Erdwall Trail (0,4 km)", "description": "Schön, flowiges Waldwegerl rechts unterhalb des Erdwalls startend, dann kurz den Wall rauf und wieder runter!" }, "geometry": { "type": "LineString", "coordinates": [ [ 10.866480367004566, 47.243094768552098, 683.2979736328125 ], [ 10.866246885642678, 47.243178684477392, 683.51397705078125 ], [ 10.866054606874062, 47.24323462835374, 684.76300048828125 ], [ 10.865985935885272, 47.243262600269752, 685.1300048828125 ], [ 10.865889796500962, 47.243355839883151, 684.9849853515625 ], [ 10.865766188721139, 47.243505022923252, 685.698974609375 ], [ 10.865601378348041, 47.243719472807406, 685.10101318359375 ], [ 10.865477770568216, 47.243859330959786, 685.5150146484375 ], [ 10.865340428590635, 47.244008512582027, 685.22198486328125 ], [ 10.865230555008567, 47.244185665212775, 685.0419921875 ], [ 10.865106947228744, 47.244334845916043, 685.56597900390625 ], [ 10.864928402657885, 47.24449334995294, 685.802978515625 ], [ 10.864694921295996, 47.24465185351557, 686.791015625 ], [ 10.864502642527379, 47.244717119550579, 686.68798828125 ], [ 10.864296629561006, 47.244810356603942, 688.69500732421875 ], [ 10.864118084990146, 47.244978182886477, 688.6710205078125 ], [ 10.864035679803596, 47.245071419480347, 688.71002197265625 ], [ 10.863912072023773, 47.245192626807054, 688.510986328125 ], [ 10.86393954041929, 47.245276539409247, 687.9990234375 ], [ 10.863967008814807, 47.245425717040469, 689.02398681640625 ], [ 10.863925806221532, 47.245546923556503, 688.23602294921875 ], [ 10.863898337826017, 47.245658806248237, 688.76300048828125 ], [ 10.86393954041929, 47.245789335756577, 687.72100830078125 ], [ 10.864021945605842, 47.2459291884443, 687.38897705078125 ], [ 10.864049414001357, 47.245957158937536, 687.28900146484375 ] ] } },
{ "type": "Feature", "properties": { "name": "Ötzer Höhe - Friedhof Trail (0,5 km)", "description": "Schnell, technisch, geil!" }, "geometry": { "type": "LineString", "coordinates": [ [ 10.853304318171865, 47.232670560572132, 723.58599853515625 ], [ 10.853173909007026, 47.232752786249485, 723.74298095703125 ], [ 10.852959665379078, 47.232904587164811, 723.13201904296875 ], [ 10.852801311393202, 47.232999462516077, 723.48797607421875 ], [ 10.852605697645945, 47.233094337697501, 725.65399169921875 ], [ 10.852410083898688, 47.233182887713582, 729.35498046875 ], [ 10.852093375926939, 47.233290412534195, 731.030029296875 ], [ 10.851972281702443, 47.233347337350907, 729.92901611328125 ], [ 10.851795297835876, 47.233448536874064, 730.1099853515625 ], [ 10.851608999028967, 47.233575036006265, 731.21600341796875 ], [ 10.851525164565857, 47.23360033579646, 730.72998046875 ], [ 10.851404070341363, 47.233733159496886, 731.3499755859375 ], [ 10.851310920937907, 47.233897607426634, 730.239013671875 ], [ 10.851227086474797, 47.234024105486881, 728.2960205078125 ], [ 10.851161881892375, 47.23420752713789, 725.1729736328125 ], [ 10.851012842846846, 47.23447949600358, 718.89801025390625 ], [ 10.850938323324083, 47.234605992674823, 718.26898193359375 ], [ 10.850835858980279, 47.234688215349202, 717.74200439453125 ], [ 10.850640245233024, 47.234776762702019, 717.08001708984375 ], [ 10.85058435559095, 47.234852660315248, 716.90399169921875 ], [ 10.850472576306803, 47.234915908243217, 716.49700927734375 ], [ 10.850388741843693, 47.234960181747894, 715.71502685546875 ], [ 10.850249017738507, 47.23509300203996, 714.81298828125 ], [ 10.850174498215742, 47.235276419991237, 711.51800537109375 ], [ 10.85011860857367, 47.235327017935049, 711.75 ], [ 10.849960254587797, 47.235542058657217, 708.0250244140625 ], [ 10.849895050005374, 47.235605305762355, 706.04498291015625 ], [ 10.849606286854664, 47.235820345355215, 703.0419921875 ] ] } },
{ "type": "Feature", "properties": { "name": "Ötzer Höhe - Kanzel Trail (1,8 km)", "description": "Gemütlicher Uphill, dann flowig schnelles Stück bis Brücke, ab da technische Kletterei und Querfahrten mit alpinem Charakter - 1A!!" }, "geometry": { "type": "LineString", "coordinates": [ [ 10.856145374977274, 47.229115759316848, 724.50701904296875 ], [ 10.855912501468632, 47.229147386713741, 723.364990234375 ], [ 10.85582866700552, 47.229185339565092, 723.09002685546875 ], [ 10.855679627959994, 47.229267570649796, 724.5679931640625 ], [ 10.855605108437228, 47.229324499787538, 724.91497802734375 ], [ 10.855437439511007, 47.229432032436456, 725.84197998046875 ], [ 10.855235702894042, 47.22949614285475, 725.3499755859375 ], [ 10.855107881333886, 47.229536763609744, 725.541015625 ], [ 10.854960658954553, 47.229547571529253, 726.22802734375 ], [ 10.854913614715379, 47.229539904489485, 726.22802734375 ], [ 10.854861184373924, 47.229531359649158, 726.7490234375 ], [ 10.854749772843618, 47.229498935874119, 726.40899658203125 ], [ 10.854574697581715, 47.229480021996196, 726.6829833984375 ], [ 10.854407580286255, 47.229480021996196, 726.85101318359375 ], [ 10.854164862309519, 47.229542167569768, 727.47698974609375 ], [ 10.854125072477268, 47.229550273508778, 727.47698974609375 ], [ 10.854001723997289, 47.229574591318354, 727.23199462890625 ], [ 10.853838585685059, 47.229593505162534, 727.333984375 ], [ 10.853759006020558, 47.229598909116767, 727.197998046875 ], [ 10.853583930758647, 47.229642140730867, 727.6719970703125 ], [ 10.853508330077368, 47.229669160471772, 728.041015625 ], [ 10.853436708379315, 47.229709690057305, 728.27899169921875 ], [ 10.85338498159739, 47.229744815673023, 728.49200439453125 ], [ 10.853301422949661, 47.229755623550112, 728.57598876953125 ], [ 10.853193990402582, 47.229755623550112, 728.46002197265625 ], [ 10.853074620905826, 47.229752921581031, 728.426025390625 ], [ 10.852947293442622, 47.229761027487818, 728.61199951171875 ], [ 10.852831902929092, 47.229798855036364, 728.86602783203125 ], [ 10.852804050046515, 47.22980966290244, 728.93701171875 ], [ 10.852744365298134, 47.229852894344617, 727.73297119140625 ], [ 10.852676722583309, 47.22993125124372, 729.4219970703125 ], [ 10.85265284868396, 47.229971780628823, 730.71099853515625 ], [ 10.852617037834932, 47.230009608026961, 732.1920166015625 ], [ 10.852585205969131, 47.230074454932399, 733.8330078125 ], [ 10.852549395120104, 47.230096070549905, 733.8330078125 ], [ 10.852449920539474, 47.230101474452908, 735.208984375 ], [ 10.852223118495639, 47.230096070549905, 736.29901123046875 ], [ 10.852171391713714, 47.230071752979583, 738.1920166015625 ], [ 10.852119664931788, 47.230025819760769, 740.177978515625 ], [ 10.852063959166635, 47.229996098245017, 740.177978515625 ], [ 10.851980400518903, 47.229966376712603, 743.094970703125 ], [ 10.851898323399881, 47.229932216485651, 743.80499267578125 ], [ 10.851860502418296, 47.229900113189984, 743.28802490234375 ], [ 10.851776667955187, 47.229767279882736, 745.83099365234375 ], [ 10.85149721974482, 47.229615469981091, 746.719970703125 ], [ 10.851292291057216, 47.229514263138427, 746.98101806640625 ], [ 10.85118051177307, 47.22946365964463, 746.7750244140625 ], [ 10.851050102608228, 47.229406730656336, 745.19000244140625 ], [ 10.850984898025814, 47.229343476153204, 744.16998291015625 ], [ 10.850882433682012, 47.229153712190836, 747.593017578125 ], [ 10.85084517392063, 47.229065155442584, 748.03302001953125 ], [ 10.850789284278555, 47.228957622049322, 748.1300048828125 ], [ 10.850630930292681, 47.228850088437909, 746.61102294921875 ], [ 10.850584355590952, 47.228774182227909, 745.3599853515625 ], [ 10.850556410769915, 47.228698275909203, 743.36297607421875 ], [ 10.850539713370253, 47.228596226913531, 741.18701171875 ], [ 10.850595714356549, 47.228477576807293, 739.47698974609375 ], [ 10.850619588255899, 47.228401919797165, 739.364013671875 ], [ 10.850547095829569, 47.228375672841935, 738.29901123046875 ], [ 10.850398056784037, 47.228306091530797, 736.260986328125 ], [ 10.850314222320931, 47.22818590541457, 734.1500244140625 ], [ 10.850314222320931, 47.228059393418867, 735.5059814453125 ], [ 10.850323537261273, 47.227970834842232, 734.3499755859375 ], [ 10.850249017738507, 47.227863299228794, 734.21600341796875 ], [ 10.850155868335055, 47.227806368521598, 733.406982421875 ], [ 10.850038762811014, 47.227778300998366, 732.405029296875 ], [ 10.849919287208271, 47.227796659828513, 731.43499755859375 ], [ 10.849807875677964, 47.227793957759594, 731.09002685546875 ], [ 10.849724317030239, 47.227764234992293, 730.14697265625 ], [ 10.849624842449611, 47.227758830851002, 729.5009765625 ], [ 10.849561178718005, 47.227756128780136, 728.77099609375 ], [ 10.849447932868788, 47.227724135169908, 726.9010009765625 ], [ 10.849401358167057, 47.227819019795149, 726.96697998046875 ], [ 10.849336153584641, 47.228002462922291, 726.2139892578125 ], [ 10.849298893823256, 47.228078370237476, 725.6309814453125 ], [ 10.849224374300491, 47.228160603039584, 725.42999267578125 ], [ 10.849131224897038, 47.228236510128298, 725.8809814453125 ], [ 10.849019445612893, 47.228400975114255, 725.4110107421875 ], [ 10.848963555970819, 47.22843892850009, 724.9169921875 ], [ 10.848898351388399, 47.228470556300842, 723.781982421875 ], [ 10.848879721507709, 47.228533811845736, 720.760009765625 ], [ 10.848870406567363, 47.22859706731515, 718.67901611328125 ], [ 10.848749312342868, 47.228622369481776, 716.875 ], [ 10.848590958356995, 47.228584416227299, 712.71002197265625 ], [ 10.848488494013193, 47.228559114042561, 711.58599853515625 ], [ 10.848423289430771, 47.228559114042561, 711.31597900390625 ], [ 10.848339454967663, 47.228552788494497, 709.927001953125 ], [ 10.848302195206282, 47.228565439589886, 709.927001953125 ], [ 10.848292880265936, 47.228641346098826, 711.71099853515625 ], [ 10.848339454967663, 47.228717252499059, 715.90899658203125 ], [ 10.848404659550082, 47.228837437410455, 721.97698974609375 ], [ 10.848413974490429, 47.228888041502145, 723.06097412109375 ], [ 10.848386029669388, 47.229014551519981, 726.0830078125 ], [ 10.848330140027317, 47.229115759316848, 726.49298095703125 ], [ 10.848246305564205, 47.229273896112552, 728.91802978515625 ], [ 10.848209045802825, 47.229387754313329, 731.86798095703125 ], [ 10.848181100981785, 47.229501612269509, 733.25897216796875 ], [ 10.84815315616075, 47.229590168288539, 729.58697509765625 ], [ 10.848106581459021, 47.229653422497265, 727.9840087890625 ], [ 10.848050691816949, 47.229729327448091, 725.61602783203125 ], [ 10.847957542413495, 47.229817883086653, 724.343994140625 ], [ 10.847827133248652, 47.229874811633309, 721.76898193359375 ], [ 10.847650149382085, 47.229874811633309, 718.25299072265625 ], [ 10.847556999978632, 47.229849510064568, 721.6729736328125 ], [ 10.84745453563483, 47.229849510064568, 724.35699462890625 ], [ 10.847221662126188, 47.229900113189984, 727.0369873046875 ], [ 10.846881666803574, 47.230026620792131, 725.260009765625 ], [ 10.846667423175628, 47.230058247645495, 727.19097900390625 ], [ 10.846509069189752, 47.230127826656457, 728.85498046875 ], [ 10.846285510621458, 47.230172104161312, 732.77197265625 ], [ 10.84615510145662, 47.230172104161312, 731.1939697265625 ], [ 10.845996747470744, 47.230191080223506, 728.79400634765625 ], [ 10.845875653246251, 47.230203730927869, 725.62701416015625 ], [ 10.845577575155191, 47.230165778805741, 721.86199951171875 ], [ 10.845447165990356, 47.23014047737589, 718.7130126953125 ], [ 10.845335386706205, 47.230127826656457, 719.19097900390625 ], [ 10.845298126944826, 47.230127826656457, 719.93499755859375 ], [ 10.845223607422062, 47.230134152016554, 718.22802734375 ], [ 10.845130458018604, 47.230134152016554, 712.656005859375 ], [ 10.845037308615149, 47.230102525208487, 710.51800537109375 ], [ 10.844962789092383, 47.230077223748445, 711.3270263671875 ], [ 10.844729915583741, 47.230077223748445, 709.37298583984375 ], [ 10.844394577731302, 47.230096199844603, 715.510009765625 ], [ 10.844068554819204, 47.23014047737589, 718.5 ], [ 10.843910200833331, 47.230134152016554, 719.89599609375 ], [ 10.843751846847455, 47.230197405576057, 721.60797119140625 ], [ 10.843500343458127, 47.230349213810882, 728.198974609375 ], [ 10.843230210188104, 47.230444093736835, 722.719970703125 ], [ 10.843043911381193, 47.230482045659663, 717.64501953125 ], [ 10.842638711476157, 47.23064650367786, 712.916015625 ], [ 10.842377893146477, 47.230804635906416, 707.2659912109375 ], [ 10.842284743743024, 47.230886864478798, 706.3079833984375 ], [ 10.84220090927991, 47.230975418183306, 706.22100830078125 ], [ 10.842089129995763, 47.231184151329948, 702.2459716796875 ], [ 10.842042555294038, 47.231392883654493, 700.36700439453125 ], [ 10.842005295532656, 47.231519387693524, 700.1820068359375 ], [ 10.84197735071162, 47.23172811869776, 699.927978515625 ], [ 10.841986665651966, 47.231981124873471, 699.46099853515625 ], [ 10.842182279399221, 47.232278405586534, 698.9520263671875 ], [ 10.84241515290786, 47.232537734208449, 698.59100341796875 ], [ 10.842703916058575, 47.232816036683715, 698.29901123046875 ], [ 10.842890214865488, 47.232904587164811, 699.594970703125 ], [ 10.843104458493437, 47.233018437565953, 698.27099609375 ], [ 10.843290757300347, 47.233075362674811, 698.3690185546875 ], [ 10.843523630808988, 47.233163912722581, 698.43798828125 ] ] } },
{ "type": "Feature", "properties": { "name": "Ötzer Höhe - Kanzel Bonus Loop (0,8 km)", "description": "Wassertalweg (Top!) und retour in das schönste Stück vom Kanzel Weg - Super Bonus Loop!" }, "geometry": { "type": "LineString", "coordinates": [ [ 10.845191005130848, 47.230203730927869, 712.88702392578125 ], [ 10.845181690190506, 47.23036818980966, 710.32000732421875 ], [ 10.845200320071196, 47.230519997555298, 714.09600830078125 ], [ 10.845228264892231, 47.230621202477494, 710.6209716796875 ], [ 10.845228264892231, 47.230741383071603, 708.9000244140625 ], [ 10.845284154534307, 47.230810961185746, 709.56597900390625 ], [ 10.845395933818454, 47.23092481608456, 711.0830078125 ], [ 10.845507713102599, 47.231000719214563, 709.9730224609375 ], [ 10.84563812226744, 47.231070296988236, 708.78399658203125 ], [ 10.84580579119366, 47.231171500859617, 706.04498291015625 ], [ 10.845880310716426, 47.231253728862811, 705.79498291015625 ], [ 10.846020034821604, 47.231392883654493, 705.75299072265625 ], [ 10.846094554344372, 47.231525712887553, 704.051025390625 ], [ 10.846141129046099, 47.23163324107049, 703.5419921875 ], [ 10.846215648568865, 47.231791370354919, 702.5469970703125 ], [ 10.846252908330248, 47.231917873442775, 702.1400146484375 ], [ 10.846280853151283, 47.232038051096545, 701.94500732421875 ], [ 10.846369325728974, 47.232150192058498, 701.32098388671875 ], [ 10.846393742503372, 47.232161536074649, 700.718994140625 ], [ 10.846521364238145, 47.232180793604911, 700.3489990234375 ], [ 10.846627715683789, 47.232219308644432, 700.6500244140625 ], [ 10.846748247322186, 47.232272266778054, 700.85302734375 ], [ 10.846769517611316, 47.232291524268078, 700.85302734375 ], [ 10.84684750867145, 47.232373368522587, 700.70098876953125 ], [ 10.846882959153332, 47.23247928442904, 703.11102294921875 ], [ 10.84688869892627, 47.232568925704761, 703.625 ], [ 10.846960843796513, 47.232632610216463, 708.2239990234375 ], [ 10.847165772484116, 47.232695860794138, 706.322021484375 ], [ 10.847417275873449, 47.232714835952706, 707.06298828125 ], [ 10.847706039024162, 47.232645260338046, 704.239990234375 ], [ 10.847873707950381, 47.232582009699996, 707.74298095703125 ], [ 10.848097266518673, 47.232531409135206, 709.06597900390625 ], [ 10.848227675683514, 47.232493458679905, 707.3499755859375 ], [ 10.848469864132502, 47.232404907511835, 708.5570068359375 ], [ 10.848628218118373, 47.23235430677795, 715.3909912109375 ], [ 10.84890766632874, 47.232227804731856, 715.3079833984375 ], [ 10.84905670537427, 47.2321582284778, 717.8070068359375 ], [ 10.849149854777732, 47.232094977258477, 717.7459716796875 ], [ 10.849233689240839, 47.231930523734945, 721.322998046875 ], [ 10.849300682017624, 47.23181008491833, 721.7760009765625 ], [ 10.849272321632117, 47.231776384000057, 721.5269775390625 ], [ 10.849187240475603, 47.231752311902447, 721.4110107421875 ], [ 10.848974537584317, 47.231689724397519, 721.166015625 ], [ 10.848662573343766, 47.231540476972107, 721.08697509765625 ], [ 10.848577492187246, 47.231473074771237, 721.2349853515625 ], [ 10.84842860016335, 47.231352713485073, 721.281005859375 ], [ 10.848389937901123, 47.231332085951898, 721.281005859375 ], [ 10.84832933881408, 47.23129975443257, 721.2440185546875 ], [ 10.848272618043072, 47.231241980860375, 719.84197998046875 ], [ 10.848251347753946, 47.231179392752765, 720.7860107421875 ], [ 10.848237167561189, 47.231116804571265, 721.83697509765625 ], [ 10.848194626982933, 47.231015700429587, 720.8189697265625 ], [ 10.848152086404676, 47.230943483067456, 722.83599853515625 ], [ 10.848095365633668, 47.23087608010735, 723.58099365234375 ], [ 10.847946473609765, 47.230654612634893, 726.5789794921875 ], [ 10.84793938351339, 47.230601652884801, 727.6939697265625 ], [ 10.847934708125392, 47.230554030566573, 728.05499267578125 ], [ 10.847910967711764, 47.230519997555298, 727.9210205078125 ], [ 10.847910967711764, 47.230406141786844, 727.7449951171875 ], [ 10.847864393010035, 47.230191080223506, 724.28900146484375 ], [ 10.847892337831071, 47.230096199844603, 723.74798583984375 ], [ 10.847938912532801, 47.2299886685432, 724.6929931640625 ], [ 10.847948227473147, 47.229900113189984, 725.1510009765625 ], [ 10.847938912532801, 47.229874811633309, 725.50701904296875 ] ] } },
{ "type": "Feature", "properties": { "name": "Schlierenzau Jump Trail (0,3 km)", "description": "Geiler CC/EN Singletrack mit Anliegern und Double Sprüngen!" }, "geometry": { "type": "LineString", "coordinates": [ [ 10.841658211469751, 47.240772316125778, 775.13897705078125 ], [ 10.841658211469751, 47.240783114697052, 775.13897705078125 ], [ 10.841665280598001, 47.240793913266117, 775.01898193359375 ], [ 10.841730670034311, 47.240810711035849, 773.6400146484375 ], [ 10.841753644701123, 47.240819109918704, 773.6400146484375 ], [ 10.841838474240124, 47.240851505597284, 772.6829833984375 ], [ 10.841863216189001, 47.240864703831022, 772.6829833984375 ], [ 10.841923303779122, 47.240880301739402, 772.75201416015625 ], [ 10.841948045727998, 47.24087550238346, 772.75201416015625 ], [ 10.841978089523058, 47.240850305757689, 771.0999755859375 ], [ 10.842002831471934, 47.240821509599279, 770.77197265625 ], [ 10.842027573420808, 47.240809511195316, 770.77197265625 ], [ 10.842107101113617, 47.240807111514201, 768.916015625 ], [ 10.842151283165183, 47.240808311354769, 768.916015625 ], [ 10.842237879986241, 47.24081791007837, 766.0980224609375 ], [ 10.842267923781305, 47.240820309759002, 766.0980224609375 ], [ 10.842310338550806, 47.240834707840484, 766.15399169921875 ], [ 10.842326244089366, 47.24084430655931, 766.15399169921875 ], [ 10.842368658858865, 47.24086950318793, 764.82098388671875 ], [ 10.842439350141365, 47.240856304955386, 765.08502197265625 ], [ 10.84246939393643, 47.240840707039958, 765.08502197265625 ], [ 10.842495903167364, 47.240823909279747, 761.697998046875 ], [ 10.842540085218928, 47.240805911673597, 761.697998046875 ], [ 10.842566594449863, 47.240803511992333, 760.5269775390625 ], [ 10.84263375116824, 47.240803511992333, 760.27801513671875 ], [ 10.842713278861051, 47.240802312151636, 760.25897216796875 ], [ 10.842729184399612, 47.240802312151636, 760.25897216796875 ], [ 10.842796341117987, 47.240781914855901, 758.52398681640625 ], [ 10.842835221323361, 47.240766316918567, 757.32098388671875 ], [ 10.842885312265309, 47.240737390300147, 757.90399169921875 ], [ 10.842982383748913, 47.240660502573114, 757.12200927734375 ], [ 10.843010105901195, 47.240648525483863, 756.90899658203125 ], [ 10.843050829734985, 47.240640333410255, 755.469970703125 ], [ 10.843095011786547, 47.240639133565878, 753.9110107421875 ], [ 10.843142728402233, 47.240628334965272, 753.9110107421875 ], [ 10.843236394351543, 47.240598338840911, 752.11602783203125 ], [ 10.843275274556918, 47.240582740849533, 752.11602783203125 ], [ 10.843331827582917, 47.240549145160202, 750.45001220703125 ], [ 10.843386613326857, 47.240528747766994, 749.07098388671875 ], [ 10.843421958968104, 47.240526348073153, 748.00701904296875 ], [ 10.843489115686481, 47.240523948379206, 747.21099853515625 ], [ 10.843536832302165, 47.240529947613865, 747.21099853515625 ], [ 10.843589850764038, 47.24053834654125, 745.93902587890625 ], [ 10.84363226553354, 47.240550345006618, 744.73101806640625 ], [ 10.843678214867165, 47.240571942237416, 744.48101806640625 ], [ 10.843733000611103, 47.240619936052155, 744.2769775390625 ], [ 10.843756811595069, 47.240641490413275, 742.97698974609375 ], [ 10.843770113534413, 47.240653531696601, 743.55999755859375 ], [ 10.843780717226789, 47.240681128102892, 743.55999755859375 ], [ 10.843780717226789, 47.240711124180379, 744.10601806640625 ], [ 10.843775415380602, 47.240715923551193, 744.10601806640625 ], [ 10.843748906149663, 47.240736320872344, 744.10601806640625 ], [ 10.843748906149663, 47.240738720556649, 744.10601806640625 ], [ 10.843718862354601, 47.240767516760073, 744.85601806640625 ], [ 10.843694335208417, 47.240795269997406, 745.58697509765625 ], [ 10.843692353123664, 47.240797512788639, 745.58697509765625 ], [ 10.843683516713353, 47.240814310557226, 745.58697509765625 ], [ 10.843685283995415, 47.24084550639904, 745.18402099609375 ], [ 10.843710025944288, 47.240853905276396, 745.18402099609375 ], [ 10.843755975277913, 47.240855105115898, 745.02197265625 ], [ 10.843793088201227, 47.24084430655931, 745.02197265625 ], [ 10.843794964764706, 47.240843542139459, 745.02197265625 ], [ 10.843837270252788, 47.240826308960102, 744.051025390625 ], [ 10.843883219586411, 47.240811910876324, 742.677001953125 ], [ 10.843960640506152, 47.240809889241874, 741.77398681640625 ], [ 10.843975118253661, 47.240809511195316, 741.77398681640625 ], [ 10.843987489228097, 47.240809511195316, 741.77398681640625 ], [ 10.84405994779266, 47.240821509599279, 740.6820068359375 ], [ 10.844164217434347, 47.240814310557226, 739.197021484375 ], [ 10.844211934050033, 47.240803511992333, 738.42401123046875 ], [ 10.844234824126636, 47.240796851777858, 738.42401123046875 ], [ 10.844249046973344, 47.240792713425208, 738.42401123046875 ], [ 10.84428615989666, 47.240783114697052, 737.66998291015625 ], [ 10.844348014768844, 47.240783114697052, 736.85101318359375 ], [ 10.844393964102467, 47.24078671422032, 736.364990234375 ], [ 10.844418706051343, 47.240791513584291, 735.6619873046875 ], [ 10.84449469918003, 47.240815510397638, 734.7919921875 ], [ 10.844510604718591, 47.240826308960102, 734.7919921875 ], [ 10.844545950359842, 47.24084550639904, 734.11199951171875 ], [ 10.844550142046046, 47.240848174346844, 734.11199951171875 ], [ 10.844574226872842, 47.240863503991719, 734.11199951171875 ], [ 10.84460780523203, 47.240871902866225, 732.9229736328125 ], [ 10.84465022000153, 47.240873102705336, 732.9229736328125 ], [ 10.84470147118134, 47.240859904473687, 732.36297607421875 ], [ 10.844715609437841, 47.240849105918066, 732.36297607421875 ], [ 10.844747420514965, 47.240819109918704, 731.90997314453125 ], [ 10.84477923159209, 47.240783114697052, 732.552978515625 ], [ 10.84479336984859, 47.24076271739392, 732.552978515625 ], [ 10.84480043897684, 47.240744719767001, 732.552978515625 ], [ 10.844805740823025, 47.240725522291541, 731.780029296875 ], [ 10.844809275387153, 47.240717123393836, 731.780029296875 ], [ 10.844810892845803, 47.240708704436699, 731.780029296875 ], [ 10.84481457723334, 47.240689527006289, 731.86297607421875 ], [ 10.844811042669214, 47.240677528572455, 731.86297607421875 ], [ 10.844798671694775, 47.24066792982341, 732.54302978515625 ], [ 10.84477923159209, 47.240672729198153, 732.54302978515625 ], [ 10.844770395181776, 47.240683527789706, 732.54302978515625 ], [ 10.8447597914894, 47.24069192669274, 732.54302978515625 ], [ 10.844736816822591, 47.240693126535909, 732.54302978515625 ], [ 10.844731514976404, 47.240690726849529, 733.2559814453125 ], [ 10.844712074873716, 47.240683527789706, 733.2559814453125 ], [ 10.844685565642779, 47.240675128885343, 733.2559814453125 ], [ 10.844651987283591, 47.240678728415958, 734.03802490234375 ], [ 10.84463608174503, 47.240690726849529, 734.03802490234375 ], [ 10.844634738797224, 47.240691699387156, 734.03802490234375 ], [ 10.844620197556086, 47.240702229881379, 734.208984375 ], [ 10.844609572514093, 47.240709924337601, 734.208984375 ], [ 10.844591899693468, 47.240713523865843, 734.93597412109375 ], [ 10.844553019488092, 47.240705124966233, 734.93597412109375 ], [ 10.844544183077781, 47.240685927476427, 734.69000244140625 ], [ 10.844556554052216, 47.24066792982341, 734.69000244140625 ], [ 10.844583063283157, 47.24065593138468, 734.69000244140625 ], [ 10.84462901261678, 47.240642733098923, 734.010009765625 ], [ 10.844674961950405, 47.240637933721466, 733.29302978515625 ], [ 10.844763326053531, 47.240651132008416, 732.54302978515625 ], [ 10.844825180925714, 47.240672729198153, 731.86297607421875 ], [ 10.844830120076931, 47.240705144323393, 731.780029296875 ], [ 10.844830482771899, 47.240707524651974, 731.780029296875 ], [ 10.844830482771899, 47.240760317710688, 731.6829833984375 ], [ 10.84481457723334, 47.24082270943952, 731.41400146484375 ], [ 10.84480043897684, 47.240895899643164, 731.3079833984375 ], [ 10.8447597914894, 47.240915097056899, 731.3079833984375 ], [ 10.844733282258465, 47.240928295274799, 731.8590087890625 ], [ 10.844720911284025, 47.240942693326936, 731.8590087890625 ], [ 10.844715609437841, 47.240973889093155, 731.364013671875 ], [ 10.844720911284025, 47.24099908566015, 731.364013671875 ], [ 10.844777464310027, 47.241068676116278, 732.24700927734375 ], [ 10.84480750810509, 47.241093872638181, 730.989013671875 ], [ 10.844902057695435, 47.241156263974219, 731.86798095703125 ], [ 10.844953308875246, 47.241193458774198, 731.98797607421875 ], [ 10.844995723644747, 47.241211456248692, 731.98797607421875 ], [ 10.845043440260429, 47.241221054899256, 731.17401123046875 ], [ 10.845108829696745, 47.241228253886042, 730.74798583984375 ] ] } },
{ "type": "Feature", "properties": { "name": "Schlierenzau - CC Trail (0,4 km)", "description": "Technisch fordernder CC-Trainings-Trail!" }, "geometry": { "type": "LineString", "coordinates": [ [ 10.847506745367779, 47.243963569049342, 764.21502685546875 ], [ 10.847567522135291, 47.243944152567266, 763.91900634765625 ], [ 10.847610423382948, 47.243911387237617, 762.04998779296875 ], [ 10.847628298902801, 47.243867700099891, 761.05499267578125 ], [ 10.847640811766704, 47.243819158793499, 759.135009765625 ], [ 10.847644386870673, 47.243762122701646, 758.5889892578125 ], [ 10.847631874006776, 47.243705086548395, 759.36102294921875 ], [ 10.847615786038904, 47.243657758629915, 757.843994140625 ], [ 10.847572884791248, 47.243595868211202, 757.81597900390625 ], [ 10.847504957815792, 47.243527910021086, 757.23797607421875 ], [ 10.847462056568137, 47.243496357974607, 756.177978515625 ], [ 10.847360166104956, 47.243450243411338, 757.85797119140625 ], [ 10.847274363609644, 47.243423545487929, 758.1820068359375 ], [ 10.847184986010365, 47.243381071491171, 758.7650146484375 ], [ 10.847165322938521, 47.243354373532917, 759.0980224609375 ], [ 10.847095608411077, 47.243229378367573, 757.6400146484375 ], [ 10.847093820859094, 47.243206320974764, 757.6400146484375 ], [ 10.847035725419559, 47.24311651840182, 757.40899658203125 ], [ 10.847023405255849, 47.243105873276328, 756.16900634765625 ], [ 10.846976736204034, 47.243065549306209, 755.49298095703125 ], [ 10.846903446572624, 47.243036424086711, 756.91400146484375 ], [ 10.846823006733267, 47.243004871747516, 757.39501953125 ], [ 10.846783680589583, 47.242984241361725, 757.39501953125 ], [ 10.846751816346863, 47.242952362108284, 758.4219970703125 ], [ 10.846715753614129, 47.242916282386986, 757.31201171875 ], [ 10.846697878094272, 47.24286774020883, 756.177978515625 ], [ 10.846631738670805, 47.242742743895292, 753.0780029296875 ], [ 10.846560236591376, 47.242525516590547, 748.68701171875 ], [ 10.846529848207622, 47.242493963947055, 748.68701171875 ], [ 10.846488734511953, 47.242475760490336, 746.96099853515625 ], [ 10.846417232432524, 47.242457557027365, 746.72100830078125 ], [ 10.846386844048769, 47.242452702769519, 746.72100830078125 ], [ 10.846293891345518, 47.242453916334028, 746.68402099609375 ], [ 10.846242052337931, 47.242432072168697, 746.822021484375 ], [ 10.846215239058145, 47.242399305903831, 746.822021484375 ], [ 10.846192000882333, 47.242350763251963, 742.3060302734375 ], [ 10.846131224114822, 47.242325278341916, 743.2130126953125 ], [ 10.846065084691354, 47.242286444169714, 742.93597412109375 ], [ 10.846041846515542, 47.242267027072941, 745.26300048828125 ], [ 10.845889010820768, 47.242167514340252, 741.718994140625 ], [ 10.845881860612824, 47.242162660055826, 741.718994140625 ], [ 10.845844322021124, 47.242100767890427, 742.90301513671875 ], [ 10.845821083845312, 47.241961206859955, 739.2020263671875 ], [ 10.845833596709211, 47.24192358599754, 736.7080078125 ], [ 10.845838959365169, 47.24184955777087, 731.219970703125 ] ] } },
{ "type": "Feature", "properties": { "name": "Schlierenzau - Autobahn Trail (0,3 km)", "description": "Schnell, technisch, steinig... Unter der Autobahn ganz rechts bleiben und Kopf einziehen;)" }, "geometry": { "type": "LineString", "coordinates": [ [ 10.841871349977003, 47.237366147154994, 731.0579833984375 ], [ 10.841960330133213, 47.237291791161226, 727.35198974609375 ], [ 10.842028776407219, 47.237231376839453, 726.7869873046875 ], [ 10.84204246566202, 47.237175609712054, 725.468994140625 ], [ 10.842062999544224, 47.237124489793722, 725.49200439453125 ], [ 10.842069844171627, 47.237110547989246, 725.49200439453125 ], [ 10.842131445818229, 47.237050133460826, 724.46502685546875 ], [ 10.842151979700434, 47.237026897085407, 724.46502685546875 ], [ 10.842186202837439, 47.236975777023595, 724.97802734375 ], [ 10.842186202837439, 47.236933951481802, 724.97802734375 ], [ 10.842193047464837, 47.236915362341506, 723.99298095703125 ], [ 10.842234115229241, 47.236910715055423, 722.406005859375 ], [ 10.842350473895056, 47.236910715055423, 720.42498779296875 ], [ 10.842412075541663, 47.236910715055423, 718.6719970703125 ], [ 10.84248052181567, 47.236896773194708, 715.5250244140625 ], [ 10.842487366443072, 47.236892125906977, 715.5250244140625 ], [ 10.842514744952675, 47.236785238176914, 714.77099609375 ], [ 10.842617414363685, 47.236748059785491, 713.30401611328125 ], [ 10.84267217138289, 47.236696939454667, 711.7130126953125 ], [ 10.842733773029497, 47.23661328789786, 711.26898193359375 ], [ 10.842774840793901, 47.236562167437029, 709.385009765625 ], [ 10.842836442440507, 47.236455279041365, 710.49102783203125 ], [ 10.842836442440507, 47.236441337060818, 710.49102783203125 ], [ 10.842829597813109, 47.236408805758607, 710.6719970703125 ], [ 10.842891199459716, 47.236385569101941, 711.0469970703125 ], [ 10.84291857796932, 47.236362332435093, 711.0469970703125 ], [ 10.842973334988523, 47.23632515374694, 708.260986328125 ], [ 10.842993868870728, 47.236274033008115, 707.6729736328125 ], [ 10.842980179615926, 47.236255443636317, 706.594970703125 ], [ 10.84291857796932, 47.236241501603196, 707.71502685546875 ], [ 10.842898044087114, 47.236204322830261, 707.41400146484375 ], [ 10.842898044087114, 47.236195028132954, 707.41400146484375 ], [ 10.84291857796932, 47.236171791382553, 707.41400146484375 ], [ 10.842952801106319, 47.236167144031235, 706.09100341796875 ], [ 10.843076004399535, 47.236157849327412, 705.27197265625 ], [ 10.843158139928345, 47.23613925991485, 701.94097900390625 ], [ 10.843233430829754, 47.236097433712764, 699.82598876953125 ], [ 10.843274498594157, 47.236069549559694, 699.5989990234375 ], [ 10.843281343221555, 47.236037018029229, 699.5989990234375 ], [ 10.84312391679134, 47.235967307539568, 694.86102294921875 ], [ 10.843062315144733, 47.235925481201747, 691.49298095703125 ], [ 10.84304178126253, 47.235832533666162, 690.02099609375 ], [ 10.84304178126253, 47.235772117680618, 689.97998046875 ], [ 10.842966490361125, 47.235753528132754, 687.8189697265625 ], [ 10.842925422596718, 47.235720996408276, 687.4119873046875 ], [ 10.842877510204916, 47.235665227691278, 685.06597900390625 ], [ 10.842877510204916, 47.235628048514023, 684.44598388671875 ] ] } },
{ "type": "Feature", "properties": { "name": "Haiminge Mure - Trainings Trail (0,6 km)", "description": "Schöne Auffahrt über Singletrack, dann Abfahrt mit Action im Schotter, einige lässige Anlieger Kurven und Double Sprünge!" }, "geometry": { "type": "LineString", "coordinates": [ [ 10.869660529987987, 47.257754982505091, 689.8599853515625 ], [ 10.869695781743735, 47.257778907913853, 690.75897216796875 ], [ 10.869704594682672, 47.257802833311814, 690.75897216796875 ], [ 10.869731033499482, 47.257868628100447, 696.1719970703125 ], [ 10.869660529987987, 47.257922460139433, 698.26300048828125 ], [ 10.8696164652933, 47.257940404140264, 698.6300048828125 ], [ 10.869598839415424, 47.257952366804105, 701.01300048828125 ], [ 10.869669342926924, 47.25798825477942, 700.1939697265625 ], [ 10.869704594682672, 47.258006198757947, 702.1300048828125 ], [ 10.869686968804796, 47.258066011975814, 704.323974609375 ], [ 10.869678155865858, 47.258083955928001, 707.4229736328125 ], [ 10.869651717049049, 47.258083955928001, 707.4229736328125 ], [ 10.869575791942514, 47.258065552297069, 705.42401123046875 ], [ 10.869368013046792, 47.25790404314607, 702.7490234375 ], [ 10.869159151898476, 47.257708325459717, 697.40399169921875 ], [ 10.869157051653403, 47.257706357381359, 697.40399169921875 ], [ 10.869025488414808, 47.257583073310229, 697.23199462890625 ], [ 10.868973120750899, 47.257551616094077, 697.23199462890625 ], [ 10.868929056056212, 47.257533671961497, 698.510009765625 ], [ 10.868867365483654, 47.257497783678069, 699.63201904296875 ], [ 10.868796861972159, 47.257461895370312, 700.78399658203125 ], [ 10.868761610216412, 47.257431988428614, 703.1500244140625 ], [ 10.868673480827042, 47.257348248901984, 705.4749755859375 ], [ 10.868585351437671, 47.257312360492868, 706.74102783203125 ], [ 10.868506034987238, 47.257306379088995, 707.6519775390625 ], [ 10.868417905597868, 47.257306379088995, 709.719970703125 ], [ 10.86835621502531, 47.257276472059466, 710.85400390625 ], [ 10.868250459758066, 47.257234602189712, 712.6929931640625 ], [ 10.868162330368696, 47.257258527833628, 714.989990234375 ], [ 10.868144704490819, 47.257276472059466, 714.65802001953125 ], [ 10.86811826567401, 47.257288434873296, 714.65802001953125 ], [ 10.867986071589955, 47.257300397684439, 717.01800537109375 ], [ 10.867942006895269, 47.257282453466715, 718.531005859375 ], [ 10.867924381017396, 47.257222639363725, 719.20697021484375 ], [ 10.86790675513952, 47.257162825193141, 721.54400634765625 ], [ 10.867880316322712, 47.257144880928799, 720.9539794921875 ], [ 10.86779218693334, 47.257138899506018, 722.51800537109375 ], [ 10.867704057543971, 47.257114973808044, 725.302001953125 ], [ 10.867642366971413, 47.257079085240832, 725.8060302734375 ], [ 10.867545424643104, 47.257097029527493, 727.3809814453125 ], [ 10.867536611704166, 47.257114973808044, 728.406005859375 ], [ 10.867527798765231, 47.257162825193141, 729.18597412109375 ], [ 10.867501359948417, 47.257162825193141, 730.54302978515625 ], [ 10.867439669375859, 47.257162825193141, 732.2449951171875 ], [ 10.867395604681176, 47.257180769451409, 732.2449951171875 ], [ 10.867395604681176, 47.257234602189712, 734.27197265625 ], [ 10.867395604681176, 47.257258527833628, 734.27197265625 ], [ 10.867263410597118, 47.257306379088995, 738.92999267578125 ], [ 10.867219345902434, 47.257288434873296, 740.9119873046875 ], [ 10.867192907085624, 47.257216657949705, 738.48297119140625 ], [ 10.867148842390936, 47.257132918082526, 736.3289794921875 ], [ 10.867113590635196, 47.257085066670399, 737.37200927734375 ], [ 10.867016648306883, 47.257031233780062, 739.0269775390625 ], [ 10.866937331856453, 47.256941512174542, 738.81500244140625 ], [ 10.86685801540602, 47.256839827504507, 738.94097900390625 ], [ 10.866813950711334, 47.2567979572895, 739.0560302734375 ], [ 10.866769886016648, 47.256732161170461, 738.655029296875 ], [ 10.866690569566213, 47.25661253165363, 738.5460205078125 ], [ 10.866672943688343, 47.256588605717852, 737.75 ], [ 10.866576001360032, 47.256474957375168, 738.34002685546875 ], [ 10.866540749604289, 47.256415142360005, 735.41802978515625 ], [ 10.866408555520231, 47.256313456679159, 736.64398193359375 ], [ 10.866285174375115, 47.25621177080302, 735.2230224609375 ], [ 10.866152980291062, 47.256104103191937, 733.6820068359375 ], [ 10.86605603796275, 47.255984472256195, 733.72198486328125 ], [ 10.865941469756569, 47.255936619806228, 733.5560302734375 ], [ 10.865897405061888, 47.255852877914705, 731.83197021484375 ], [ 10.86588859212295, 47.255787080621332, 730.50897216796875 ], [ 10.865932656817634, 47.255822970064223, 730.114013671875 ], [ 10.866091289718499, 47.255870822616906, 728.09698486328125 ], [ 10.866205857924681, 47.255882785748319, 726.22998046875 ], [ 10.866329239069799, 47.25591269356503, 724.46502685546875 ], [ 10.866408555520231, 47.25594858292277, 720.46099853515625 ], [ 10.866531936665352, 47.255942601364836, 719.64202880859375 ], [ 10.86655837548216, 47.255918675126331, 718.81097412109375 ], [ 10.86655837548216, 47.255858859482785, 718.5419921875 ], [ 10.866549562543222, 47.2558169884921, 717.40802001953125 ], [ 10.866496684909603, 47.255745209573895, 716.55999755859375 ], [ 10.866470246092794, 47.255685393734403, 716.010009765625 ], [ 10.866470246092794, 47.255619596232911, 715.57501220703125 ] ] } },
{ "type": "Feature", "properties": { "name": "Sautener Höhe - Tschirgant Blick (2,2 km)", "description": "Sehr schöner, technischer Uphill mit fahrbaren Spitzkehren, dann ab Anhöhe Traum Flow! Nach Tschrigantblick, alpiner Steig - Mega Trail!!" }, "geometry": { "type": "LineString", "coordinates": [ [ 10.850928451195895, 47.215929374532649, 814.9320068359375 ], [ 10.850982941451024, 47.215957133385167, 815.27301025390625 ], [ 10.851146412216407, 47.215994145165908, 814.89202880859375 ], [ 10.851241770162879, 47.216021903984505, 815.24798583984375 ], [ 10.851269015290441, 47.21609592742972, 816.573974609375 ], [ 10.851282637854228, 47.216132939113578, 817.16998291015625 ], [ 10.851418863492048, 47.216160697859522, 817.57598876953125 ], [ 10.851527844002302, 47.216179203682088, 818.427978515625 ], [ 10.851691314767685, 47.216234721110993, 820.71099853515625 ], [ 10.851786672714157, 47.216280985590686, 822.030029296875 ], [ 10.851773050150378, 47.216429031654464, 823.6710205078125 ], [ 10.851636824512559, 47.216530813083537, 822.3699951171875 ], [ 10.851541466566083, 47.216604835818337, 823.12701416015625 ], [ 10.851486976310953, 47.216688111271459, 823.92999267578125 ], [ 10.85130988298179, 47.216780639399339, 824.92901611328125 ], [ 10.851132789652626, 47.216863914576379, 824.88397216796875 ], [ 10.850901206068331, 47.2169656951707, 828.541015625 ], [ 10.850574264537562, 47.217095233826385, 836.74700927734375 ], [ 10.850492529154874, 47.217150750296241, 838.5780029296875 ], [ 10.850206455315455, 47.217261783061552, 844.01898193359375 ], [ 10.850097474805194, 47.217308046645144, 844.8189697265625 ], [ 10.849893136348467, 47.217409826386969, 847.197021484375 ], [ 10.849770533274429, 47.21741907908109, 849.2139892578125 ], [ 10.849620685072827, 47.217548616629152, 850.4229736328125 ], [ 10.849538949690135, 47.217678153860767, 849.823974609375 ], [ 10.849416346616096, 47.217752174993883, 850.5360107421875 ], [ 10.849130272776677, 47.217807690775921, 853.16998291015625 ], [ 10.848953179447509, 47.21784470126498, 856.14898681640625 ], [ 10.848830576373469, 47.217983490368866, 862.3060302734375 ], [ 10.848721595863218, 47.218011248146063, 863.968994140625 ], [ 10.84844914458758, 47.218011248146063, 862.906005859375 ], [ 10.848244806130849, 47.218048258493042, 860.239990234375 ], [ 10.848094957929247, 47.218113026538084, 856.42498779296875 ], [ 10.847822506653605, 47.218103773965069, 855.09698486328125 ], [ 10.847618168196879, 47.21813153167929, 854.1309814453125 ], [ 10.847454697431491, 47.218205552179491, 848.81500244140625 ], [ 10.847318471793674, 47.218270320032403, 847.0360107421875 ], [ 10.847086888209382, 47.218335087806203, 844.30902099609375 ], [ 10.846923417443994, 47.218381350453335, 841.260009765625 ], [ 10.84673270155105, 47.218390602977905, 845.219970703125 ], [ 10.846555608221886, 47.218307330198549, 844.24798583984375 ], [ 10.846405760020284, 47.218298077659426, 844.9229736328125 ], [ 10.846242289254896, 47.218298077659426, 842.5 ], [ 10.846133308744642, 47.218353592869896, 842.55902099609375 ], [ 10.845888102596568, 47.21839985550087, 836.13702392578125 ], [ 10.845670141576058, 47.218427613060101, 831.62799072265625 ], [ 10.845384067736633, 47.218547895648783, 833.74102783203125 ], [ 10.845384067736633, 47.218714440321115, 833.57098388671875 ], [ 10.845343200045289, 47.218797712461118, 832.9630126953125 ], [ 10.84515248415234, 47.218899489343492, 835.405029296875 ], [ 10.845111616460997, 47.218945751498175, 835.72198486328125 ], [ 10.84508437133343, 47.219130799713255, 832.45501708984375 ], [ 10.844989013386959, 47.219241828332301, 826.52301025390625 ], [ 10.844866410312921, 47.219352856718878, 825.6820068359375 ], [ 10.844730184675102, 47.219445380196724, 824.81597900390625 ], [ 10.844457733399462, 47.219519398862758, 824.72802734375 ], [ 10.844335130325424, 47.219537903513114, 824.45599365234375 ], [ 10.844021811358436, 47.219658183583057, 829.86199951171875 ], [ 10.843926453411964, 47.219713697369464, 830.364990234375 ], [ 10.843708492391452, 47.21979696794007, 828.2249755859375 ], [ 10.843599511881198, 47.219870986115268, 826.61102294921875 ], [ 10.843504153934726, 47.220037526631657, 819.92401123046875 ], [ 10.843422418552034, 47.220194814416807, 816.04998779296875 ], [ 10.843204457531522, 47.220398362622568, 812.49298095703125 ], [ 10.843027364202353, 47.220555649337243, 811.49102783203125 ], [ 10.842850270873189, 47.220712935585318, 814.177978515625 ], [ 10.842673177544025, 47.220879473457003, 818.385009765625 ], [ 10.842605064725115, 47.221055262865178, 819.489013671875 ], [ 10.842564197033768, 47.221166287454253, 818.94000244140625 ], [ 10.842523329342423, 47.221258807767519, 820.656005859375 ], [ 10.842414348832165, 47.221314319877983, 823.49700927734375 ], [ 10.842264500630563, 47.221462351888405, 824.1929931640625 ], [ 10.84203291704627, 47.221647391320182, 823.6099853515625 ], [ 10.84188306884467, 47.22175841466926, 824.677978515625 ], [ 10.841665107824156, 47.221869437785813, 823.843994140625 ], [ 10.841283676038262, 47.221952704970654, 827.65399169921875 ], [ 10.841052092453968, 47.22201746824625, 825.86798095703125 ], [ 10.840793263742114, 47.222054475796767, 827.7130126953125 ], [ 10.840561680157819, 47.222063727680357, 831.26300048828125 ], [ 10.840466322211345, 47.222119238948018, 830.9959716796875 ], [ 10.840384586828657, 47.222165498293329, 830.905029296875 ], [ 10.840193870935707, 47.222165498293329, 831.551025390625 ], [ 10.840112135553015, 47.222054475796767, 832.8389892578125 ], [ 10.840112135553015, 47.221860185868316, 833.50299072265625 ], [ 10.840180248371926, 47.22175841466926, 834.43701171875 ], [ 10.840343719137307, 47.221545619712629, 837.77801513671875 ], [ 10.840493567338909, 47.22128656383002, 838.99798583984375 ], [ 10.84069790579564, 47.220971994270805, 832.81597900390625 ], [ 10.840820508869674, 47.220823960891238, 829.97998046875 ], [ 10.840820508869674, 47.220740691933585, 829.010009765625 ], [ 10.840643415540512, 47.220731439819119, 828.0780029296875 ], [ 10.84050718990269, 47.220796204586549, 827.84698486328125 ], [ 10.840425454519998, 47.220842465086285, 825.947021484375 ], [ 10.840330096573526, 47.220685179222485, 821.99798583984375 ], [ 10.840330096573526, 47.220620414319427, 821.50897216796875 ], [ 10.840234738627053, 47.220398362622568, 812.58197021484375 ], [ 10.840193870935707, 47.220287336425386, 811.54400634765625 ], [ 10.840057645297886, 47.220268832036588, 806.406982421875 ], [ 10.839921419660067, 47.220490884275932, 805.0670166015625 ], [ 10.839907797096282, 47.22057415362594, 802.3060302734375 ], [ 10.839798816586029, 47.220842465086285, 799.052978515625 ], [ 10.839676213511989, 47.220990498414203, 797.96502685546875 ], [ 10.839485497619044, 47.221027506681594, 796.0360107421875 ], [ 10.839362894545005, 47.2209164818019, 793.07501220703125 ], [ 10.839362894545005, 47.220648170716146, 784.74700927734375 ], [ 10.839362894545005, 47.220333597369134, 775.32098388671875 ], [ 10.83939013967257, 47.220213318831441, 775.85797119140625 ], [ 10.839417384800134, 47.220028274394473, 772.551025390625 ], [ 10.839349271981224, 47.219935751933804, 772.16998291015625 ], [ 10.839158556088279, 47.219870986115261, 767.31500244140625 ], [ 10.838940595067767, 47.219824724767875, 765.38299560546875 ], [ 10.838777124302382, 47.219741454240847, 767.677001953125 ], [ 10.838422937644053, 47.219639678974659, 768.03997802734375 ], [ 10.838286712006232, 47.219510146535143, 767.8790283203125 ], [ 10.838055128421937, 47.219399118477966, 767.03802490234375 ], [ 10.837796299710082, 47.21929734255464, 765.593994140625 ], [ 10.83745573561553, 47.219278837820319, 761.593017578125 ], [ 10.837115171520983, 47.219103042522171, 764.53302001953125 ], [ 10.836856342809122, 47.218992013612493, 766.04302978515625 ], [ 10.836679249479959, 47.218945751498175, 765.47601318359375 ], [ 10.836461288459448, 47.218917994210209, 767.9630126953125 ], [ 10.836365930512974, 47.218871732031303, 768.29400634765625 ], [ 10.836161592056243, 47.218742197715642, 765.8909912109375 ], [ 10.8361207243649, 47.218695935383359, 765.86602783203125 ], [ 10.83587551821682, 47.218575653130507, 763.22998046875 ], [ 10.835766537706569, 47.218566400638217, 762.405029296875 ], [ 10.835303370537982, 47.218594158110243, 762.83099365234375 ], [ 10.835221635155289, 47.218594158110243, 762.29998779296875 ], [ 10.835005330982614, 47.218684762001246, 757.99102783203125 ] ] } },
{ "type": "Feature", "properties": { "name": "Sautens - Kapellen Trail (0,5 km)", "description": "Easy & flowig, leicht bergab, beste Verbindung zum Höhenweg Richtung Tschirgant Blick." }, "geometry": { "type": "LineString", "coordinates": [ [ 10.846201421563551, 47.213042374530502, 824.2650146484375 ], [ 10.846065195925732, 47.213384751334807, 825.03802490234375 ], [ 10.846051573361949, 47.213403258126114, 824.9000244140625 ], [ 10.846051573361949, 47.213477285226801, 825.63201904296875 ], [ 10.846160553872204, 47.213588325684078, 824.80499267578125 ], [ 10.846392137456498, 47.213745632600549, 822.87298583984375 ], [ 10.846473872839189, 47.213967712158819, 823.24700927734375 ], [ 10.84648749540297, 47.214050991753403, 822.98199462890625 ], [ 10.84648749540297, 47.214273070032924, 820.7130126953125 ], [ 10.846541985658099, 47.214319336224079, 820.09600830078125 ], [ 10.846855304625084, 47.214402615266472, 815.77801513671875 ], [ 10.846991530262905, 47.214421121702578, 814.90301513671875 ], [ 10.847291226666108, 47.214448881344623, 814.79400634765625 ], [ 10.847427452303927, 47.214606185708405, 814.31597900390625 ], [ 10.847495565122838, 47.214763489605559, 813.5679931640625 ], [ 10.847686281015784, 47.214846767950441, 811.7860107421875 ], [ 10.847972354855207, 47.215004071133947, 815.71197509765625 ], [ 10.847999599982769, 47.215068842897409, 813.2979736328125 ], [ 10.848190315875719, 47.215226145422164, 812.98297119140625 ], [ 10.848435522023793, 47.215226145422164, 812.906005859375 ], [ 10.848544502534047, 47.215235398497313, 812.89898681640625 ], [ 10.848653483044306, 47.215355688327456, 810.89697265625 ], [ 10.848667105608087, 47.215457471816762, 808.09100341796875 ], [ 10.848490012278921, 47.215670291208532, 812.5269775390625 ], [ 10.848285673822192, 47.215836844919352, 805.51800537109375 ], [ 10.848176693311933, 47.216012651046583, 802.01800537109375 ], [ 10.848149448184371, 47.216225468210219, 801.947998046875 ], [ 10.848149448184371, 47.216355008674249, 802.4420166015625 ] ] } },
{ "type": "Feature", "properties": { "name": "Ötzbruck Trail (1,6 km)", "description": "Flowiger S1 Trail." }, "geometry": { "type": "LineString", "coordinates": [ [ 10.835005330982614, 47.218684762001246, 757.99102783203125 ], [ 10.834906890096031, 47.218789829569687, 757.31097412109375 ], [ 10.834695945339067, 47.218942654752126, 755.719970703125 ], [ 10.83445687461451, 47.219085927960606, 757.47198486328125 ], [ 10.834288118808942, 47.21914323713559, 757.24298095703125 ], [ 10.834063111068179, 47.219238752289591, 748.93701171875 ], [ 10.833866229295017, 47.219353370247248, 745.822021484375 ], [ 10.833542780667672, 47.219477539421788, 752.79998779296875 ], [ 10.83335996187831, 47.219534848173495, 752.68902587890625 ], [ 10.833247458007929, 47.219553951076961, 752.24700927734375 ], [ 10.832938072364385, 47.219582605419262, 749.385986328125 ], [ 10.832909946396788, 47.219735428316639, 748.5880126953125 ], [ 10.833036513250967, 47.219821391002853, 747.59698486328125 ], [ 10.833205269056537, 47.219878699382875, 748.97601318359375 ], [ 10.833472465748686, 47.219888250773543, 748.20697021484375 ], [ 10.833908418246411, 47.219955110459914, 743.08599853515625 ], [ 10.834091237035777, 47.220136586326511, 742.91400146484375 ], [ 10.83434437074413, 47.220337164193218, 737.60498046875 ], [ 10.834583441468686, 47.220575946378482, 736.21099853515625 ], [ 10.834808449209447, 47.220671458951486, 733.13702392578125 ], [ 10.835328779609954, 47.220566395111732, 734.3590087890625 ], [ 10.835539724366916, 47.220413574609509, 735.906982421875 ], [ 10.836003802832233, 47.220193894365849, 736.55499267578125 ], [ 10.836270999524384, 47.220184343030269, 737.51702880859375 ], [ 10.83691789677907, 47.220107932283611, 736.2969970703125 ], [ 10.837297597341601, 47.220117483632954, 742.20001220703125 ], [ 10.83780386475831, 47.220298958943772, 744.47601318359375 ], [ 10.838085124434258, 47.220518638752111, 745.0679931640625 ], [ 10.838113250401857, 47.220843381149265, 739.9169921875 ], [ 10.838113250401857, 47.220948444440126, 738.47998046875 ], [ 10.838071061450464, 47.221368695521591, 739.96697998046875 ], [ 10.838000746531476, 47.221511962174326, 738.73199462890625 ], [ 10.837972620563882, 47.221788943271839, 738.655029296875 ], [ 10.837726518347424, 47.222161432811028, 725.1669921875 ], [ 10.83752963657426, 47.222199636718365, 721.27197265625 ], [ 10.837051495125143, 47.222199636718365, 724.84698486328125 ], [ 10.83641866085426, 47.222256942527743, 734.00799560546875 ], [ 10.836123338194511, 47.222333350177202, 732.45001220703125 ], [ 10.835884267469956, 47.222467063298794, 733.58099365234375 ], [ 10.835842078518564, 47.222572123372025, 730.5050048828125 ], [ 10.835968645372738, 47.222839548073487, 726.010009765625 ], [ 10.83641866085426, 47.222992361582953, 719.64697265625 ], [ 10.83668585754641, 47.223087869802676, 718.427001953125 ], [ 10.836967117222361, 47.223326639599208, 717.13299560546875 ], [ 10.837276502865905, 47.223555857592132, 718.0830078125 ], [ 10.837606982985147, 47.223861480040995, 718.00799560546875 ], [ 10.837663234920333, 47.224071594452504, 718.24798583984375 ], [ 10.837691360887931, 47.224300809224388, 724.114990234375 ], [ 10.837649171936539, 47.224434517383614, 727.56500244140625 ], [ 10.837522605082359, 47.224654180055929, 728.47601318359375 ], [ 10.837522605082359, 47.224806988334606, 727.156982421875 ], [ 10.837297597341601, 47.224959796172797, 730.66400146484375 ], [ 10.837142904519828, 47.225007548531892, 726.864990234375 ], [ 10.836988211698058, 47.225179456668485, 725.427001953125 ], [ 10.836847581860082, 47.225313162611528, 722.51702880859375 ], [ 10.836608511135527, 47.225456418604828, 718.5999755859375 ], [ 10.836453818313753, 47.22556147275386, 713.88897705078125 ], [ 10.83625693654059, 47.225790681083645, 709.89300537109375 ], [ 10.836200684605398, 47.226086740376076, 709.218994140625 ], [ 10.836116306702616, 47.22619179327593, 706.3380126953125 ], [ 10.835989739848435, 47.226277745493675, 705.041015625 ] ] } },
{ "type": "Feature", "properties": { "name": "Geo Lehrpfad Roppen (1,2 km)", "description": "Flowiger S1 Trail, mit kurzen Gegenanstiegen.." }, "geometry": { "type": "LineString", "coordinates": [ [ 10.832708272137509, 47.219621174359816, 751.197021484375 ], [ 10.832572046499688, 47.21979696794007, 750.6920166015625 ], [ 10.832408575734307, 47.219917247422281, 751.635009765625 ], [ 10.832163369586231, 47.220028274394458, 751.5830078125 ], [ 10.832163369586231, 47.220028274394458, 751.5830078125 ], [ 10.831904540874371, 47.220185562207064, 751.31298828125 ], [ 10.831713824981428, 47.220324345183599, 742.4520263671875 ], [ 10.831563976779824, 47.220407614795164, 742.1729736328125 ], [ 10.831332393195533, 47.220463127796876, 744.00701904296875 ], [ 10.831128054738802, 47.220509388587239, 742.0050048828125 ], [ 10.830841980899379, 47.220638918585514, 741.57000732421875 ], [ 10.830814735771817, 47.22067592709832, 741.29998779296875 ], [ 10.830692132697781, 47.220796204586549, 746.25299072265625 ], [ 10.830610397315086, 47.220870221366752, 748.10101318359375 ], [ 10.830419681422139, 47.220953490120962, 744.197021484375 ], [ 10.830201720401627, 47.22101825461715, 737.65899658203125 ], [ 10.830092739891374, 47.221083019034239, 736.57598876953125 ], [ 10.829806666051951, 47.221175539492819, 733.73297119140625 ], [ 10.82945247939362, 47.22128656383002, 731.6300048828125 ], [ 10.829370744010928, 47.221332823901882, 732.1669921875 ], [ 10.829466101957399, 47.221360579925637, 731.70001220703125 ], [ 10.829656817850349, 47.221369831930318, 729.77099609375 ], [ 10.829915646562208, 47.221360579925637, 727.156982421875 ], [ 10.830092739891374, 47.221342075911416, 726.8330078125 ], [ 10.830365191167012, 47.221342075911416, 727.59197998046875 ], [ 10.83062401987887, 47.221332823901882, 726.52197265625 ], [ 10.830841980899379, 47.221351327919336, 729.7249755859375 ], [ 10.8309782065372, 47.221397587934696, 729.0360107421875 ], [ 10.831250657812841, 47.221490107844339, 732.33001708984375 ], [ 10.831454996269571, 47.221610383485476, 733.13702392578125 ], [ 10.831550354216043, 47.221693651077203, 731.40301513671875 ], [ 10.831618467034954, 47.221786170470175, 732.2459716796875 ], [ 10.831727447545209, 47.221850933949199, 730.99298095703125 ], [ 10.831795560364119, 47.221887941615954, 730.0789794921875 ], [ 10.831972653693281, 47.221915697349083, 727.8079833984375 ], [ 10.832149747022447, 47.221915697349083, 725.40899658203125 ], [ 10.832285972660269, 47.221906445439664, 724.406982421875 ], [ 10.832408575734307, 47.221971208771748, 726.6610107421875 ], [ 10.83242219829809, 47.222119238948011, 731.23699951171875 ], [ 10.832435820861869, 47.222202505740512, 732.09197998046875 ], [ 10.832435820861869, 47.222387542588969, 732.3280029296875 ], [ 10.832476688553218, 47.222581830584787, 731.58001708984375 ], [ 10.832531178808345, 47.222711355519749, 728.76202392578125 ], [ 10.832708272137509, 47.222803873136698, 729.4530029296875 ], [ 10.83291261059424, 47.222868635372478, 728.447021484375 ], [ 10.832939855721804, 47.222868635372478, 727.95001220703125 ], [ 10.833076081359625, 47.223016663042941, 722.5419921875 ], [ 10.833130571614753, 47.223053669895968, 719.7509765625 ], [ 10.833266797252568, 47.223136935220843, 715.4329833984375 ], [ 10.83360736134712, 47.223247955450553, 710.21197509765625 ], [ 10.833879812622762, 47.223479246849053, 708.875 ], [ 10.834043283388141, 47.223867814126862, 712.7509765625 ], [ 10.834043283388141, 47.224108354347749, 713.75299072265625 ], [ 10.834056905951925, 47.224284133049693, 715.4940185546875 ], [ 10.834070528515706, 47.224376647921893, 712.78497314453125 ], [ 10.834370224918912, 47.224626437270302, 714.81201171875 ], [ 10.834438337737822, 47.224635688705057, 716.2760009765625 ], [ 10.834656298758333, 47.224802214254375, 712.64898681640625 ], [ 10.834847014651279, 47.224959487903966, 710.9329833984375 ], [ 10.83491512747019, 47.22508900702973, 710.719970703125 ], [ 10.835024107980447, 47.225255531155014, 709.8489990234375 ], [ 10.834996862852883, 47.22536654694791, 708.17401123046875 ], [ 10.834901504906409, 47.22555157275275, 706.9949951171875 ], [ 10.834887882342626, 47.225745849152766, 703.77001953125 ], [ 10.83491512747019, 47.22577360286607, 702.9310302734375 ], [ 10.835146711054483, 47.225884617573989, 703.57000732421875 ], [ 10.835228446437174, 47.225903120002698, 703.4639892578125 ], [ 10.835378294638776, 47.225930873633672, 704.802978515625 ], [ 10.835596255659288, 47.226004883245203, 705.80499267578125 ], [ 10.835718858733326, 47.226115897468752, 706.70501708984375 ], [ 10.835989739848435, 47.226277745493675, 705.041015625 ] ] } },
{ "type": "Feature", "properties": { "name": "Sautens Brunau Spitzkehren (1,2 km)", "description": "Schmaler, etwas schlecht ausgetretener Steig bis zur Hangkante, dann steile und enge Spitzkehren zur Ötztaler Ache - traumhaft!" }, "geometry": { "type": "LineString", "coordinates": [ [ 10.854744952575828, 47.22311296491344, 751.95697021484375 ], [ 10.854752676373954, 47.223270332107454, 753.15399169921875 ], [ 10.854799019162705, 47.223375243310599, 753.57098388671875 ], [ 10.854930323730834, 47.223490645394271, 753.53900146484375 ], [ 10.855192932867089, 47.223564082953089, 758.08599853515625 ], [ 10.855486437195848, 47.223558837416547, 761.427978515625 ], [ 10.855671808350852, 47.223548346341914, 763.7509765625 ], [ 10.855918969890856, 47.223527364186388, 762.375 ], [ 10.85599620787211, 47.223537855265192, 761.55902099609375 ], [ 10.856258817008364, 47.223674239100568, 761.72900390625 ], [ 10.856366950182119, 47.223752921922902, 763.5789794921875 ], [ 10.856482807153997, 47.223873568690323, 766.0 ], [ 10.856799482877127, 47.224004706169602, 769.10797119140625 ], [ 10.85684582566588, 47.224036179116354, 768.06298828125 ], [ 10.857092987205885, 47.224188298095569, 766.97198486328125 ], [ 10.857123882398385, 47.224225016404468, 766.97198486328125 ], [ 10.85721656797589, 47.224377134841831, 767.43701171875 ], [ 10.857224291774012, 47.224513516518016, 767.74298095703125 ], [ 10.857224291774012, 47.224534498283198, 768.50701904296875 ], [ 10.857208844177764, 47.224660388699945, 770.5269775390625 ], [ 10.857270634562765, 47.224854469173373, 768.719970703125 ], [ 10.857270634562765, 47.224901677829742, 768.4749755859375 ], [ 10.85721656797589, 47.225127229718765, 764.52398681640625 ], [ 10.857139329994636, 47.225247873358477, 762.9119873046875 ], [ 10.857038920619008, 47.225399988860673, 762.36798095703125 ], [ 10.856737692492127, 47.225415724922193, 758.55499267578125 ], [ 10.856475083355869, 47.225405234215032, 757.8499755859375 ], [ 10.856312883595242, 47.225494405159736, 760.02197265625 ], [ 10.856266540806491, 47.225615047963799, 760.87701416015625 ], [ 10.856258817008364, 47.225714709203544, 760.614013671875 ], [ 10.856119788642111, 47.225945502934088, 753.96502685546875 ], [ 10.856065722055236, 47.226034672969945, 750.6259765625 ], [ 10.85592669368898, 47.22621825786559, 746.0670166015625 ], [ 10.85589579849648, 47.226281201111995, 745.4530029296875 ], [ 10.855965312679604, 47.226312672707195, 742.26300048828125 ], [ 10.856135236238362, 47.226244484227337, 753.072021484375 ], [ 10.856243369412114, 47.226244484227337, 749.90301513671875 ], [ 10.85628198840274, 47.226254974768423, 749.90301513671875 ], [ 10.856289712200864, 47.226265465307414, 744.4169921875 ], [ 10.856243369412114, 47.22630742744262, 742.19097900390625 ], [ 10.856197026623361, 47.226344144283694, 744.79998779296875 ], [ 10.856197026623361, 47.226359880064933, 743.22900390625 ], [ 10.85625109321024, 47.226391351613401, 739.71099853515625 ], [ 10.856359226383994, 47.226380861099322, 736.7979736328125 ], [ 10.856382397778367, 47.226380861099322, 736.7979736328125 ], [ 10.856359226383994, 47.226422823143189, 732.7559814453125 ], [ 10.85628198840274, 47.226475275651289, 734.9010009765625 ], [ 10.856243369412114, 47.22649101139362, 730.99700927734375 ], [ 10.856127512440237, 47.226564444795983, 734.11602783203125 ], [ 10.856112064843987, 47.226574935273732, 734.11602783203125 ], [ 10.856266540806491, 47.226564444795983, 728.052001953125 ], [ 10.856289712200864, 47.226564444795983, 725.2230224609375 ], [ 10.856212474219618, 47.226637878096611, 723.0560302734375 ], [ 10.856258817008364, 47.226643123328479, 721.95501708984375 ], [ 10.856351502585865, 47.226601161459008, 722.197021484375 ], [ 10.856444188163367, 47.226580180511831, 716.73797607421875 ], [ 10.856575492731498, 47.226580180511831, 715.156005859375 ], [ 10.856737692492127, 47.226580180511831, 712.6400146484375 ], [ 10.856645006914626, 47.22667459470879, 708.1199951171875 ], [ 10.856598664125871, 47.226690330391925, 708.23101806640625 ], [ 10.856544597538997, 47.22675327307779, 707.20599365234375 ], [ 10.856552321337121, 47.22680572525892, 704.77398681640625 ], [ 10.856606387923998, 47.226826706116839, 704.77398681640625 ], [ 10.856814930473378, 47.226784744392695, 704.89898681640625 ], [ 10.856969406435882, 47.226727046967774, 705.26397705078125 ], [ 10.857139329994636, 47.226632632864231, 705.44500732421875 ], [ 10.857347872544016, 47.22649101139362, 709.3690185546875 ], [ 10.857710891055898, 47.226317917971244, 708.8380126953125 ], [ 10.857788129037152, 47.226281201111995, 709.0469970703125 ], [ 10.8587844989953, 47.225599311961446, 707.885986328125 ], [ 10.858985317746555, 47.225452442380913, 709.5460205078125 ], [ 10.859124346112807, 47.225295081664491, 708.5889892578125 ], [ 10.859209307892186, 47.225221646503641, 708.29901123046875 ], [ 10.859232479286941, 47.225101002804237, 708.41497802734375 ], [ 10.85929426967156, 47.224875450803616, 709.49798583984375 ], [ 10.859317441065937, 47.224613179828694, 710.10302734375 ], [ 10.859325164864064, 47.224539743723199, 710.78997802734375 ], [ 10.859278822075312, 47.224350907556193, 711.23199462890625 ], [ 10.859162965103435, 47.224193543569832, 712.41998291015625 ], [ 10.859124346112807, 47.224062406557707, 712.65997314453125 ], [ 10.859078003324056, 47.223994215183197, 713.12701416015625 ], [ 10.858946698755929, 47.223868323184412, 713.4420166015625 ], [ 10.858799946591549, 47.223768658473347, 714.50299072265625 ], [ 10.858676365821548, 47.223700466720985, 714.85699462890625 ], [ 10.858637746830922, 47.223668993574911, 714.573974609375 ] ] } },
{ "type": "Feature", "properties": { "name": "Autobahn Trail II (0,5 km)", "description": "Schotterhügel Jumps & Innufer Trail..." }, "geometry": { "type": "LineString", "coordinates": [ [ 10.847679530125852, 47.237863408142211, 687.4210205078125 ], [ 10.847647201435588, 47.237779998961258, 687.35601806640625 ], [ 10.847640735697535, 47.237744879266835, 687.35601806640625 ], [ 10.847595475531165, 47.237683419745608, 687.6199951171875 ], [ 10.847595475531165, 47.237573670423224, 687.073974609375 ], [ 10.847556681102846, 47.237507820720666, 686.39898681640625 ], [ 10.847550215364794, 47.237371731076074, 685.2139892578125 ], [ 10.847537283888688, 47.237310271122027, 685.427001953125 ], [ 10.847504955198422, 47.23713467086047, 682.89599609375 ], [ 10.84743383207984, 47.237020530378402, 682.364013671875 ], [ 10.847401503389573, 47.236937119870632, 681.864013671875 ], [ 10.847382106175418, 47.236910779682987, 681.13800048828125 ], [ 10.847310983056836, 47.236827369002469, 679.97198486328125 ], [ 10.847310983056836, 47.236713227858431, 679.323974609375 ], [ 10.847336846009048, 47.236616646698366, 678.333984375 ], [ 10.847336846009048, 47.236502505100411, 676.89501953125 ], [ 10.847304517318783, 47.236388363256602, 676.16802978515625 ], [ 10.847246325676306, 47.236344462481988, 675.91802978515625 ], [ 10.847084682224983, 47.236208369849493, 676.6309814453125 ], [ 10.84687777860729, 47.236116177867601, 678.208984375 ], [ 10.846806655488708, 47.236067886765476, 677.6719970703125 ], [ 10.846683806465704, 47.235936183535934, 675.3909912109375 ], [ 10.846593286132959, 47.235905452735281, 676.33502197265625 ], [ 10.846392848253323, 47.235857161441096, 678.0419921875 ], [ 10.846263533492262, 47.235795699730296, 677.177001953125 ], [ 10.846017835446247, 47.235650825415668, 674.5159912109375 ], [ 10.845959643803775, 47.2356113141702, 674.40997314453125 ], [ 10.845720411495815, 47.235519121149537, 676.385986328125 ], [ 10.845500576402014, 47.235435708278366, 677.4959716796875 ], [ 10.845177289499368, 47.235347905114224, 677.97698974609375 ], [ 10.845073837690521, 47.235330344463939, 678.72698974609375 ], [ 10.844802276692299, 47.235282052645637, 678.57000732421875 ], [ 10.844575975860447, 47.235282052645637, 678.93499755859375 ], [ 10.8444725240516, 47.235295223145897, 678.573974609375 ], [ 10.844103976982581, 47.235299613311923, 678.61602783203125 ], [ 10.843922936317103, 47.235312783807828, 678.60198974609375 ], [ 10.843722498437458, 47.235321564136612, 679.14300537109375 ], [ 10.843599649414452, 47.235347905114224, 679.19000244140625 ], [ 10.84352206055782, 47.235352295275881, 678.5560302734375 ], [ 10.843438005963131, 47.235387416556087, 680.47100830078125 ], [ 10.843425074487024, 47.235466439351448, 682.29901123046875 ] ] } },
{ "type": "Feature", "properties": { "name": "Inn bis Ötzer Höhe UH-Trail (0,6 km)", "description": "Vom Inn Radweg schöner UH-Trail zurück zur Ötzer Höhe." }, "geometry": { "type": "LineString", "coordinates": [ [ 10.847844638470294, 47.234934619127991, 702.875 ], [ 10.848034898226397, 47.234646104738701, 704.21197509765625 ], [ 10.84817442204754, 47.23446955038245, 710.7869873046875 ], [ 10.848250525949981, 47.234327445229447, 709.4320068359375 ], [ 10.848339313836163, 47.234094908702509, 712.489990234375 ], [ 10.848390049771123, 47.233970027553958, 713.09197998046875 ], [ 10.848453469689824, 47.233888208710852, 715.11798095703125 ], [ 10.848548599567874, 47.233776245878737, 716.79302978515625 ], [ 10.848688123389017, 47.233642751423602, 717.635009765625 ], [ 10.84894814505569, 47.233539400646741, 719.656982421875 ], [ 10.849125720828052, 47.233448968551649, 720.01800537109375 ], [ 10.849182798754883, 47.233388680402506, 720.4110107421875 ], [ 10.849265244649196, 47.233311166967134, 721.06402587890625 ], [ 10.849373058510984, 47.233194896601489, 723.33599853515625 ], [ 10.849525266315869, 47.233138914482602, 724.81201171875 ], [ 10.849759920015062, 47.233065707007142, 727.05999755859375 ], [ 10.849899443836206, 47.233014031081233, 728.17999267578125 ], [ 10.850134097535401, 47.232962355104902, 730.03997802734375 ], [ 10.850501933063866, 47.232884841045973, 731.655029296875 ], [ 10.850761954730537, 47.23289345372477, 731.79400634765625 ], [ 10.85085708460859, 47.232897760063658, 731.572021484375 ], [ 10.850939530502901, 47.232897760063658, 732.09002685546875 ], [ 10.851066370340304, 47.232867615684142, 733.52899169921875 ], [ 10.851180526193964, 47.23277287609401, 732.31201171875 ], [ 10.851231262128927, 47.232686749046898, 732.6729736328125 ], [ 10.851339075990717, 47.232596315496806, 732.6309814453125 ], [ 10.851484941803729, 47.232505881792385, 731.75201416015625 ], [ 10.851592755665521, 47.232415447933661, 732.78399658203125 ], [ 10.851706911519182, 47.232380996899259, 730.39697265625 ], [ 10.851865461315935, 47.232368077755595, 729.06402587890625 ], [ 10.852106457006998, 47.232368077755595, 728.14801025390625 ], [ 10.852277690787488, 47.232329320305681, 726.98602294921875 ], [ 10.852315742738714, 47.232294869215302, 727.0880126953125 ], [ 10.85233476871432, 47.232269030882811, 727.1719970703125 ], [ 10.852429898592373, 47.23228195005062, 726.8480224609375 ], [ 10.852613816356607, 47.232368077755595, 725.53802490234375 ], [ 10.852664552291566, 47.232411141555581, 725.16802978515625 ], [ 10.85280407611271, 47.232445592570372, 725.20501708984375 ], [ 10.85294359993385, 47.232505881792385, 726.15399169921875 ] ] } },
{ "type": "Feature", "properties": { "name": "Ötzer Höhe - Trainings Loop (3,7 km)", "description": "Beste (weil auch für nicht Worlcup Fahrer \"machbare\") Kombination der CC-Trainings Trails!" }, "geometry": { "type": "LineString", "coordinates": [ [ 10.858258189120992, 47.229327685032317, 732.177978515625 ], [ 10.858264531112868, 47.229357831425332, 731.75897216796875 ], [ 10.858404054934004, 47.22940089767134, 732.27099609375 ], [ 10.858549920747016, 47.229418124159935, 733.5250244140625 ], [ 10.85858797269824, 47.229426737402136, 733.5250244140625 ], [ 10.858645050625071, 47.229512869747161, 732.24200439453125 ], [ 10.858626024649459, 47.229555935867197, 731.5460205078125 ], [ 10.858480158836448, 47.229620534981606, 729.64398193359375 ], [ 10.858346977007177, 47.229680827417369, 727.510986328125 ], [ 10.858258189120992, 47.229797105492651, 729.06298828125 ], [ 10.858239163145381, 47.229909076731452, 729.46697998046875 ], [ 10.858220137169774, 47.229999514867011, 726.61297607421875 ], [ 10.858359660990914, 47.230180390675187, 727.927978515625 ], [ 10.858702128551901, 47.230322506948582, 727.0369873046875 ], [ 10.858790916438082, 47.230348346230066, 727.27301025390625 ], [ 10.859044596112886, 47.230421557459216, 727.5560302734375 ], [ 10.85924753985273, 47.230451703230074, 728.9110107421875 ], [ 10.859418773633223, 47.230533527378789, 728.739990234375 ], [ 10.859475851560052, 47.230576592669458, 729.3179931640625 ], [ 10.859666111316157, 47.230735933940757, 730.031005859375 ], [ 10.859811977129167, 47.230873742221483, 729.91497802734375 ], [ 10.860065656803974, 47.230942646227476, 730.2440185546875 ], [ 10.860376414405605, 47.231080453970726, 729.97100830078125 ], [ 10.860598384121056, 47.231114905850546, 730.5260009765625 ], [ 10.86083303782025, 47.23119242249826, 730.8499755859375 ], [ 10.860985245625134, 47.231313003724907, 732.468994140625 ], [ 10.86111208546254, 47.231407745924827, 733.32501220703125 ], [ 10.861296003226769, 47.231450810505152, 733.59002685546875 ], [ 10.861625786804016, 47.231476649236548, 733.50701904296875 ], [ 10.861854098511335, 47.231476649236548, 733.64898681640625 ], [ 10.862247302007285, 47.23143358467722, 733.78302001953125 ], [ 10.862412193795905, 47.231399133004558, 734.0050048828125 ], [ 10.862608795543879, 47.23133453605795, 734.4580078125 ], [ 10.862615137535752, 47.231317310192217, 734.593994140625 ], [ 10.862418535787777, 47.231201035452131, 734.59100341796875 ], [ 10.862336089893466, 47.231114905850546, 735.11798095703125 ], [ 10.862272669974764, 47.230873742221483, 738.427978515625 ], [ 10.862259985991022, 47.230796225107667, 738.01898193359375 ], [ 10.862259985991022, 47.230645497061786, 740.15899658203125 ], [ 10.862209250056063, 47.230542140439717, 740.51800537109375 ], [ 10.862063384243051, 47.230391411671214, 744.06097412109375 ], [ 10.861860440503211, 47.230253602136337, 745.50299072265625 ], [ 10.861803362576378, 47.230214843140097, 745.08599853515625 ], [ 10.861587734852792, 47.230016741161045, 748.030029296875 ], [ 10.861568708877185, 47.229982288567385, 747.8170166015625 ], [ 10.861524314934094, 47.229788492310632, 751.60198974609375 ], [ 10.861435527047913, 47.22953870942338, 755.697998046875 ], [ 10.861410159080432, 47.229521482973965, 756.094970703125 ], [ 10.861321371194247, 47.22938797780121, 757.093994140625 ], [ 10.861181847373109, 47.229220019202977, 755.9520263671875 ], [ 10.861175505381237, 47.22916833952722, 755.38201904296875 ], [ 10.861143795421885, 47.22874628695569, 754.6309814453125 ], [ 10.861181847373109, 47.228642926629959, 755.7860107421875 ], [ 10.86131502920238, 47.228578326324012, 755.97900390625 ], [ 10.861448211031654, 47.228492192460294, 752.697998046875 ], [ 10.861575050869053, 47.228384524933787, 753.1290283203125 ], [ 10.861581392860925, 47.228315617602057, 752.91400146484375 ], [ 10.861543340909702, 47.228160575778112, 752.13201904296875 ], [ 10.861454553023519, 47.228087361425814, 751.447998046875 ], [ 10.861410159080432, 47.22799261329039, 748.791015625 ], [ 10.861397475096689, 47.22786771776218, 747.18798828125 ], [ 10.861391133104821, 47.227768662478837, 745.10101318359375 ], [ 10.86134039716986, 47.227691140823609, 743.677001953125 ], [ 10.861194531356849, 47.227626539357644, 742.61199951171875 ], [ 10.860953535665782, 47.227596391979922, 743.06597900390625 ], [ 10.860801327860903, 47.227570551356784, 742.8800048828125 ], [ 10.860744249934074, 47.22754901749456, 740.77001953125 ], [ 10.860693513999109, 47.227544710721062, 741.10302734375 ], [ 10.860649120056021, 47.227587778440274, 741.9420166015625 ], [ 10.860598384121056, 47.22769975434646, 746.10797119140625 ], [ 10.860458860299916, 47.227798809758589, 748.73797607421875 ], [ 10.860452518308044, 47.227803116511438, 748.73797607421875 ], [ 10.860274942535685, 47.227811730016079, 746.95599365234375 ], [ 10.860148102698282, 47.227785889497937, 748.46600341796875 ], [ 10.860122734730803, 47.227695447585205, 749.2769775390625 ], [ 10.860122734730803, 47.227648073188384, 748.3070068359375 ], [ 10.85995784294218, 47.227635152890983, 745.54998779296875 ], [ 10.85983417410071, 47.22769975434646, 745.3740234375 ], [ 10.85976441219014, 47.227622232590448, 741.97802734375 ], [ 10.859675624303959, 47.227536097173015, 737.65899658203125 ], [ 10.859504390523471, 47.227484415855365, 734.197998046875 ], [ 10.859396576661675, 47.227484415855365, 734.0369873046875 ], [ 10.859263394832404, 47.227660993482623, 739.10601806640625 ], [ 10.859263394832404, 47.227781582743681, 740.08697509765625 ], [ 10.859257052840531, 47.227863411014596, 744.0360107421875 ], [ 10.859104845035652, 47.227962466120886, 746.5999755859375 ], [ 10.858971663206383, 47.228001226764256, 747.72698974609375 ], [ 10.858794087434017, 47.228113201797008, 750.5989990234375 ], [ 10.858622853653522, 47.228225176593206, 751.93798828125 ], [ 10.858572117718564, 47.228302697467377, 752.76800537109375 ], [ 10.858603827677911, 47.228393138343961, 753.906005859375 ], [ 10.858870191336456, 47.228380218228182, 756.10498046875 ], [ 10.85898434719012, 47.228423285268526, 756.71197509765625 ], [ 10.859047767108821, 47.228496499156797, 756.3270263671875 ], [ 10.859047767108821, 47.22852664602258, 756.125 ], [ 10.85909850304378, 47.228578326324012, 756.66302490234375 ], [ 10.859383892677934, 47.228535259409647, 760.97601318359375 ], [ 10.859415602637286, 47.228552486179595, 759.95001220703125 ], [ 10.859479022555984, 47.228574019634145, 759.45098876953125 ], [ 10.85958683641778, 47.228479272368659, 760.02899169921875 ], [ 10.859650256336479, 47.228388831639045, 757.447021484375 ], [ 10.859827832108843, 47.228307004179285, 755.4749755859375 ], [ 10.859846858084449, 47.228307004179285, 755.4749755859375 ], [ 10.860043459832426, 47.228410365160109, 756.8599853515625 ], [ 10.860081511783644, 47.228457738875598, 756.69000244140625 ], [ 10.860100537759257, 47.228673073412452, 758.11297607421875 ], [ 10.860100537759257, 47.228785047025873, 761.81298828125 ], [ 10.860176641661697, 47.228970233636666, 757.48101806640625 ], [ 10.860290797515358, 47.229116659801072, 758.6939697265625 ], [ 10.860423979344629, 47.229263085560952, 758.06597900390625 ], [ 10.860455689303981, 47.229375057927932, 757.4169921875 ], [ 10.860474715279592, 47.229465496974711, 758.13397216796875 ], [ 10.860506425238944, 47.229594695345291, 760.10400390625 ], [ 10.860506425238944, 47.229659294412464, 760.2490234375 ], [ 10.860550819182034, 47.229749732974255, 756.39300537109375 ], [ 10.860677659019435, 47.22975403956859, 753.51800537109375 ], [ 10.860703026986913, 47.229676520817087, 755.92401123046875 ], [ 10.860709368978785, 47.229650681208071, 758.55999755859375 ], [ 10.860728394954396, 47.229607615165023, 756.87799072265625 ], [ 10.860836208816188, 47.229581775522398, 756.9010009765625 ], [ 10.86096304865359, 47.229620534981606, 757.58099365234375 ], [ 10.861102572474731, 47.229624841586435, 757.114013671875 ], [ 10.861159650401559, 47.22961192177091, 756.48602294921875 ], [ 10.861229412312134, 47.229646374605338, 756.802001953125 ], [ 10.861235754304003, 47.229784185719105, 752.01800537109375 ], [ 10.861197702352783, 47.229930609634863, 749.9940185546875 ], [ 10.861178676377172, 47.230120098807724, 745.08599853515625 ], [ 10.861134282434083, 47.23016747099507, 746.06500244140625 ], [ 10.861248438287742, 47.23023637591929, 746.50701904296875 ], [ 10.861324542190184, 47.230292361104247, 745.56201171875 ], [ 10.861362594141406, 47.23034403968402, 744.469970703125 ], [ 10.861362594141406, 47.230477542448568, 741.7230224609375 ], [ 10.861362594141406, 47.230567979614129, 740.06201171875 ], [ 10.861356252149536, 47.230675642705258, 738.45697021484375 ], [ 10.861305516214577, 47.23078330557766, 737.8499755859375 ], [ 10.861191360360912, 47.230822064158204, 734.70001220703125 ], [ 10.86096304865359, 47.230882355227138, 731.56298828125 ], [ 10.860772788897483, 47.230968485206638, 733.33001708984375 ], [ 10.860785472881229, 47.231063228022407, 730.864013671875 ], [ 10.860728394954396, 47.231235487253556, 731.00299072265625 ], [ 10.860664975035695, 47.231287164913731, 731.17401123046875 ], [ 10.860557161173903, 47.231364681309486, 732.02099609375 ], [ 10.860474715279592, 47.231528326661575, 730.41497802734375 ], [ 10.860379585401539, 47.231648907123976, 731.8909912109375 ], [ 10.86027177153975, 47.231756568019293, 732.13201904296875 ], [ 10.860227377596654, 47.2318771479624, 732.45098876953125 ], [ 10.860227377596654, 47.232014953275737, 732.60400390625 ], [ 10.860233719588528, 47.232169983824932, 733.635009765625 ], [ 10.860163957677957, 47.232281950050641, 733.28399658203125 ], [ 10.860100537759257, 47.232376690518386, 733.0989990234375 ], [ 10.859935645970634, 47.23254894548041, 734.45001220703125 ], [ 10.859751728206401, 47.232703974467519, 733.94500732421875 ], [ 10.85970099227144, 47.232755650695779, 734.53302001953125 ], [ 10.859643914344609, 47.232936517097869, 734.3900146484375 ], [ 10.859612204385257, 47.233031256395471, 736.781982421875 ], [ 10.859726360238922, 47.233121689203372, 736.8740234375 ], [ 10.859821490116973, 47.233160446073796, 737.197998046875 ], [ 10.859916619995021, 47.23319059028676, 737.01300048828125 ], [ 10.860100537759257, 47.233293941743888, 739.10400390625 ], [ 10.860144931702346, 47.233337004791522, 739.822021484375 ], [ 10.860202009629177, 47.233397292999442, 740.7750244140625 ], [ 10.860309823490969, 47.233496337763569, 739.844970703125 ], [ 10.86039861137715, 47.233560932075207, 738.9010009765625 ], [ 10.860576187149514, 47.233603994905913, 740.030029296875 ], [ 10.860728394954396, 47.233582463494933, 739.8590087890625 ], [ 10.86090597072676, 47.233591076060371, 740.36297607421875 ], [ 10.861020126580421, 47.233603994905913, 740.18701171875 ], [ 10.861108914466602, 47.233629832587518, 740.41900634765625 ], [ 10.861102572474731, 47.233685814187815, 739.95599365234375 ], [ 10.861102572474731, 47.233720264373986, 739.844970703125 ], [ 10.86111525645847, 47.233776245878758, 737.58197021484375 ], [ 10.861216728328394, 47.233776245878758, 736.75897216796875 ], [ 10.861445040035717, 47.233767633343405, 733.5689697265625 ], [ 10.861660667759297, 47.233741795728982, 733.780029296875 ], [ 10.861825559547921, 47.23378485841269, 727.9210205078125 ], [ 10.861888979466624, 47.23384945237266, 720.677001953125 ], [ 10.861888979466624, 47.233918352509846, 717.85198974609375 ], [ 10.861990451336546, 47.233888208710859, 715.52301025390625 ], [ 10.862098265198336, 47.233853758633877, 715.1610107421875 ], [ 10.862104607190206, 47.233862371155205, 715.1610107421875 ], [ 10.862136317149558, 47.233970027553958, 710.36798095703125 ], [ 10.862237789019478, 47.23399155880746, 705.63800048828125 ], [ 10.862301208938179, 47.233952802544856, 705.95697021484375 ], [ 10.86238365483249, 47.233965721302212, 704.56597900390625 ], [ 10.862516836661763, 47.234021702547679, 698.7039794921875 ], [ 10.862618308531683, 47.233982946307108, 699.08001708984375 ], [ 10.862827594263395, 47.233720264373986, 703.0770263671875 ], [ 10.863106641905679, 47.233487725182734, 705.8389892578125 ], [ 10.863398373531705, 47.233332698488333, 708.91497802734375 ], [ 10.863512529385368, 47.2332293471068, 709.52197265625 ], [ 10.863664737190248, 47.233082932304598, 712.96197509765625 ], [ 10.863690105157726, 47.233039869050494, 713.46502685546875 ], [ 10.863880364913832, 47.232815939565072, 716.89300537109375 ], [ 10.863893048897573, 47.232635072751464, 722.86700439453125 ], [ 10.863969152800015, 47.232514494532801, 725.22698974609375 ], [ 10.864045256702456, 47.232316401149419, 728.3289794921875 ], [ 10.863969152800015, 47.232238886145666, 732.75799560546875 ], [ 10.863867680930094, 47.232126919828971, 734.697021484375 ], [ 10.863740841092689, 47.232126919828971, 735.89599609375 ], [ 10.86360131727155, 47.232187209413503, 736.38201904296875 ], [ 10.863512529385368, 47.232307788376815, 737.0040283203125 ], [ 10.863385689547965, 47.232411141555588, 738.03997802734375 ], [ 10.863043221986981, 47.232592009133427, 738.4219970703125 ], [ 10.862878330198358, 47.232764263395595, 739.85699462890625 ], [ 10.862662702474772, 47.233022643739048, 739.07000732421875 ], [ 10.862472442718671, 47.233186283971662, 740.3189697265625 ], [ 10.862129975157684, 47.233306860661841, 741.1300048828125 ], [ 10.862041187271506, 47.233315473272079, 741.1099853515625 ], [ 10.861647983775558, 47.233401599297395, 740.44097900390625 ], [ 10.861292832230832, 47.233530788072905, 740.1829833984375 ], [ 10.861042323551965, 47.233603994905913, 740.16400146484375 ], [ 10.86100110060481, 47.23361045432749, 740.18701171875 ], [ 10.860902799730823, 47.233582463494933, 740.36297607421875 ], [ 10.860766446905616, 47.233578157211682, 739.8590087890625 ], [ 10.860728394954391, 47.233578157211682, 739.8590087890625 ], [ 10.860547648186097, 47.233608301187047, 740.030029296875 ], [ 10.860455689303981, 47.233582463494933, 739.14599609375 ], [ 10.8604303213365, 47.233573850928096, 739.02099609375 ], [ 10.860293968511293, 47.233481265746178, 739.844970703125 ], [ 10.860230548592591, 47.233429590225469, 740.7750244140625 ], [ 10.860208351621047, 47.233405905594978, 740.7750244140625 ], [ 10.860075169791775, 47.233285329130155, 739.10400390625 ], [ 10.859976868917787, 47.233207815543608, 737.8280029296875 ], [ 10.859922961986893, 47.233192743444185, 737.8280029296875 ], [ 10.859748557210464, 47.233132455003542, 736.8740234375 ], [ 10.859659769324283, 47.233091544951208, 737.041015625 ], [ 10.859631230360867, 47.233074319656573, 736.739990234375 ], [ 10.859507561519401, 47.233026950067426, 736.2449951171875 ], [ 10.859390234669803, 47.232992499430559, 733.77001953125 ], [ 10.859228513877117, 47.233022643739048, 734.52398681640625 ], [ 10.859117529019391, 47.233072166494338, 733.07098388671875 ], [ 10.858822626397428, 47.233162599232436, 732.0250244140625 ], [ 10.858689444568158, 47.23318843712925, 730.26702880859375 ], [ 10.858534065767339, 47.233169058707823, 731.655029296875 ], [ 10.858400883938067, 47.23308723862808, 732.33099365234375 ], [ 10.858312096051886, 47.233035562723153, 732.35400390625 ], [ 10.858105981316108, 47.232912832246996, 733.427001953125 ], [ 10.857906208572198, 47.232846083973989, 735.093017578125 ], [ 10.857712777820163, 47.232811633219526, 734.8289794921875 ], [ 10.857519347068125, 47.23277072291954, 734.69500732421875 ], [ 10.857126143572176, 47.232576936858855, 736.864990234375 ], [ 10.857015158714452, 47.232445592570386, 738.49798583984375 ], [ 10.856828069954284, 47.232251805320836, 737.5780029296875 ], [ 10.856552193307932, 47.232096775010994, 736.416015625 ], [ 10.856428524466468, 47.232036485323576, 735.88397216796875 ], [ 10.856365104547766, 47.231986961600462, 736.3699951171875 ], [ 10.85627948765752, 47.23191159932432, 736.8189697265625 ], [ 10.856247777698171, 47.231827624090393, 736.176025390625 ], [ 10.856254119690041, 47.23181039838493, 734.8289794921875 ], [ 10.856415840482725, 47.231599383038684, 732.4229736328125 ], [ 10.856555364303869, 47.231463729872424, 732.8070068359375 ], [ 10.856837582942088, 47.231259172854053, 732.718994140625 ], [ 10.857088091620957, 47.2311041396405, 732.6920166015625 ], [ 10.857329087312017, 47.230934033231634, 732.73297119140625 ], [ 10.857519347068125, 47.230828523918866, 732.75201416015625 ], [ 10.857620818938047, 47.230561519821705, 732.5250244140625 ], [ 10.857557399019344, 47.230509841453987, 732.5250244140625 ], [ 10.857329087312017, 47.230397871484385, 732.62200927734375 ], [ 10.857227615442101, 47.230354806048474, 732.5989990234375 ], [ 10.857202247474618, 47.230225609530784, 732.39501953125 ], [ 10.857316403328282, 47.230113638960702, 732.2919921875 ], [ 10.857481295116902, 47.229967215550602, 732.198974609375 ], [ 10.857532031051864, 47.22992414976477, 732.406982421875 ], [ 10.857671554873004, 47.229838018088103, 732.2440185546875 ], [ 10.858140862271394, 47.229390131113114, 732.34600830078125 ] ] } },
{ "type": "Feature", "properties": { "name": "Innufer Riedegg (0,8 km)", "description": "Innufer Trail bis Riedegg. ACHTUNG: Viel begangener Steig. Besondere Rückssichtnahme auf Fußgeher notwendig! " }, "geometry": { "type": "LineString", "coordinates": [ [ 10.834099669650296, 47.228619882734172, 693.64801025390625 ], [ 10.833781313387332, 47.228542055109365, 689.739990234375 ], [ 10.833666705132666, 47.228490169962669, 686.43701171875 ], [ 10.833513894126442, 47.228386399516907, 685.3170166015625 ], [ 10.833221006364512, 47.228265333740076, 685.28302001953125 ], [ 10.832889915851032, 47.228170210435707, 685.07000732421875 ], [ 10.832877181600514, 47.228170210435707, 685.07000732421875 ], [ 10.832635230840662, 47.228023201356841, 685.06097412109375 ], [ 10.832138595070438, 47.227850248977333, 685.3809814453125 ], [ 10.83185844155903, 47.227755124928038, 685.448974609375 ], [ 10.831641959300214, 47.227720534322337, 685.91400146484375 ], [ 10.831310868786728, 47.227711886667386, 688.21197509765625 ], [ 10.831081652277396, 47.227729181975882, 689.34600830078125 ], [ 10.83086517001858, 47.227651353043207, 689.0009765625 ], [ 10.83080149876599, 47.227634057709324, 689.656005859375 ], [ 10.830623219258731, 47.227599467024611, 690.5059814453125 ], [ 10.830483142503024, 47.227564876317324, 689.05999755859375 ], [ 10.830253925993691, 47.22740057014947, 688.458984375 ], [ 10.82988463272865, 47.22728814984643, 686.17901611328125 ], [ 10.829770024473985, 47.22728814984643, 686.197021484375 ], [ 10.829591744966725, 47.227218968002958, 686.614013671875 ], [ 10.829286122954281, 47.227123842820767, 690.78497314453125 ], [ 10.829095109196501, 47.226933591944245, 687.89898681640625 ], [ 10.828916829689241, 47.22682117065078, 688.4320068359375 ], [ 10.828840424186129, 47.226803875045995, 688.85601806640625 ], [ 10.828598473426277, 47.22679522724151, 694.60498046875 ], [ 10.828534802173685, 47.22679522724151, 695.58599853515625 ], [ 10.828254648662277, 47.226734692570489, 696.28497314453125 ], [ 10.827987229401387, 47.226656862177585, 696.219970703125 ], [ 10.827847152645683, 47.226579031670425, 696.0770263671875 ], [ 10.827656138887905, 47.226475257483088, 693.75897216796875 ], [ 10.827490593631163, 47.226406074578662, 693.42901611328125 ], [ 10.827401453877535, 47.226354187341087, 693.28399658203125 ], [ 10.827083097614569, 47.226267708498945, 690.78302001953125 ], [ 10.826968489359903, 47.226250412713583, 689.61199951171875 ], [ 10.826866615355753, 47.226224469024956, 689.91400146484375 ], [ 10.826752007101083, 47.226198525323632, 689.21197509765625 ], [ 10.826560993343309, 47.226198525323632, 689.197998046875 ], [ 10.826268105581379, 47.226155285793219, 688.0469970703125 ], [ 10.826051623322565, 47.226189877420367, 687.82098388671875 ], [ 10.825949749318418, 47.226241764818781, 687.88397216796875 ], [ 10.825860609564785, 47.226285004278658, 688.156005859375 ], [ 10.825695064308045, 47.226345539463225, 688.302978515625 ], [ 10.825567721802859, 47.226406074578662, 688.655029296875 ], [ 10.825414910796638, 47.226501201048968, 689.156982421875 ], [ 10.825376708045079, 47.22651849675249, 689.0150146484375 ] ] } },
{ "type": "Feature", "properties": { "name": "Umholer Uphill Trail (0,4 km)", "description": "Uphill Trail zur Umholer Höhe." }, "geometry": { "type": "LineString", "coordinates": [ [ 10.864165469931615, 47.246094035460629, 688.48797607421875 ], [ 10.864327821829836, 47.246210731149716, 687.083984375 ], [ 10.864404222723115, 47.246314460435322, 689.7490234375 ], [ 10.864480623616393, 47.246424672578705, 688.35400390625 ], [ 10.864662075737932, 47.2465413675394, 689.07098388671875 ], [ 10.86474802674287, 47.246638613143602, 688.2239990234375 ], [ 10.864824427636149, 47.246755307632981, 688.301025390625 ], [ 10.86479577730117, 47.247008144811367, 686.63397216796875 ], [ 10.864776677077851, 47.247202634127355, 687.77099609375 ], [ 10.864709826296229, 47.24735822506598, 687.13800048828125 ], [ 10.864585674844653, 47.247520298474385, 686.051025390625 ], [ 10.864490173728052, 47.247656439754202, 685.9000244140625 ], [ 10.864547474398014, 47.247779614896331, 685.3590087890625 ], [ 10.864700276184573, 47.247792580684113, 686.4420166015625 ], [ 10.864872178194451, 47.247779614896331, 685.70501708984375 ], [ 10.865063180427647, 47.247753683311281, 686.3060302734375 ], [ 10.865168231655908, 47.247753683311281, 686.67901611328125 ], [ 10.865378334112425, 47.247786097790623, 686.2020263671875 ], [ 10.865569336345626, 47.247805546468705, 687.01898193359375 ], [ 10.865817639248784, 47.247876858227265, 685.64599609375 ], [ 10.866065942151939, 47.24796761850839, 685.47100830078125 ], [ 10.866237844161819, 47.248071344353534, 685.7760009765625 ], [ 10.866409936193298, 47.248221480510431, 685.4000244140625 ], [ 10.866409936193298, 47.248531930238961, 688.14697265625 ], [ 10.86644381295544, 47.248635413077444, 688.2659912109375 ], [ 10.86663013514724, 47.248853876183638, 692.66497802734375 ], [ 10.86678258057689, 47.248922864345744, 694.03302001953125 ], [ 10.866951964387619, 47.248980354412211, 695.39398193359375 ], [ 10.867273793627996, 47.249072338388743, 700.89501953125 ], [ 10.867324608771215, 47.249106832338761, 700.38897705078125 ], [ 10.867561746106229, 47.249118330317103, 699.6190185546875 ], [ 10.867781945060173, 47.249118330317103, 698.7659912109375 ], [ 10.868069897538405, 47.249129828292965, 698.84600830078125 ], [ 10.868357850016636, 47.249313795567105, 700.35601806640625 ], [ 10.868510295446292, 47.249486264306292, 701.197021484375 ], [ 10.868679679257015, 47.249543753761223, 701.510986328125 ], [ 10.868747432781307, 47.249635736759323, 701.88397216796875 ], [ 10.869069262021686, 47.24977371095693, 702.208984375 ], [ 10.869424968024207, 47.249865693555655, 708.04998779296875 ], [ 10.869458844786353, 47.249911684795109, 709.2080078125 ], [ 10.869577413453863, 47.250038160497702, 709.20501708984375 ], [ 10.869611290216005, 47.250164635898258, 709.95697021484375 ], [ 10.869611290216005, 47.25026811554681, 710.09600830078125 ], [ 10.869599483466107, 47.25046994786149, 710.80902099609375 ], [ 10.869603696173993, 47.250546769526373, 710.30902099609375 ] ] } },
{ "type": "Feature", "properties": { "name": "Trail zum Umspannwerk (0,2 km)", "description": "Verbindung zum Umspannwerk" }, "geometry": { "type": "LineString", "coordinates": [ [ 10.867817906377422, 47.243979215197186, 684.010986328125 ], [ 10.867904905668885, 47.244042495763146, 684.24200439453125 ], [ 10.867960833784824, 47.244084682765113, 684.50299072265625 ], [ 10.868078904251803, 47.244084682765113, 684.822998046875 ], [ 10.868128618132641, 47.244084682765113, 686.051025390625 ], [ 10.868190760483685, 47.244118432342489, 686.0689697265625 ], [ 10.868209403188997, 47.244152181898393, 686.198974609375 ], [ 10.868246688599623, 47.2441774940512, 686.90997314453125 ], [ 10.868296402480459, 47.2441774940512, 686.90997314453125 ], [ 10.868370973301706, 47.2441774940512, 685.89697265625 ], [ 10.868426901417646, 47.2442028061919, 686.1519775390625 ], [ 10.86848904376869, 47.244236555694037, 686.0689697265625 ], [ 10.868576043060152, 47.2442492117518, 686.385986328125 ], [ 10.868638185411191, 47.244253430437041, 687.53399658203125 ], [ 10.868687899292025, 47.244257649121963, 687.53399658203125 ], [ 10.868805969759011, 47.244299835952589, 686.84197998046875 ], [ 10.86884946940474, 47.244337804071435, 686.71697998046875 ], [ 10.868942682931303, 47.24434202274962, 686.51300048828125 ], [ 10.869029682222765, 47.244333585392901, 687.25897216796875 ], [ 10.869104253044018, 47.244325148034832, 686.55999755859375 ], [ 10.869209895040791, 47.244325148034832, 686.0360107421875 ], [ 10.869284465862041, 47.244413740227486, 685.96197509765625 ], [ 10.869321751272668, 47.244434833584855, 685.6719970703125 ], [ 10.869452250209859, 47.244468582939163, 686.2969970703125 ], [ 10.869570320676839, 47.244548737569467, 686.66400146484375 ], [ 10.869675962673615, 47.244641548042537, 686.06298828125 ], [ 10.869756747729971, 47.244772326160387, 685.31402587890625 ], [ 10.869794033140593, 47.244877792149296, 684.99102783203125 ], [ 10.869899675137368, 47.245008569683932, 685.35601806640625 ], [ 10.869943174783099, 47.245050755916552, 684.4110107421875 ], [ 10.870036388309664, 47.24518997024586, 683.95501708984375 ], [ 10.870123387601124, 47.245253249365497, 683.4990234375 ], [ 10.870216601127689, 47.245341840005999, 684.2039794921875 ], [ 10.870272529243628, 47.245388244568083, 684.07098388671875 ], [ 10.870390599710609, 47.245481053570302, 683.26202392578125 ], [ 10.87047759900207, 47.245506365088154, 683.344970703125 ], [ 10.870608097939261, 47.245573862409934, 683.72100830078125 ], [ 10.870806953462598, 47.245890254959299, 684.71600341796875 ], [ 10.870893952754061, 47.245991500175997, 683.6300048828125 ], [ 10.870937452399787, 47.246063215420726, 682.85400390625 ], [ 10.871024451691248, 47.246139149103442, 682.9840087890625 ], [ 10.871074165572082, 47.24626148647441, 683.697998046875 ], [ 10.871117665217815, 47.246316327273128, 682.43701171875 ], [ 10.871186021803963, 47.24634163839184, 681.8179931640625 ], [ 10.871235735684795, 47.24640069762183, 681.4000244140625 ], [ 10.871235735684795, 47.246468193804034, 682.1259765625 ], [ 10.871273021095421, 47.246573656416551, 683.322021484375 ], [ 10.87129787803584, 47.24659053041507, 683.17999267578125 ], [ 10.871412841385267, 47.246649589367536, 684.1510009765625 ] ] } },
{ "type": "Feature", "properties": { "name": "Schlierenzau - CC Trail (0,9 km)", "description": "Technisch fordernder CC-Trainings-Trail!" }, "geometry": { "type": "LineString", "coordinates": [ [ 10.843326675297476, 47.242613107952124, 821.155029296875 ], [ 10.843428855806531, 47.242593838537815, 821.58099365234375 ], [ 10.843514006230741, 47.242586130770142, 821.46002197265625 ], [ 10.843531555581006, 47.242583747933992, 821.46002197265625 ], [ 10.843565193239423, 47.242586194698283, 820.71502685546875 ], [ 10.843722497814158, 47.24261289304367, 820.927978515625 ], [ 10.843926278740522, 47.242629882892821, 819.00299072265625 ], [ 10.844008506131866, 47.242661435455354, 817.6240234375 ], [ 10.844090733523203, 47.242675998170185, 816.9530029296875 ], [ 10.844194411538373, 47.242697842234925, 817.6610107421875 ], [ 10.844205136850285, 47.242700269352696, 817.6610107421875 ], [ 10.844257190607166, 47.242700269352696, 817.7540283203125 ], [ 10.844380316944878, 47.242700269352696, 817.489990234375 ], [ 10.844491145167988, 47.242697842234925, 817.60101318359375 ], [ 10.844644874638757, 47.242712404939752, 814.24700927734375 ], [ 10.844659175054641, 47.242714832056834, 815.53802490234375 ], [ 10.844730677134068, 47.242736676105579, 814.52899169921875 ], [ 10.844777153485692, 47.242760947260265, 814.03399658203125 ], [ 10.844848655565119, 47.242758520145308, 812.64599609375 ], [ 10.844905857228662, 47.242763374375123, 810.114990234375 ], [ 10.84493739547314, 47.242777648444381, 807.1259765625 ], [ 10.84495948378823, 47.242787645517595, 807.1259765625 ], [ 10.845002385035887, 47.242797353971469, 804.63201904296875 ], [ 10.845014641902699, 47.242792815188082, 804.63201904296875 ], [ 10.84504171117957, 47.242782791289983, 804.63201904296875 ], [ 10.8450131103478, 47.242736676105579, 803.22998046875 ], [ 10.84499165972397, 47.242675998170185, 804.1090087890625 ], [ 10.844988084620001, 47.242666289694078, 802.75299072265625 ], [ 10.845097108027897, 47.24266180391102, 799.03302001953125 ], [ 10.845196512734638, 47.242707455744302, 798.06597900390625 ], [ 10.84534362334729, 47.242780335657422, 796.344970703125 ], [ 10.845411214709857, 47.242831621462138, 795.406005859375 ], [ 10.84547085414742, 47.242912598947399, 794.80902099609375 ], [ 10.845522541659973, 47.243017869493208, 794.63299560546875 ], [ 10.845498685884948, 47.243274296870446, 792.093017578125 ], [ 10.84547085414742, 47.243333679875541, 792.00897216796875 ], [ 10.845462902222412, 47.24339846125973, 790.7139892578125 ], [ 10.845498685884948, 47.243468641003197, 790.29302978515625 ], [ 10.845574229172527, 47.243549617514766, 784.2960205078125 ], [ 10.845613988797567, 47.243603601787044, 782.7459716796875 ], [ 10.845693508047646, 47.243633293113334, 782.77398681640625 ], [ 10.845836642697796, 47.243662984422997, 781.12701416015625 ], [ 10.84588170443215, 47.243664208086884, 780.2340087890625 ], [ 10.846035440822996, 47.243668382841136, 778.447998046875 ], [ 10.84614279181061, 47.243700773338489, 777.05999755859375 ], [ 10.846216932951203, 47.243730973148139, 776.1619873046875 ], [ 10.84630183031077, 47.243765554273779, 776.43499755859375 ], [ 10.846385325523359, 47.243833034330464, 776.125 ], [ 10.846488700548463, 47.243862725528182, 774.28802490234375 ], [ 10.846643763086121, 47.243884319116056, 773.70001220703125 ], [ 10.846675711177996, 47.24388666386097, 772.5989990234375 ], [ 10.846790873698772, 47.243895115906703, 771.17401123046875 ], [ 10.846904635454507, 47.243920859380005, 770.58197021484375 ], [ 10.847065215111556, 47.24395719741019, 768.2960205078125 ], [ 10.847172566099163, 47.243965294992229, 767.38897705078125 ], [ 10.847269026078873, 47.243960929354259, 766.15899658203125 ], [ 10.847280173638694, 47.243963451965904, 766.15899658203125 ], [ 10.847285088921558, 47.243963569049342, 766.15899658203125 ], [ 10.847358378552972, 47.243963569049342, 764.9739990234375 ], [ 10.847499589015127, 47.24397474216974, 765.7139892578125 ], [ 10.847549288546428, 47.243984189345525, 764.5159912109375 ], [ 10.847602964040231, 47.243990937327226, 764.0159912109375 ], [ 10.847650675590282, 47.243984189345525, 763.197021484375 ], [ 10.847714290990345, 47.243942351839898, 761.47601318359375 ], [ 10.847722242915356, 47.243932904656624, 761.47601318359375 ], [ 10.847758026577889, 47.243899164702633, 760.6290283203125 ], [ 10.847773930427905, 47.243887018313927, 759.8289794921875 ], [ 10.847797786202928, 47.243887018313927, 759.8289794921875 ], [ 10.847857425640493, 47.243887018313927, 758.82501220703125 ], [ 10.847897185265536, 47.24392075827565, 758.82501220703125 ], [ 10.847913089115551, 47.243939652644841, 759.14398193359375 ], [ 10.847928992965564, 47.243988238134648, 759.4959716796875 ], [ 10.847948872778083, 47.244024677222754, 760.26800537109375 ], [ 10.847974716534363, 47.244053018718404, 759.52801513671875 ], [ 10.847996584328135, 47.244069213851965, 759.98602294921875 ], [ 10.848018452121906, 47.244069213851965, 759.98602294921875 ], [ 10.84807013963446, 47.244061116285806, 759.44500732421875 ], [ 10.84810791127825, 47.244044921149772, 758.02899169921875 ], [ 10.848135743015776, 47.244039522769995, 758.02899169921875 ], [ 10.848191406490834, 47.244034124389664, 757.09002685546875 ], [ 10.848233154097125, 47.244044921149772, 757.09002685546875 ], [ 10.848296769497193, 47.244084059386715, 757.4739990234375 ], [ 10.848354420953497, 47.244133994336707, 757.6820068359375 ], [ 10.848380264709776, 47.244166384549366, 757.2750244140625 ], [ 10.848441892128589, 47.244259506300452, 758.1309814453125 ], [ 10.848584032788111, 47.244390416311411, 758.4310302734375 ], [ 10.848669515981946, 47.24447544016585, 758.5050048828125 ], [ 10.848727167438255, 47.244530773077166, 759.18597412109375 ], [ 10.848768915044547, 47.244578008443561, 758.968017578125 ], [ 10.848846446313377, 47.244629292507938, 758.6259765625 ], [ 10.848886205938417, 47.244652235362771, 759.23199462890625 ], [ 10.848941869413474, 47.244681926101343, 758.44097900390625 ], [ 10.849005484813537, 47.244715665556775, 758.23699951171875 ], [ 10.849021388663553, 47.244726462177987, 758.23699951171875 ], [ 10.849085004063618, 47.24478449397926, 758.91302490234375 ], [ 10.849108859838646, 47.244819582944537, 758.43597412109375 ], [ 10.84915458340744, 47.244858720609159, 758.43597412109375 ], [ 10.849224162751263, 47.244908654828919, 755.4749755859375 ], [ 10.849416002942084, 47.244923500128429, 753.2030029296875 ], [ 10.849503474117171, 47.244931597562768, 754.18798828125 ], [ 10.849632692898554, 47.244915402692847, 752.5040283203125 ], [ 10.849702272242377, 47.244889760805357, 748.5670166015625 ], [ 10.849779803511201, 47.244850623163671, 747.37298583984375 ], [ 10.84984341891127, 47.244811485493074, 746.7760009765625 ], [ 10.849912998255091, 47.244787193131259, 747.6409912109375 ], [ 10.849946793936372, 47.244779095674858, 747.6409912109375 ], [ 10.850050168961481, 47.24476559991141, 746.96600341796875 ], [ 10.850121736286551, 47.244750754567647, 747.35400390625 ], [ 10.850203243517887, 47.244735909219735, 746.947021484375 ], [ 10.850239027180423, 47.244725112600463, 745.22601318359375 ], [ 10.850300654599236, 47.244712966401138, 744.4949951171875 ], [ 10.850360294036797, 47.244683275679975, 743.31500244140625 ], [ 10.850394089718082, 47.244665731155102, 743.31500244140625 ], [ 10.850439813286878, 47.244649536203895, 743.75897216796875 ], [ 10.850481560893169, 47.244650885783358, 744.00897216796875 ], [ 10.850586923899527, 47.244691373151042, 744.541015625 ], [ 10.850738010474679, 47.244787193131259, 744.13397216796875 ], [ 10.850815541743508, 47.244845224866005, 742.510009765625 ], [ 10.850899036956097, 47.244887061658581, 741.98699951171875 ], [ 10.851053105503128, 47.244989629139312, 740.82598876953125 ], [ 10.851080937240654, 47.245017970118703, 740.4420166015625 ], [ 10.851170396396999, 47.245104342533821, 740.0579833984375 ], [ 10.851214131984541, 47.245158325221745, 739.31298828125 ], [ 10.851235999778316, 47.245204210463221, 739.3499755859375 ], [ 10.851251903628331, 47.245239299150477, 739.86798095703125 ], [ 10.851315519028397, 47.245348613757947, 738.85498046875 ], [ 10.851397026259729, 47.245417441358015, 738.59100341796875 ], [ 10.851528233022364, 47.245461976816301, 737.2769775390625 ], [ 10.851774742697618, 47.245515959139773, 734.4310302734375 ], [ 10.851971552841567, 47.245569941408242, 731.572021484375 ], [ 10.852104747585454, 47.24561987495759, 729.7490234375 ] ] } },
{ "type": "Feature", "properties": { "name": "Schlierenzau CC-Trail (0,6 km)", "description": "unbekannt" }, "geometry": { "type": "LineString", "coordinates": [ [ 10.851107890925201, 47.246933205091196, 761.01300048828125 ], [ 10.851031584155804, 47.246933205091196, 761.18902587890625 ], [ 10.851002235398342, 47.246933205091196, 761.3189697265625 ], [ 10.850972886640879, 47.246957112820176, 761.3189697265625 ], [ 10.850967016889388, 47.246981020538357, 761.9990234375 ], [ 10.850967016889388, 47.247016882095394, 762.906005859375 ], [ 10.850967016889388, 47.247040789786595, 762.906005859375 ], [ 10.851049193410281, 47.247048759014604, 762.53997802734375 ], [ 10.851172458191618, 47.247060712854356, 763.01202392578125 ], [ 10.851377899493848, 47.247100558967396, 761.739990234375 ], [ 10.851477685269215, 47.247116497404228, 762.55401611328125 ], [ 10.851618559305029, 47.247156343475297, 763.15997314453125 ], [ 10.85178291234681, 47.247208143322879, 763.322021484375 ], [ 10.85193552588561, 47.247255958521841, 763.52099609375 ], [ 10.852129227684852, 47.24734760419922, 764.49298095703125 ], [ 10.852205534454255, 47.24738745009644, 764.87701416015625 ], [ 10.852305320229624, 47.247510972187349, 766.9310302734375 ], [ 10.852428585010959, 47.247634493990212, 767.60198974609375 ], [ 10.852569459046775, 47.247718169886546, 768.27301025390625 ], [ 10.852680984325128, 47.247785907420123, 770.1929931640625 ], [ 10.85297447189974, 47.247841691206226, 769.38397216796875 ], [ 10.853115345935553, 47.247841691206226, 769.0460205078125 ], [ 10.853314917486289, 47.247873567629064, 768.55499267578125 ], [ 10.853385354504194, 47.247901459483309, 767.0789794921875 ], [ 10.853602535309413, 47.247993104043836, 767.7459716796875 ], [ 10.853755148848206, 47.248104671120899, 767.9630126953125 ], [ 10.853907762387006, 47.248220222488683, 767.48199462890625 ], [ 10.853925371641484, 47.248240145112824, 766.89898681640625 ], [ 10.854113203689236, 47.248339758121134, 763.95599365234375 ], [ 10.854201249961617, 47.248395541323951, 764.5989990234375 ], [ 10.854441909772801, 47.248479216018026, 761.76300048828125 ], [ 10.854717788092938, 47.248582813075167, 759.10699462890625 ], [ 10.854952578152629, 47.248646565009622, 757.61700439453125 ], [ 10.855158019454855, 47.24876211519522, 755.58599853515625 ], [ 10.855304763242163, 47.248821882433681, 753.2030029296875 ], [ 10.855463246532452, 47.24890555645424, 751.72698974609375 ], [ 10.85582130137348, 47.249084857481733, 746.79901123046875 ], [ 10.856003263669738, 47.249160562177771, 744.64801025390625 ], [ 10.856126528451075, 47.2491884533543, 743.10198974609375 ], [ 10.856243923480919, 47.249216344516142, 741.08502197265625 ], [ 10.856308490747336, 47.249244235663291, 740.0989990234375 ], [ 10.856505127422327, 47.249319940131521, 737.0460205078125 ], [ 10.856610782949188, 47.249399628928543, 735.55999755859375 ], [ 10.856628392203666, 47.249415566673562, 734.552001953125 ], [ 10.856710568724557, 47.249455411015127, 733.6400146484375 ], [ 10.856763396487988, 47.249459395447637, 732.69598388671875 ], [ 10.856781005742466, 47.249439473282095, 732.69598388671875 ], [ 10.856781005742466, 47.249419551109071, 732.21002197265625 ], [ 10.856781005742466, 47.249411582237755, 732.21002197265625 ] ] } },
{ "type": "Feature", "properties": { "name": "Ferienheim Trail (0,5 km)", "description": "unbekannt" }, "geometry": { "type": "LineString", "coordinates": [ [ 10.87651663101229, 47.247965681421384, 682.5579833984375 ], [ 10.876723270591224, 47.247860476951075, 683.44000244140625 ], [ 10.877123876540875, 47.247728308639381, 684.3699951171875 ], [ 10.877331458162081, 47.247691226362491, 684.364013671875 ], [ 10.877560890480249, 47.247676393444479, 686.10699462890625 ], [ 10.877659218616609, 47.247654144059659, 685.3289794921875 ], [ 10.87793235232872, 47.247565146426915, 688.572998046875 ], [ 10.878008829768113, 47.247498398104227, 689.20697021484375 ], [ 10.878172709995381, 47.24745389917571, 688.69500732421875 ], [ 10.878358440919612, 47.247416816706725, 687.635009765625 ], [ 10.87852232114688, 47.247379734211783, 686.4119873046875 ], [ 10.878675276025662, 47.247350068197115, 686.63397216796875 ], [ 10.879057663222619, 47.247357484702349, 683.177001953125 ], [ 10.879221543449885, 47.247357484702349, 682.416015625 ], [ 10.879341722283216, 47.247350068197115, 682.19097900390625 ], [ 10.879483751813511, 47.24730556914399, 681.13397216796875 ], [ 10.879822437616532, 47.247468732156051, 680.0560302734375 ], [ 10.879909840404405, 47.247565146426915, 680.18701171875 ], [ 10.879997243192285, 47.247602228792061, 678.77398681640625 ], [ 10.88013927272258, 47.24766897698391, 680.1209716796875 ], [ 10.880161123419546, 47.247706059276368, 679.64501953125 ], [ 10.880215750161973, 47.24773572509163, 678.72998046875 ], [ 10.880335928995297, 47.247691226362491, 676.88897705078125 ], [ 10.880434257131657, 47.247565146426915, 677.3330078125 ], [ 10.880609062707411, 47.247468732156051, 675.4739990234375 ], [ 10.880663689449834, 47.247387150712839, 675.530029296875 ], [ 10.880707390843769, 47.247372317709669, 675.7960205078125 ], [ 10.880860345722555, 47.247327818675231, 675.5770263671875 ], [ 10.880958673858917, 47.247350068197115, 675.63897705078125 ], [ 10.881024225949817, 47.247439066191241, 675.3280029296875 ], [ 10.881035151298304, 47.247587395849123, 676.0 ], [ 10.881122554086181, 47.247720892186074, 676.19000244140625 ], [ 10.881220882222541, 47.247943385333322, 674.7449951171875 ], [ 10.881341061055871, 47.248076880773077, 673.614013671875 ], [ 10.881341061055871, 47.248099129980325, 673.69097900390625 ], [ 10.881406613146774, 47.248121379178215, 672.9219970703125 ] ] } }
]
}
