<?xml version='1.0' encoding='utf-8'?>
<gpx version="1.1" creator="GPX Processor">
  <metadata>
    <desc>Clean cycling segments for route A - no straight connections</desc>
  </metadata>
  <trk>
    <name>A_clean</name>
    <trkseg>
      <name>Segment 1</name>
      <desc>distance: 9.0km, elevation_gain: 300.0m, elevation_loss: 552.0m, estimated_duration: 01:23</desc>
      <trkpt lat="47.24837" lon="11.45218">
        <ele>813.51</ele>
      </trkpt>
      <trkpt lat="47.24867" lon="11.45209">
        <ele>812.14</ele>
      </trkpt>
      <trkpt lat="47.24885" lon="11.45203">
        <ele>811.23</ele>
      </trkpt>
      <trkpt lat="47.24897" lon="11.45196">
        <ele>809.45</ele>
      </trkpt>
      <trkpt lat="47.249" lon="11.45209">
        <ele>812.92</ele>
      </trkpt>
      <trkpt lat="47.24893" lon="11.45242">
        <ele>820.8</ele>
      </trkpt>
      <trkpt lat="47.24888" lon="11.4528">
        <ele>823.67</ele>
      </trkpt>
      <trkpt lat="47.24891" lon="11.45298">
        <ele>824.83</ele>
      </trkpt>
      <trkpt lat="47.24897" lon="11.45341">
        <ele>826.77</ele>
      </trkpt>
      <trkpt lat="47.24934" lon="11.45452">
        <ele>831.11</ele>
      </trkpt>
      <trkpt lat="47.24941" lon="11.4547">
        <ele>832.49</ele>
      </trkpt>
      <trkpt lat="47.24938" lon="11.45566">
        <ele>831.89</ele>
      </trkpt>
      <trkpt lat="47.24943" lon="11.45633">
        <ele>829.26</ele>
      </trkpt>
      <trkpt lat="47.24941" lon="11.45688">
        <ele>834.66</ele>
      </trkpt>
      <trkpt lat="47.2495" lon="11.4573">
        <ele>842.35</ele>
      </trkpt>
      <trkpt lat="47.24954" lon="11.45737">
        <ele>842.03</ele>
      </trkpt>
      <trkpt lat="47.24967" lon="11.4576">
        <ele>838.02</ele>
      </trkpt>
      <trkpt lat="47.24979" lon="11.45819">
        <ele>829.84</ele>
      </trkpt>
      <trkpt lat="47.25013" lon="11.45849">
        <ele>820.45</ele>
      </trkpt>
      <trkpt lat="47.25045" lon="11.45851">
        <ele>816.43</ele>
      </trkpt>
      <trkpt lat="47.25081" lon="11.45853">
        <ele>812.92</ele>
      </trkpt>
      <trkpt lat="47.25118" lon="11.4584">
        <ele>818.5</ele>
      </trkpt>
      <trkpt lat="47.25145" lon="11.45836">
        <ele>820.73</ele>
      </trkpt>
      <trkpt lat="47.25171" lon="11.45841">
        <ele>819.5</ele>
      </trkpt>
      <trkpt lat="47.25204" lon="11.45869">
        <ele>812.82</ele>
      </trkpt>
      <trkpt lat="47.25235" lon="11.45907">
        <ele>814.1</ele>
      </trkpt>
      <trkpt lat="47.25253" lon="11.45938">
        <ele>814.78</ele>
      </trkpt>
      <trkpt lat="47.25262" lon="11.45965">
        <ele>812.25</ele>
      </trkpt>
      <trkpt lat="47.25272" lon="11.45979">
        <ele>810.72</ele>
      </trkpt>
      <trkpt lat="47.25306" lon="11.45991">
        <ele>809.38</ele>
      </trkpt>
      <trkpt lat="47.25338" lon="11.45991">
        <ele>808.41</ele>
      </trkpt>
      <trkpt lat="47.25375" lon="11.46">
        <ele>802.75</ele>
      </trkpt>
      <trkpt lat="47.25435" lon="11.45992">
        <ele>798.84</ele>
      </trkpt>
      <trkpt lat="47.25471" lon="11.46012">
        <ele>794.88</ele>
      </trkpt>
      <trkpt lat="47.25506" lon="11.45999">
        <ele>796.56</ele>
      </trkpt>
      <trkpt lat="47.255054" lon="11.4599589">
        <ele>797.23</ele>
      </trkpt>
      <trkpt lat="47.2553065" lon="11.4596531">
        <ele>796.81</ele>
      </trkpt>
      <trkpt lat="47.2554216" lon="11.4595096">
        <ele>795.37</ele>
      </trkpt>
      <trkpt lat="47.2554745" lon="11.4593116">
        <ele>794.69</ele>
      </trkpt>
      <trkpt lat="47.2555174" lon="11.4592375">
        <ele>794.13</ele>
      </trkpt>
      <trkpt lat="47.2556181" lon="11.4590943">
        <ele>793.04</ele>
      </trkpt>
      <trkpt lat="47.2556593" lon="11.4590295">
        <ele>792.59</ele>
      </trkpt>
      <trkpt lat="47.2557674" lon="11.458845">
        <ele>791.23</ele>
      </trkpt>
      <trkpt lat="47.2558794" lon="11.4588198">
        <ele>789.93</ele>
      </trkpt>
      <trkpt lat="47.2559471" lon="11.4587991">
        <ele>789.26</ele>
      </trkpt>
      <trkpt lat="47.2560492" lon="11.4587618">
        <ele>788.33</ele>
      </trkpt>
      <trkpt lat="47.2563774" lon="11.4587994">
        <ele>785.64</ele>
      </trkpt>
      <trkpt lat="47.2566324" lon="11.4587469">
        <ele>781.69</ele>
      </trkpt>
      <trkpt lat="47.2567004" lon="11.4587469">
        <ele>780.25</ele>
      </trkpt>
      <trkpt lat="47.2567733" lon="11.4587391">
        <ele>778.6</ele>
      </trkpt>
      <trkpt lat="47.256905" lon="11.4587499">
        <ele>775.52</ele>
      </trkpt>
      <trkpt lat="47.2569474" lon="11.4587524">
        <ele>774.45</ele>
      </trkpt>
      <trkpt lat="47.257033" lon="11.4586535">
        <ele>771.41</ele>
      </trkpt>
      <trkpt lat="47.2570534" lon="11.4586314">
        <ele>770.62</ele>
      </trkpt>
      <trkpt lat="47.2572435" lon="11.4590317">
        <ele>767.02</ele>
      </trkpt>
      <trkpt lat="47.2572717" lon="11.4592026">
        <ele>767.2</ele>
      </trkpt>
      <trkpt lat="47.2573209" lon="11.4593355">
        <ele>767.07</ele>
      </trkpt>
      <trkpt lat="47.257351" lon="11.4594308">
        <ele>767.4</ele>
      </trkpt>
      <trkpt lat="47.2574757" lon="11.4597261">
        <ele>767.18</ele>
      </trkpt>
      <trkpt lat="47.2576274" lon="11.4600923">
        <ele>761.36</ele>
      </trkpt>
      <trkpt lat="47.2576954" lon="11.4602542">
        <ele>757.25</ele>
      </trkpt>
      <trkpt lat="47.2577223" lon="11.4603997">
        <ele>755.07</ele>
      </trkpt>
      <trkpt lat="47.2577556" lon="11.4605379">
        <ele>753.07</ele>
      </trkpt>
      <trkpt lat="47.2578334" lon="11.4606192">
        <ele>751.68</ele>
      </trkpt>
      <trkpt lat="47.2579233" lon="11.4606902">
        <ele>751.04</ele>
      </trkpt>
      <trkpt lat="47.2580165" lon="11.4608154">
        <ele>751.16</ele>
      </trkpt>
      <trkpt lat="47.2581051" lon="11.460954">
        <ele>751.35</ele>
      </trkpt>
      <trkpt lat="47.2581543" lon="11.460999">
        <ele>751.44</ele>
      </trkpt>
      <trkpt lat="47.2584653" lon="11.4612832">
        <ele>745.94</ele>
      </trkpt>
      <trkpt lat="47.2584844" lon="11.4613904">
        <ele>744.19</ele>
      </trkpt>
      <trkpt lat="47.2585099" lon="11.4615422">
        <ele>741.05</ele>
      </trkpt>
      <trkpt lat="47.2585016" lon="11.4616178">
        <ele>740.22</ele>
      </trkpt>
      <trkpt lat="47.2584595" lon="11.4617005">
        <ele>740.31</ele>
      </trkpt>
      <trkpt lat="47.258435" lon="11.4617988">
        <ele>738.38</ele>
      </trkpt>
      <trkpt lat="47.2584108" lon="11.4618596">
        <ele>736.87</ele>
      </trkpt>
      <trkpt lat="47.2583202" lon="11.4618866">
        <ele>737.22</ele>
      </trkpt>
      <trkpt lat="47.2583054" lon="11.4618896">
        <ele>737.21</ele>
      </trkpt>
      <trkpt lat="47.2581657" lon="11.4619833">
        <ele>733.21</ele>
      </trkpt>
      <trkpt lat="47.2581299" lon="11.4619547">
        <ele>733.83</ele>
      </trkpt>
      <trkpt lat="47.2580446" lon="11.4618429">
        <ele>735.13</ele>
      </trkpt>
      <trkpt lat="47.2579399" lon="11.4618872">
        <ele>731.24</ele>
      </trkpt>
      <trkpt lat="47.2579731" lon="11.4620432">
        <ele>729.76</ele>
      </trkpt>
      <trkpt lat="47.2580641" lon="11.4621332">
        <ele>728.2</ele>
      </trkpt>
      <trkpt lat="47.2581399" lon="11.4622529">
        <ele>724.1</ele>
      </trkpt>
      <trkpt lat="47.2582088" lon="11.4622802">
        <ele>722.08</ele>
      </trkpt>
      <trkpt lat="47.2583219" lon="11.4623346">
        <ele>718.42</ele>
      </trkpt>
      <trkpt lat="47.2583944" lon="11.4623475">
        <ele>717.18</ele>
      </trkpt>
      <trkpt lat="47.2584671" lon="11.4623465">
        <ele>716.78</ele>
      </trkpt>
      <trkpt lat="47.2585258" lon="11.4622857">
        <ele>718.45</ele>
      </trkpt>
      <trkpt lat="47.2586241" lon="11.4622103">
        <ele>720.06</ele>
      </trkpt>
      <trkpt lat="47.2586872" lon="11.4621633">
        <ele>720.47</ele>
      </trkpt>
      <trkpt lat="47.2588057" lon="11.4620773">
        <ele>719.44</ele>
      </trkpt>
      <trkpt lat="47.2588886" lon="11.4619544">
        <ele>717.13</ele>
      </trkpt>
      <trkpt lat="47.2589695" lon="11.4618516">
        <ele>713.07</ele>
      </trkpt>
      <trkpt lat="47.2591056" lon="11.461717">
        <ele>705.14</ele>
      </trkpt>
      <trkpt lat="47.259171" lon="11.4616915">
        <ele>702.11</ele>
      </trkpt>
      <trkpt lat="47.2592182" lon="11.4616508">
        <ele>699.93</ele>
      </trkpt>
      <trkpt lat="47.2593693" lon="11.4617522">
        <ele>697.26</ele>
      </trkpt>
      <trkpt lat="47.25935" lon="11.46179">
        <ele>698.63</ele>
      </trkpt>
      <trkpt lat="47.25939" lon="11.46184">
        <ele>699.13</ele>
      </trkpt>
      <trkpt lat="47.25969" lon="11.46209">
        <ele>703.21</ele>
      </trkpt>
      <trkpt lat="47.25974" lon="11.46215">
        <ele>704.59</ele>
      </trkpt>
      <trkpt lat="47.25979" lon="11.46225">
        <ele>707.27</ele>
      </trkpt>
      <trkpt lat="47.2598" lon="11.46231">
        <ele>709.14</ele>
      </trkpt>
      <trkpt lat="47.25979" lon="11.46242">
        <ele>712.83</ele>
      </trkpt>
      <trkpt lat="47.25977" lon="11.46247">
        <ele>714.62</ele>
      </trkpt>
      <trkpt lat="47.25971" lon="11.46255">
        <ele>717.61</ele>
      </trkpt>
      <trkpt lat="47.25966" lon="11.46258">
        <ele>719.01</ele>
      </trkpt>
      <trkpt lat="47.25942" lon="11.46273">
        <ele>723.23</ele>
      </trkpt>
      <trkpt lat="47.25939" lon="11.46276">
        <ele>723.61</ele>
      </trkpt>
      <trkpt lat="47.25931" lon="11.46289">
        <ele>724.59</ele>
      </trkpt>
      <trkpt lat="47.25925" lon="11.46308">
        <ele>725.43</ele>
      </trkpt>
      <trkpt lat="47.25924" lon="11.46324">
        <ele>726.28</ele>
      </trkpt>
      <trkpt lat="47.25924" lon="11.46333">
        <ele>726.97</ele>
      </trkpt>
      <trkpt lat="47.2593" lon="11.46392">
        <ele>732.71</ele>
      </trkpt>
      <trkpt lat="47.25929" lon="11.46426">
        <ele>735.01</ele>
      </trkpt>
      <trkpt lat="47.25927" lon="11.46454">
        <ele>735.77</ele>
      </trkpt>
      <trkpt lat="47.25914" lon="11.46531">
        <ele>741.27</ele>
      </trkpt>
      <trkpt lat="47.2591" lon="11.46564">
        <ele>744.73</ele>
      </trkpt>
      <trkpt lat="47.25911" lon="11.46584">
        <ele>746.13</ele>
      </trkpt>
      <trkpt lat="47.25917" lon="11.46624">
        <ele>748.6</ele>
      </trkpt>
      <trkpt lat="47.25918" lon="11.46644">
        <ele>750.77</ele>
      </trkpt>
      <trkpt lat="47.25914" lon="11.46725">
        <ele>759.97</ele>
      </trkpt>
      <trkpt lat="47.25914" lon="11.46776">
        <ele>765.25</ele>
      </trkpt>
      <trkpt lat="47.25915" lon="11.46791">
        <ele>766.72</ele>
      </trkpt>
      <trkpt lat="47.25918" lon="11.46815">
        <ele>768.73</ele>
      </trkpt>
      <trkpt lat="47.25924" lon="11.46842">
        <ele>770.31</ele>
      </trkpt>
      <trkpt lat="47.25942" lon="11.4691">
        <ele>777.06</ele>
      </trkpt>
      <trkpt lat="47.25945" lon="11.46927">
        <ele>778.66</ele>
      </trkpt>
      <trkpt lat="47.25952" lon="11.46968">
        <ele>781.04</ele>
      </trkpt>
      <trkpt lat="47.25955" lon="11.46992">
        <ele>782.59</ele>
      </trkpt>
      <trkpt lat="47.25956" lon="11.47004">
        <ele>783.6</ele>
      </trkpt>
      <trkpt lat="47.25955" lon="11.47024">
        <ele>785.79</ele>
      </trkpt>
      <trkpt lat="47.2595" lon="11.47058">
        <ele>789.08</ele>
      </trkpt>
      <trkpt lat="47.25942" lon="11.47098">
        <ele>791.08</ele>
      </trkpt>
      <trkpt lat="47.25935" lon="11.47125">
        <ele>791.71</ele>
      </trkpt>
      <trkpt lat="47.25912" lon="11.47239">
        <ele>792.91</ele>
      </trkpt>
      <trkpt lat="47.25895" lon="11.47308">
        <ele>791.26</ele>
      </trkpt>
      <trkpt lat="47.25894" lon="11.47324">
        <ele>790.69</ele>
      </trkpt>
      <trkpt lat="47.25894" lon="11.4733">
        <ele>790.55</ele>
      </trkpt>
      <trkpt lat="47.25897" lon="11.47345">
        <ele>790.23</ele>
      </trkpt>
      <trkpt lat="47.25899" lon="11.47351">
        <ele>790.13</ele>
      </trkpt>
      <trkpt lat="47.25915" lon="11.47385">
        <ele>789.82</ele>
      </trkpt>
      <trkpt lat="47.25924" lon="11.47407">
        <ele>789.76</ele>
      </trkpt>
      <trkpt lat="47.25932" lon="11.47438">
        <ele>788.99</ele>
      </trkpt>
      <trkpt lat="47.25936" lon="11.4746">
        <ele>787.57</ele>
      </trkpt>
      <trkpt lat="47.25944" lon="11.47536">
        <ele>786.02</ele>
      </trkpt>
      <trkpt lat="47.2595" lon="11.47579">
        <ele>787.86</ele>
      </trkpt>
      <trkpt lat="47.25972" lon="11.47708">
        <ele>795.18</ele>
      </trkpt>
      <trkpt lat="47.25975" lon="11.47738">
        <ele>795.61</ele>
      </trkpt>
      <trkpt lat="47.25978" lon="11.47814">
        <ele>799.78</ele>
      </trkpt>
      <trkpt lat="47.25978" lon="11.47837">
        <ele>801.91</ele>
      </trkpt>
      <trkpt lat="47.25972" lon="11.47896">
        <ele>810.93</ele>
      </trkpt>
      <trkpt lat="47.25971" lon="11.47911">
        <ele>812.63</ele>
      </trkpt>
      <trkpt lat="47.25973" lon="11.47938">
        <ele>813.98</ele>
      </trkpt>
      <trkpt lat="47.25979" lon="11.47963">
        <ele>814.13</ele>
      </trkpt>
      <trkpt lat="47.25986" lon="11.47976">
        <ele>813.91</ele>
      </trkpt>
      <trkpt lat="47.26009" lon="11.48003">
        <ele>814.26</ele>
      </trkpt>
      <trkpt lat="47.26015" lon="11.48011">
        <ele>814.8</ele>
      </trkpt>
      <trkpt lat="47.26019" lon="11.48021">
        <ele>815.29</ele>
      </trkpt>
      <trkpt lat="47.26023" lon="11.48034">
        <ele>815.86</ele>
      </trkpt>
      <trkpt lat="47.26024" lon="11.48044">
        <ele>816.06</ele>
      </trkpt>
      <trkpt lat="47.26024" lon="11.48079">
        <ele>816.66</ele>
      </trkpt>
      <trkpt lat="47.26025" lon="11.48108">
        <ele>818.34</ele>
      </trkpt>
      <trkpt lat="47.26028" lon="11.4813">
        <ele>820.29</ele>
      </trkpt>
      <trkpt lat="47.26032" lon="11.48143">
        <ele>821.68</ele>
      </trkpt>
      <trkpt lat="47.26039" lon="11.48161">
        <ele>823.47</ele>
      </trkpt>
      <trkpt lat="47.26054" lon="11.48186">
        <ele>825.69</ele>
      </trkpt>
      <trkpt lat="47.26076" lon="11.48219">
        <ele>827.68</ele>
      </trkpt>
      <trkpt lat="47.261" lon="11.48264">
        <ele>829.83</ele>
      </trkpt>
      <trkpt lat="47.26112" lon="11.48288">
        <ele>830.75</ele>
      </trkpt>
      <trkpt lat="47.26122" lon="11.48315">
        <ele>831.19</ele>
      </trkpt>
      <trkpt lat="47.26148" lon="11.48396">
        <ele>829.36</ele>
      </trkpt>
      <trkpt lat="47.26154" lon="11.4841">
        <ele>829.06</ele>
      </trkpt>
      <trkpt lat="47.26158" lon="11.48418">
        <ele>829.03</ele>
      </trkpt>
      <trkpt lat="47.26166" lon="11.48427">
        <ele>828.89</ele>
      </trkpt>
      <trkpt lat="47.26175" lon="11.48436">
        <ele>829.0</ele>
      </trkpt>
      <trkpt lat="47.26232" lon="11.48475">
        <ele>826.23</ele>
      </trkpt>
      <trkpt lat="47.26264" lon="11.485">
        <ele>824.4</ele>
      </trkpt>
      <trkpt lat="47.26278" lon="11.48513">
        <ele>824.98</ele>
      </trkpt>
      <trkpt lat="47.26284" lon="11.48523">
        <ele>825.4</ele>
      </trkpt>
      <trkpt lat="47.26288" lon="11.4853">
        <ele>825.6</ele>
      </trkpt>
      <trkpt lat="47.26293" lon="11.48542">
        <ele>825.76</ele>
      </trkpt>
      <trkpt lat="47.26296" lon="11.48558">
        <ele>825.84</ele>
      </trkpt>
      <trkpt lat="47.26303" lon="11.48604">
        <ele>825.52</ele>
      </trkpt>
      <trkpt lat="47.2631" lon="11.48638">
        <ele>824.93</ele>
      </trkpt>
      <trkpt lat="47.26347" lon="11.48783">
        <ele>827.23</ele>
      </trkpt>
      <trkpt lat="47.26349" lon="11.48794">
        <ele>827.58</ele>
      </trkpt>
      <trkpt lat="47.2635" lon="11.48804">
        <ele>827.85</ele>
      </trkpt>
      <trkpt lat="47.26347" lon="11.48808">
        <ele>828.12</ele>
      </trkpt>
      <trkpt lat="47.26304" lon="11.48821">
        <ele>832.34</ele>
      </trkpt>
      <trkpt lat="47.2627" lon="11.48834">
        <ele>836.49</ele>
      </trkpt>
      <trkpt lat="47.26239" lon="11.48846">
        <ele>839.52</ele>
      </trkpt>
      <trkpt lat="47.26199" lon="11.48884">
        <ele>839.8</ele>
      </trkpt>
      <trkpt lat="47.26159" lon="11.48922">
        <ele>837.67</ele>
      </trkpt>
      <trkpt lat="47.2614" lon="11.48931">
        <ele>837.09</ele>
      </trkpt>
      <trkpt lat="47.26113" lon="11.48929">
        <ele>837.19</ele>
      </trkpt>
      <trkpt lat="47.26087" lon="11.48915">
        <ele>837.5</ele>
      </trkpt>
      <trkpt lat="47.26083" lon="11.48915">
        <ele>837.18</ele>
      </trkpt>
      <trkpt lat="47.26079" lon="11.48917">
        <ele>836.57</ele>
      </trkpt>
      <trkpt lat="47.26041" lon="11.48875">
        <ele>838.7</ele>
      </trkpt>
      <trkpt lat="47.2602" lon="11.48924">
        <ele>826.47</ele>
      </trkpt>
      <trkpt lat="47.2601" lon="11.48967">
        <ele>817.07</ele>
      </trkpt>
      <trkpt lat="47.26021" lon="11.48999">
        <ele>813.0</ele>
      </trkpt>
      <trkpt lat="47.26028" lon="11.49018">
        <ele>809.42</ele>
      </trkpt>
      <trkpt lat="47.26066" lon="11.49076">
        <ele>811.75</ele>
      </trkpt>
      <trkpt lat="47.26108" lon="11.49177">
        <ele>799.04</ele>
      </trkpt>
      <trkpt lat="47.26133" lon="11.49229">
        <ele>794.17</ele>
      </trkpt>
      <trkpt lat="47.26198" lon="11.4929">
        <ele>786.48</ele>
      </trkpt>
      <trkpt lat="47.26226" lon="11.49296">
        <ele>787.97</ele>
      </trkpt>
      <trkpt lat="47.26242" lon="11.493">
        <ele>789.43</ele>
      </trkpt>
      <trkpt lat="47.26274" lon="11.49302">
        <ele>791.74</ele>
      </trkpt>
      <trkpt lat="47.26292" lon="11.49335">
        <ele>787.33</ele>
      </trkpt>
      <trkpt lat="47.26325" lon="11.49378">
        <ele>778.53</ele>
      </trkpt>
      <trkpt lat="47.26339" lon="11.4942">
        <ele>774.07</ele>
      </trkpt>
      <trkpt lat="47.26357" lon="11.49519">
        <ele>758.25</ele>
      </trkpt>
      <trkpt lat="47.26377" lon="11.49555">
        <ele>754.85</ele>
      </trkpt>
      <trkpt lat="47.26403" lon="11.49581">
        <ele>752.51</ele>
      </trkpt>
      <trkpt lat="47.26421" lon="11.49599">
        <ele>752.56</ele>
      </trkpt>
      <trkpt lat="47.26448" lon="11.49599">
        <ele>754.75</ele>
      </trkpt>
      <trkpt lat="47.26462" lon="11.49597">
        <ele>755.3</ele>
      </trkpt>
      <trkpt lat="47.26481" lon="11.49587">
        <ele>755.02</ele>
      </trkpt>
      <trkpt lat="47.26528" lon="11.49551">
        <ele>759.68</ele>
      </trkpt>
      <trkpt lat="47.26549" lon="11.4954">
        <ele>761.11</ele>
      </trkpt>
      <trkpt lat="47.26554" lon="11.49554">
        <ele>762.72</ele>
      </trkpt>
      <trkpt lat="47.26554" lon="11.49555">
        <ele>762.86</ele>
      </trkpt>
      <trkpt lat="47.26588" lon="11.49566">
        <ele>767.55</ele>
      </trkpt>
      <trkpt lat="47.26601" lon="11.49573">
        <ele>768.23</ele>
      </trkpt>
      <trkpt lat="47.26623" lon="11.496">
        <ele>771.66</ele>
      </trkpt>
      <trkpt lat="47.26648" lon="11.49627">
        <ele>773.96</ele>
      </trkpt>
      <trkpt lat="47.26693" lon="11.49666">
        <ele>776.96</ele>
      </trkpt>
      <trkpt lat="47.26694" lon="11.49679">
        <ele>779.91</ele>
      </trkpt>
      <trkpt lat="47.26703" lon="11.49706">
        <ele>783.75</ele>
      </trkpt>
      <trkpt lat="47.2671" lon="11.49726">
        <ele>785.52</ele>
      </trkpt>
      <trkpt lat="47.26717" lon="11.49743">
        <ele>786.35</ele>
      </trkpt>
      <trkpt lat="47.26733" lon="11.49768">
        <ele>787.09</ele>
      </trkpt>
      <trkpt lat="47.26768" lon="11.4981">
        <ele>793.2</ele>
      </trkpt>
      <trkpt lat="47.2678" lon="11.49827">
        <ele>794.09</ele>
      </trkpt>
      <trkpt lat="47.26783" lon="11.49835">
        <ele>794.83</ele>
      </trkpt>
      <trkpt lat="47.26787" lon="11.49844">
        <ele>795.08</ele>
      </trkpt>
      <trkpt lat="47.26793" lon="11.49878">
        <ele>800.09</ele>
      </trkpt>
      <trkpt lat="47.26795" lon="11.49902">
        <ele>804.28</ele>
      </trkpt>
      <trkpt lat="47.26795" lon="11.49918">
        <ele>806.98</ele>
      </trkpt>
      <trkpt lat="47.26809" lon="11.4993">
        <ele>804.63</ele>
      </trkpt>
      <trkpt lat="47.26818" lon="11.49945">
        <ele>803.69</ele>
      </trkpt>
      <trkpt lat="47.26838" lon="11.4999">
        <ele>800.61</ele>
      </trkpt>
      <trkpt lat="47.26846" lon="11.50011">
        <ele>798.78</ele>
      </trkpt>
      <trkpt lat="47.26858" lon="11.50044">
        <ele>795.75</ele>
      </trkpt>
      <trkpt lat="47.26871" lon="11.50082">
        <ele>792.97</ele>
      </trkpt>
      <trkpt lat="47.26884" lon="11.50101">
        <ele>787.1</ele>
      </trkpt>
      <trkpt lat="47.26891" lon="11.50121">
        <ele>783.8</ele>
      </trkpt>
      <trkpt lat="47.26894" lon="11.50155">
        <ele>783.78</ele>
      </trkpt>
      <trkpt lat="47.26923" lon="11.50223">
        <ele>786.48</ele>
      </trkpt>
      <trkpt lat="47.26958" lon="11.50252">
        <ele>776.92</ele>
      </trkpt>
      <trkpt lat="47.26977" lon="11.50282">
        <ele>771.32</ele>
      </trkpt>
      <trkpt lat="47.26984" lon="11.5032">
        <ele>772.07</ele>
      </trkpt>
      <trkpt lat="47.27004" lon="11.50362">
        <ele>768.03</ele>
      </trkpt>
      <trkpt lat="47.27034" lon="11.50431">
        <ele>767.49</ele>
      </trkpt>
      <trkpt lat="47.27044" lon="11.50439">
        <ele>764.27</ele>
      </trkpt>
      <trkpt lat="47.27058" lon="11.5045">
        <ele>759.58</ele>
      </trkpt>
      <trkpt lat="47.27065" lon="11.50464">
        <ele>759.73</ele>
      </trkpt>
      <trkpt lat="47.27104" lon="11.50508">
        <ele>748.37</ele>
      </trkpt>
      <trkpt lat="47.27107" lon="11.50529">
        <ele>752.5</ele>
      </trkpt>
      <trkpt lat="47.27111" lon="11.50542">
        <ele>754.03</ele>
      </trkpt>
      <trkpt lat="47.2715" lon="11.50574">
        <ele>742.9</ele>
      </trkpt>
      <trkpt lat="47.27164" lon="11.50595">
        <ele>740.47</ele>
      </trkpt>
      <trkpt lat="47.27186" lon="11.50642">
        <ele>735.37</ele>
      </trkpt>
      <trkpt lat="47.27189" lon="11.50681">
        <ele>739.99</ele>
      </trkpt>
      <trkpt lat="47.27192" lon="11.50691">
        <ele>739.82</ele>
      </trkpt>
      <trkpt lat="47.27224" lon="11.50727">
        <ele>730.68</ele>
      </trkpt>
      <trkpt lat="47.27234" lon="11.50745">
        <ele>729.67</ele>
      </trkpt>
      <trkpt lat="47.27249" lon="11.50769">
        <ele>727.04</ele>
      </trkpt>
      <trkpt lat="47.27256" lon="11.50777">
        <ele>724.48</ele>
      </trkpt>
      <trkpt lat="47.27267" lon="11.508">
        <ele>721.96</ele>
      </trkpt>
      <trkpt lat="47.27277" lon="11.50819">
        <ele>718.35</ele>
      </trkpt>
      <trkpt lat="47.27285" lon="11.50835">
        <ele>715.06</ele>
      </trkpt>
      <trkpt lat="47.27299" lon="11.50862">
        <ele>708.51</ele>
      </trkpt>
      <trkpt lat="47.27308" lon="11.50909">
        <ele>707.4</ele>
      </trkpt>
      <trkpt lat="47.27308" lon="11.50936">
        <ele>708.3</ele>
      </trkpt>
      <trkpt lat="47.27314" lon="11.50973">
        <ele>701.75</ele>
      </trkpt>
      <trkpt lat="47.27314" lon="11.51006">
        <ele>699.95</ele>
      </trkpt>
      <trkpt lat="47.27316" lon="11.51064">
        <ele>695.07</ele>
      </trkpt>
      <trkpt lat="47.27325" lon="11.51141">
        <ele>683.13</ele>
      </trkpt>
      <trkpt lat="47.27321" lon="11.51225">
        <ele>682.51</ele>
      </trkpt>
      <trkpt lat="47.27323" lon="11.51241">
        <ele>680.47</ele>
      </trkpt>
      <trkpt lat="47.27321" lon="11.51249">
        <ele>681.44</ele>
      </trkpt>
      <trkpt lat="47.27318" lon="11.51288">
        <ele>680.28</ele>
      </trkpt>
      <trkpt lat="47.27321" lon="11.51381">
        <ele>668.56</ele>
      </trkpt>
      <trkpt lat="47.27318" lon="11.51393">
        <ele>669.15</ele>
      </trkpt>
      <trkpt lat="47.27319" lon="11.51397">
        <ele>668.11</ele>
      </trkpt>
      <trkpt lat="47.27332" lon="11.51432">
        <ele>657.44</ele>
      </trkpt>
      <trkpt lat="47.27343" lon="11.51422">
        <ele>652.75</ele>
      </trkpt>
      <trkpt lat="47.27351" lon="11.51398">
        <ele>651.19</ele>
      </trkpt>
      <trkpt lat="47.27386" lon="11.51322">
        <ele>642.02</ele>
      </trkpt>
      <trkpt lat="47.27396" lon="11.51285">
        <ele>637.23</ele>
      </trkpt>
      <trkpt lat="47.27421" lon="11.51223">
        <ele>626.05</ele>
      </trkpt>
      <trkpt lat="47.27431" lon="11.51174">
        <ele>624.33</ele>
      </trkpt>
      <trkpt lat="47.27443" lon="11.51133">
        <ele>620.73</ele>
      </trkpt>
      <trkpt lat="47.27474" lon="11.51075">
        <ele>611.2</ele>
      </trkpt>
      <trkpt lat="47.27501" lon="11.51058">
        <ele>600.76</ele>
      </trkpt>
      <trkpt lat="47.27504" lon="11.51032">
        <ele>600.19</ele>
      </trkpt>
      <trkpt lat="47.27509" lon="11.51008">
        <ele>598.53</ele>
      </trkpt>
      <trkpt lat="47.27513" lon="11.51006">
        <ele>596.73</ele>
      </trkpt>
      <trkpt lat="47.27515" lon="11.50997">
        <ele>596.1</ele>
      </trkpt>
      <trkpt lat="47.27549" lon="11.5097">
        <ele>581.75</ele>
      </trkpt>
      <trkpt lat="47.27546" lon="11.50999">
        <ele>581.81</ele>
      </trkpt>
      <trkpt lat="47.2755" lon="11.51019">
        <ele>580.2</ele>
      </trkpt>
      <trkpt lat="47.27561" lon="11.50995">
        <ele>575.67</ele>
      </trkpt>
      <trkpt lat="47.27568" lon="11.51009">
        <ele>573.09</ele>
      </trkpt>
      <trkpt lat="47.27573" lon="11.51053">
        <ele>573.51</ele>
      </trkpt>
      <trkpt lat="47.27609" lon="11.50959">
        <ele>562.57</ele>
      </trkpt>
      <trkpt lat="47.27616" lon="11.50932">
        <ele>561.98</ele>
      </trkpt>
      <trkpt lat="47.27622" lon="11.50904">
        <ele>561.17</ele>
      </trkpt>
      <trkpt lat="47.27623" lon="11.50881">
        <ele>561.13</ele>
      </trkpt>
      <trkpt lat="47.27623" lon="11.50867">
        <ele>561.19</ele>
      </trkpt>
      <trkpt lat="47.27628" lon="11.50867">
        <ele>560.18</ele>
      </trkpt>
      <trkpt lat="47.27634" lon="11.50872">
        <ele>559.04</ele>
      </trkpt>
      <trkpt lat="47.27638" lon="11.5087">
        <ele>558.36</ele>
      </trkpt>
      <trkpt lat="47.2772" lon="11.50845">
        <ele>558.26</ele>
      </trkpt>
      <trkpt lat="47.27756" lon="11.5083">
        <ele>561.23</ele>
      </trkpt>
      <trkpt lat="47.27777" lon="11.5082">
        <ele>561.63</ele>
      </trkpt>
      <trkpt lat="47.27778" lon="11.50827">
        <ele>561.57</ele>
      </trkpt>
      <trkpt lat="47.27782" lon="11.50826">
        <ele>561.58</ele>
      </trkpt>
      <trkpt lat="47.27787" lon="11.50863">
        <ele>561.15</ele>
      </trkpt>
      <trkpt lat="47.27824" lon="11.50848">
        <ele>561.04</ele>
      </trkpt>
      <trkpt lat="47.27806" lon="11.50802">
        <ele>561.26</ele>
      </trkpt>
      <trkpt lat="47.27803" lon="11.50799">
        <ele>561.31</ele>
      </trkpt>
      <trkpt lat="47.278" lon="11.50789">
        <ele>561.31</ele>
      </trkpt>
      <trkpt lat="47.27795" lon="11.50761">
        <ele>561.32</ele>
      </trkpt>
      <trkpt lat="47.27795" lon="11.50751">
        <ele>561.3</ele>
      </trkpt>
      <trkpt lat="47.278" lon="11.50739">
        <ele>561.07</ele>
      </trkpt>
      <trkpt lat="47.27787" lon="11.50693">
        <ele>561.68</ele>
      </trkpt>
      <trkpt lat="47.27775" lon="11.50621">
        <ele>561.43</ele>
      </trkpt>
      <trkpt lat="47.27775" lon="11.50615">
        <ele>561.34</ele>
      </trkpt>
      <trkpt lat="47.27787" lon="11.50543">
        <ele>560.9</ele>
      </trkpt>
      <trkpt lat="47.27784" lon="11.50351">
        <ele>561.65</ele>
      </trkpt>
      <trkpt lat="47.27781" lon="11.5035">
        <ele>561.69</ele>
      </trkpt>
      <trkpt lat="47.27776" lon="11.50345">
        <ele>561.78</ele>
      </trkpt>
      <trkpt lat="47.27773" lon="11.50337">
        <ele>561.84</ele>
      </trkpt>
      <trkpt lat="47.27751" lon="11.50183">
        <ele>560.98</ele>
      </trkpt>
    </trkseg>
    <trkseg>
      <name>Segment 2</name>
      <desc>distance: 23.0km, elevation_gain: 1163.0m, elevation_loss: 1147.0m, estimated_duration: 04:11</desc>
      <trkpt lat="47.34939" lon="11.70213">
        <ele>537.22</ele>
      </trkpt>
      <trkpt lat="47.34914" lon="11.70261">
        <ele>536.89</ele>
      </trkpt>
      <trkpt lat="47.34863" lon="11.70366">
        <ele>536.3</ele>
      </trkpt>
      <trkpt lat="47.34852" lon="11.70391">
        <ele>536.85</ele>
      </trkpt>
      <trkpt lat="47.34841" lon="11.70424">
        <ele>536.75</ele>
      </trkpt>
      <trkpt lat="47.34834" lon="11.7045">
        <ele>535.51</ele>
      </trkpt>
      <trkpt lat="47.34829" lon="11.70474">
        <ele>534.16</ele>
      </trkpt>
      <trkpt lat="47.34773" lon="11.70496">
        <ele>536.17</ele>
      </trkpt>
      <trkpt lat="47.3476" lon="11.70495">
        <ele>536.79</ele>
      </trkpt>
      <trkpt lat="47.34743" lon="11.70492">
        <ele>537.29</ele>
      </trkpt>
      <trkpt lat="47.34598" lon="11.70563">
        <ele>534.46</ele>
      </trkpt>
      <trkpt lat="47.34552" lon="11.70572">
        <ele>536.2</ele>
      </trkpt>
      <trkpt lat="47.34533" lon="11.70571">
        <ele>537.54</ele>
      </trkpt>
      <trkpt lat="47.34552" lon="11.70572">
        <ele>536.2</ele>
      </trkpt>
      <trkpt lat="47.34549" lon="11.70585">
        <ele>536.02</ele>
      </trkpt>
      <trkpt lat="47.34523" lon="11.7071">
        <ele>535.04</ele>
      </trkpt>
      <trkpt lat="47.3452" lon="11.70714">
        <ele>535.28</ele>
      </trkpt>
      <trkpt lat="47.34509" lon="11.70714">
        <ele>535.33</ele>
      </trkpt>
      <trkpt lat="47.34507" lon="11.7071">
        <ele>535.13</ele>
      </trkpt>
      <trkpt lat="47.34499" lon="11.70709">
        <ele>535.1</ele>
      </trkpt>
      <trkpt lat="47.34494" lon="11.70715">
        <ele>535.4</ele>
      </trkpt>
      <trkpt lat="47.34493" lon="11.70735">
        <ele>536.41</ele>
      </trkpt>
      <trkpt lat="47.34486" lon="11.70733">
        <ele>536.31</ele>
      </trkpt>
      <trkpt lat="47.34453" lon="11.70732">
        <ele>536.24</ele>
      </trkpt>
      <trkpt lat="47.34397" lon="11.70732">
        <ele>536.24</ele>
      </trkpt>
      <trkpt lat="47.34369" lon="11.70728">
        <ele>536.09</ele>
      </trkpt>
      <trkpt lat="47.34303" lon="11.70729">
        <ele>535.88</ele>
      </trkpt>
      <trkpt lat="47.34302" lon="11.70734">
        <ele>536.09</ele>
      </trkpt>
      <trkpt lat="47.343" lon="11.70753">
        <ele>536.88</ele>
      </trkpt>
      <trkpt lat="47.3427" lon="11.70754">
        <ele>536.88</ele>
      </trkpt>
      <trkpt lat="47.34239" lon="11.70747">
        <ele>537.22</ele>
      </trkpt>
      <trkpt lat="47.34211" lon="11.70733">
        <ele>537.82</ele>
      </trkpt>
      <trkpt lat="47.34172" lon="11.70722">
        <ele>539.4</ele>
      </trkpt>
      <trkpt lat="47.34166" lon="11.70719">
        <ele>539.48</ele>
      </trkpt>
      <trkpt lat="47.34139" lon="11.70736">
        <ele>542.32</ele>
      </trkpt>
      <trkpt lat="47.3413" lon="11.70745">
        <ele>543.69</ele>
      </trkpt>
      <trkpt lat="47.34097" lon="11.70771">
        <ele>549.25</ele>
      </trkpt>
      <trkpt lat="47.34087" lon="11.70781">
        <ele>551.67</ele>
      </trkpt>
      <trkpt lat="47.34089" lon="11.70788">
        <ele>552.41</ele>
      </trkpt>
      <trkpt lat="47.3409" lon="11.70794">
        <ele>553.12</ele>
      </trkpt>
      <trkpt lat="47.34086" lon="11.70793">
        <ele>553.43</ele>
      </trkpt>
      <trkpt lat="47.34068" lon="11.70799">
        <ele>556.58</ele>
      </trkpt>
      <trkpt lat="47.34056" lon="11.70815">
        <ele>560.22</ele>
      </trkpt>
      <trkpt lat="47.34052" lon="11.70821">
        <ele>561.45</ele>
      </trkpt>
      <trkpt lat="47.34029" lon="11.70843">
        <ele>566.84</ele>
      </trkpt>
      <trkpt lat="47.34" lon="11.70875">
        <ele>573.37</ele>
      </trkpt>
      <trkpt lat="47.33989" lon="11.70882">
        <ele>575.11</ele>
      </trkpt>
      <trkpt lat="47.33975" lon="11.70881">
        <ele>576.1</ele>
      </trkpt>
      <trkpt lat="47.33954" lon="11.70882">
        <ele>577.69</ele>
      </trkpt>
      <trkpt lat="47.33941" lon="11.70895">
        <ele>579.92</ele>
      </trkpt>
      <trkpt lat="47.33867" lon="11.70897">
        <ele>584.92</ele>
      </trkpt>
      <trkpt lat="47.33841" lon="11.70902">
        <ele>587.43</ele>
      </trkpt>
      <trkpt lat="47.33823" lon="11.70908">
        <ele>590.03</ele>
      </trkpt>
      <trkpt lat="47.33781" lon="11.7091">
        <ele>596.32</ele>
      </trkpt>
      <trkpt lat="47.3372" lon="11.70892">
        <ele>597.96</ele>
      </trkpt>
      <trkpt lat="47.33712" lon="11.70889">
        <ele>597.87</ele>
      </trkpt>
      <trkpt lat="47.33674" lon="11.7086">
        <ele>598.81</ele>
      </trkpt>
      <trkpt lat="47.33667" lon="11.70855">
        <ele>599.23</ele>
      </trkpt>
      <trkpt lat="47.33659" lon="11.70854">
        <ele>599.79</ele>
      </trkpt>
      <trkpt lat="47.33651" lon="11.70856">
        <ele>600.29</ele>
      </trkpt>
      <trkpt lat="47.3364" lon="11.70861">
        <ele>600.85</ele>
      </trkpt>
      <trkpt lat="47.33607" lon="11.70901">
        <ele>605.62</ele>
      </trkpt>
      <trkpt lat="47.33597" lon="11.70908">
        <ele>608.03</ele>
      </trkpt>
      <trkpt lat="47.33586" lon="11.70911">
        <ele>610.44</ele>
      </trkpt>
      <trkpt lat="47.33572" lon="11.70911">
        <ele>613.31</ele>
      </trkpt>
      <trkpt lat="47.33559" lon="11.70908">
        <ele>615.82</ele>
      </trkpt>
      <trkpt lat="47.33556" lon="11.70907">
        <ele>616.39</ele>
      </trkpt>
      <trkpt lat="47.33496" lon="11.70872">
        <ele>628.07</ele>
      </trkpt>
      <trkpt lat="47.33445" lon="11.708">
        <ele>634.06</ele>
      </trkpt>
      <trkpt lat="47.3344" lon="11.7079">
        <ele>633.53</ele>
      </trkpt>
      <trkpt lat="47.33436" lon="11.70795">
        <ele>636.98</ele>
      </trkpt>
      <trkpt lat="47.33428" lon="11.70792">
        <ele>640.06</ele>
      </trkpt>
      <trkpt lat="47.3342" lon="11.70782">
        <ele>641.24</ele>
      </trkpt>
      <trkpt lat="47.33411" lon="11.70764">
        <ele>641.45</ele>
      </trkpt>
      <trkpt lat="47.33395" lon="11.70718">
        <ele>643.86</ele>
      </trkpt>
      <trkpt lat="47.33371" lon="11.70673">
        <ele>652.13</ele>
      </trkpt>
      <trkpt lat="47.33354" lon="11.70645">
        <ele>655.23</ele>
      </trkpt>
      <trkpt lat="47.33325" lon="11.70609">
        <ele>661.14</ele>
      </trkpt>
      <trkpt lat="47.33305" lon="11.70568">
        <ele>662.73</ele>
      </trkpt>
      <trkpt lat="47.33301" lon="11.70536">
        <ele>656.58</ele>
      </trkpt>
      <trkpt lat="47.3324" lon="11.7043">
        <ele>656.17</ele>
      </trkpt>
      <trkpt lat="47.332" lon="11.70405">
        <ele>660.77</ele>
      </trkpt>
      <trkpt lat="47.33127" lon="11.70379">
        <ele>669.01</ele>
      </trkpt>
      <trkpt lat="47.33126" lon="11.7036">
        <ele>661.43</ele>
      </trkpt>
      <trkpt lat="47.33126" lon="11.70355">
        <ele>659.57</ele>
      </trkpt>
      <trkpt lat="47.33155" lon="11.70281">
        <ele>645.06</ele>
      </trkpt>
      <trkpt lat="47.3313" lon="11.7021">
        <ele>649.19</ele>
      </trkpt>
      <trkpt lat="47.33113" lon="11.7015">
        <ele>636.64</ele>
      </trkpt>
      <trkpt lat="47.33071" lon="11.70095">
        <ele>633.23</ele>
      </trkpt>
      <trkpt lat="47.33061" lon="11.70077">
        <ele>629.97</ele>
      </trkpt>
      <trkpt lat="47.3308" lon="11.70071">
        <ele>619.81</ele>
      </trkpt>
      <trkpt lat="47.33072" lon="11.70069">
        <ele>622.1</ele>
      </trkpt>
      <trkpt lat="47.33022" lon="11.69991">
        <ele>615.35</ele>
      </trkpt>
      <trkpt lat="47.3302" lon="11.69954">
        <ele>608.45</ele>
      </trkpt>
      <trkpt lat="47.33014" lon="11.6994">
        <ele>608.87</ele>
      </trkpt>
      <trkpt lat="47.32995" lon="11.69914">
        <ele>610.15</ele>
      </trkpt>
      <trkpt lat="47.32967" lon="11.69908">
        <ele>618.37</ele>
      </trkpt>
      <trkpt lat="47.32947" lon="11.69874">
        <ele>605.16</ele>
      </trkpt>
      <trkpt lat="47.32938" lon="11.69873">
        <ele>607.31</ele>
      </trkpt>
      <trkpt lat="47.32934" lon="11.69868">
        <ele>605.46</ele>
      </trkpt>
      <trkpt lat="47.32924" lon="11.69861">
        <ele>604.22</ele>
      </trkpt>
      <trkpt lat="47.32914" lon="11.6985">
        <ele>600.96</ele>
      </trkpt>
      <trkpt lat="47.32905" lon="11.69847">
        <ele>601.37</ele>
      </trkpt>
      <trkpt lat="47.32881" lon="11.69805">
        <ele>590.0</ele>
      </trkpt>
      <trkpt lat="47.32878" lon="11.69796">
        <ele>587.76</ele>
      </trkpt>
      <trkpt lat="47.32874" lon="11.69795">
        <ele>587.52</ele>
      </trkpt>
      <trkpt lat="47.32869" lon="11.69797">
        <ele>588.17</ele>
      </trkpt>
      <trkpt lat="47.32861" lon="11.69799">
        <ele>589.24</ele>
      </trkpt>
      <trkpt lat="47.32839" lon="11.698">
        <ele>593.91</ele>
      </trkpt>
      <trkpt lat="47.32834" lon="11.69808">
        <ele>598.9</ele>
      </trkpt>
      <trkpt lat="47.32831" lon="11.6981">
        <ele>601.01</ele>
      </trkpt>
      <trkpt lat="47.32825" lon="11.69821">
        <ele>608.35</ele>
      </trkpt>
      <trkpt lat="47.32821" lon="11.69819">
        <ele>609.9</ele>
      </trkpt>
      <trkpt lat="47.32816" lon="11.69804">
        <ele>607.48</ele>
      </trkpt>
      <trkpt lat="47.32814" lon="11.69783">
        <ele>601.46</ele>
      </trkpt>
      <trkpt lat="47.32811" lon="11.69749">
        <ele>595.06</ele>
      </trkpt>
      <trkpt lat="47.32812" lon="11.69711">
        <ele>593.15</ele>
      </trkpt>
      <trkpt lat="47.32804" lon="11.69701">
        <ele>599.54</ele>
      </trkpt>
      <trkpt lat="47.32795" lon="11.6968">
        <ele>605.53</ele>
      </trkpt>
      <trkpt lat="47.3279" lon="11.69673">
        <ele>608.12</ele>
      </trkpt>
      <trkpt lat="47.32779" lon="11.69666">
        <ele>614.02</ele>
      </trkpt>
      <trkpt lat="47.32768" lon="11.69649">
        <ele>615.66</ele>
      </trkpt>
      <trkpt lat="47.32747" lon="11.6961">
        <ele>611.29</ele>
      </trkpt>
      <trkpt lat="47.32744" lon="11.696">
        <ele>608.95</ele>
      </trkpt>
      <trkpt lat="47.32731" lon="11.69568">
        <ele>606.07</ele>
      </trkpt>
      <trkpt lat="47.32731" lon="11.69557">
        <ele>603.4</ele>
      </trkpt>
      <trkpt lat="47.32727" lon="11.69539">
        <ele>601.57</ele>
      </trkpt>
      <trkpt lat="47.32718" lon="11.69521">
        <ele>602.25</ele>
      </trkpt>
      <trkpt lat="47.32709" lon="11.69501">
        <ele>601.05</ele>
      </trkpt>
      <trkpt lat="47.32699" lon="11.69481">
        <ele>598.51</ele>
      </trkpt>
      <trkpt lat="47.32693" lon="11.69476">
        <ele>599.72</ele>
      </trkpt>
      <trkpt lat="47.32664" lon="11.69417">
        <ele>590.65</ele>
      </trkpt>
      <trkpt lat="47.32663" lon="11.69404">
        <ele>585.72</ele>
      </trkpt>
      <trkpt lat="47.32656" lon="11.69392">
        <ele>584.5</ele>
      </trkpt>
      <trkpt lat="47.32643" lon="11.6938">
        <ele>587.44</ele>
      </trkpt>
      <trkpt lat="47.32631" lon="11.6936">
        <ele>587.63</ele>
      </trkpt>
      <trkpt lat="47.32623" lon="11.69342">
        <ele>587.18</ele>
      </trkpt>
      <trkpt lat="47.32605" lon="11.69318">
        <ele>593.56</ele>
      </trkpt>
      <trkpt lat="47.32592" lon="11.69292">
        <ele>594.2</ele>
      </trkpt>
      <trkpt lat="47.32573" lon="11.69281">
        <ele>600.23</ele>
      </trkpt>
      <trkpt lat="47.32562" lon="11.69267">
        <ele>599.33</ele>
      </trkpt>
      <trkpt lat="47.32546" lon="11.69256">
        <ele>600.71</ele>
      </trkpt>
      <trkpt lat="47.32542" lon="11.69248">
        <ele>599.09</ele>
      </trkpt>
      <trkpt lat="47.32536" lon="11.69243">
        <ele>599.45</ele>
      </trkpt>
      <trkpt lat="47.3252" lon="11.69237">
        <ele>603.64</ele>
      </trkpt>
      <trkpt lat="47.32519" lon="11.69221">
        <ele>599.82</ele>
      </trkpt>
      <trkpt lat="47.32503" lon="11.69192">
        <ele>601.84</ele>
      </trkpt>
      <trkpt lat="47.3249" lon="11.6916">
        <ele>601.4</ele>
      </trkpt>
      <trkpt lat="47.32475" lon="11.69129">
        <ele>600.86</ele>
      </trkpt>
      <trkpt lat="47.32474" lon="11.69119">
        <ele>598.65</ele>
      </trkpt>
      <trkpt lat="47.32463" lon="11.69109">
        <ele>602.12</ele>
      </trkpt>
      <trkpt lat="47.32457" lon="11.69096">
        <ele>601.98</ele>
      </trkpt>
      <trkpt lat="47.32452" lon="11.69081">
        <ele>600.36</ele>
      </trkpt>
      <trkpt lat="47.32451" lon="11.69069">
        <ele>596.64</ele>
      </trkpt>
      <trkpt lat="47.3244" lon="11.69051">
        <ele>595.44</ele>
      </trkpt>
      <trkpt lat="47.32411" lon="11.69021">
        <ele>597.03</ele>
      </trkpt>
      <trkpt lat="47.32397" lon="11.69017">
        <ele>602.1</ele>
      </trkpt>
      <trkpt lat="47.32395" lon="11.69007">
        <ele>599.85</ele>
      </trkpt>
      <trkpt lat="47.32391" lon="11.68993">
        <ele>598.03</ele>
      </trkpt>
      <trkpt lat="47.32387" lon="11.68991">
        <ele>599.66</ele>
      </trkpt>
      <trkpt lat="47.32383" lon="11.6897">
        <ele>597.11</ele>
      </trkpt>
      <trkpt lat="47.32371" lon="11.68945">
        <ele>598.11</ele>
      </trkpt>
      <trkpt lat="47.32362" lon="11.68935">
        <ele>600.34</ele>
      </trkpt>
      <trkpt lat="47.3236" lon="11.68926">
        <ele>599.15</ele>
      </trkpt>
      <trkpt lat="47.32337" lon="11.68882">
        <ele>598.57</ele>
      </trkpt>
      <trkpt lat="47.32326" lon="11.68868">
        <ele>599.09</ele>
      </trkpt>
      <trkpt lat="47.32321" lon="11.68845">
        <ele>595.15</ele>
      </trkpt>
      <trkpt lat="47.32311" lon="11.68823">
        <ele>592.23</ele>
      </trkpt>
      <trkpt lat="47.32294" lon="11.68805">
        <ele>592.27</ele>
      </trkpt>
      <trkpt lat="47.32278" lon="11.68803">
        <ele>596.45</ele>
      </trkpt>
      <trkpt lat="47.32278" lon="11.68771">
        <ele>591.49</ele>
      </trkpt>
      <trkpt lat="47.32271" lon="11.68733">
        <ele>588.28</ele>
      </trkpt>
      <trkpt lat="47.32263" lon="11.68717">
        <ele>589.25</ele>
      </trkpt>
      <trkpt lat="47.32258" lon="11.68711">
        <ele>590.42</ele>
      </trkpt>
      <trkpt lat="47.32251" lon="11.6871">
        <ele>593.17</ele>
      </trkpt>
      <trkpt lat="47.32249" lon="11.68683">
        <ele>588.41</ele>
      </trkpt>
      <trkpt lat="47.32249" lon="11.68665">
        <ele>583.94</ele>
      </trkpt>
      <trkpt lat="47.32246" lon="11.68652">
        <ele>581.08</ele>
      </trkpt>
      <trkpt lat="47.3224" lon="11.68638">
        <ele>578.38</ele>
      </trkpt>
      <trkpt lat="47.3222" lon="11.68624">
        <ele>582.12</ele>
      </trkpt>
      <trkpt lat="47.32213" lon="11.68618">
        <ele>583.61</ele>
      </trkpt>
      <trkpt lat="47.32208" lon="11.68609">
        <ele>583.51</ele>
      </trkpt>
      <trkpt lat="47.32207" lon="11.68602">
        <ele>582.08</ele>
      </trkpt>
      <trkpt lat="47.32206" lon="11.68592">
        <ele>580.03</ele>
      </trkpt>
      <trkpt lat="47.3221" lon="11.68585">
        <ele>576.02</ele>
      </trkpt>
      <trkpt lat="47.32212" lon="11.68578">
        <ele>573.32</ele>
      </trkpt>
      <trkpt lat="47.3221" lon="11.68571">
        <ele>573.07</ele>
      </trkpt>
      <trkpt lat="47.3221" lon="11.68566">
        <ele>572.12</ele>
      </trkpt>
      <trkpt lat="47.32205" lon="11.68557">
        <ele>573.38</ele>
      </trkpt>
      <trkpt lat="47.32206" lon="11.68546">
        <ele>570.9</ele>
      </trkpt>
      <trkpt lat="47.32199" lon="11.68531">
        <ele>572.12</ele>
      </trkpt>
      <trkpt lat="47.32194" lon="11.6851">
        <ele>570.65</ele>
      </trkpt>
      <trkpt lat="47.32186" lon="11.68501">
        <ele>572.21</ele>
      </trkpt>
      <trkpt lat="47.32178" lon="11.68485">
        <ele>570.99</ele>
      </trkpt>
      <trkpt lat="47.32161" lon="11.68463">
        <ele>568.51</ele>
      </trkpt>
      <trkpt lat="47.32158" lon="11.68427">
        <ele>557.94</ele>
      </trkpt>
      <trkpt lat="47.32151" lon="11.68401">
        <ele>555.52</ele>
      </trkpt>
      <trkpt lat="47.32151" lon="11.68384">
        <ele>554.44</ele>
      </trkpt>
      <trkpt lat="47.32137" lon="11.68363">
        <ele>556.41</ele>
      </trkpt>
      <trkpt lat="47.32128" lon="11.68343">
        <ele>556.66</ele>
      </trkpt>
      <trkpt lat="47.32119" lon="11.68321">
        <ele>556.23</ele>
      </trkpt>
      <trkpt lat="47.3211" lon="11.68299">
        <ele>556.38</ele>
      </trkpt>
      <trkpt lat="47.32097" lon="11.68279">
        <ele>557.21</ele>
      </trkpt>
      <trkpt lat="47.32063" lon="11.68237">
        <ele>558.65</ele>
      </trkpt>
      <trkpt lat="47.32047" lon="11.68214">
        <ele>557.83</ele>
      </trkpt>
      <trkpt lat="47.32038" lon="11.68198">
        <ele>556.85</ele>
      </trkpt>
      <trkpt lat="47.3202" lon="11.68162">
        <ele>555.31</ele>
      </trkpt>
      <trkpt lat="47.32006" lon="11.68124">
        <ele>555.75</ele>
      </trkpt>
      <trkpt lat="47.32002" lon="11.68125">
        <ele>556.4</ele>
      </trkpt>
      <trkpt lat="47.31961" lon="11.68094">
        <ele>561.26</ele>
      </trkpt>
      <trkpt lat="47.31925" lon="11.68073">
        <ele>563.64</ele>
      </trkpt>
      <trkpt lat="47.31911" lon="11.68057">
        <ele>564.79</ele>
      </trkpt>
      <trkpt lat="47.3189" lon="11.68021">
        <ele>568.33</ele>
      </trkpt>
      <trkpt lat="47.31872" lon="11.67999">
        <ele>572.83</ele>
      </trkpt>
      <trkpt lat="47.31842" lon="11.67965">
        <ele>578.78</ele>
      </trkpt>
      <trkpt lat="47.31821" lon="11.67931">
        <ele>580.66</ele>
      </trkpt>
      <trkpt lat="47.31757" lon="11.6779">
        <ele>595.03</ele>
      </trkpt>
      <trkpt lat="47.31727" lon="11.6768">
        <ele>606.48</ele>
      </trkpt>
      <trkpt lat="47.3172" lon="11.67664">
        <ele>608.36</ele>
      </trkpt>
      <trkpt lat="47.31713" lon="11.67651">
        <ele>610.1</ele>
      </trkpt>
      <trkpt lat="47.31689" lon="11.67625">
        <ele>617.01</ele>
      </trkpt>
      <trkpt lat="47.3168" lon="11.67613">
        <ele>618.73</ele>
      </trkpt>
      <trkpt lat="47.31669" lon="11.67583">
        <ele>618.16</ele>
      </trkpt>
      <trkpt lat="47.3166" lon="11.67561">
        <ele>618.34</ele>
      </trkpt>
      <trkpt lat="47.31645" lon="11.67539">
        <ele>618.9</ele>
      </trkpt>
      <trkpt lat="47.31634" lon="11.67534">
        <ele>619.57</ele>
      </trkpt>
      <trkpt lat="47.31623" lon="11.67536">
        <ele>621.13</ele>
      </trkpt>
      <trkpt lat="47.31609" lon="11.67542">
        <ele>623.98</ele>
      </trkpt>
      <trkpt lat="47.31585" lon="11.67559">
        <ele>631.69</ele>
      </trkpt>
      <trkpt lat="47.31568" lon="11.67568">
        <ele>636.26</ele>
      </trkpt>
      <trkpt lat="47.31545" lon="11.6757">
        <ele>638.17</ele>
      </trkpt>
      <trkpt lat="47.31462" lon="11.67571">
        <ele>645.94</ele>
      </trkpt>
      <trkpt lat="47.31447" lon="11.67568">
        <ele>647.52</ele>
      </trkpt>
      <trkpt lat="47.31432" lon="11.67564">
        <ele>649.25</ele>
      </trkpt>
      <trkpt lat="47.31405" lon="11.67549">
        <ele>651.7</ele>
      </trkpt>
      <trkpt lat="47.31373" lon="11.67529">
        <ele>655.27</ele>
      </trkpt>
      <trkpt lat="47.3134" lon="11.67512">
        <ele>658.44</ele>
      </trkpt>
      <trkpt lat="47.313" lon="11.67493">
        <ele>659.18</ele>
      </trkpt>
      <trkpt lat="47.31259" lon="11.67474">
        <ele>655.65</ele>
      </trkpt>
      <trkpt lat="47.3125" lon="11.67474">
        <ele>656.81</ele>
      </trkpt>
      <trkpt lat="47.31244" lon="11.67477">
        <ele>658.79</ele>
      </trkpt>
      <trkpt lat="47.31241" lon="11.67484">
        <ele>661.96</ele>
      </trkpt>
      <trkpt lat="47.31241" lon="11.67492">
        <ele>665.19</ele>
      </trkpt>
      <trkpt lat="47.31244" lon="11.675">
        <ele>668.2</ele>
      </trkpt>
      <trkpt lat="47.3125" lon="11.67504">
        <ele>669.51</ele>
      </trkpt>
      <trkpt lat="47.3127" lon="11.67509">
        <ele>669.75</ele>
      </trkpt>
      <trkpt lat="47.31291" lon="11.67521">
        <ele>670.96</ele>
      </trkpt>
      <trkpt lat="47.31307" lon="11.67538">
        <ele>672.98</ele>
      </trkpt>
      <trkpt lat="47.31324" lon="11.67567">
        <ele>676.35</ele>
      </trkpt>
      <trkpt lat="47.31361" lon="11.67632">
        <ele>683.61</ele>
      </trkpt>
      <trkpt lat="47.31372" lon="11.67649">
        <ele>686.26</ele>
      </trkpt>
      <trkpt lat="47.31387" lon="11.67666">
        <ele>689.22</ele>
      </trkpt>
      <trkpt lat="47.31402" lon="11.67677">
        <ele>691.2</ele>
      </trkpt>
      <trkpt lat="47.31419" lon="11.67685">
        <ele>692.38</ele>
      </trkpt>
      <trkpt lat="47.31469" lon="11.677">
        <ele>695.31</ele>
      </trkpt>
      <trkpt lat="47.31482" lon="11.67705">
        <ele>695.99</ele>
      </trkpt>
      <trkpt lat="47.31488" lon="11.6771">
        <ele>697.04</ele>
      </trkpt>
      <trkpt lat="47.31497" lon="11.67717">
        <ele>697.91</ele>
      </trkpt>
      <trkpt lat="47.31504" lon="11.67728">
        <ele>699.88</ele>
      </trkpt>
      <trkpt lat="47.31508" lon="11.67739">
        <ele>702.03</ele>
      </trkpt>
      <trkpt lat="47.31512" lon="11.67756">
        <ele>704.95</ele>
      </trkpt>
      <trkpt lat="47.31513" lon="11.67786">
        <ele>709.49</ele>
      </trkpt>
      <trkpt lat="47.31515" lon="11.67853">
        <ele>715.91</ele>
      </trkpt>
      <trkpt lat="47.31517" lon="11.67873">
        <ele>717.14</ele>
      </trkpt>
      <trkpt lat="47.31521" lon="11.67891">
        <ele>717.64</ele>
      </trkpt>
      <trkpt lat="47.31534" lon="11.67921">
        <ele>717.53</ele>
      </trkpt>
      <trkpt lat="47.31546" lon="11.67948">
        <ele>718.47</ele>
      </trkpt>
      <trkpt lat="47.31552" lon="11.67968">
        <ele>719.59</ele>
      </trkpt>
      <trkpt lat="47.31554" lon="11.67987">
        <ele>720.58</ele>
      </trkpt>
      <trkpt lat="47.31554" lon="11.68009">
        <ele>720.43</ele>
      </trkpt>
      <trkpt lat="47.31552" lon="11.68024">
        <ele>719.93</ele>
      </trkpt>
      <trkpt lat="47.31548" lon="11.68032">
        <ele>720.15</ele>
      </trkpt>
      <trkpt lat="47.3154" lon="11.68036">
        <ele>721.73</ele>
      </trkpt>
      <trkpt lat="47.31532" lon="11.68034">
        <ele>724.0</ele>
      </trkpt>
      <trkpt lat="47.31525" lon="11.68024">
        <ele>726.74</ele>
      </trkpt>
      <trkpt lat="47.31516" lon="11.67997">
        <ele>730.19</ele>
      </trkpt>
      <trkpt lat="47.3151" lon="11.67985">
        <ele>731.34</ele>
      </trkpt>
      <trkpt lat="47.31513" lon="11.67975">
        <ele>729.92</ele>
      </trkpt>
      <trkpt lat="47.31512" lon="11.67966">
        <ele>729.23</ele>
      </trkpt>
      <trkpt lat="47.31505" lon="11.67954">
        <ele>729.36</ele>
      </trkpt>
      <trkpt lat="47.31491" lon="11.67936">
        <ele>730.18</ele>
      </trkpt>
      <trkpt lat="47.31485" lon="11.67923">
        <ele>729.87</ele>
      </trkpt>
      <trkpt lat="47.31482" lon="11.67899">
        <ele>728.61</ele>
      </trkpt>
      <trkpt lat="47.31476" lon="11.67876">
        <ele>728.33</ele>
      </trkpt>
      <trkpt lat="47.31467" lon="11.67854">
        <ele>727.88</ele>
      </trkpt>
      <trkpt lat="47.31456" lon="11.67838">
        <ele>727.07</ele>
      </trkpt>
      <trkpt lat="47.31442" lon="11.67825">
        <ele>726.42</ele>
      </trkpt>
      <trkpt lat="47.31429" lon="11.67815">
        <ele>726.83</ele>
      </trkpt>
      <trkpt lat="47.31399" lon="11.67798">
        <ele>731.86</ele>
      </trkpt>
      <trkpt lat="47.3139" lon="11.67798">
        <ele>734.27</ele>
      </trkpt>
      <trkpt lat="47.31292" lon="11.67725">
        <ele>742.46</ele>
      </trkpt>
      <trkpt lat="47.31229" lon="11.67751">
        <ele>771.26</ele>
      </trkpt>
      <trkpt lat="47.31187" lon="11.67736">
        <ele>766.28</ele>
      </trkpt>
      <trkpt lat="47.31147" lon="11.67753">
        <ele>780.96</ele>
      </trkpt>
      <trkpt lat="47.31097" lon="11.6773">
        <ele>792.26</ele>
      </trkpt>
      <trkpt lat="47.31089" lon="11.67728">
        <ele>793.45</ele>
      </trkpt>
      <trkpt lat="47.31081" lon="11.67727">
        <ele>794.35</ele>
      </trkpt>
      <trkpt lat="47.31072" lon="11.67729">
        <ele>796.04</ele>
      </trkpt>
      <trkpt lat="47.31061" lon="11.67734">
        <ele>798.28</ele>
      </trkpt>
      <trkpt lat="47.31054" lon="11.67734">
        <ele>797.89</ele>
      </trkpt>
      <trkpt lat="47.31044" lon="11.67729">
        <ele>794.77</ele>
      </trkpt>
      <trkpt lat="47.30953" lon="11.67718">
        <ele>785.9</ele>
      </trkpt>
      <trkpt lat="47.30889" lon="11.67707">
        <ele>780.58</ele>
      </trkpt>
      <trkpt lat="47.30827" lon="11.67694">
        <ele>774.73</ele>
      </trkpt>
      <trkpt lat="47.30814" lon="11.67689">
        <ele>773.39</ele>
      </trkpt>
      <trkpt lat="47.30804" lon="11.67688">
        <ele>773.22</ele>
      </trkpt>
      <trkpt lat="47.30784" lon="11.67691">
        <ele>773.91</ele>
      </trkpt>
      <trkpt lat="47.30782" lon="11.67689">
        <ele>774.0</ele>
      </trkpt>
      <trkpt lat="47.3078" lon="11.67685">
        <ele>774.15</ele>
      </trkpt>
      <trkpt lat="47.3078" lon="11.67645">
        <ele>773.65</ele>
      </trkpt>
      <trkpt lat="47.30782" lon="11.67638">
        <ele>773.01</ele>
      </trkpt>
      <trkpt lat="47.30787" lon="11.67634">
        <ele>771.4</ele>
      </trkpt>
      <trkpt lat="47.30801" lon="11.6762">
        <ele>766.21</ele>
      </trkpt>
      <trkpt lat="47.30815" lon="11.67601">
        <ele>760.08</ele>
      </trkpt>
      <trkpt lat="47.30818" lon="11.67585">
        <ele>758.8</ele>
      </trkpt>
      <trkpt lat="47.30819" lon="11.67574">
        <ele>759.19</ele>
      </trkpt>
      <trkpt lat="47.30832" lon="11.67539">
        <ele>760.13</ele>
      </trkpt>
      <trkpt lat="47.30842" lon="11.67506">
        <ele>762.93</ele>
      </trkpt>
      <trkpt lat="47.30856" lon="11.67485">
        <ele>759.86</ele>
      </trkpt>
      <trkpt lat="47.30882" lon="11.67426">
        <ele>759.67</ele>
      </trkpt>
      <trkpt lat="47.30897" lon="11.67407">
        <ele>759.46</ele>
      </trkpt>
      <trkpt lat="47.30919" lon="11.67374">
        <ele>765.72</ele>
      </trkpt>
      <trkpt lat="47.30934" lon="11.67358">
        <ele>768.01</ele>
      </trkpt>
      <trkpt lat="47.30941" lon="11.67349">
        <ele>768.94</ele>
      </trkpt>
      <trkpt lat="47.3094" lon="11.67341">
        <ele>770.25</ele>
      </trkpt>
      <trkpt lat="47.30926" lon="11.67325">
        <ele>771.35</ele>
      </trkpt>
      <trkpt lat="47.3091" lon="11.67311">
        <ele>769.5</ele>
      </trkpt>
      <trkpt lat="47.30879" lon="11.67301">
        <ele>770.39</ele>
      </trkpt>
      <trkpt lat="47.30836" lon="11.67289">
        <ele>773.89</ele>
      </trkpt>
      <trkpt lat="47.3081" lon="11.67274">
        <ele>773.24</ele>
      </trkpt>
      <trkpt lat="47.30795" lon="11.67268">
        <ele>773.75</ele>
      </trkpt>
      <trkpt lat="47.30777" lon="11.67266">
        <ele>776.73</ele>
      </trkpt>
      <trkpt lat="47.30769" lon="11.67262">
        <ele>777.05</ele>
      </trkpt>
      <trkpt lat="47.30735" lon="11.67221">
        <ele>773.7</ele>
      </trkpt>
      <trkpt lat="47.30716" lon="11.67208">
        <ele>777.05</ele>
      </trkpt>
      <trkpt lat="47.30609" lon="11.67091">
        <ele>783.27</ele>
      </trkpt>
      <trkpt lat="47.30565" lon="11.67058">
        <ele>791.63</ele>
      </trkpt>
      <trkpt lat="47.30555" lon="11.67053">
        <ele>794.56</ele>
      </trkpt>
      <trkpt lat="47.30552" lon="11.67047">
        <ele>795.55</ele>
      </trkpt>
      <trkpt lat="47.30552" lon="11.67039">
        <ele>795.71</ele>
      </trkpt>
      <trkpt lat="47.30556" lon="11.67027">
        <ele>794.22</ele>
      </trkpt>
      <trkpt lat="47.30563" lon="11.66983">
        <ele>794.49</ele>
      </trkpt>
      <trkpt lat="47.30569" lon="11.66947">
        <ele>800.45</ele>
      </trkpt>
      <trkpt lat="47.30576" lon="11.66924">
        <ele>802.01</ele>
      </trkpt>
      <trkpt lat="47.3059" lon="11.66884">
        <ele>802.57</ele>
      </trkpt>
      <trkpt lat="47.30604" lon="11.66852">
        <ele>802.6</ele>
      </trkpt>
      <trkpt lat="47.30604" lon="11.66845">
        <ele>803.18</ele>
      </trkpt>
      <trkpt lat="47.30601" lon="11.66836">
        <ele>804.14</ele>
      </trkpt>
      <trkpt lat="47.30559" lon="11.66809">
        <ele>813.44</ele>
      </trkpt>
      <trkpt lat="47.30535" lon="11.66796">
        <ele>819.33</ele>
      </trkpt>
      <trkpt lat="47.30512" lon="11.6677">
        <ele>820.46</ele>
      </trkpt>
      <trkpt lat="47.30483" lon="11.66731">
        <ele>824.68</ele>
      </trkpt>
      <trkpt lat="47.30456" lon="11.66689">
        <ele>830.76</ele>
      </trkpt>
      <trkpt lat="47.3042" lon="11.66645">
        <ele>835.97</ele>
      </trkpt>
      <trkpt lat="47.30383" lon="11.66608">
        <ele>833.54</ele>
      </trkpt>
      <trkpt lat="47.30372" lon="11.66597">
        <ele>832.98</ele>
      </trkpt>
      <trkpt lat="47.30364" lon="11.66595">
        <ele>834.57</ele>
      </trkpt>
      <trkpt lat="47.30356" lon="11.66596">
        <ele>836.97</ele>
      </trkpt>
      <trkpt lat="47.3035" lon="11.66601">
        <ele>839.81</ele>
      </trkpt>
      <trkpt lat="47.30348" lon="11.66611">
        <ele>842.71</ele>
      </trkpt>
      <trkpt lat="47.3035" lon="11.66657">
        <ele>851.36</ele>
      </trkpt>
      <trkpt lat="47.30346" lon="11.66647">
        <ele>849.99</ele>
      </trkpt>
      <trkpt lat="47.30338" lon="11.66631">
        <ele>848.4</ele>
      </trkpt>
      <trkpt lat="47.30324" lon="11.66615">
        <ele>848.2</ele>
      </trkpt>
      <trkpt lat="47.30313" lon="11.66597">
        <ele>846.86</ele>
      </trkpt>
      <trkpt lat="47.30301" lon="11.6657">
        <ele>841.72</ele>
      </trkpt>
      <trkpt lat="47.30274" lon="11.66519">
        <ele>828.11</ele>
      </trkpt>
      <trkpt lat="47.30268" lon="11.66505">
        <ele>825.39</ele>
      </trkpt>
      <trkpt lat="47.30261" lon="11.66473">
        <ele>819.66</ele>
      </trkpt>
      <trkpt lat="47.30257" lon="11.66447">
        <ele>815.38</ele>
      </trkpt>
      <trkpt lat="47.30257" lon="11.66424">
        <ele>811.56</ele>
      </trkpt>
      <trkpt lat="47.30232" lon="11.6642">
        <ele>818.0</ele>
      </trkpt>
      <trkpt lat="47.30222" lon="11.66417">
        <ele>821.51</ele>
      </trkpt>
      <trkpt lat="47.30217" lon="11.6641">
        <ele>822.75</ele>
      </trkpt>
      <trkpt lat="47.30216" lon="11.66401">
        <ele>822.2</ele>
      </trkpt>
      <trkpt lat="47.30216" lon="11.66391">
        <ele>821.24</ele>
      </trkpt>
      <trkpt lat="47.3022" lon="11.66371">
        <ele>817.81</ele>
      </trkpt>
      <trkpt lat="47.3022" lon="11.66365">
        <ele>817.35</ele>
      </trkpt>
      <trkpt lat="47.30218" lon="11.66358">
        <ele>817.68</ele>
      </trkpt>
      <trkpt lat="47.30194" lon="11.66303">
        <ele>823.76</ele>
      </trkpt>
      <trkpt lat="47.30188" lon="11.66296">
        <ele>825.54</ele>
      </trkpt>
      <trkpt lat="47.30181" lon="11.66292">
        <ele>827.66</ele>
      </trkpt>
      <trkpt lat="47.30164" lon="11.66292">
        <ele>832.37</ele>
      </trkpt>
      <trkpt lat="47.30086" lon="11.66295">
        <ele>840.79</ele>
      </trkpt>
      <trkpt lat="47.30075" lon="11.663">
        <ele>841.6</ele>
      </trkpt>
      <trkpt lat="47.30068" lon="11.66307">
        <ele>842.2</ele>
      </trkpt>
      <trkpt lat="47.30036" lon="11.66356">
        <ele>846.18</ele>
      </trkpt>
      <trkpt lat="47.30021" lon="11.66382">
        <ele>847.9</ele>
      </trkpt>
      <trkpt lat="47.30014" lon="11.66397">
        <ele>848.91</ele>
      </trkpt>
      <trkpt lat="47.29999" lon="11.66457">
        <ele>854.53</ele>
      </trkpt>
      <trkpt lat="47.29992" lon="11.66478">
        <ele>857.07</ele>
      </trkpt>
      <trkpt lat="47.29983" lon="11.66496">
        <ele>859.45</ele>
      </trkpt>
      <trkpt lat="47.29973" lon="11.66512">
        <ele>861.67</ele>
      </trkpt>
      <trkpt lat="47.29962" lon="11.66525">
        <ele>863.87</ele>
      </trkpt>
      <trkpt lat="47.29865" lon="11.66609">
        <ele>879.99</ele>
      </trkpt>
      <trkpt lat="47.29843" lon="11.66581">
        <ele>879.21</ele>
      </trkpt>
      <trkpt lat="47.29832" lon="11.6656">
        <ele>879.24</ele>
      </trkpt>
      <trkpt lat="47.29813" lon="11.66538">
        <ele>880.63</ele>
      </trkpt>
      <trkpt lat="47.29807" lon="11.66528">
        <ele>881.04</ele>
      </trkpt>
      <trkpt lat="47.29795" lon="11.66487">
        <ele>880.35</ele>
      </trkpt>
      <trkpt lat="47.29792" lon="11.66474">
        <ele>879.62</ele>
      </trkpt>
      <trkpt lat="47.29761" lon="11.66438">
        <ele>878.41</ele>
      </trkpt>
      <trkpt lat="47.29745" lon="11.66422">
        <ele>877.7</ele>
      </trkpt>
      <trkpt lat="47.29732" lon="11.66414">
        <ele>877.42</ele>
      </trkpt>
      <trkpt lat="47.29718" lon="11.66407">
        <ele>877.04</ele>
      </trkpt>
      <trkpt lat="47.29703" lon="11.66404">
        <ele>876.89</ele>
      </trkpt>
      <trkpt lat="47.29682" lon="11.66403">
        <ele>877.12</ele>
      </trkpt>
      <trkpt lat="47.29667" lon="11.66401">
        <ele>877.62</ele>
      </trkpt>
      <trkpt lat="47.29654" lon="11.66396">
        <ele>878.14</ele>
      </trkpt>
      <trkpt lat="47.29642" lon="11.66383">
        <ele>878.02</ele>
      </trkpt>
      <trkpt lat="47.29593" lon="11.66321">
        <ele>877.85</ele>
      </trkpt>
      <trkpt lat="47.29586" lon="11.66309">
        <ele>877.75</ele>
      </trkpt>
      <trkpt lat="47.29563" lon="11.66267">
        <ele>878.09</ele>
      </trkpt>
      <trkpt lat="47.29548" lon="11.66243">
        <ele>878.89</ele>
      </trkpt>
      <trkpt lat="47.2953" lon="11.66222">
        <ele>879.57</ele>
      </trkpt>
      <trkpt lat="47.29492" lon="11.66187">
        <ele>877.83</ele>
      </trkpt>
      <trkpt lat="47.29481" lon="11.66173">
        <ele>876.49</ele>
      </trkpt>
      <trkpt lat="47.29464" lon="11.66144">
        <ele>874.55</ele>
      </trkpt>
      <trkpt lat="47.29446" lon="11.66118">
        <ele>874.83</ele>
      </trkpt>
      <trkpt lat="47.29437" lon="11.66101">
        <ele>875.22</ele>
      </trkpt>
      <trkpt lat="47.29422" lon="11.66078">
        <ele>875.99</ele>
      </trkpt>
      <trkpt lat="47.29411" lon="11.66071">
        <ele>876.64</ele>
      </trkpt>
      <trkpt lat="47.29399" lon="11.66067">
        <ele>877.19</ele>
      </trkpt>
      <trkpt lat="47.29368" lon="11.66069">
        <ele>878.46</ele>
      </trkpt>
      <trkpt lat="47.2936" lon="11.66071">
        <ele>878.81</ele>
      </trkpt>
      <trkpt lat="47.29323" lon="11.6607">
        <ele>880.36</ele>
      </trkpt>
      <trkpt lat="47.29316" lon="11.66072">
        <ele>880.98</ele>
      </trkpt>
      <trkpt lat="47.29291" lon="11.6604">
        <ele>879.22</ele>
      </trkpt>
      <trkpt lat="47.29275" lon="11.66011">
        <ele>876.63</ele>
      </trkpt>
      <trkpt lat="47.2926" lon="11.65979">
        <ele>872.7</ele>
      </trkpt>
      <trkpt lat="47.29204" lon="11.65899">
        <ele>863.76</ele>
      </trkpt>
      <trkpt lat="47.29195" lon="11.65889">
        <ele>862.98</ele>
      </trkpt>
      <trkpt lat="47.29184" lon="11.65879">
        <ele>862.4</ele>
      </trkpt>
      <trkpt lat="47.29147" lon="11.65868">
        <ele>861.91</ele>
      </trkpt>
      <trkpt lat="47.29134" lon="11.65862">
        <ele>860.81</ele>
      </trkpt>
      <trkpt lat="47.29094" lon="11.65832">
        <ele>854.98</ele>
      </trkpt>
      <trkpt lat="47.29038" lon="11.65809">
        <ele>852.77</ele>
      </trkpt>
      <trkpt lat="47.29023" lon="11.65807">
        <ele>852.79</ele>
      </trkpt>
      <trkpt lat="47.29011" lon="11.65809">
        <ele>853.15</ele>
      </trkpt>
      <trkpt lat="47.28999" lon="11.65813">
        <ele>853.77</ele>
      </trkpt>
      <trkpt lat="47.28982" lon="11.65823">
        <ele>855.33</ele>
      </trkpt>
      <trkpt lat="47.2897" lon="11.65826">
        <ele>856.19</ele>
      </trkpt>
      <trkpt lat="47.28958" lon="11.65828">
        <ele>856.97</ele>
      </trkpt>
      <trkpt lat="47.28915" lon="11.65829">
        <ele>858.49</ele>
      </trkpt>
      <trkpt lat="47.28848" lon="11.65835">
        <ele>858.66</ele>
      </trkpt>
      <trkpt lat="47.288" lon="11.65811">
        <ele>854.25</ele>
      </trkpt>
      <trkpt lat="47.28788" lon="11.65805">
        <ele>852.82</ele>
      </trkpt>
      <trkpt lat="47.28787" lon="11.65762">
        <ele>848.3</ele>
      </trkpt>
      <trkpt lat="47.28792" lon="11.65753">
        <ele>847.72</ele>
      </trkpt>
      <trkpt lat="47.28797" lon="11.65725">
        <ele>843.96</ele>
      </trkpt>
      <trkpt lat="47.28806" lon="11.65704">
        <ele>840.88</ele>
      </trkpt>
      <trkpt lat="47.28818" lon="11.65691">
        <ele>838.74</ele>
      </trkpt>
      <trkpt lat="47.28833" lon="11.65684">
        <ele>837.39</ele>
      </trkpt>
      <trkpt lat="47.28856" lon="11.65675">
        <ele>834.33</ele>
      </trkpt>
      <trkpt lat="47.28867" lon="11.65676">
        <ele>833.77</ele>
      </trkpt>
      <trkpt lat="47.28875" lon="11.65682">
        <ele>834.76</ele>
      </trkpt>
      <trkpt lat="47.28881" lon="11.65691">
        <ele>836.77</ele>
      </trkpt>
      <trkpt lat="47.28885" lon="11.65693">
        <ele>836.97</ele>
      </trkpt>
      <trkpt lat="47.28887" lon="11.6569">
        <ele>835.92</ele>
      </trkpt>
      <trkpt lat="47.28894" lon="11.65653">
        <ele>823.17</ele>
      </trkpt>
      <trkpt lat="47.28901" lon="11.65641">
        <ele>817.37</ele>
      </trkpt>
      <trkpt lat="47.28925" lon="11.65611">
        <ele>800.59</ele>
      </trkpt>
      <trkpt lat="47.28932" lon="11.65595">
        <ele>793.07</ele>
      </trkpt>
      <trkpt lat="47.28938" lon="11.65574">
        <ele>785.18</ele>
      </trkpt>
      <trkpt lat="47.28932" lon="11.65554">
        <ele>780.99</ele>
      </trkpt>
      <trkpt lat="47.2893" lon="11.65538">
        <ele>777.77</ele>
      </trkpt>
      <trkpt lat="47.28939" lon="11.65534">
        <ele>775.61</ele>
      </trkpt>
      <trkpt lat="47.28953" lon="11.65536">
        <ele>774.02</ele>
      </trkpt>
      <trkpt lat="47.28961" lon="11.65541">
        <ele>774.09</ele>
      </trkpt>
      <trkpt lat="47.28968" lon="11.65554">
        <ele>776.47</ele>
      </trkpt>
      <trkpt lat="47.28974" lon="11.65555">
        <ele>776.12</ele>
      </trkpt>
      <trkpt lat="47.28981" lon="11.65553">
        <ele>774.93</ele>
      </trkpt>
      <trkpt lat="47.28995" lon="11.65544">
        <ele>771.33</ele>
      </trkpt>
      <trkpt lat="47.29008" lon="11.65539">
        <ele>769.23</ele>
      </trkpt>
      <trkpt lat="47.29024" lon="11.65538">
        <ele>768.44</ele>
      </trkpt>
      <trkpt lat="47.29038" lon="11.65546">
        <ele>770.84</ele>
      </trkpt>
      <trkpt lat="47.29044" lon="11.65547">
        <ele>771.25</ele>
      </trkpt>
      <trkpt lat="47.29048" lon="11.65544">
        <ele>770.4</ele>
      </trkpt>
      <trkpt lat="47.29039" lon="11.65535">
        <ele>767.39</ele>
      </trkpt>
      <trkpt lat="47.29035" lon="11.65523">
        <ele>763.65</ele>
      </trkpt>
      <trkpt lat="47.29035" lon="11.65489">
        <ele>753.53</ele>
      </trkpt>
      <trkpt lat="47.29033" lon="11.65453">
        <ele>744.01</ele>
      </trkpt>
      <trkpt lat="47.29026" lon="11.65442">
        <ele>740.79</ele>
      </trkpt>
      <trkpt lat="47.29033" lon="11.65436">
        <ele>739.18</ele>
      </trkpt>
      <trkpt lat="47.29034" lon="11.65434">
        <ele>738.59</ele>
      </trkpt>
      <trkpt lat="47.29034" lon="11.65431">
        <ele>737.67</ele>
      </trkpt>
      <trkpt lat="47.29025" lon="11.65417">
        <ele>732.6</ele>
      </trkpt>
      <trkpt lat="47.29011" lon="11.65412">
        <ele>729.92</ele>
      </trkpt>
      <trkpt lat="47.29012" lon="11.654">
        <ele>724.13</ele>
      </trkpt>
      <trkpt lat="47.29025" lon="11.65395">
        <ele>722.04</ele>
      </trkpt>
      <trkpt lat="47.29009" lon="11.65384">
        <ele>714.91</ele>
      </trkpt>
      <trkpt lat="47.29022" lon="11.65382">
        <ele>714.32</ele>
      </trkpt>
      <trkpt lat="47.29006" lon="11.65368">
        <ele>706.04</ele>
      </trkpt>
      <trkpt lat="47.29012" lon="11.65354">
        <ele>699.85</ele>
      </trkpt>
      <trkpt lat="47.29016" lon="11.65346">
        <ele>697.4</ele>
      </trkpt>
      <trkpt lat="47.2903" lon="11.65339">
        <ele>696.48</ele>
      </trkpt>
      <trkpt lat="47.29036" lon="11.6534">
        <ele>697.06</ele>
      </trkpt>
      <trkpt lat="47.29039" lon="11.65347">
        <ele>698.96</ele>
      </trkpt>
      <trkpt lat="47.29043" lon="11.65326">
        <ele>697.01</ele>
      </trkpt>
      <trkpt lat="47.29052" lon="11.65321">
        <ele>698.1</ele>
      </trkpt>
      <trkpt lat="47.2905" lon="11.65314">
        <ele>699.08</ele>
      </trkpt>
      <trkpt lat="47.29056" lon="11.65289">
        <ele>705.93</ele>
      </trkpt>
      <trkpt lat="47.29066" lon="11.65245">
        <ele>716.71</ele>
      </trkpt>
      <trkpt lat="47.29066" lon="11.65228">
        <ele>721.36</ele>
      </trkpt>
      <trkpt lat="47.29128" lon="11.65157">
        <ele>724.7</ele>
      </trkpt>
      <trkpt lat="47.29171" lon="11.65149">
        <ele>721.32</ele>
      </trkpt>
      <trkpt lat="47.29208" lon="11.65149">
        <ele>720.93</ele>
      </trkpt>
      <trkpt lat="47.29223" lon="11.65149">
        <ele>720.9</ele>
      </trkpt>
      <trkpt lat="47.29238" lon="11.65144">
        <ele>722.62</ele>
      </trkpt>
      <trkpt lat="47.29277" lon="11.65118">
        <ele>725.97</ele>
      </trkpt>
      <trkpt lat="47.29327" lon="11.65058">
        <ele>726.3</ele>
      </trkpt>
      <trkpt lat="47.29354" lon="11.65006">
        <ele>727.03</ele>
      </trkpt>
      <trkpt lat="47.29371" lon="11.6496">
        <ele>718.53</ele>
      </trkpt>
      <trkpt lat="47.29389" lon="11.64889">
        <ele>724.41</ele>
      </trkpt>
      <trkpt lat="47.29428" lon="11.64835">
        <ele>721.77</ele>
      </trkpt>
      <trkpt lat="47.29439" lon="11.64812">
        <ele>717.51</ele>
      </trkpt>
      <trkpt lat="47.29439" lon="11.64791">
        <ele>713.69</ele>
      </trkpt>
      <trkpt lat="47.29428" lon="11.6477">
        <ele>711.81</ele>
      </trkpt>
      <trkpt lat="47.29408" lon="11.64747">
        <ele>712.56</ele>
      </trkpt>
      <trkpt lat="47.29359" lon="11.64727">
        <ele>719.03</ele>
      </trkpt>
      <trkpt lat="47.29347" lon="11.64716">
        <ele>719.15</ele>
      </trkpt>
      <trkpt lat="47.29341" lon="11.64702">
        <ele>717.96</ele>
      </trkpt>
      <trkpt lat="47.29341" lon="11.64671">
        <ele>715.3</ele>
      </trkpt>
      <trkpt lat="47.2935" lon="11.64669">
        <ele>714.24</ele>
      </trkpt>
      <trkpt lat="47.29351" lon="11.64669">
        <ele>714.12</ele>
      </trkpt>
      <trkpt lat="47.29372" lon="11.64652">
        <ele>710.84</ele>
      </trkpt>
      <trkpt lat="47.29429" lon="11.64599">
        <ele>699.68</ele>
      </trkpt>
      <trkpt lat="47.29453" lon="11.64555">
        <ele>704.49</ele>
      </trkpt>
      <trkpt lat="47.29461" lon="11.64545">
        <ele>703.1</ele>
      </trkpt>
      <trkpt lat="47.29472" lon="11.64538">
        <ele>700.0</ele>
      </trkpt>
      <trkpt lat="47.29481" lon="11.64535">
        <ele>697.26</ele>
      </trkpt>
      <trkpt lat="47.29493" lon="11.64534">
        <ele>694.43</ele>
      </trkpt>
      <trkpt lat="47.29504" lon="11.64537">
        <ele>693.9</ele>
      </trkpt>
      <trkpt lat="47.29552" lon="11.64491">
        <ele>681.76</ele>
      </trkpt>
      <trkpt lat="47.29585" lon="11.6442">
        <ele>670.36</ele>
      </trkpt>
      <trkpt lat="47.2958" lon="11.64403">
        <ele>672.89</ele>
      </trkpt>
      <trkpt lat="47.29558" lon="11.64407">
        <ele>680.72</ele>
      </trkpt>
      <trkpt lat="47.29551" lon="11.64396">
        <ele>683.64</ele>
      </trkpt>
      <trkpt lat="47.29579" lon="11.64382">
        <ele>675.67</ele>
      </trkpt>
      <trkpt lat="47.29632" lon="11.6438">
        <ele>656.51</ele>
      </trkpt>
      <trkpt lat="47.29663" lon="11.64363">
        <ele>655.32</ele>
      </trkpt>
      <trkpt lat="47.29673" lon="11.6436">
        <ele>655.83</ele>
      </trkpt>
      <trkpt lat="47.29681" lon="11.64371">
        <ele>652.07</ele>
      </trkpt>
      <trkpt lat="47.29689" lon="11.64403">
        <ele>641.4</ele>
      </trkpt>
      <trkpt lat="47.2971" lon="11.64412">
        <ele>645.69</ele>
      </trkpt>
      <trkpt lat="47.29734" lon="11.6441">
        <ele>652.8</ele>
      </trkpt>
      <trkpt lat="47.2975" lon="11.6439">
        <ele>657.2</ele>
      </trkpt>
      <trkpt lat="47.29756" lon="11.64338">
        <ele>662.63</ele>
      </trkpt>
      <trkpt lat="47.29771" lon="11.64307">
        <ele>657.57</ele>
      </trkpt>
      <trkpt lat="47.2978" lon="11.64302">
        <ele>653.93</ele>
      </trkpt>
      <trkpt lat="47.29792" lon="11.64306">
        <ele>647.47</ele>
      </trkpt>
      <trkpt lat="47.29848" lon="11.64289">
        <ele>631.28</ele>
      </trkpt>
      <trkpt lat="47.29896" lon="11.6429">
        <ele>616.58</ele>
      </trkpt>
      <trkpt lat="47.29921" lon="11.64274">
        <ele>613.71</ele>
      </trkpt>
      <trkpt lat="47.29951" lon="11.64197">
        <ele>612.69</ele>
      </trkpt>
      <trkpt lat="47.29975" lon="11.64179">
        <ele>609.34</ele>
      </trkpt>
      <trkpt lat="47.30001" lon="11.64177">
        <ele>603.32</ele>
      </trkpt>
      <trkpt lat="47.3002" lon="11.64161">
        <ele>601.17</ele>
      </trkpt>
      <trkpt lat="47.30033" lon="11.64158">
        <ele>597.36</ele>
      </trkpt>
      <trkpt lat="47.30051" lon="11.64168">
        <ele>590.93</ele>
      </trkpt>
      <trkpt lat="47.30097" lon="11.6418">
        <ele>577.15</ele>
      </trkpt>
      <trkpt lat="47.30107" lon="11.64176">
        <ele>575.45</ele>
      </trkpt>
      <trkpt lat="47.301" lon="11.64163">
        <ele>578.05</ele>
      </trkpt>
      <trkpt lat="47.30115" lon="11.64166">
        <ele>574.38</ele>
      </trkpt>
      <trkpt lat="47.3013" lon="11.64165">
        <ele>571.12</ele>
      </trkpt>
      <trkpt lat="47.30155" lon="11.64153">
        <ele>566.93</ele>
      </trkpt>
      <trkpt lat="47.30174" lon="11.6415">
        <ele>564.7</ele>
      </trkpt>
      <trkpt lat="47.30196" lon="11.64132">
        <ele>563.82</ele>
      </trkpt>
      <trkpt lat="47.30192" lon="11.64124">
        <ele>564.37</ele>
      </trkpt>
      <trkpt lat="47.30185" lon="11.64101">
        <ele>565.87</ele>
      </trkpt>
      <trkpt lat="47.30183" lon="11.6407">
        <ele>566.68</ele>
      </trkpt>
      <trkpt lat="47.3018" lon="11.64032">
        <ele>566.78</ele>
      </trkpt>
      <trkpt lat="47.30176" lon="11.63995">
        <ele>566.48</ele>
      </trkpt>
      <trkpt lat="47.30168" lon="11.63875">
        <ele>563.91</ele>
      </trkpt>
      <trkpt lat="47.30164" lon="11.63762">
        <ele>562.22</ele>
      </trkpt>
      <trkpt lat="47.30155" lon="11.63681">
        <ele>560.43</ele>
      </trkpt>
      <trkpt lat="47.30088" lon="11.63321">
        <ele>553.71</ele>
      </trkpt>
      <trkpt lat="47.30084" lon="11.63305">
        <ele>553.42</ele>
      </trkpt>
      <trkpt lat="47.30047" lon="11.63189">
        <ele>551.13</ele>
      </trkpt>
      <trkpt lat="47.30041" lon="11.63146">
        <ele>550.83</ele>
      </trkpt>
      <trkpt lat="47.30033" lon="11.63117">
        <ele>551.38</ele>
      </trkpt>
      <trkpt lat="47.30024" lon="11.63098">
        <ele>551.96</ele>
      </trkpt>
      <trkpt lat="47.30022" lon="11.63085">
        <ele>552.04</ele>
      </trkpt>
      <trkpt lat="47.30022" lon="11.63073">
        <ele>551.96</ele>
      </trkpt>
      <trkpt lat="47.30012" lon="11.63071">
        <ele>552.36</ele>
      </trkpt>
      <trkpt lat="47.29975" lon="11.63088">
        <ele>553.81</ele>
      </trkpt>
      <trkpt lat="47.29958" lon="11.63091">
        <ele>554.23</ele>
      </trkpt>
      <trkpt lat="47.29923" lon="11.63109">
        <ele>555.1</ele>
      </trkpt>
      <trkpt lat="47.29893" lon="11.63008">
        <ele>550.82</ele>
      </trkpt>
      <trkpt lat="47.29878" lon="11.62954">
        <ele>549.85</ele>
      </trkpt>
      <trkpt lat="47.29874" lon="11.62941">
        <ele>549.98</ele>
      </trkpt>
      <trkpt lat="47.29847" lon="11.62861">
        <ele>551.4</ele>
      </trkpt>
      <trkpt lat="47.29824" lon="11.62794">
        <ele>551.61</ele>
      </trkpt>
      <trkpt lat="47.2977" lon="11.62705">
        <ele>552.74</ele>
      </trkpt>
      <trkpt lat="47.29759" lon="11.62686">
        <ele>553.28</ele>
      </trkpt>
      <trkpt lat="47.29734" lon="11.6258">
        <ele>556.0</ele>
      </trkpt>
      <trkpt lat="47.29709" lon="11.62482">
        <ele>558.25</ele>
      </trkpt>
      <trkpt lat="47.2968" lon="11.62382">
        <ele>559.55</ele>
      </trkpt>
      <trkpt lat="47.29637" lon="11.62288">
        <ele>566.44</ele>
      </trkpt>
      <trkpt lat="47.29631" lon="11.62261">
        <ele>567.97</ele>
      </trkpt>
      <trkpt lat="47.2963" lon="11.62221">
        <ele>569.1</ele>
      </trkpt>
      <trkpt lat="47.29626" lon="11.62194">
        <ele>570.93</ele>
      </trkpt>
      <trkpt lat="47.29614" lon="11.6217">
        <ele>573.75</ele>
      </trkpt>
      <trkpt lat="47.29598" lon="11.6215">
        <ele>576.3</ele>
      </trkpt>
      <trkpt lat="47.29587" lon="11.6213">
        <ele>577.01</ele>
      </trkpt>
      <trkpt lat="47.29582" lon="11.62121">
        <ele>577.22</ele>
      </trkpt>
      <trkpt lat="47.29578" lon="11.62102">
        <ele>576.34</ele>
      </trkpt>
      <trkpt lat="47.29575" lon="11.62089">
        <ele>575.94</ele>
      </trkpt>
      <trkpt lat="47.29575" lon="11.6208">
        <ele>575.41</ele>
      </trkpt>
      <trkpt lat="47.29576" lon="11.62069">
        <ele>574.69</ele>
      </trkpt>
      <trkpt lat="47.29578" lon="11.62054">
        <ele>573.73</ele>
      </trkpt>
      <trkpt lat="47.29585" lon="11.62031">
        <ele>571.78</ele>
      </trkpt>
      <trkpt lat="47.29591" lon="11.62001">
        <ele>569.88</ele>
      </trkpt>
      <trkpt lat="47.29606" lon="11.6187">
        <ele>560.74</ele>
      </trkpt>
      <trkpt lat="47.29608" lon="11.61823">
        <ele>558.31</ele>
      </trkpt>
      <trkpt lat="47.29599" lon="11.61817">
        <ele>559.42</ele>
      </trkpt>
      <trkpt lat="47.29578" lon="11.61767">
        <ele>562.8</ele>
      </trkpt>
      <trkpt lat="47.29548" lon="11.61714">
        <ele>565.36</ele>
      </trkpt>
      <trkpt lat="47.29539" lon="11.61648">
        <ele>563.45</ele>
      </trkpt>
      <trkpt lat="47.29521" lon="11.61585">
        <ele>562.45</ele>
      </trkpt>
      <trkpt lat="47.29488" lon="11.61508">
        <ele>562.38</ele>
      </trkpt>
      <trkpt lat="47.2948" lon="11.61465">
        <ele>561.67</ele>
      </trkpt>
      <trkpt lat="47.29477" lon="11.61451">
        <ele>561.6</ele>
      </trkpt>
      <trkpt lat="47.29475" lon="11.61422">
        <ele>560.67</ele>
      </trkpt>
      <trkpt lat="47.29465" lon="11.61402">
        <ele>561.75</ele>
      </trkpt>
      <trkpt lat="47.29455" lon="11.61394">
        <ele>563.3</ele>
      </trkpt>
      <trkpt lat="47.29447" lon="11.61373">
        <ele>563.21</ele>
      </trkpt>
      <trkpt lat="47.29428" lon="11.61326">
        <ele>562.62</ele>
      </trkpt>
      <trkpt lat="47.29396" lon="11.61224">
        <ele>563.44</ele>
      </trkpt>
      <trkpt lat="47.29382" lon="11.61232">
        <ele>565.99</ele>
      </trkpt>
      <trkpt lat="47.29376" lon="11.61228">
        <ele>566.82</ele>
      </trkpt>
      <trkpt lat="47.29355" lon="11.61178">
        <ele>566.89</ele>
      </trkpt>
      <trkpt lat="47.2935" lon="11.61163">
        <ele>566.41</ele>
      </trkpt>
      <trkpt lat="47.2935" lon="11.61148">
        <ele>565.25</ele>
      </trkpt>
      <trkpt lat="47.29348" lon="11.61138">
        <ele>564.67</ele>
      </trkpt>
      <trkpt lat="47.29342" lon="11.61137">
        <ele>565.26</ele>
      </trkpt>
      <trkpt lat="47.29326" lon="11.61138">
        <ele>567.68</ele>
      </trkpt>
      <trkpt lat="47.29313" lon="11.61127">
        <ele>569.15</ele>
      </trkpt>
      <trkpt lat="47.29302" lon="11.61112">
        <ele>570.41</ele>
      </trkpt>
      <trkpt lat="47.29295" lon="11.6111">
        <ele>571.97</ele>
      </trkpt>
      <trkpt lat="47.29287" lon="11.61115">
        <ele>574.34</ele>
      </trkpt>
      <trkpt lat="47.29285" lon="11.61121">
        <ele>575.22</ele>
      </trkpt>
      <trkpt lat="47.29278" lon="11.61123">
        <ele>577.13</ele>
      </trkpt>
      <trkpt lat="47.29255" lon="11.61104">
        <ele>582.35</ele>
      </trkpt>
      <trkpt lat="47.29242" lon="11.61091">
        <ele>584.88</ele>
      </trkpt>
      <trkpt lat="47.29206" lon="11.61057">
        <ele>590.75</ele>
      </trkpt>
      <trkpt lat="47.29191" lon="11.61029">
        <ele>591.76</ele>
      </trkpt>
      <trkpt lat="47.29175" lon="11.60995">
        <ele>593.63</ele>
      </trkpt>
      <trkpt lat="47.29161" lon="11.60924">
        <ele>591.42</ele>
      </trkpt>
      <trkpt lat="47.2916" lon="11.60915">
        <ele>590.83</ele>
      </trkpt>
      <trkpt lat="47.29156" lon="11.60876">
        <ele>588.12</ele>
      </trkpt>
      <trkpt lat="47.29147" lon="11.60812">
        <ele>583.4</ele>
      </trkpt>
      <trkpt lat="47.2914" lon="11.60785">
        <ele>581.65</ele>
      </trkpt>
      <trkpt lat="47.29136" lon="11.60765">
        <ele>580.56</ele>
      </trkpt>
      <trkpt lat="47.2913" lon="11.60725">
        <ele>580.64</ele>
      </trkpt>
      <trkpt lat="47.2913" lon="11.60711">
        <ele>580.91</ele>
      </trkpt>
      <trkpt lat="47.29137" lon="11.60672">
        <ele>580.15</ele>
      </trkpt>
      <trkpt lat="47.29131" lon="11.60617">
        <ele>575.7</ele>
      </trkpt>
      <trkpt lat="47.29129" lon="11.60605">
        <ele>574.66</ele>
      </trkpt>
      <trkpt lat="47.29123" lon="11.60585">
        <ele>574.02</ele>
      </trkpt>
      <trkpt lat="47.29119" lon="11.6057">
        <ele>573.83</ele>
      </trkpt>
      <trkpt lat="47.29119" lon="11.60547">
        <ele>572.33</ele>
      </trkpt>
      <trkpt lat="47.29109" lon="11.60442">
        <ele>568.47</ele>
      </trkpt>
      <trkpt lat="47.29107" lon="11.60399">
        <ele>567.25</ele>
      </trkpt>
      <trkpt lat="47.29105" lon="11.6037">
        <ele>566.95</ele>
      </trkpt>
      <trkpt lat="47.29105" lon="11.60312">
        <ele>565.33</ele>
      </trkpt>
      <trkpt lat="47.29103" lon="11.60282">
        <ele>564.11</ele>
      </trkpt>
      <trkpt lat="47.29094" lon="11.60193">
        <ele>562.03</ele>
      </trkpt>
      <trkpt lat="47.2908" lon="11.60116">
        <ele>561.89</ele>
      </trkpt>
      <trkpt lat="47.2905" lon="11.59987">
        <ele>563.05</ele>
      </trkpt>
      <trkpt lat="47.29036" lon="11.59919">
        <ele>563.49</ele>
      </trkpt>
      <trkpt lat="47.29017" lon="11.59836">
        <ele>563.56</ele>
      </trkpt>
      <trkpt lat="47.28962" lon="11.59609">
        <ele>567.39</ele>
      </trkpt>
      <trkpt lat="47.28961" lon="11.59589">
        <ele>567.67</ele>
      </trkpt>
      <trkpt lat="47.28954" lon="11.5956">
        <ele>568.56</ele>
      </trkpt>
      <trkpt lat="47.28947" lon="11.59546">
        <ele>569.32</ele>
      </trkpt>
      <trkpt lat="47.28933" lon="11.59486">
        <ele>570.92</ele>
      </trkpt>
      <trkpt lat="47.28925" lon="11.59451">
        <ele>569.28</ele>
      </trkpt>
      <trkpt lat="47.28911" lon="11.59458">
        <ele>570.29</ele>
      </trkpt>
      <trkpt lat="47.28888" lon="11.59464">
        <ele>571.85</ele>
      </trkpt>
      <trkpt lat="47.28874" lon="11.59466">
        <ele>572.75</ele>
      </trkpt>
      <trkpt lat="47.28799" lon="11.59457">
        <ele>579.12</ele>
      </trkpt>
      <trkpt lat="47.28789" lon="11.59457">
        <ele>580.22</ele>
      </trkpt>
      <trkpt lat="47.28778" lon="11.5946">
        <ele>581.73</ele>
      </trkpt>
      <trkpt lat="47.28771" lon="11.59463">
        <ele>582.89</ele>
      </trkpt>
      <trkpt lat="47.28757" lon="11.59471">
        <ele>585.83</ele>
      </trkpt>
      <trkpt lat="47.28738" lon="11.59488">
        <ele>591.53</ele>
      </trkpt>
      <trkpt lat="47.28726" lon="11.59503">
        <ele>596.08</ele>
      </trkpt>
      <trkpt lat="47.28724" lon="11.59508">
        <ele>597.13</ele>
      </trkpt>
      <trkpt lat="47.28722" lon="11.59514">
        <ele>598.27</ele>
      </trkpt>
      <trkpt lat="47.28722" lon="11.59529">
        <ele>599.84</ele>
      </trkpt>
      <trkpt lat="47.28723" lon="11.5954">
        <ele>600.83</ele>
      </trkpt>
      <trkpt lat="47.28726" lon="11.5955">
        <ele>601.41</ele>
      </trkpt>
      <trkpt lat="47.28734" lon="11.59576">
        <ele>603.53</ele>
      </trkpt>
      <trkpt lat="47.28739" lon="11.59595">
        <ele>605.75</ele>
      </trkpt>
      <trkpt lat="47.2874" lon="11.59611">
        <ele>608.85</ele>
      </trkpt>
      <trkpt lat="47.28739" lon="11.5962">
        <ele>611.12</ele>
      </trkpt>
      <trkpt lat="47.28738" lon="11.59631">
        <ele>613.85</ele>
      </trkpt>
      <trkpt lat="47.28732" lon="11.59657">
        <ele>620.87</ele>
      </trkpt>
      <trkpt lat="47.28728" lon="11.59677">
        <ele>624.52</ele>
      </trkpt>
      <trkpt lat="47.28727" lon="11.59699">
        <ele>625.49</ele>
      </trkpt>
      <trkpt lat="47.28728" lon="11.59723">
        <ele>624.74</ele>
      </trkpt>
      <trkpt lat="47.2873" lon="11.59749">
        <ele>623.99</ele>
      </trkpt>
      <trkpt lat="47.28745" lon="11.59857">
        <ele>621.68</ele>
      </trkpt>
      <trkpt lat="47.28747" lon="11.5988">
        <ele>621.5</ele>
      </trkpt>
      <trkpt lat="47.28747" lon="11.59904">
        <ele>622.79</ele>
      </trkpt>
      <trkpt lat="47.28747" lon="11.59938">
        <ele>625.53</ele>
      </trkpt>
      <trkpt lat="47.28748" lon="11.59966">
        <ele>627.83</ele>
      </trkpt>
      <trkpt lat="47.2875" lon="11.59985">
        <ele>628.95</ele>
      </trkpt>
      <trkpt lat="47.28762" lon="11.60073">
        <ele>637.46</ele>
      </trkpt>
      <trkpt lat="47.28764" lon="11.60095">
        <ele>639.18</ele>
      </trkpt>
      <trkpt lat="47.28764" lon="11.60118">
        <ele>641.02</ele>
      </trkpt>
      <trkpt lat="47.28762" lon="11.60147">
        <ele>644.13</ele>
      </trkpt>
      <trkpt lat="47.28762" lon="11.60172">
        <ele>646.49</ele>
      </trkpt>
      <trkpt lat="47.28766" lon="11.60243">
        <ele>653.71</ele>
      </trkpt>
      <trkpt lat="47.28767" lon="11.60251">
        <ele>654.36</ele>
      </trkpt>
      <trkpt lat="47.28771" lon="11.60264">
        <ele>654.13</ele>
      </trkpt>
      <trkpt lat="47.28774" lon="11.60276">
        <ele>654.48</ele>
      </trkpt>
      <trkpt lat="47.28781" lon="11.60292">
        <ele>653.45</ele>
      </trkpt>
      <trkpt lat="47.28785" lon="11.60312">
        <ele>654.93</ele>
      </trkpt>
      <trkpt lat="47.28786" lon="11.6032">
        <ele>655.86</ele>
      </trkpt>
      <trkpt lat="47.28787" lon="11.6034">
        <ele>658.93</ele>
      </trkpt>
      <trkpt lat="47.28785" lon="11.60353">
        <ele>662.34</ele>
      </trkpt>
      <trkpt lat="47.28784" lon="11.60358">
        <ele>663.78</ele>
      </trkpt>
      <trkpt lat="47.28779" lon="11.60364">
        <ele>667.57</ele>
      </trkpt>
      <trkpt lat="47.28776" lon="11.60364">
        <ele>669.21</ele>
      </trkpt>
      <trkpt lat="47.28773" lon="11.60362">
        <ele>670.51</ele>
      </trkpt>
      <trkpt lat="47.28766" lon="11.60354">
        <ele>673.03</ele>
      </trkpt>
      <trkpt lat="47.28761" lon="11.60344">
        <ele>674.17</ele>
      </trkpt>
      <trkpt lat="47.28756" lon="11.6033">
        <ele>674.74</ele>
      </trkpt>
      <trkpt lat="47.28732" lon="11.60263">
        <ele>680.45</ele>
      </trkpt>
      <trkpt lat="47.28713" lon="11.60183">
        <ele>688.06</ele>
      </trkpt>
      <trkpt lat="47.28706" lon="11.60157">
        <ele>690.91</ele>
      </trkpt>
      <trkpt lat="47.28683" lon="11.60095">
        <ele>694.61</ele>
      </trkpt>
      <trkpt lat="47.28672" lon="11.6007">
        <ele>696.71</ele>
      </trkpt>
      <trkpt lat="47.2865" lon="11.60023">
        <ele>703.61</ele>
      </trkpt>
      <trkpt lat="47.28641" lon="11.59994">
        <ele>704.82</ele>
      </trkpt>
      <trkpt lat="47.28634" lon="11.59967">
        <ele>705.13</ele>
      </trkpt>
      <trkpt lat="47.28628" lon="11.59936">
        <ele>705.0</ele>
      </trkpt>
      <trkpt lat="47.2862" lon="11.59875">
        <ele>705.28</ele>
      </trkpt>
      <trkpt lat="47.28617" lon="11.59857">
        <ele>706.26</ele>
      </trkpt>
      <trkpt lat="47.28588" lon="11.59768">
        <ele>719.57</ele>
      </trkpt>
      <trkpt lat="47.28584" lon="11.59761">
        <ele>720.27</ele>
      </trkpt>
      <trkpt lat="47.28575" lon="11.59754">
        <ele>721.64</ele>
      </trkpt>
      <trkpt lat="47.28567" lon="11.59753">
        <ele>722.74</ele>
      </trkpt>
      <trkpt lat="47.28562" lon="11.59756">
        <ele>723.69</ele>
      </trkpt>
      <trkpt lat="47.28556" lon="11.59764">
        <ele>724.64</ele>
      </trkpt>
      <trkpt lat="47.28547" lon="11.5978">
        <ele>723.95</ele>
      </trkpt>
      <trkpt lat="47.28534" lon="11.59807">
        <ele>719.84</ele>
      </trkpt>
      <trkpt lat="47.28506" lon="11.59862">
        <ele>724.37</ele>
      </trkpt>
      <trkpt lat="47.28496" lon="11.59875">
        <ele>730.37</ele>
      </trkpt>
      <trkpt lat="47.28492" lon="11.59878">
        <ele>732.3</ele>
      </trkpt>
      <trkpt lat="47.2848" lon="11.59882">
        <ele>736.67</ele>
      </trkpt>
      <trkpt lat="47.28475" lon="11.59878">
        <ele>736.67</ele>
      </trkpt>
      <trkpt lat="47.2847" lon="11.59872">
        <ele>736.2</ele>
      </trkpt>
      <trkpt lat="47.28451" lon="11.59844">
        <ele>736.04</ele>
      </trkpt>
      <trkpt lat="47.28433" lon="11.59828">
        <ele>741.6</ele>
      </trkpt>
      <trkpt lat="47.28424" lon="11.59816">
        <ele>744.13</ele>
      </trkpt>
      <trkpt lat="47.2842" lon="11.59808">
        <ele>744.9</ele>
      </trkpt>
      <trkpt lat="47.28416" lon="11.59799">
        <ele>745.49</ele>
      </trkpt>
      <trkpt lat="47.28397" lon="11.59741">
        <ele>747.61</ele>
      </trkpt>
      <trkpt lat="47.28387" lon="11.59719">
        <ele>751.82</ele>
      </trkpt>
      <trkpt lat="47.28377" lon="11.597">
        <ele>754.81</ele>
      </trkpt>
      <trkpt lat="47.28365" lon="11.59686">
        <ele>756.06</ele>
      </trkpt>
      <trkpt lat="47.28354" lon="11.59678">
        <ele>756.44</ele>
      </trkpt>
      <trkpt lat="47.28355" lon="11.59678">
        <ele>756.23</ele>
      </trkpt>
      <trkpt lat="47.28354" lon="11.59667">
        <ele>752.41</ele>
      </trkpt>
      <trkpt lat="47.28345" lon="11.59657">
        <ele>749.2</ele>
      </trkpt>
      <trkpt lat="47.28345" lon="11.59649">
        <ele>744.55</ele>
      </trkpt>
      <trkpt lat="47.28354" lon="11.59643">
        <ele>738.95</ele>
      </trkpt>
      <trkpt lat="47.28369" lon="11.59641">
        <ele>734.08</ele>
      </trkpt>
      <trkpt lat="47.28386" lon="11.5965">
        <ele>736.11</ele>
      </trkpt>
      <trkpt lat="47.28395" lon="11.59649">
        <ele>733.27</ele>
      </trkpt>
      <trkpt lat="47.28409" lon="11.59655">
        <ele>733.89</ele>
      </trkpt>
      <trkpt lat="47.28424" lon="11.59655">
        <ele>730.69</ele>
      </trkpt>
      <trkpt lat="47.28471" lon="11.5964">
        <ele>716.96</ele>
      </trkpt>
      <trkpt lat="47.28473" lon="11.59633">
        <ele>713.97</ele>
      </trkpt>
      <trkpt lat="47.28478" lon="11.59624">
        <ele>710.02</ele>
      </trkpt>
      <trkpt lat="47.28517" lon="11.59597">
        <ele>691.22</ele>
      </trkpt>
      <trkpt lat="47.28527" lon="11.59597">
        <ele>685.58</ele>
      </trkpt>
      <trkpt lat="47.28532" lon="11.59603">
        <ele>684.05</ele>
      </trkpt>
      <trkpt lat="47.28537" lon="11.59605">
        <ele>681.18</ele>
      </trkpt>
      <trkpt lat="47.28541" lon="11.59601">
        <ele>677.28</ele>
      </trkpt>
      <trkpt lat="47.28543" lon="11.59592">
        <ele>673.57</ele>
      </trkpt>
      <trkpt lat="47.28545" lon="11.59576">
        <ele>668.94</ele>
      </trkpt>
      <trkpt lat="47.28546" lon="11.59562">
        <ele>667.18</ele>
      </trkpt>
      <trkpt lat="47.28543" lon="11.59546">
        <ele>667.61</ele>
      </trkpt>
      <trkpt lat="47.28538" lon="11.59538">
        <ele>667.71</ele>
      </trkpt>
      <trkpt lat="47.2854" lon="11.59524">
        <ele>665.22</ele>
      </trkpt>
      <trkpt lat="47.2855" lon="11.59513">
        <ele>664.1</ele>
      </trkpt>
      <trkpt lat="47.2857" lon="11.59505">
        <ele>664.17</ele>
      </trkpt>
      <trkpt lat="47.28569" lon="11.5949">
        <ele>658.61</ele>
      </trkpt>
      <trkpt lat="47.28563" lon="11.59478">
        <ele>649.78</ele>
      </trkpt>
      <trkpt lat="47.28558" lon="11.5946">
        <ele>633.11</ele>
      </trkpt>
      <trkpt lat="47.28558" lon="11.59456">
        <ele>629.48</ele>
      </trkpt>
      <trkpt lat="47.28562" lon="11.59456">
        <ele>630.62</ele>
      </trkpt>
      <trkpt lat="47.28576" lon="11.59463">
        <ele>639.34</ele>
      </trkpt>
      <trkpt lat="47.28581" lon="11.59469">
        <ele>644.48</ele>
      </trkpt>
      <trkpt lat="47.28585" lon="11.59476">
        <ele>649.51</ele>
      </trkpt>
      <trkpt lat="47.28596" lon="11.59489">
        <ele>654.43</ele>
      </trkpt>
      <trkpt lat="47.28601" lon="11.59501">
        <ele>656.12</ele>
      </trkpt>
      <trkpt lat="47.28602" lon="11.59506">
        <ele>656.21</ele>
      </trkpt>
      <trkpt lat="47.28604" lon="11.59504">
        <ele>654.99</ele>
      </trkpt>
      <trkpt lat="47.28604" lon="11.59493">
        <ele>652.48</ele>
      </trkpt>
      <trkpt lat="47.28603" lon="11.59485">
        <ele>649.61</ele>
      </trkpt>
      <trkpt lat="47.28604" lon="11.59479">
        <ele>645.98</ele>
      </trkpt>
      <trkpt lat="47.28614" lon="11.59476">
        <ele>639.59</ele>
      </trkpt>
      <trkpt lat="47.28614" lon="11.59473">
        <ele>637.96</ele>
      </trkpt>
      <trkpt lat="47.28606" lon="11.59472">
        <ele>640.93</ele>
      </trkpt>
      <trkpt lat="47.28606" lon="11.59466">
        <ele>637.01</ele>
      </trkpt>
      <trkpt lat="47.28617" lon="11.59466">
        <ele>632.57</ele>
      </trkpt>
      <trkpt lat="47.28621" lon="11.59448">
        <ele>620.48</ele>
      </trkpt>
      <trkpt lat="47.28626" lon="11.59432">
        <ele>610.81</ele>
      </trkpt>
      <trkpt lat="47.28645" lon="11.59446">
        <ele>612.14</ele>
      </trkpt>
      <trkpt lat="47.28653" lon="11.59455">
        <ele>612.3</ele>
      </trkpt>
      <trkpt lat="47.28664" lon="11.5946">
        <ele>609.66</ele>
      </trkpt>
      <trkpt lat="47.28671" lon="11.59455">
        <ele>606.63</ele>
      </trkpt>
      <trkpt lat="47.28677" lon="11.59454">
        <ele>604.76</ele>
      </trkpt>
      <trkpt lat="47.28684" lon="11.59457">
        <ele>603.17</ele>
      </trkpt>
      <trkpt lat="47.28688" lon="11.59465">
        <ele>602.97</ele>
      </trkpt>
      <trkpt lat="47.28687" lon="11.59478">
        <ele>604.79</ele>
      </trkpt>
      <trkpt lat="47.28684" lon="11.59503">
        <ele>608.46</ele>
      </trkpt>
      <trkpt lat="47.28694" lon="11.59511">
        <ele>605.73</ele>
      </trkpt>
      <trkpt lat="47.287" lon="11.59505">
        <ele>603.37</ele>
      </trkpt>
      <trkpt lat="47.28705" lon="11.59503">
        <ele>601.7</ele>
      </trkpt>
      <trkpt lat="47.2871" lon="11.59503">
        <ele>600.28</ele>
      </trkpt>
      <trkpt lat="47.28718" lon="11.59508">
        <ele>598.65</ele>
      </trkpt>
      <trkpt lat="47.28722" lon="11.59514">
        <ele>598.27</ele>
      </trkpt>
      <trkpt lat="47.28724" lon="11.59508">
        <ele>597.13</ele>
      </trkpt>
      <trkpt lat="47.28726" lon="11.59503">
        <ele>596.08</ele>
      </trkpt>
      <trkpt lat="47.28736" lon="11.59491">
        <ele>592.32</ele>
      </trkpt>
      <trkpt lat="47.28738" lon="11.59488">
        <ele>591.53</ele>
      </trkpt>
      <trkpt lat="47.28757" lon="11.59471">
        <ele>585.83</ele>
      </trkpt>
      <trkpt lat="47.28771" lon="11.59463">
        <ele>582.89</ele>
      </trkpt>
      <trkpt lat="47.28778" lon="11.5946">
        <ele>581.73</ele>
      </trkpt>
      <trkpt lat="47.28789" lon="11.59457">
        <ele>580.22</ele>
      </trkpt>
      <trkpt lat="47.28799" lon="11.59457">
        <ele>579.12</ele>
      </trkpt>
      <trkpt lat="47.28853" lon="11.59463">
        <ele>574.14</ele>
      </trkpt>
      <trkpt lat="47.28836" lon="11.59313">
        <ele>571.09</ele>
      </trkpt>
      <trkpt lat="47.28909" lon="11.59287">
        <ele>567.31</ele>
      </trkpt>
      <trkpt lat="47.28939" lon="11.5927">
        <ele>565.65</ele>
      </trkpt>
      <trkpt lat="47.28958" lon="11.59265">
        <ele>565.48</ele>
      </trkpt>
      <trkpt lat="47.28955" lon="11.59237">
        <ele>564.56</ele>
      </trkpt>
      <trkpt lat="47.28963" lon="11.5923">
        <ele>564.42</ele>
      </trkpt>
      <trkpt lat="47.28986" lon="11.5922">
        <ele>563.93</ele>
      </trkpt>
      <trkpt lat="47.29026" lon="11.592">
        <ele>562.33</ele>
      </trkpt>
      <trkpt lat="47.29044" lon="11.59188">
        <ele>561.67</ele>
      </trkpt>
      <trkpt lat="47.29059" lon="11.59172">
        <ele>561.22</ele>
      </trkpt>
      <trkpt lat="47.29064" lon="11.59169">
        <ele>561.17</ele>
      </trkpt>
      <trkpt lat="47.29051" lon="11.59145">
        <ele>561.31</ele>
      </trkpt>
      <trkpt lat="47.29045" lon="11.59137">
        <ele>561.49</ele>
      </trkpt>
      <trkpt lat="47.29051" lon="11.59127">
        <ele>561.68</ele>
      </trkpt>
      <trkpt lat="47.29068" lon="11.59111">
        <ele>561.86</ele>
      </trkpt>
      <trkpt lat="47.29077" lon="11.59105">
        <ele>561.82</ele>
      </trkpt>
      <trkpt lat="47.29086" lon="11.59101">
        <ele>561.66</ele>
      </trkpt>
      <trkpt lat="47.29097" lon="11.59099">
        <ele>561.35</ele>
      </trkpt>
      <trkpt lat="47.29122" lon="11.59097">
        <ele>560.46</ele>
      </trkpt>
      <trkpt lat="47.2913" lon="11.59095">
        <ele>560.17</ele>
      </trkpt>
      <trkpt lat="47.2919" lon="11.59069">
        <ele>558.74</ele>
      </trkpt>
      <trkpt lat="47.29266" lon="11.5905">
        <ele>558.05</ele>
      </trkpt>
      <trkpt lat="47.29275" lon="11.59079">
        <ele>557.78</ele>
      </trkpt>
      <trkpt lat="47.29283" lon="11.59067">
        <ele>557.76</ele>
      </trkpt>
      <trkpt lat="47.29296" lon="11.59054">
        <ele>557.66</ele>
      </trkpt>
      <trkpt lat="47.29304" lon="11.59048">
        <ele>557.56</ele>
      </trkpt>
      <trkpt lat="47.29313" lon="11.59044">
        <ele>557.41</ele>
      </trkpt>
      <trkpt lat="47.29325" lon="11.59041">
        <ele>557.19</ele>
      </trkpt>
      <trkpt lat="47.29329" lon="11.59029">
        <ele>557.1</ele>
      </trkpt>
      <trkpt lat="47.29347" lon="11.59016">
        <ele>556.66</ele>
      </trkpt>
      <trkpt lat="47.29369" lon="11.59002">
        <ele>556.09</ele>
      </trkpt>
      <trkpt lat="47.29441" lon="11.58959">
        <ele>554.77</ele>
      </trkpt>
      <trkpt lat="47.29481" lon="11.5893">
        <ele>554.33</ele>
      </trkpt>
      <trkpt lat="47.29567" lon="11.58891">
        <ele>552.11</ele>
      </trkpt>
      <trkpt lat="47.29608" lon="11.58879">
        <ele>551.8</ele>
      </trkpt>
      <trkpt lat="47.29645" lon="11.58873">
        <ele>552.01</ele>
      </trkpt>
      <trkpt lat="47.29682" lon="11.58871">
        <ele>551.89</ele>
      </trkpt>
      <trkpt lat="47.29681" lon="11.58865">
        <ele>551.91</ele>
      </trkpt>
      <trkpt lat="47.29743" lon="11.58858">
        <ele>551.1</ele>
      </trkpt>
      <trkpt lat="47.29765" lon="11.58852">
        <ele>550.97</ele>
      </trkpt>
      <trkpt lat="47.29783" lon="11.58846">
        <ele>550.94</ele>
      </trkpt>
      <trkpt lat="47.29803" lon="11.58837">
        <ele>550.96</ele>
      </trkpt>
      <trkpt lat="47.29842" lon="11.58815">
        <ele>550.92</ele>
      </trkpt>
      <trkpt lat="47.29869" lon="11.58806">
        <ele>551.18</ele>
      </trkpt>
      <trkpt lat="47.29873" lon="11.58811">
        <ele>551.2</ele>
      </trkpt>
      <trkpt lat="47.29877" lon="11.58815">
        <ele>551.2</ele>
      </trkpt>
      <trkpt lat="47.29882" lon="11.58816">
        <ele>551.23</ele>
      </trkpt>
      <trkpt lat="47.29887" lon="11.58816">
        <ele>551.27</ele>
      </trkpt>
      <trkpt lat="47.29892" lon="11.58814">
        <ele>551.35</ele>
      </trkpt>
      <trkpt lat="47.29897" lon="11.5881">
        <ele>551.48</ele>
      </trkpt>
      <trkpt lat="47.299" lon="11.58805">
        <ele>551.63</ele>
      </trkpt>
      <trkpt lat="47.29903" lon="11.58798">
        <ele>551.86</ele>
      </trkpt>
      <trkpt lat="47.29906" lon="11.58796">
        <ele>551.95</ele>
      </trkpt>
      <trkpt lat="47.2993" lon="11.58792">
        <ele>552.24</ele>
      </trkpt>
      <trkpt lat="47.29987" lon="11.58794">
        <ele>551.8</ele>
      </trkpt>
      <trkpt lat="47.30145" lon="11.58805">
        <ele>552.76</ele>
      </trkpt>
    </trkseg>
  </trk>
</gpx>