<?xml version='1.0' encoding='utf-8'?>
<gpx version="1.1" creator="Conservative GPX Processor">
  <metadata>
    <desc>Conservative clean cycling segments for route B - removed long straight connections only</desc>
  </metadata>
  <trk>
    <name>B_conservative_clean</name>
    <trkseg>
      <name>Segment 1</name>
      <desc>distance: 14.0km, elevation_gain: 446.0m, elevation_loss: 777.0m, estimated_duration: 02:11</desc>
      <trkpt lat="47.230049" lon="11.413996">
        <ele>891.98</ele>
      </trkpt>
      <trkpt lat="47.230082" lon="11.414">
        <ele>892.44</ele>
      </trkpt>
      <trkpt lat="47.230176" lon="11.414334">
        <ele>895.46</ele>
      </trkpt>
      <trkpt lat="47.230204" lon="11.414478">
        <ele>896.82</ele>
      </trkpt>
      <trkpt lat="47.230223" lon="11.414623">
        <ele>898.01</ele>
      </trkpt>
      <trkpt lat="47.230258" lon="11.415085">
        <ele>900.47</ele>
      </trkpt>
      <trkpt lat="47.230274" lon="11.415224">
        <ele>900.86</ele>
      </trkpt>
      <trkpt lat="47.230297" lon="11.415453">
        <ele>901.05</ele>
      </trkpt>
      <trkpt lat="47.230302" lon="11.415504">
        <ele>901.06</ele>
      </trkpt>
      <trkpt lat="47.230376" lon="11.415795">
        <ele>901.62</ele>
      </trkpt>
      <trkpt lat="47.230419" lon="11.41593">
        <ele>902.24</ele>
      </trkpt>
      <trkpt lat="47.230456" lon="11.416003">
        <ele>902.79</ele>
      </trkpt>
      <trkpt lat="47.230501" lon="11.416061">
        <ele>903.46</ele>
      </trkpt>
      <trkpt lat="47.230525" lon="11.41617">
        <ele>904.33</ele>
      </trkpt>
      <trkpt lat="47.230544" lon="11.41636">
        <ele>905.94</ele>
      </trkpt>
      <trkpt lat="47.230538" lon="11.416492">
        <ele>906.92</ele>
      </trkpt>
      <trkpt lat="47.230515" lon="11.416674">
        <ele>908.0</ele>
      </trkpt>
      <trkpt lat="47.230437" lon="11.41708">
        <ele>910.88</ele>
      </trkpt>
      <trkpt lat="47.230363" lon="11.41744">
        <ele>912.56</ele>
      </trkpt>
      <trkpt lat="47.230297" lon="11.417612">
        <ele>911.78</ele>
      </trkpt>
      <trkpt lat="47.230245" lon="11.417718">
        <ele>910.96</ele>
      </trkpt>
      <trkpt lat="47.230191" lon="11.417791">
        <ele>910.22</ele>
      </trkpt>
      <trkpt lat="47.230133" lon="11.41787">
        <ele>909.59</ele>
      </trkpt>
      <trkpt lat="47.230025" lon="11.418071">
        <ele>908.95</ele>
      </trkpt>
      <trkpt lat="47.229953" lon="11.418284">
        <ele>909.14</ele>
      </trkpt>
      <trkpt lat="47.229838" lon="11.419024">
        <ele>911.56</ele>
      </trkpt>
      <trkpt lat="47.229828" lon="11.419044">
        <ele>911.89</ele>
      </trkpt>
      <trkpt lat="47.229773" lon="11.419151">
        <ele>914.0</ele>
      </trkpt>
      <trkpt lat="47.229704" lon="11.419234">
        <ele>916.68</ele>
      </trkpt>
      <trkpt lat="47.229566" lon="11.419213">
        <ele>921.03</ele>
      </trkpt>
      <trkpt lat="47.229325" lon="11.418817">
        <ele>923.55</ele>
      </trkpt>
      <trkpt lat="47.229234" lon="11.418713">
        <ele>923.39</ele>
      </trkpt>
      <trkpt lat="47.229175" lon="11.41866">
        <ele>923.14</ele>
      </trkpt>
      <trkpt lat="47.229113" lon="11.418617">
        <ele>922.87</ele>
      </trkpt>
      <trkpt lat="47.229035" lon="11.418597">
        <ele>922.92</ele>
      </trkpt>
      <trkpt lat="47.228905" lon="11.418591">
        <ele>923.13</ele>
      </trkpt>
      <trkpt lat="47.228751" lon="11.418614">
        <ele>923.5</ele>
      </trkpt>
      <trkpt lat="47.228681" lon="11.418639">
        <ele>923.81</ele>
      </trkpt>
      <trkpt lat="47.228623" lon="11.418677">
        <ele>924.29</ele>
      </trkpt>
      <trkpt lat="47.228578" lon="11.418721">
        <ele>924.84</ele>
      </trkpt>
      <trkpt lat="47.228536" lon="11.418792">
        <ele>925.75</ele>
      </trkpt>
      <trkpt lat="47.228475" lon="11.418963">
        <ele>927.81</ele>
      </trkpt>
      <trkpt lat="47.228458" lon="11.419139">
        <ele>929.72</ele>
      </trkpt>
      <trkpt lat="47.228459" lon="11.419487">
        <ele>932.47</ele>
      </trkpt>
      <trkpt lat="47.228482" lon="11.41998">
        <ele>935.81</ele>
      </trkpt>
      <trkpt lat="47.228564" lon="11.420747">
        <ele>943.43</ele>
      </trkpt>
      <trkpt lat="47.228593" lon="11.421134">
        <ele>945.88</ele>
      </trkpt>
      <trkpt lat="47.228588" lon="11.421209">
        <ele>946.33</ele>
      </trkpt>
      <trkpt lat="47.228578" lon="11.421298">
        <ele>946.86</ele>
      </trkpt>
      <trkpt lat="47.228532" lon="11.421492">
        <ele>948.12</ele>
      </trkpt>
      <trkpt lat="47.22826" lon="11.422029">
        <ele>951.47</ele>
      </trkpt>
      <trkpt lat="47.22819" lon="11.422188">
        <ele>951.86</ele>
      </trkpt>
      <trkpt lat="47.228106" lon="11.422444">
        <ele>952.49</ele>
      </trkpt>
      <trkpt lat="47.227978" lon="11.42275">
        <ele>953.26</ele>
      </trkpt>
      <trkpt lat="47.227927" lon="11.422927">
        <ele>953.95</ele>
      </trkpt>
      <trkpt lat="47.227854" lon="11.423141">
        <ele>954.33</ele>
      </trkpt>
      <trkpt lat="47.227771" lon="11.423333">
        <ele>953.86</ele>
      </trkpt>
      <trkpt lat="47.22758" lon="11.423679">
        <ele>951.69</ele>
      </trkpt>
      <trkpt lat="47.227549" lon="11.423737">
        <ele>951.44</ele>
      </trkpt>
      <trkpt lat="47.227557" lon="11.423775">
        <ele>951.65</ele>
      </trkpt>
      <trkpt lat="47.227549" lon="11.423737">
        <ele>951.44</ele>
      </trkpt>
      <trkpt lat="47.22758" lon="11.423679">
        <ele>951.69</ele>
      </trkpt>
      <trkpt lat="47.227619" lon="11.423862">
        <ele>952.93</ele>
      </trkpt>
      <trkpt lat="47.227589" lon="11.424481">
        <ele>954.32</ele>
      </trkpt>
      <trkpt lat="47.227641" lon="11.424864">
        <ele>956.99</ele>
      </trkpt>
      <trkpt lat="47.227654" lon="11.425218">
        <ele>957.9</ele>
      </trkpt>
      <trkpt lat="47.227673" lon="11.425406">
        <ele>958.34</ele>
      </trkpt>
      <trkpt lat="47.227704" lon="11.425546">
        <ele>958.97</ele>
      </trkpt>
      <trkpt lat="47.227957" lon="11.426244">
        <ele>962.87</ele>
      </trkpt>
      <trkpt lat="47.228029" lon="11.426275">
        <ele>963.72</ele>
      </trkpt>
      <trkpt lat="47.22815" lon="11.426543">
        <ele>963.97</ele>
      </trkpt>
      <trkpt lat="47.228244" lon="11.426529">
        <ele>964.38</ele>
      </trkpt>
      <trkpt lat="47.228415" lon="11.426566">
        <ele>964.01</ele>
      </trkpt>
      <trkpt lat="47.228818" lon="11.426867">
        <ele>960.86</ele>
      </trkpt>
      <trkpt lat="47.228998" lon="11.427236">
        <ele>961.36</ele>
      </trkpt>
      <trkpt lat="47.229052" lon="11.427371">
        <ele>960.98</ele>
      </trkpt>
      <trkpt lat="47.229229" lon="11.427824">
        <ele>953.2</ele>
      </trkpt>
      <trkpt lat="47.229568" lon="11.428102">
        <ele>949.13</ele>
      </trkpt>
      <trkpt lat="47.230119" lon="11.428455">
        <ele>947.08</ele>
      </trkpt>
      <trkpt lat="47.230439" lon="11.428616">
        <ele>937.71</ele>
      </trkpt>
      <trkpt lat="47.230656" lon="11.428682">
        <ele>932.22</ele>
      </trkpt>
      <trkpt lat="47.231308" lon="11.428429">
        <ele>926.58</ele>
      </trkpt>
      <trkpt lat="47.231759" lon="11.4288">
        <ele>921.39</ele>
      </trkpt>
      <trkpt lat="47.231883" lon="11.428961">
        <ele>919.39</ele>
      </trkpt>
      <trkpt lat="47.231987" lon="11.429064">
        <ele>917.77</ele>
      </trkpt>
      <trkpt lat="47.232154" lon="11.428993">
        <ele>916.36</ele>
      </trkpt>
      <trkpt lat="47.232304" lon="11.429071">
        <ele>914.1</ele>
      </trkpt>
      <trkpt lat="47.232812" lon="11.429245">
        <ele>910.39</ele>
      </trkpt>
      <trkpt lat="47.232819" lon="11.429292">
        <ele>910.78</ele>
      </trkpt>
      <trkpt lat="47.232709" lon="11.429355">
        <ele>912.47</ele>
      </trkpt>
      <trkpt lat="47.232629" lon="11.429424">
        <ele>914.53</ele>
      </trkpt>
      <trkpt lat="47.232911" lon="11.429573">
        <ele>915.03</ele>
      </trkpt>
      <trkpt lat="47.233119" lon="11.429787">
        <ele>915.87</ele>
      </trkpt>
      <trkpt lat="47.23321" lon="11.430024">
        <ele>916.46</ele>
      </trkpt>
      <trkpt lat="47.233214" lon="11.430265">
        <ele>917.14</ele>
      </trkpt>
      <trkpt lat="47.233206" lon="11.430646">
        <ele>917.52</ele>
      </trkpt>
      <trkpt lat="47.233181" lon="11.430893">
        <ele>918.09</ele>
      </trkpt>
      <trkpt lat="47.233093" lon="11.431188">
        <ele>919.26</ele>
      </trkpt>
      <trkpt lat="47.233003" lon="11.431545">
        <ele>919.12</ele>
      </trkpt>
      <trkpt lat="47.232887" lon="11.431477">
        <ele>920.82</ele>
      </trkpt>
      <trkpt lat="47.232825" lon="11.431491">
        <ele>921.5</ele>
      </trkpt>
      <trkpt lat="47.232699" lon="11.431558">
        <ele>922.47</ele>
      </trkpt>
      <trkpt lat="47.232478" lon="11.431611">
        <ele>924.44</ele>
      </trkpt>
      <trkpt lat="47.23231" lon="11.431686">
        <ele>925.96</ele>
      </trkpt>
      <trkpt lat="47.232206" lon="11.431745">
        <ele>927.15</ele>
      </trkpt>
      <trkpt lat="47.232336" lon="11.43203">
        <ele>927.11</ele>
      </trkpt>
      <trkpt lat="47.232471" lon="11.432395">
        <ele>928.71</ele>
      </trkpt>
      <trkpt lat="47.232665" lon="11.432842">
        <ele>928.16</ele>
      </trkpt>
      <trkpt lat="47.233047" lon="11.43381">
        <ele>926.65</ele>
      </trkpt>
      <trkpt lat="47.233627" lon="11.435498">
        <ele>923.13</ele>
      </trkpt>
      <trkpt lat="47.233742" lon="11.435728">
        <ele>922.27</ele>
      </trkpt>
      <trkpt lat="47.23396" lon="11.436292">
        <ele>921.56</ele>
      </trkpt>
      <trkpt lat="47.234013" lon="11.436421">
        <ele>921.28</ele>
      </trkpt>
      <trkpt lat="47.234151" lon="11.436681">
        <ele>920.22</ele>
      </trkpt>
      <trkpt lat="47.234258" lon="11.436947">
        <ele>919.58</ele>
      </trkpt>
      <trkpt lat="47.234342" lon="11.437246">
        <ele>919.42</ele>
      </trkpt>
      <trkpt lat="47.234607" lon="11.438577">
        <ele>920.58</ele>
      </trkpt>
      <trkpt lat="47.234699" lon="11.438869">
        <ele>919.93</ele>
      </trkpt>
      <trkpt lat="47.235068" lon="11.43994">
        <ele>918.99</ele>
      </trkpt>
      <trkpt lat="47.235424" lon="11.441031">
        <ele>917.24</ele>
      </trkpt>
      <trkpt lat="47.235559" lon="11.441636">
        <ele>916.79</ele>
      </trkpt>
      <trkpt lat="47.235735" lon="11.442358">
        <ele>916.41</ele>
      </trkpt>
      <trkpt lat="47.235791" lon="11.442439">
        <ele>916.15</ele>
      </trkpt>
      <trkpt lat="47.235787" lon="11.442508">
        <ele>916.42</ele>
      </trkpt>
      <trkpt lat="47.235801" lon="11.442659">
        <ele>916.94</ele>
      </trkpt>
      <trkpt lat="47.235849" lon="11.442862">
        <ele>917.65</ele>
      </trkpt>
      <trkpt lat="47.23592" lon="11.443108">
        <ele>918.55</ele>
      </trkpt>
      <trkpt lat="47.235924" lon="11.443181">
        <ele>918.89</ele>
      </trkpt>
      <trkpt lat="47.23618" lon="11.443552">
        <ele>919.32</ele>
      </trkpt>
      <trkpt lat="47.236807" lon="11.444127">
        <ele>920.12</ele>
      </trkpt>
      <trkpt lat="47.236968" lon="11.444339">
        <ele>919.53</ele>
      </trkpt>
      <trkpt lat="47.237046" lon="11.444475">
        <ele>919.02</ele>
      </trkpt>
      <trkpt lat="47.237123" lon="11.444651">
        <ele>918.4</ele>
      </trkpt>
      <trkpt lat="47.237205" lon="11.444878">
        <ele>917.84</ele>
      </trkpt>
      <trkpt lat="47.237283" lon="11.445187">
        <ele>917.91</ele>
      </trkpt>
      <trkpt lat="47.237356" lon="11.445412">
        <ele>917.99</ele>
      </trkpt>
      <trkpt lat="47.237418" lon="11.445603">
        <ele>918.03</ele>
      </trkpt>
      <trkpt lat="47.237615" lon="11.446076">
        <ele>917.77</ele>
      </trkpt>
      <trkpt lat="47.237624" lon="11.446089">
        <ele>917.73</ele>
      </trkpt>
      <trkpt lat="47.237776" lon="11.446309">
        <ele>917.11</ele>
      </trkpt>
      <trkpt lat="47.237957" lon="11.44657">
        <ele>916.32</ele>
      </trkpt>
      <trkpt lat="47.237959" lon="11.446607">
        <ele>916.38</ele>
      </trkpt>
      <trkpt lat="47.23797" lon="11.446648">
        <ele>916.39</ele>
      </trkpt>
      <trkpt lat="47.238079" lon="11.446826">
        <ele>915.95</ele>
      </trkpt>
      <trkpt lat="47.238143" lon="11.446909">
        <ele>915.7</ele>
      </trkpt>
      <trkpt lat="47.238193" lon="11.446965">
        <ele>915.52</ele>
      </trkpt>
      <trkpt lat="47.238329" lon="11.447147">
        <ele>915.18</ele>
      </trkpt>
      <trkpt lat="47.238198" lon="11.447194">
        <ele>915.95</ele>
      </trkpt>
      <trkpt lat="47.238329" lon="11.447147">
        <ele>915.18</ele>
      </trkpt>
      <trkpt lat="47.238421" lon="11.447264">
        <ele>914.94</ele>
      </trkpt>
      <trkpt lat="47.238525" lon="11.447419">
        <ele>914.66</ele>
      </trkpt>
      <trkpt lat="47.238891" lon="11.448041">
        <ele>912.61</ele>
      </trkpt>
      <trkpt lat="47.239011" lon="11.448212">
        <ele>912.05</ele>
      </trkpt>
      <trkpt lat="47.239117" lon="11.448429">
        <ele>912.12</ele>
      </trkpt>
      <trkpt lat="47.239256" lon="11.44873">
        <ele>913.61</ele>
      </trkpt>
      <trkpt lat="47.239323" lon="11.448882">
        <ele>915.13</ele>
      </trkpt>
      <trkpt lat="47.239406" lon="11.448708">
        <ele>915.87</ele>
      </trkpt>
      <trkpt lat="47.239469" lon="11.448495">
        <ele>915.81</ele>
      </trkpt>
      <trkpt lat="47.239567" lon="11.448208">
        <ele>915.63</ele>
      </trkpt>
      <trkpt lat="47.239735" lon="11.447918">
        <ele>915.23</ele>
      </trkpt>
      <trkpt lat="47.239772" lon="11.447863">
        <ele>914.96</ele>
      </trkpt>
      <trkpt lat="47.239858" lon="11.447769">
        <ele>914.33</ele>
      </trkpt>
      <trkpt lat="47.240112" lon="11.447588">
        <ele>911.37</ele>
      </trkpt>
      <trkpt lat="47.2402" lon="11.447542">
        <ele>910.0</ele>
      </trkpt>
      <trkpt lat="47.24027" lon="11.447524">
        <ele>909.04</ele>
      </trkpt>
      <trkpt lat="47.240392" lon="11.447541">
        <ele>907.84</ele>
      </trkpt>
      <trkpt lat="47.240554" lon="11.447595">
        <ele>906.52</ele>
      </trkpt>
      <trkpt lat="47.240657" lon="11.447617">
        <ele>905.61</ele>
      </trkpt>
      <trkpt lat="47.240727" lon="11.447611">
        <ele>904.86</ele>
      </trkpt>
      <trkpt lat="47.240851" lon="11.447578">
        <ele>903.63</ele>
      </trkpt>
      <trkpt lat="47.240899" lon="11.447583">
        <ele>903.44</ele>
      </trkpt>
      <trkpt lat="47.240948" lon="11.447614">
        <ele>903.53</ele>
      </trkpt>
      <trkpt lat="47.241022" lon="11.447684">
        <ele>903.9</ele>
      </trkpt>
      <trkpt lat="47.241276" lon="11.447981">
        <ele>905.01</ele>
      </trkpt>
      <trkpt lat="47.241364" lon="11.448132">
        <ele>905.24</ele>
      </trkpt>
      <trkpt lat="47.241458" lon="11.44823">
        <ele>904.98</ele>
      </trkpt>
      <trkpt lat="47.241684" lon="11.448353">
        <ele>904.0</ele>
      </trkpt>
      <trkpt lat="47.241791" lon="11.4484">
        <ele>903.88</ele>
      </trkpt>
      <trkpt lat="47.242008" lon="11.448476">
        <ele>904.41</ele>
      </trkpt>
      <trkpt lat="47.24213" lon="11.448546">
        <ele>905.08</ele>
      </trkpt>
      <trkpt lat="47.242226" lon="11.448622">
        <ele>905.68</ele>
      </trkpt>
      <trkpt lat="47.242494" lon="11.448897">
        <ele>906.22</ele>
      </trkpt>
      <trkpt lat="47.242643" lon="11.44901">
        <ele>904.83</ele>
      </trkpt>
      <trkpt lat="47.242858" lon="11.449093">
        <ele>901.86</ele>
      </trkpt>
      <trkpt lat="47.243042" lon="11.449149">
        <ele>899.18</ele>
      </trkpt>
      <trkpt lat="47.243204" lon="11.449226">
        <ele>897.18</ele>
      </trkpt>
      <trkpt lat="47.243275" lon="11.44928">
        <ele>896.56</ele>
      </trkpt>
      <trkpt lat="47.243363" lon="11.449364">
        <ele>896.01</ele>
      </trkpt>
      <trkpt lat="47.243517" lon="11.449543">
        <ele>895.01</ele>
      </trkpt>
      <trkpt lat="47.243646" lon="11.449707">
        <ele>893.54</ele>
      </trkpt>
      <trkpt lat="47.243782" lon="11.449934">
        <ele>891.15</ele>
      </trkpt>
      <trkpt lat="47.243845" lon="11.450014">
        <ele>889.63</ele>
      </trkpt>
      <trkpt lat="47.244432" lon="11.449765">
        <ele>881.58</ele>
      </trkpt>
      <trkpt lat="47.244713" lon="11.449837">
        <ele>881.28</ele>
      </trkpt>
      <trkpt lat="47.245038" lon="11.450014">
        <ele>878.44</ele>
      </trkpt>
      <trkpt lat="47.245421" lon="11.45029">
        <ele>870.79</ele>
      </trkpt>
      <trkpt lat="47.245644" lon="11.450355">
        <ele>864.52</ele>
      </trkpt>
      <trkpt lat="47.245693" lon="11.450544">
        <ele>862.18</ele>
      </trkpt>
      <trkpt lat="47.245736" lon="11.450389">
        <ele>861.68</ele>
      </trkpt>
      <trkpt lat="47.246006" lon="11.450596">
        <ele>852.88</ele>
      </trkpt>
      <trkpt lat="47.246633" lon="11.450953">
        <ele>840.26</ele>
      </trkpt>
      <trkpt lat="47.246834" lon="11.451054">
        <ele>837.43</ele>
      </trkpt>
      <trkpt lat="47.246955" lon="11.451003">
        <ele>834.37</ele>
      </trkpt>
      <trkpt lat="47.246995" lon="11.450816">
        <ele>831.68</ele>
      </trkpt>
      <trkpt lat="47.247039" lon="11.450743">
        <ele>830.01</ele>
      </trkpt>
      <trkpt lat="47.247086" lon="11.450655">
        <ele>828.03</ele>
      </trkpt>
      <trkpt lat="47.247107" lon="11.450597">
        <ele>826.85</ele>
      </trkpt>
      <trkpt lat="47.247122" lon="11.450484">
        <ele>824.78</ele>
      </trkpt>
      <trkpt lat="47.247135" lon="11.450435">
        <ele>823.8</ele>
      </trkpt>
      <trkpt lat="47.24719" lon="11.450222">
        <ele>819.8</ele>
      </trkpt>
      <trkpt lat="47.247276" lon="11.450157">
        <ele>818.4</ele>
      </trkpt>
      <trkpt lat="47.247289" lon="11.450022">
        <ele>816.79</ele>
      </trkpt>
      <trkpt lat="47.24727" lon="11.449944">
        <ele>816.08</ele>
      </trkpt>
      <trkpt lat="47.24752" lon="11.450378">
        <ele>819.61</ele>
      </trkpt>
      <trkpt lat="47.247586" lon="11.450521">
        <ele>820.6</ele>
      </trkpt>
      <trkpt lat="47.247644" lon="11.450671">
        <ele>821.32</ele>
      </trkpt>
      <trkpt lat="47.247667" lon="11.450801">
        <ele>821.73</ele>
      </trkpt>
      <trkpt lat="47.247683" lon="11.450944">
        <ele>821.55</ele>
      </trkpt>
      <trkpt lat="47.247683" lon="11.451094">
        <ele>820.82</ele>
      </trkpt>
      <trkpt lat="47.247643" lon="11.451322">
        <ele>819.81</ele>
      </trkpt>
      <trkpt lat="47.247635" lon="11.451394">
        <ele>819.51</ele>
      </trkpt>
      <trkpt lat="47.24765" lon="11.451418">
        <ele>819.14</ele>
      </trkpt>
      <trkpt lat="47.24769" lon="11.451444">
        <ele>818.38</ele>
      </trkpt>
      <trkpt lat="47.247808" lon="11.451778">
        <ele>817.22</ele>
      </trkpt>
      <trkpt lat="47.247869" lon="11.451899">
        <ele>817.53</ele>
      </trkpt>
      <trkpt lat="47.247929" lon="11.451992">
        <ele>817.67</ele>
      </trkpt>
      <trkpt lat="47.248017" lon="11.452081">
        <ele>817.21</ele>
      </trkpt>
      <trkpt lat="47.248107" lon="11.452147">
        <ele>816.4</ele>
      </trkpt>
      <trkpt lat="47.248032" lon="11.452584">
        <ele>821.17</ele>
      </trkpt>
      <trkpt lat="47.248088" lon="11.452921">
        <ele>819.33</ele>
      </trkpt>
      <trkpt lat="47.248102" lon="11.453008">
        <ele>818.69</ele>
      </trkpt>
      <trkpt lat="47.248109" lon="11.453101">
        <ele>818.22</ele>
      </trkpt>
      <trkpt lat="47.248236" lon="11.453619">
        <ele>815.46</ele>
      </trkpt>
      <trkpt lat="47.248312" lon="11.454082">
        <ele>815.24</ele>
      </trkpt>
      <trkpt lat="47.248348" lon="11.45427">
        <ele>814.76</ele>
      </trkpt>
      <trkpt lat="47.248557" lon="11.454287">
        <ele>816.06</ele>
      </trkpt>
      <trkpt lat="47.248605" lon="11.454287">
        <ele>816.98</ele>
      </trkpt>
      <trkpt lat="47.248735" lon="11.454272">
        <ele>820.06</ele>
      </trkpt>
      <trkpt lat="47.248774" lon="11.453843">
        <ele>821.1</ele>
      </trkpt>
      <trkpt lat="47.248839" lon="11.453321">
        <ele>824.14</ele>
      </trkpt>
      <trkpt lat="47.248852" lon="11.453181">
        <ele>824.48</ele>
      </trkpt>
      <trkpt lat="47.248865" lon="11.452946">
        <ele>824.64</ele>
      </trkpt>
      <trkpt lat="47.248876" lon="11.4529">
        <ele>824.79</ele>
      </trkpt>
      <trkpt lat="47.248874" lon="11.452884">
        <ele>824.7</ele>
      </trkpt>
      <trkpt lat="47.248879" lon="11.452802">
        <ele>824.53</ele>
      </trkpt>
      <trkpt lat="47.248975" lon="11.453409">
        <ele>827.7</ele>
      </trkpt>
      <trkpt lat="47.249122" lon="11.453852">
        <ele>828.09</ele>
      </trkpt>
      <trkpt lat="47.249344" lon="11.454522">
        <ele>831.5</ele>
      </trkpt>
      <trkpt lat="47.249411" lon="11.454704">
        <ele>833.13</ele>
      </trkpt>
      <trkpt lat="47.249394" lon="11.45606">
        <ele>830.24</ele>
      </trkpt>
      <trkpt lat="47.249409" lon="11.456746">
        <ele>832.02</ele>
      </trkpt>
      <trkpt lat="47.249605" lon="11.457444">
        <ele>840.25</ele>
      </trkpt>
      <trkpt lat="47.249789" lon="11.458166">
        <ele>830.1</ele>
      </trkpt>
      <trkpt lat="47.249986" lon="11.458516">
        <ele>822.21</ele>
      </trkpt>
      <trkpt lat="47.25035" lon="11.458561">
        <ele>816.69</ele>
      </trkpt>
      <trkpt lat="47.250621" lon="11.458661">
        <ele>809.25</ele>
      </trkpt>
      <trkpt lat="47.250927" lon="11.458471">
        <ele>815.11</ele>
      </trkpt>
      <trkpt lat="47.251181" lon="11.458344">
        <ele>819.82</ele>
      </trkpt>
      <trkpt lat="47.251759" lon="11.458469">
        <ele>817.89</ele>
      </trkpt>
      <trkpt lat="47.252282" lon="11.45907">
        <ele>812.59</ele>
      </trkpt>
      <trkpt lat="47.252551" lon="11.459506">
        <ele>813.6</ele>
      </trkpt>
      <trkpt lat="47.252767" lon="11.45984">
        <ele>810.07</ele>
      </trkpt>
      <trkpt lat="47.253188" lon="11.459923">
        <ele>808.87</ele>
      </trkpt>
      <trkpt lat="47.253418" lon="11.459996">
        <ele>806.7</ele>
      </trkpt>
      <trkpt lat="47.253895" lon="11.459996">
        <ele>801.64</ele>
      </trkpt>
      <trkpt lat="47.254213" lon="11.460009">
        <ele>798.57</ele>
      </trkpt>
      <trkpt lat="47.254586" lon="11.460152">
        <ele>794.03</ele>
      </trkpt>
      <trkpt lat="47.255348" lon="11.459866">
        <ele>794.04</ele>
      </trkpt>
      <trkpt lat="47.255841" lon="11.459717">
        <ele>786.97</ele>
      </trkpt>
      <trkpt lat="47.256673" lon="11.459627">
        <ele>777.58</ele>
      </trkpt>
      <trkpt lat="47.257008" lon="11.459596">
        <ele>775.09</ele>
      </trkpt>
      <trkpt lat="47.257038" lon="11.459582">
        <ele>774.86</ele>
      </trkpt>
      <trkpt lat="47.257082" lon="11.459454">
        <ele>774.15</ele>
      </trkpt>
      <trkpt lat="47.256999" lon="11.458955">
        <ele>774.33</ele>
      </trkpt>
      <trkpt lat="47.25727" lon="11.458984">
        <ele>766.61</ele>
      </trkpt>
      <trkpt lat="47.257383" lon="11.459595">
        <ele>769.16</ele>
      </trkpt>
      <trkpt lat="47.25774" lon="11.460464">
        <ele>754.11</ele>
      </trkpt>
      <trkpt lat="47.257964" lon="11.460784">
        <ele>751.02</ele>
      </trkpt>
      <trkpt lat="47.258351" lon="11.46099">
        <ele>749.37</ele>
      </trkpt>
      <trkpt lat="47.258409" lon="11.461022">
        <ele>748.01</ele>
      </trkpt>
      <trkpt lat="47.258531" lon="11.461156">
        <ele>743.58</ele>
      </trkpt>
      <trkpt lat="47.258594" lon="11.461248">
        <ele>740.0</ele>
      </trkpt>
      <trkpt lat="47.25873" lon="11.461606">
        <ele>727.68</ele>
      </trkpt>
      <trkpt lat="47.258766" lon="11.461755">
        <ele>724.21</ele>
      </trkpt>
      <trkpt lat="47.258761" lon="11.46182">
        <ele>723.89</ele>
      </trkpt>
      <trkpt lat="47.258738" lon="11.461936">
        <ele>723.63</ele>
      </trkpt>
      <trkpt lat="47.258727" lon="11.461981">
        <ele>723.42</ele>
      </trkpt>
      <trkpt lat="47.258698" lon="11.462202">
        <ele>720.49</ele>
      </trkpt>
      <trkpt lat="47.258767" lon="11.462137">
        <ele>720.29</ele>
      </trkpt>
      <trkpt lat="47.259072" lon="11.46184">
        <ele>708.29</ele>
      </trkpt>
      <trkpt lat="47.259238" lon="11.461562">
        <ele>698.79</ele>
      </trkpt>
      <trkpt lat="47.259296" lon="11.461727">
        <ele>698.56</ele>
      </trkpt>
      <trkpt lat="47.259391" lon="11.461841">
        <ele>699.03</ele>
      </trkpt>
      <trkpt lat="47.259687" lon="11.462087">
        <ele>703.04</ele>
      </trkpt>
      <trkpt lat="47.25974" lon="11.462152">
        <ele>704.61</ele>
      </trkpt>
      <trkpt lat="47.259787" lon="11.462249">
        <ele>707.27</ele>
      </trkpt>
      <trkpt lat="47.259798" lon="11.462311">
        <ele>709.21</ele>
      </trkpt>
      <trkpt lat="47.259798" lon="11.462362">
        <ele>710.89</ele>
      </trkpt>
      <trkpt lat="47.25979" lon="11.462416">
        <ele>712.69</ele>
      </trkpt>
      <trkpt lat="47.259771" lon="11.462474">
        <ele>714.65</ele>
      </trkpt>
      <trkpt lat="47.259708" lon="11.462548">
        <ele>717.51</ele>
      </trkpt>
      <trkpt lat="47.259663" lon="11.462584">
        <ele>718.93</ele>
      </trkpt>
      <trkpt lat="47.259536" lon="11.46266">
        <ele>721.63</ele>
      </trkpt>
      <trkpt lat="47.25942" lon="11.462726">
        <ele>723.19</ele>
      </trkpt>
      <trkpt lat="47.259357" lon="11.462801">
        <ele>724.12</ele>
      </trkpt>
      <trkpt lat="47.259308" lon="11.462887">
        <ele>724.87</ele>
      </trkpt>
      <trkpt lat="47.259289" lon="11.462937">
        <ele>725.21</ele>
      </trkpt>
      <trkpt lat="47.259253" lon="11.463083">
        <ele>726.09</ele>
      </trkpt>
      <trkpt lat="47.259239" lon="11.463186">
        <ele>726.75</ele>
      </trkpt>
      <trkpt lat="47.259239" lon="11.46324">
        <ele>727.13</ele>
      </trkpt>
      <trkpt lat="47.259238" lon="11.463335">
        <ele>727.95</ele>
      </trkpt>
      <trkpt lat="47.259277" lon="11.463677">
        <ele>731.47</ele>
      </trkpt>
      <trkpt lat="47.2593" lon="11.463925">
        <ele>733.66</ele>
      </trkpt>
      <trkpt lat="47.259293" lon="11.464256">
        <ele>735.71</ele>
      </trkpt>
      <trkpt lat="47.259266" lon="11.464542">
        <ele>736.36</ele>
      </trkpt>
      <trkpt lat="47.259247" lon="11.464675">
        <ele>736.64</ele>
      </trkpt>
      <trkpt lat="47.259189" lon="11.464991">
        <ele>738.33</ele>
      </trkpt>
      <trkpt lat="47.259141" lon="11.465308">
        <ele>741.15</ele>
      </trkpt>
      <trkpt lat="47.259101" lon="11.46564">
        <ele>744.68</ele>
      </trkpt>
      <trkpt lat="47.2591" lon="11.465743">
        <ele>745.58</ele>
      </trkpt>
      <trkpt lat="47.259107" lon="11.465837">
        <ele>746.21</ele>
      </trkpt>
      <trkpt lat="47.259167" lon="11.466236">
        <ele>748.62</ele>
      </trkpt>
      <trkpt lat="47.259179" lon="11.466443">
        <ele>750.78</ele>
      </trkpt>
      <trkpt lat="47.259141" lon="11.467248">
        <ele>760.79</ele>
      </trkpt>
      <trkpt lat="47.259137" lon="11.46754">
        <ele>763.79</ele>
      </trkpt>
      <trkpt lat="47.25914" lon="11.467755">
        <ele>765.67</ele>
      </trkpt>
      <trkpt lat="47.259149" lon="11.467907">
        <ele>766.69</ele>
      </trkpt>
      <trkpt lat="47.259164" lon="11.46804">
        <ele>767.39</ele>
      </trkpt>
      <trkpt lat="47.259183" lon="11.468145">
        <ele>767.77</ele>
      </trkpt>
      <trkpt lat="47.259245" lon="11.468424">
        <ele>769.23</ele>
      </trkpt>
      <trkpt lat="47.259353" lon="11.468848">
        <ele>774.67</ele>
      </trkpt>
      <trkpt lat="47.259418" lon="11.469104">
        <ele>777.92</ele>
      </trkpt>
      <trkpt lat="47.259482" lon="11.469437">
        <ele>780.39</ele>
      </trkpt>
      <trkpt lat="47.259551" lon="11.469918">
        <ele>783.12</ele>
      </trkpt>
      <trkpt lat="47.25956" lon="11.470045">
        <ele>784.24</ele>
      </trkpt>
      <trkpt lat="47.259559" lon="11.470144">
        <ele>785.29</ele>
      </trkpt>
      <trkpt lat="47.259551" lon="11.470238">
        <ele>786.36</ele>
      </trkpt>
      <trkpt lat="47.259502" lon="11.470579">
        <ele>789.75</ele>
      </trkpt>
      <trkpt lat="47.259418" lon="11.470984">
        <ele>791.83</ele>
      </trkpt>
      <trkpt lat="47.259354" lon="11.471248">
        <ele>792.18</ele>
      </trkpt>
      <trkpt lat="47.259123" lon="11.472385">
        <ele>792.83</ele>
      </trkpt>
      <trkpt lat="47.258968" lon="11.472989">
        <ele>792.21</ele>
      </trkpt>
      <trkpt lat="47.258939" lon="11.473335">
        <ele>791.36</ele>
      </trkpt>
      <trkpt lat="47.258993" lon="11.473568">
        <ele>791.01</ele>
      </trkpt>
      <trkpt lat="47.259152" lon="11.473853">
        <ele>790.2</ele>
      </trkpt>
      <trkpt lat="47.259246" lon="11.474057">
        <ele>789.74</ele>
      </trkpt>
      <trkpt lat="47.259327" lon="11.474315">
        <ele>788.93</ele>
      </trkpt>
      <trkpt lat="47.259392" lon="11.474615">
        <ele>786.79</ele>
      </trkpt>
      <trkpt lat="47.259765" lon="11.477653">
        <ele>796.84</ele>
      </trkpt>
      <trkpt lat="47.259757" lon="11.478161">
        <ele>800.55</ele>
      </trkpt>
      <trkpt lat="47.2597" lon="11.479033">
        <ele>812.08</ele>
      </trkpt>
      <trkpt lat="47.259792" lon="11.479627">
        <ele>814.12</ele>
      </trkpt>
      <trkpt lat="47.25977" lon="11.479713">
        <ele>814.48</ele>
      </trkpt>
      <trkpt lat="47.259792" lon="11.479627">
        <ele>814.12</ele>
      </trkpt>
      <trkpt lat="47.259886" lon="11.479787">
        <ele>813.84</ele>
      </trkpt>
      <trkpt lat="47.260095" lon="11.480022">
        <ele>814.27</ele>
      </trkpt>
      <trkpt lat="47.260181" lon="11.480167">
        <ele>815.15</ele>
      </trkpt>
      <trkpt lat="47.26021" lon="11.480234">
        <ele>815.53</ele>
      </trkpt>
      <trkpt lat="47.260236" lon="11.480325">
        <ele>815.92</ele>
      </trkpt>
      <trkpt lat="47.260247" lon="11.480421">
        <ele>816.15</ele>
      </trkpt>
      <trkpt lat="47.260241" lon="11.480564">
        <ele>816.18</ele>
      </trkpt>
      <trkpt lat="47.260241" lon="11.480785">
        <ele>816.66</ele>
      </trkpt>
      <trkpt lat="47.260268" lon="11.481137">
        <ele>819.0</ele>
      </trkpt>
      <trkpt lat="47.260292" lon="11.481294">
        <ele>820.42</ele>
      </trkpt>
      <trkpt lat="47.260349" lon="11.481503">
        <ele>822.47</ele>
      </trkpt>
      <trkpt lat="47.260408" lon="11.481654">
        <ele>823.86</ele>
      </trkpt>
      <trkpt lat="47.26054" lon="11.481857">
        <ele>825.68</ele>
      </trkpt>
      <trkpt lat="47.259795" lon="11.482847">
        <ele>825.18</ele>
      </trkpt>
      <trkpt lat="47.259489" lon="11.483915">
        <ele>828.66</ele>
      </trkpt>
      <trkpt lat="47.259494" lon="11.484497">
        <ele>834.26</ele>
      </trkpt>
      <trkpt lat="47.259237" lon="11.48519">
        <ele>837.97</ele>
      </trkpt>
      <trkpt lat="47.259888" lon="11.486742">
        <ele>845.29</ele>
      </trkpt>
      <trkpt lat="47.259859" lon="11.487267">
        <ele>843.62</ele>
      </trkpt>
      <trkpt lat="47.259917" lon="11.48752">
        <ele>843.16</ele>
      </trkpt>
      <trkpt lat="47.260025" lon="11.487813">
        <ele>843.42</ele>
      </trkpt>
      <trkpt lat="47.260337" lon="11.488695">
        <ele>838.82</ele>
      </trkpt>
      <trkpt lat="47.260407" lon="11.488748">
        <ele>838.97</ele>
      </trkpt>
      <trkpt lat="47.260199" lon="11.489242">
        <ele>826.62</ele>
      </trkpt>
      <trkpt lat="47.260097" lon="11.489671">
        <ele>817.0</ele>
      </trkpt>
      <trkpt lat="47.260275" lon="11.490176">
        <ele>809.35</ele>
      </trkpt>
      <trkpt lat="47.260663" lon="11.49076">
        <ele>811.88</ele>
      </trkpt>
      <trkpt lat="47.261076" lon="11.491769">
        <ele>799.63</ele>
      </trkpt>
      <trkpt lat="47.261328" lon="11.492295">
        <ele>793.9</ele>
      </trkpt>
      <trkpt lat="47.261976" lon="11.492901">
        <ele>786.39</ele>
      </trkpt>
      <trkpt lat="47.26214" lon="11.492937">
        <ele>787.04</ele>
      </trkpt>
      <trkpt lat="47.262416" lon="11.492997">
        <ele>789.41</ele>
      </trkpt>
      <trkpt lat="47.262742" lon="11.493022">
        <ele>791.73</ele>
      </trkpt>
      <trkpt lat="47.262922" lon="11.493346">
        <ele>787.44</ele>
      </trkpt>
      <trkpt lat="47.26325" lon="11.493775">
        <ele>778.66</ele>
      </trkpt>
      <trkpt lat="47.263392" lon="11.494204">
        <ele>774.09</ele>
      </trkpt>
      <trkpt lat="47.263574" lon="11.495186">
        <ele>758.62</ele>
      </trkpt>
      <trkpt lat="47.263774" lon="11.495551">
        <ele>754.97</ele>
      </trkpt>
      <trkpt lat="47.264206" lon="11.495986">
        <ele>752.54</ele>
      </trkpt>
      <trkpt lat="47.264348" lon="11.495999">
        <ele>753.92</ele>
      </trkpt>
      <trkpt lat="47.264628" lon="11.495945">
        <ele>755.14</ele>
      </trkpt>
      <trkpt lat="47.26481" lon="11.495867">
        <ele>755.02</ele>
      </trkpt>
      <trkpt lat="47.265177" lon="11.49559">
        <ele>758.06</ele>
      </trkpt>
      <trkpt lat="47.265529" lon="11.495374">
        <ele>761.03</ele>
      </trkpt>
      <trkpt lat="47.265541" lon="11.495553">
        <ele>762.83</ele>
      </trkpt>
      <trkpt lat="47.265883" lon="11.495658">
        <ele>767.41</ele>
      </trkpt>
      <trkpt lat="47.26601" lon="11.495728">
        <ele>768.13</ele>
      </trkpt>
      <trkpt lat="47.266233" lon="11.495997">
        <ele>771.53</ele>
      </trkpt>
      <trkpt lat="47.266477" lon="11.496271">
        <ele>774.22</ele>
      </trkpt>
      <trkpt lat="47.266762" lon="11.496523">
        <ele>776.08</ele>
      </trkpt>
      <trkpt lat="47.26693" lon="11.49666">
        <ele>776.88</ele>
      </trkpt>
      <trkpt lat="47.266935" lon="11.496746">
        <ele>778.86</ele>
      </trkpt>
      <trkpt lat="47.266944" lon="11.496786">
        <ele>779.65</ele>
      </trkpt>
      <trkpt lat="47.267042" lon="11.497103">
        <ele>784.24</ele>
      </trkpt>
      <trkpt lat="47.267097" lon="11.497262">
        <ele>785.63</ele>
      </trkpt>
      <trkpt lat="47.267171" lon="11.497429">
        <ele>786.21</ele>
      </trkpt>
      <trkpt lat="47.267224" lon="11.497521">
        <ele>786.18</ele>
      </trkpt>
      <trkpt lat="47.267332" lon="11.497683">
        <ele>787.08</ele>
      </trkpt>
      <trkpt lat="47.26768" lon="11.498097">
        <ele>793.34</ele>
      </trkpt>
      <trkpt lat="47.267797" lon="11.498271">
        <ele>794.65</ele>
      </trkpt>
      <trkpt lat="47.267834" lon="11.498346">
        <ele>794.96</ele>
      </trkpt>
      <trkpt lat="47.267867" lon="11.498437">
        <ele>795.58</ele>
      </trkpt>
      <trkpt lat="47.267933" lon="11.498779">
        <ele>800.25</ele>
      </trkpt>
      <trkpt lat="47.267952" lon="11.499019">
        <ele>804.38</ele>
      </trkpt>
      <trkpt lat="47.267949" lon="11.49918">
        <ele>807.11</ele>
      </trkpt>
      <trkpt lat="47.267945" lon="11.499247">
        <ele>808.12</ele>
      </trkpt>
      <trkpt lat="47.267974" lon="11.499332">
        <ele>808.5</ele>
      </trkpt>
      <trkpt lat="47.267932" lon="11.499326">
        <ele>809.33</ele>
      </trkpt>
      <trkpt lat="47.267879" lon="11.499579">
        <ele>812.38</ele>
      </trkpt>
      <trkpt lat="47.267878" lon="11.499649">
        <ele>812.82</ele>
      </trkpt>
      <trkpt lat="47.267832" lon="11.500112">
        <ele>816.01</ele>
      </trkpt>
      <trkpt lat="47.267803" lon="11.500511">
        <ele>818.33</ele>
      </trkpt>
      <trkpt lat="47.267392" lon="11.500874">
        <ele>824.64</ele>
      </trkpt>
      <trkpt lat="47.267335" lon="11.500905">
        <ele>825.54</ele>
      </trkpt>
      <trkpt lat="47.267271" lon="11.500898">
        <ele>826.29</ele>
      </trkpt>
      <trkpt lat="47.267201" lon="11.500864">
        <ele>826.98</ele>
      </trkpt>
      <trkpt lat="47.267151" lon="11.500806">
        <ele>827.4</ele>
      </trkpt>
      <trkpt lat="47.267105" lon="11.500733">
        <ele>827.75</ele>
      </trkpt>
      <trkpt lat="47.267052" lon="11.500593">
        <ele>827.98</ele>
      </trkpt>
      <trkpt lat="47.266851" lon="11.499994">
        <ele>828.32</ele>
      </trkpt>
      <trkpt lat="47.266719" lon="11.499685">
        <ele>829.19</ele>
      </trkpt>
      <trkpt lat="47.266562" lon="11.499212">
        <ele>829.81</ele>
      </trkpt>
      <trkpt lat="47.266414" lon="11.499226">
        <ele>832.28</ele>
      </trkpt>
      <trkpt lat="47.265953" lon="11.499388">
        <ele>840.71</ele>
      </trkpt>
      <trkpt lat="47.265701" lon="11.499422">
        <ele>843.96</ele>
      </trkpt>
      <trkpt lat="47.265641" lon="11.499901">
        <ele>843.15</ele>
      </trkpt>
      <trkpt lat="47.26553" lon="11.500158">
        <ele>839.21</ele>
      </trkpt>
      <trkpt lat="47.265582" lon="11.500326">
        <ele>839.32</ele>
      </trkpt>
      <trkpt lat="47.265709" lon="11.50047">
        <ele>842.29</ele>
      </trkpt>
      <trkpt lat="47.265753" lon="11.500544">
        <ele>842.97</ele>
      </trkpt>
      <trkpt lat="47.266528" lon="11.501339">
        <ele>829.14</ele>
      </trkpt>
      <trkpt lat="47.267058" lon="11.501825">
        <ele>826.17</ele>
      </trkpt>
      <trkpt lat="47.267564" lon="11.502446">
        <ele>829.13</ele>
      </trkpt>
      <trkpt lat="47.268003" lon="11.503316">
        <ele>814.78</ele>
      </trkpt>
      <trkpt lat="47.268537" lon="11.503751">
        <ele>816.31</ele>
      </trkpt>
      <trkpt lat="47.268754" lon="11.504143">
        <ele>809.76</ele>
      </trkpt>
      <trkpt lat="47.269227" lon="11.505048">
        <ele>810.22</ele>
      </trkpt>
      <trkpt lat="47.26932" lon="11.505465">
        <ele>799.93</ele>
      </trkpt>
      <trkpt lat="47.269565" lon="11.505735">
        <ele>799.64</ele>
      </trkpt>
      <trkpt lat="47.269891" lon="11.506249">
        <ele>802.03</ele>
      </trkpt>
      <trkpt lat="47.270331" lon="11.506612">
        <ele>802.08</ele>
      </trkpt>
      <trkpt lat="47.270559" lon="11.507096">
        <ele>796.85</ele>
      </trkpt>
      <trkpt lat="47.270827" lon="11.507458">
        <ele>795.33</ele>
      </trkpt>
      <trkpt lat="47.271087" lon="11.50761">
        <ele>789.4</ele>
      </trkpt>
      <trkpt lat="47.271258" lon="11.508078">
        <ele>785.99</ele>
      </trkpt>
      <trkpt lat="47.271719" lon="11.50899">
        <ele>782.71</ele>
      </trkpt>
      <trkpt lat="47.271929" lon="11.509439">
        <ele>780.03</ele>
      </trkpt>
      <trkpt lat="47.271992" lon="11.510161">
        <ele>773.88</ele>
      </trkpt>
      <trkpt lat="47.271941" lon="11.51072">
        <ele>771.09</ele>
      </trkpt>
      <trkpt lat="47.271898" lon="11.510799">
        <ele>772.12</ele>
      </trkpt>
      <trkpt lat="47.271801" lon="11.512216">
        <ele>778.52</ele>
      </trkpt>
      <trkpt lat="47.271832" lon="11.512614">
        <ele>775.55</ele>
      </trkpt>
      <trkpt lat="47.271794" lon="11.512992">
        <ele>773.42</ele>
      </trkpt>
      <trkpt lat="47.271849" lon="11.513708">
        <ele>763.53</ele>
      </trkpt>
      <trkpt lat="47.271818" lon="11.514028">
        <ele>759.38</ele>
      </trkpt>
      <trkpt lat="47.272084" lon="11.514532">
        <ele>730.71</ele>
      </trkpt>
      <trkpt lat="47.272235" lon="11.514972">
        <ele>711.41</ele>
      </trkpt>
      <trkpt lat="47.272277" lon="11.515207">
        <ele>705.96</ele>
      </trkpt>
      <trkpt lat="47.272398" lon="11.515397">
        <ele>700.03</ele>
      </trkpt>
      <trkpt lat="47.272455" lon="11.515743">
        <ele>695.13</ele>
      </trkpt>
      <trkpt lat="47.272474" lon="11.515868">
        <ele>693.71</ele>
      </trkpt>
      <trkpt lat="47.272492" lon="11.515874">
        <ele>693.06</ele>
      </trkpt>
      <trkpt lat="47.272623" lon="11.515674">
        <ele>688.33</ele>
      </trkpt>
      <trkpt lat="47.272684" lon="11.515545">
        <ele>685.89</ele>
      </trkpt>
      <trkpt lat="47.272706" lon="11.515396">
        <ele>686.08</ele>
      </trkpt>
      <trkpt lat="47.272867" lon="11.514922">
        <ele>681.07</ele>
      </trkpt>
      <trkpt lat="47.273001" lon="11.514601">
        <ele>675.11</ele>
      </trkpt>
      <trkpt lat="47.273123" lon="11.514457">
        <ele>668.19</ele>
      </trkpt>
      <trkpt lat="47.273273" lon="11.514383">
        <ele>659.59</ele>
      </trkpt>
      <trkpt lat="47.273315" lon="11.514325">
        <ele>657.69</ele>
      </trkpt>
      <trkpt lat="47.273434" lon="11.514219">
        <ele>652.43</ele>
      </trkpt>
      <trkpt lat="47.273513" lon="11.513978">
        <ele>650.87</ele>
      </trkpt>
      <trkpt lat="47.273857" lon="11.513223">
        <ele>642.23</ele>
      </trkpt>
      <trkpt lat="47.273962" lon="11.512854">
        <ele>637.23</ele>
      </trkpt>
      <trkpt lat="47.274212" lon="11.512227">
        <ele>625.99</ele>
      </trkpt>
      <trkpt lat="47.274305" lon="11.511738">
        <ele>624.77</ele>
      </trkpt>
      <trkpt lat="47.274433" lon="11.511335">
        <ele>620.74</ele>
      </trkpt>
      <trkpt lat="47.274741" lon="11.510746">
        <ele>611.19</ele>
      </trkpt>
      <trkpt lat="47.275011" lon="11.510582">
        <ele>600.93</ele>
      </trkpt>
      <trkpt lat="47.275038" lon="11.510322">
        <ele>600.92</ele>
      </trkpt>
      <trkpt lat="47.275091" lon="11.510084">
        <ele>599.34</ele>
      </trkpt>
      <trkpt lat="47.27513" lon="11.510064">
        <ele>597.52</ele>
      </trkpt>
      <trkpt lat="47.275148" lon="11.509966">
        <ele>597.0</ele>
      </trkpt>
      <trkpt lat="47.27549" lon="11.509696">
        <ele>581.87</ele>
      </trkpt>
      <trkpt lat="47.275463" lon="11.509985">
        <ele>581.54</ele>
      </trkpt>
      <trkpt lat="47.275502" lon="11.510186">
        <ele>579.79</ele>
      </trkpt>
      <trkpt lat="47.275607" lon="11.50995">
        <ele>575.23</ele>
      </trkpt>
      <trkpt lat="47.275683" lon="11.510087">
        <ele>572.17</ele>
      </trkpt>
      <trkpt lat="47.275738" lon="11.510387">
        <ele>571.74</ele>
      </trkpt>
      <trkpt lat="47.275732" lon="11.510532">
        <ele>573.02</ele>
      </trkpt>
      <trkpt lat="47.275968" lon="11.509919">
        <ele>563.55</ele>
      </trkpt>
      <trkpt lat="47.276085" lon="11.50958">
        <ele>562.7</ele>
      </trkpt>
      <trkpt lat="47.276203" lon="11.509128">
        <ele>562.08</ele>
      </trkpt>
      <trkpt lat="47.276233" lon="11.508808">
        <ele>561.5</ele>
      </trkpt>
      <trkpt lat="47.276313" lon="11.508863">
        <ele>559.85</ele>
      </trkpt>
      <trkpt lat="47.276314" lon="11.508707">
        <ele>559.77</ele>
      </trkpt>
      <trkpt lat="47.276386" lon="11.508683">
        <ele>558.43</ele>
      </trkpt>
      <trkpt lat="47.277211" lon="11.50844">
        <ele>558.4</ele>
      </trkpt>
      <trkpt lat="47.277265" lon="11.50842">
        <ele>559.03</ele>
      </trkpt>
      <trkpt lat="47.27751" lon="11.508328">
        <ele>561.04</ele>
      </trkpt>
      <trkpt lat="47.277769" lon="11.508198">
        <ele>561.63</ele>
      </trkpt>
      <trkpt lat="47.27778" lon="11.508275">
        <ele>561.57</ele>
      </trkpt>
      <trkpt lat="47.277822" lon="11.50826">
        <ele>561.58</ele>
      </trkpt>
      <trkpt lat="47.277872" lon="11.508628">
        <ele>561.18</ele>
      </trkpt>
      <trkpt lat="47.278036" lon="11.508567">
        <ele>561.18</ele>
      </trkpt>
      <trkpt lat="47.278241" lon="11.50848">
        <ele>561.04</ele>
      </trkpt>
      <trkpt lat="47.27806" lon="11.508016">
        <ele>561.26</ele>
      </trkpt>
      <trkpt lat="47.278028" lon="11.507991">
        <ele>561.31</ele>
      </trkpt>
      <trkpt lat="47.277998" lon="11.507889">
        <ele>561.32</ele>
      </trkpt>
      <trkpt lat="47.277954" lon="11.507611">
        <ele>561.31</ele>
      </trkpt>
      <trkpt lat="47.277947" lon="11.507513">
        <ele>561.31</ele>
      </trkpt>
      <trkpt lat="47.277997" lon="11.507387">
        <ele>561.09</ele>
      </trkpt>
      <trkpt lat="47.27787" lon="11.506926">
        <ele>561.67</ele>
      </trkpt>
      <trkpt lat="47.277752" lon="11.506211">
        <ele>561.47</ele>
      </trkpt>
      <trkpt lat="47.277751" lon="11.50615">
        <ele>561.39</ele>
      </trkpt>
      <trkpt lat="47.27787" lon="11.505431">
        <ele>560.94</ele>
      </trkpt>
      <trkpt lat="47.277871" lon="11.505208">
        <ele>560.98</ele>
      </trkpt>
      <trkpt lat="47.277865" lon="11.504933">
        <ele>561.0</ele>
      </trkpt>
      <trkpt lat="47.277852" lon="11.504241">
        <ele>560.98</ele>
      </trkpt>
      <trkpt lat="47.277844" lon="11.503507">
        <ele>561.64</ele>
      </trkpt>
      <trkpt lat="47.277805" lon="11.503496">
        <ele>561.7</ele>
      </trkpt>
      <trkpt lat="47.277762" lon="11.50345">
        <ele>561.78</ele>
      </trkpt>
      <trkpt lat="47.27773" lon="11.503373">
        <ele>561.84</ele>
      </trkpt>
      <trkpt lat="47.277514" lon="11.501833">
        <ele>560.97</ele>
      </trkpt>
      <trkpt lat="47.27741" lon="11.50185">
        <ele>561.03</ele>
      </trkpt>
      <trkpt lat="47.277377" lon="11.501763">
        <ele>561.05</ele>
      </trkpt>
    </trkseg>
    <trkseg>
      <name>Segment 2</name>
      <desc>distance: 17.0km, elevation_gain: 628.0m, elevation_loss: 637.0m, estimated_duration: 02:43</desc>
      <trkpt lat="47.403242" lon="11.81698">
        <ele>531.46</ele>
      </trkpt>
      <trkpt lat="47.403701" lon="11.816823">
        <ele>534.76</ele>
      </trkpt>
      <trkpt lat="47.403979" lon="11.816703">
        <ele>536.0</ele>
      </trkpt>
      <trkpt lat="47.404223" lon="11.81653">
        <ele>537.75</ele>
      </trkpt>
      <trkpt lat="47.404515" lon="11.816306">
        <ele>540.34</ele>
      </trkpt>
      <trkpt lat="47.404626" lon="11.81621">
        <ele>541.23</ele>
      </trkpt>
      <trkpt lat="47.404696" lon="11.816127">
        <ele>541.78</ele>
      </trkpt>
      <trkpt lat="47.404754" lon="11.816041">
        <ele>542.23</ele>
      </trkpt>
      <trkpt lat="47.404805" lon="11.815942">
        <ele>542.66</ele>
      </trkpt>
      <trkpt lat="47.40485" lon="11.815834">
        <ele>543.12</ele>
      </trkpt>
      <trkpt lat="47.404915" lon="11.8156">
        <ele>544.19</ele>
      </trkpt>
      <trkpt lat="47.404935" lon="11.815471">
        <ele>544.8</ele>
      </trkpt>
      <trkpt lat="47.404941" lon="11.815331">
        <ele>545.4</ele>
      </trkpt>
      <trkpt lat="47.404912" lon="11.815031">
        <ele>546.31</ele>
      </trkpt>
      <trkpt lat="47.404852" lon="11.814773">
        <ele>546.61</ele>
      </trkpt>
      <trkpt lat="47.404788" lon="11.814531">
        <ele>546.73</ele>
      </trkpt>
      <trkpt lat="47.404747" lon="11.81432">
        <ele>546.92</ele>
      </trkpt>
      <trkpt lat="47.404735" lon="11.814108">
        <ele>547.3</ele>
      </trkpt>
      <trkpt lat="47.404785" lon="11.813935">
        <ele>548.08</ele>
      </trkpt>
      <trkpt lat="47.404861" lon="11.813773">
        <ele>549.07</ele>
      </trkpt>
      <trkpt lat="47.405056" lon="11.813609">
        <ele>550.99</ele>
      </trkpt>
      <trkpt lat="47.405559" lon="11.813242">
        <ele>555.88</ele>
      </trkpt>
      <trkpt lat="47.405724" lon="11.813138">
        <ele>557.5</ele>
      </trkpt>
      <trkpt lat="47.405673" lon="11.812597">
        <ele>557.26</ele>
      </trkpt>
      <trkpt lat="47.405668" lon="11.812544">
        <ele>557.22</ele>
      </trkpt>
      <trkpt lat="47.40555" lon="11.811333">
        <ele>556.05</ele>
      </trkpt>
      <trkpt lat="47.405391" lon="11.810401">
        <ele>554.67</ele>
      </trkpt>
      <trkpt lat="47.405236" lon="11.809629">
        <ele>554.75</ele>
      </trkpt>
      <trkpt lat="47.405434" lon="11.809394">
        <ele>557.43</ele>
      </trkpt>
      <trkpt lat="47.405617" lon="11.809212">
        <ele>559.2</ele>
      </trkpt>
      <trkpt lat="47.405743" lon="11.809011">
        <ele>560.14</ele>
      </trkpt>
      <trkpt lat="47.405866" lon="11.808772">
        <ele>560.91</ele>
      </trkpt>
      <trkpt lat="47.405957" lon="11.808693">
        <ele>561.66</ele>
      </trkpt>
      <trkpt lat="47.406218" lon="11.808491">
        <ele>563.91</ele>
      </trkpt>
      <trkpt lat="47.406372" lon="11.808373">
        <ele>565.26</ele>
      </trkpt>
      <trkpt lat="47.406486" lon="11.808242">
        <ele>566.29</ele>
      </trkpt>
      <trkpt lat="47.406566" lon="11.808161">
        <ele>567.04</ele>
      </trkpt>
      <trkpt lat="47.406607" lon="11.808143">
        <ele>567.43</ele>
      </trkpt>
      <trkpt lat="47.406666" lon="11.808134">
        <ele>567.99</ele>
      </trkpt>
      <trkpt lat="47.406796" lon="11.808128">
        <ele>569.24</ele>
      </trkpt>
      <trkpt lat="47.406858" lon="11.808125">
        <ele>569.82</ele>
      </trkpt>
      <trkpt lat="47.406853" lon="11.808413">
        <ele>569.74</ele>
      </trkpt>
      <trkpt lat="47.406957" lon="11.808148">
        <ele>570.75</ele>
      </trkpt>
      <trkpt lat="47.407104" lon="11.808144">
        <ele>572.13</ele>
      </trkpt>
      <trkpt lat="47.407455" lon="11.808182">
        <ele>575.59</ele>
      </trkpt>
      <trkpt lat="47.40779" lon="11.808174">
        <ele>579.51</ele>
      </trkpt>
      <trkpt lat="47.407932" lon="11.808166">
        <ele>581.31</ele>
      </trkpt>
      <trkpt lat="47.408176" lon="11.808147">
        <ele>584.27</ele>
      </trkpt>
      <trkpt lat="47.408387" lon="11.808118">
        <ele>586.48</ele>
      </trkpt>
      <trkpt lat="47.408508" lon="11.808039">
        <ele>587.46</ele>
      </trkpt>
      <trkpt lat="47.408576" lon="11.807963">
        <ele>587.91</ele>
      </trkpt>
      <trkpt lat="47.408642" lon="11.808279">
        <ele>588.73</ele>
      </trkpt>
      <trkpt lat="47.40867" lon="11.808411">
        <ele>588.9</ele>
      </trkpt>
      <trkpt lat="47.408719" lon="11.808646">
        <ele>588.97</ele>
      </trkpt>
      <trkpt lat="47.408762" lon="11.808816">
        <ele>589.05</ele>
      </trkpt>
      <trkpt lat="47.408799" lon="11.80888">
        <ele>589.3</ele>
      </trkpt>
      <trkpt lat="47.408824" lon="11.808914">
        <ele>589.49</ele>
      </trkpt>
      <trkpt lat="47.408868" lon="11.808944">
        <ele>589.89</ele>
      </trkpt>
      <trkpt lat="47.408899" lon="11.809051">
        <ele>590.1</ele>
      </trkpt>
      <trkpt lat="47.408889" lon="11.809136">
        <ele>589.94</ele>
      </trkpt>
      <trkpt lat="47.408506" lon="11.809629">
        <ele>585.71</ele>
      </trkpt>
      <trkpt lat="47.408411" lon="11.809982">
        <ele>584.8</ele>
      </trkpt>
      <trkpt lat="47.408389" lon="11.810401">
        <ele>584.67</ele>
      </trkpt>
      <trkpt lat="47.408489" lon="11.811001">
        <ele>585.7</ele>
      </trkpt>
      <trkpt lat="47.408678" lon="11.811987">
        <ele>586.8</ele>
      </trkpt>
      <trkpt lat="47.408859" lon="11.812543">
        <ele>587.93</ele>
      </trkpt>
      <trkpt lat="47.409023" lon="11.813072">
        <ele>588.15</ele>
      </trkpt>
      <trkpt lat="47.409105" lon="11.813747">
        <ele>587.36</ele>
      </trkpt>
      <trkpt lat="47.411599" lon="11.817465">
        <ele>589.68</ele>
      </trkpt>
      <trkpt lat="47.41202" lon="11.818581">
        <ele>586.87</ele>
      </trkpt>
      <trkpt lat="47.412303" lon="11.818801">
        <ele>587.7</ele>
      </trkpt>
      <trkpt lat="47.412684" lon="11.819631">
        <ele>588.3</ele>
      </trkpt>
      <trkpt lat="47.412838" lon="11.819859">
        <ele>588.61</ele>
      </trkpt>
      <trkpt lat="47.412954" lon="11.820262">
        <ele>587.48</ele>
      </trkpt>
      <trkpt lat="47.413085" lon="11.820566">
        <ele>586.58</ele>
      </trkpt>
      <trkpt lat="47.413141" lon="11.820668">
        <ele>586.39</ele>
      </trkpt>
      <trkpt lat="47.413256" lon="11.820772">
        <ele>586.66</ele>
      </trkpt>
      <trkpt lat="47.413332" lon="11.820816">
        <ele>587.06</ele>
      </trkpt>
      <trkpt lat="47.413743" lon="11.82137">
        <ele>588.7</ele>
      </trkpt>
      <trkpt lat="47.413775" lon="11.821696">
        <ele>587.21</ele>
      </trkpt>
      <trkpt lat="47.413736" lon="11.821847">
        <ele>586.22</ele>
      </trkpt>
      <trkpt lat="47.413744" lon="11.822662">
        <ele>582.29</ele>
      </trkpt>
      <trkpt lat="47.413697" lon="11.823158">
        <ele>579.2</ele>
      </trkpt>
      <trkpt lat="47.413722" lon="11.823363">
        <ele>578.17</ele>
      </trkpt>
      <trkpt lat="47.413775" lon="11.823684">
        <ele>576.76</ele>
      </trkpt>
      <trkpt lat="47.413996" lon="11.824168">
        <ele>575.8</ele>
      </trkpt>
      <trkpt lat="47.41439" lon="11.82381">
        <ele>580.18</ele>
      </trkpt>
      <trkpt lat="47.414469" lon="11.823606">
        <ele>581.58</ele>
      </trkpt>
      <trkpt lat="47.41452" lon="11.823166">
        <ele>583.88</ele>
      </trkpt>
      <trkpt lat="47.414673" lon="11.822844">
        <ele>586.23</ele>
      </trkpt>
      <trkpt lat="47.414789" lon="11.822743">
        <ele>587.42</ele>
      </trkpt>
      <trkpt lat="47.41514" lon="11.822973">
        <ele>588.61</ele>
      </trkpt>
      <trkpt lat="47.415372" lon="11.823333">
        <ele>588.45</ele>
      </trkpt>
      <trkpt lat="47.415512" lon="11.823449">
        <ele>588.74</ele>
      </trkpt>
      <trkpt lat="47.415769" lon="11.823576">
        <ele>589.32</ele>
      </trkpt>
      <trkpt lat="47.41656" lon="11.824202">
        <ele>585.7</ele>
      </trkpt>
      <trkpt lat="47.416919" lon="11.824551">
        <ele>583.1</ele>
      </trkpt>
      <trkpt lat="47.417266" lon="11.824948">
        <ele>581.53</ele>
      </trkpt>
      <trkpt lat="47.417398" lon="11.825054">
        <ele>581.29</ele>
      </trkpt>
      <trkpt lat="47.417441" lon="11.825071">
        <ele>581.31</ele>
      </trkpt>
      <trkpt lat="47.417896" lon="11.825437">
        <ele>579.61</ele>
      </trkpt>
      <trkpt lat="47.418144" lon="11.825563">
        <ele>579.49</ele>
      </trkpt>
      <trkpt lat="47.418353" lon="11.825618">
        <ele>579.37</ele>
      </trkpt>
      <trkpt lat="47.418394" lon="11.825619">
        <ele>579.32</ele>
      </trkpt>
      <trkpt lat="47.418554" lon="11.825604">
        <ele>578.94</ele>
      </trkpt>
      <trkpt lat="47.418876" lon="11.825573">
        <ele>577.5</ele>
      </trkpt>
      <trkpt lat="47.418941" lon="11.825586">
        <ele>577.12</ele>
      </trkpt>
      <trkpt lat="47.419043" lon="11.82558">
        <ele>576.75</ele>
      </trkpt>
      <trkpt lat="47.419407" lon="11.825701">
        <ele>575.83</ele>
      </trkpt>
      <trkpt lat="47.419506" lon="11.825765">
        <ele>575.63</ele>
      </trkpt>
      <trkpt lat="47.419767" lon="11.825732">
        <ele>576.38</ele>
      </trkpt>
      <trkpt lat="47.420176" lon="11.825152">
        <ele>580.1</ele>
      </trkpt>
      <trkpt lat="47.420512" lon="11.824898">
        <ele>581.84</ele>
      </trkpt>
      <trkpt lat="47.420745" lon="11.824795">
        <ele>582.53</ele>
      </trkpt>
      <trkpt lat="47.421167" lon="11.824704">
        <ele>582.39</ele>
      </trkpt>
      <trkpt lat="47.421478" lon="11.824644">
        <ele>581.94</ele>
      </trkpt>
      <trkpt lat="47.421797" lon="11.824583">
        <ele>582.39</ele>
      </trkpt>
      <trkpt lat="47.422051" lon="11.82445">
        <ele>584.03</ele>
      </trkpt>
      <trkpt lat="47.422272" lon="11.824281">
        <ele>586.09</ele>
      </trkpt>
      <trkpt lat="47.422452" lon="11.824087">
        <ele>588.4</ele>
      </trkpt>
      <trkpt lat="47.423238" lon="11.823882">
        <ele>593.04</ele>
      </trkpt>
      <trkpt lat="47.423475" lon="11.823833">
        <ele>594.19</ele>
      </trkpt>
      <trkpt lat="47.423713" lon="11.823652">
        <ele>595.53</ele>
      </trkpt>
      <trkpt lat="47.423901" lon="11.823567">
        <ele>596.32</ele>
      </trkpt>
      <trkpt lat="47.42415" lon="11.823664">
        <ele>597.61</ele>
      </trkpt>
      <trkpt lat="47.424156" lon="11.823613">
        <ele>597.96</ele>
      </trkpt>
      <trkpt lat="47.424266" lon="11.823524">
        <ele>600.44</ele>
      </trkpt>
      <trkpt lat="47.424693" lon="11.8236">
        <ele>610.77</ele>
      </trkpt>
      <trkpt lat="47.42485" lon="11.823668">
        <ele>613.67</ele>
      </trkpt>
      <trkpt lat="47.42514" lon="11.823592">
        <ele>619.53</ele>
      </trkpt>
      <trkpt lat="47.425286" lon="11.823528">
        <ele>621.79</ele>
      </trkpt>
      <trkpt lat="47.425611" lon="11.823349">
        <ele>624.34</ele>
      </trkpt>
      <trkpt lat="47.425849" lon="11.823845">
        <ele>621.35</ele>
      </trkpt>
      <trkpt lat="47.425906" lon="11.824045">
        <ele>620.02</ele>
      </trkpt>
      <trkpt lat="47.425947" lon="11.824399">
        <ele>616.59</ele>
      </trkpt>
      <trkpt lat="47.425955" lon="11.824728">
        <ele>612.52</ele>
      </trkpt>
      <trkpt lat="47.426082" lon="11.825321">
        <ele>606.37</ele>
      </trkpt>
      <trkpt lat="47.426282" lon="11.825999">
        <ele>600.48</ele>
      </trkpt>
      <trkpt lat="47.426381" lon="11.826192">
        <ele>598.61</ele>
      </trkpt>
      <trkpt lat="47.42663" lon="11.827024">
        <ele>591.18</ele>
      </trkpt>
      <trkpt lat="47.42665" lon="11.827372">
        <ele>588.79</ele>
      </trkpt>
      <trkpt lat="47.426702" lon="11.827649">
        <ele>587.2</ele>
      </trkpt>
      <trkpt lat="47.42649" lon="11.828378">
        <ele>583.95</ele>
      </trkpt>
      <trkpt lat="47.426209" lon="11.830009">
        <ele>571.83</ele>
      </trkpt>
      <trkpt lat="47.426166" lon="11.830752">
        <ele>566.82</ele>
      </trkpt>
      <trkpt lat="47.42613" lon="11.830823">
        <ele>566.4</ele>
      </trkpt>
      <trkpt lat="47.426478" lon="11.831087">
        <ele>564.9</ele>
      </trkpt>
      <trkpt lat="47.426616" lon="11.831062">
        <ele>564.9</ele>
      </trkpt>
      <trkpt lat="47.426826" lon="11.831022">
        <ele>564.93</ele>
      </trkpt>
      <trkpt lat="47.426936" lon="11.831029">
        <ele>564.79</ele>
      </trkpt>
      <trkpt lat="47.427184" lon="11.831122">
        <ele>563.95</ele>
      </trkpt>
      <trkpt lat="47.427329" lon="11.831087">
        <ele>563.88</ele>
      </trkpt>
      <trkpt lat="47.427581" lon="11.831008">
        <ele>563.72</ele>
      </trkpt>
      <trkpt lat="47.427755" lon="11.831051">
        <ele>562.84</ele>
      </trkpt>
      <trkpt lat="47.428" lon="11.831001">
        <ele>562.12</ele>
      </trkpt>
      <trkpt lat="47.428336" lon="11.830979">
        <ele>561.0</ele>
      </trkpt>
      <trkpt lat="47.428628" lon="11.830988">
        <ele>560.22</ele>
      </trkpt>
      <trkpt lat="47.428777" lon="11.830983">
        <ele>559.95</ele>
      </trkpt>
      <trkpt lat="47.428931" lon="11.830957">
        <ele>559.8</ele>
      </trkpt>
      <trkpt lat="47.429089" lon="11.830913">
        <ele>559.72</ele>
      </trkpt>
      <trkpt lat="47.429184" lon="11.830919">
        <ele>559.46</ele>
      </trkpt>
      <trkpt lat="47.429312" lon="11.830958">
        <ele>558.83</ele>
      </trkpt>
      <trkpt lat="47.429431" lon="11.831042">
        <ele>557.91</ele>
      </trkpt>
      <trkpt lat="47.429547" lon="11.831155">
        <ele>556.87</ele>
      </trkpt>
      <trkpt lat="47.429754" lon="11.831446">
        <ele>554.75</ele>
      </trkpt>
      <trkpt lat="47.429846" lon="11.831673">
        <ele>553.35</ele>
      </trkpt>
      <trkpt lat="47.429989" lon="11.832157">
        <ele>550.56</ele>
      </trkpt>
      <trkpt lat="47.430169" lon="11.832724">
        <ele>547.28</ele>
      </trkpt>
      <trkpt lat="47.430502" lon="11.833923">
        <ele>542.05</ele>
      </trkpt>
      <trkpt lat="47.430578" lon="11.834239">
        <ele>540.81</ele>
      </trkpt>
      <trkpt lat="47.430694" lon="11.834769">
        <ele>539.16</ele>
      </trkpt>
      <trkpt lat="47.430741" lon="11.835076">
        <ele>537.81</ele>
      </trkpt>
      <trkpt lat="47.430759" lon="11.835215">
        <ele>537.09</ele>
      </trkpt>
      <trkpt lat="47.430861" lon="11.836036">
        <ele>533.08</ele>
      </trkpt>
      <trkpt lat="47.430911" lon="11.836372">
        <ele>531.48</ele>
      </trkpt>
      <trkpt lat="47.43097" lon="11.836587">
        <ele>530.53</ele>
      </trkpt>
      <trkpt lat="47.431273" lon="11.83686">
        <ele>529.86</ele>
      </trkpt>
      <trkpt lat="47.431424" lon="11.83702">
        <ele>529.88</ele>
      </trkpt>
      <trkpt lat="47.431608" lon="11.837195">
        <ele>530.18</ele>
      </trkpt>
      <trkpt lat="47.431762" lon="11.837406">
        <ele>530.22</ele>
      </trkpt>
      <trkpt lat="47.43189" lon="11.837608">
        <ele>529.69</ele>
      </trkpt>
      <trkpt lat="47.4322" lon="11.837869">
        <ele>528.4</ele>
      </trkpt>
      <trkpt lat="47.43242" lon="11.837953">
        <ele>528.04</ele>
      </trkpt>
      <trkpt lat="47.432579" lon="11.838107">
        <ele>527.73</ele>
      </trkpt>
      <trkpt lat="47.432782" lon="11.838445">
        <ele>525.78</ele>
      </trkpt>
      <trkpt lat="47.432915" lon="11.838598">
        <ele>524.85</ele>
      </trkpt>
      <trkpt lat="47.433387" lon="11.83904">
        <ele>525.74</ele>
      </trkpt>
      <trkpt lat="47.433444" lon="11.839118">
        <ele>525.76</ele>
      </trkpt>
      <trkpt lat="47.433557" lon="11.839479">
        <ele>523.79</ele>
      </trkpt>
      <trkpt lat="47.433637" lon="11.839697">
        <ele>522.21</ele>
      </trkpt>
      <trkpt lat="47.433798" lon="11.839908">
        <ele>520.66</ele>
      </trkpt>
      <trkpt lat="47.434018" lon="11.840065">
        <ele>521.61</ele>
      </trkpt>
      <trkpt lat="47.434259" lon="11.840182">
        <ele>528.13</ele>
      </trkpt>
      <trkpt lat="47.434365" lon="11.840274">
        <ele>531.89</ele>
      </trkpt>
      <trkpt lat="47.434457" lon="11.8404">
        <ele>533.69</ele>
      </trkpt>
      <trkpt lat="47.434519" lon="11.840499">
        <ele>533.72</ele>
      </trkpt>
      <trkpt lat="47.434588" lon="11.840654">
        <ele>531.6</ele>
      </trkpt>
      <trkpt lat="47.43464" lon="11.840882">
        <ele>527.39</ele>
      </trkpt>
      <trkpt lat="47.434683" lon="11.841027">
        <ele>525.91</ele>
      </trkpt>
      <trkpt lat="47.434763" lon="11.841148">
        <ele>525.91</ele>
      </trkpt>
      <trkpt lat="47.435274" lon="11.84181">
        <ele>535.27</ele>
      </trkpt>
      <trkpt lat="47.435561" lon="11.842103">
        <ele>538.0</ele>
      </trkpt>
      <trkpt lat="47.435884" lon="11.842398">
        <ele>537.67</ele>
      </trkpt>
      <trkpt lat="47.436016" lon="11.842663">
        <ele>536.17</ele>
      </trkpt>
      <trkpt lat="47.436073" lon="11.843141">
        <ele>535.44</ele>
      </trkpt>
      <trkpt lat="47.436076" lon="11.843276">
        <ele>535.4</ele>
      </trkpt>
      <trkpt lat="47.436048" lon="11.843479">
        <ele>535.25</ele>
      </trkpt>
      <trkpt lat="47.435959" lon="11.843825">
        <ele>535.62</ele>
      </trkpt>
      <trkpt lat="47.435997" lon="11.844026">
        <ele>536.13</ele>
      </trkpt>
      <trkpt lat="47.436071" lon="11.844042">
        <ele>536.71</ele>
      </trkpt>
      <trkpt lat="47.436218" lon="11.844133">
        <ele>538.27</ele>
      </trkpt>
      <trkpt lat="47.436976" lon="11.845229">
        <ele>547.29</ele>
      </trkpt>
      <trkpt lat="47.436984" lon="11.845281">
        <ele>547.45</ele>
      </trkpt>
      <trkpt lat="47.43688" lon="11.845767">
        <ele>546.56</ele>
      </trkpt>
      <trkpt lat="47.436836" lon="11.845842">
        <ele>546.0</ele>
      </trkpt>
      <trkpt lat="47.436764" lon="11.846165">
        <ele>544.73</ele>
      </trkpt>
      <trkpt lat="47.436852" lon="11.846238">
        <ele>545.64</ele>
      </trkpt>
      <trkpt lat="47.436887" lon="11.846379">
        <ele>545.79</ele>
      </trkpt>
      <trkpt lat="47.436928" lon="11.846483">
        <ele>546.08</ele>
      </trkpt>
      <trkpt lat="47.43707" lon="11.846724">
        <ele>547.49</ele>
      </trkpt>
      <trkpt lat="47.437158" lon="11.846876">
        <ele>548.54</ele>
      </trkpt>
      <trkpt lat="47.437249" lon="11.847116">
        <ele>549.73</ele>
      </trkpt>
      <trkpt lat="47.437405" lon="11.847328">
        <ele>551.77</ele>
      </trkpt>
      <trkpt lat="47.437592" lon="11.847605">
        <ele>554.24</ele>
      </trkpt>
      <trkpt lat="47.437598" lon="11.847623">
        <ele>554.32</ele>
      </trkpt>
      <trkpt lat="47.437742" lon="11.847934">
        <ele>556.33</ele>
      </trkpt>
      <trkpt lat="47.437877" lon="11.848379">
        <ele>558.2</ele>
      </trkpt>
      <trkpt lat="47.437953" lon="11.848727">
        <ele>558.83</ele>
      </trkpt>
      <trkpt lat="47.4381" lon="11.84883">
        <ele>561.12</ele>
      </trkpt>
      <trkpt lat="47.438196" lon="11.84897">
        <ele>562.56</ele>
      </trkpt>
      <trkpt lat="47.438258" lon="11.849377">
        <ele>563.72</ele>
      </trkpt>
      <trkpt lat="47.43832" lon="11.850175">
        <ele>565.52</ele>
      </trkpt>
      <trkpt lat="47.438429" lon="11.850548">
        <ele>566.48</ele>
      </trkpt>
      <trkpt lat="47.438623" lon="11.851121">
        <ele>569.32</ele>
      </trkpt>
      <trkpt lat="47.438789" lon="11.851576">
        <ele>571.79</ele>
      </trkpt>
      <trkpt lat="47.438778" lon="11.852016">
        <ele>568.02</ele>
      </trkpt>
      <trkpt lat="47.438806" lon="11.852162">
        <ele>566.96</ele>
      </trkpt>
      <trkpt lat="47.438964" lon="11.852352">
        <ele>568.21</ele>
      </trkpt>
      <trkpt lat="47.439061" lon="11.852411">
        <ele>569.65</ele>
      </trkpt>
      <trkpt lat="47.439149" lon="11.852489">
        <ele>570.74</ele>
      </trkpt>
      <trkpt lat="47.439188" lon="11.85262">
        <ele>570.46</ele>
      </trkpt>
      <trkpt lat="47.439284" lon="11.852998">
        <ele>568.94</ele>
      </trkpt>
      <trkpt lat="47.439594" lon="11.854219">
        <ele>558.05</ele>
      </trkpt>
      <trkpt lat="47.440535" lon="11.855769">
        <ele>564.95</ele>
      </trkpt>
      <trkpt lat="47.4405" lon="11.855794">
        <ele>564.21</ele>
      </trkpt>
      <trkpt lat="47.440535" lon="11.855769">
        <ele>564.95</ele>
      </trkpt>
      <trkpt lat="47.440628" lon="11.855802">
        <ele>565.76</ele>
      </trkpt>
      <trkpt lat="47.440822" lon="11.855945">
        <ele>566.71</ele>
      </trkpt>
      <trkpt lat="47.441049" lon="11.856049">
        <ele>568.82</ele>
      </trkpt>
      <trkpt lat="47.441187" lon="11.856386">
        <ele>569.71</ele>
      </trkpt>
      <trkpt lat="47.441327" lon="11.856559">
        <ele>572.3</ele>
      </trkpt>
      <trkpt lat="47.441649" lon="11.856806">
        <ele>579.15</ele>
      </trkpt>
      <trkpt lat="47.441696" lon="11.856909">
        <ele>579.82</ele>
      </trkpt>
      <trkpt lat="47.441782" lon="11.856962">
        <ele>581.68</ele>
      </trkpt>
      <trkpt lat="47.44185" lon="11.856935">
        <ele>583.41</ele>
      </trkpt>
      <trkpt lat="47.441909" lon="11.856863">
        <ele>584.94</ele>
      </trkpt>
      <trkpt lat="47.441939" lon="11.856571">
        <ele>585.76</ele>
      </trkpt>
      <trkpt lat="47.441977" lon="11.855901">
        <ele>583.99</ele>
      </trkpt>
      <trkpt lat="47.441924" lon="11.855544">
        <ele>584.69</ele>
      </trkpt>
      <trkpt lat="47.441809" lon="11.855189">
        <ele>586.6</ele>
      </trkpt>
      <trkpt lat="47.441434" lon="11.854581">
        <ele>589.7</ele>
      </trkpt>
      <trkpt lat="47.441129" lon="11.852895">
        <ele>605.05</ele>
      </trkpt>
      <trkpt lat="47.441125" lon="11.852751">
        <ele>606.01</ele>
      </trkpt>
      <trkpt lat="47.441312" lon="11.852368">
        <ele>614.64</ele>
      </trkpt>
      <trkpt lat="47.44136" lon="11.852167">
        <ele>616.07</ele>
      </trkpt>
      <trkpt lat="47.441623" lon="11.851769">
        <ele>621.72</ele>
      </trkpt>
      <trkpt lat="47.441692" lon="11.851567">
        <ele>624.12</ele>
      </trkpt>
      <trkpt lat="47.441715" lon="11.851368">
        <ele>626.07</ele>
      </trkpt>
      <trkpt lat="47.441649" lon="11.851027">
        <ele>626.93</ele>
      </trkpt>
      <trkpt lat="47.441668" lon="11.850937">
        <ele>628.24</ele>
      </trkpt>
      <trkpt lat="47.441715" lon="11.850902">
        <ele>629.89</ele>
      </trkpt>
      <trkpt lat="47.44177" lon="11.850974">
        <ele>631.01</ele>
      </trkpt>
      <trkpt lat="47.441882" lon="11.851235">
        <ele>632.95</ele>
      </trkpt>
      <trkpt lat="47.442251" lon="11.85183">
        <ele>643.6</ele>
      </trkpt>
      <trkpt lat="47.442549" lon="11.851967">
        <ele>649.94</ele>
      </trkpt>
      <trkpt lat="47.44294" lon="11.852379">
        <ele>651.76</ele>
      </trkpt>
      <trkpt lat="47.442842" lon="11.852553">
        <ele>646.0</ele>
      </trkpt>
      <trkpt lat="47.443005" lon="11.852726">
        <ele>649.37</ele>
      </trkpt>
      <trkpt lat="47.443198" lon="11.85297">
        <ele>652.73</ele>
      </trkpt>
      <trkpt lat="47.443344" lon="11.853196">
        <ele>654.07</ele>
      </trkpt>
      <trkpt lat="47.443482" lon="11.853286">
        <ele>656.59</ele>
      </trkpt>
      <trkpt lat="47.443545" lon="11.853326">
        <ele>657.72</ele>
      </trkpt>
      <trkpt lat="47.443703" lon="11.853674">
        <ele>655.41</ele>
      </trkpt>
      <trkpt lat="47.44385" lon="11.85404">
        <ele>649.07</ele>
      </trkpt>
      <trkpt lat="47.444271" lon="11.854571">
        <ele>646.05</ele>
      </trkpt>
      <trkpt lat="47.44451" lon="11.854684">
        <ele>648.69</ele>
      </trkpt>
      <trkpt lat="47.444913" lon="11.855013">
        <ele>653.35</ele>
      </trkpt>
      <trkpt lat="47.445" lon="11.854931">
        <ele>657.05</ele>
      </trkpt>
      <trkpt lat="47.445285" lon="11.855259">
        <ele>660.86</ele>
      </trkpt>
      <trkpt lat="47.445264" lon="11.855467">
        <ele>654.03</ele>
      </trkpt>
      <trkpt lat="47.44541" lon="11.855517">
        <ele>661.04</ele>
      </trkpt>
      <trkpt lat="47.44547" lon="11.855715">
        <ele>661.0</ele>
      </trkpt>
      <trkpt lat="47.445482" lon="11.855933">
        <ele>659.55</ele>
      </trkpt>
      <trkpt lat="47.445524" lon="11.856106">
        <ele>661.74</ele>
      </trkpt>
      <trkpt lat="47.445592" lon="11.856296">
        <ele>665.32</ele>
      </trkpt>
      <trkpt lat="47.445639" lon="11.856452">
        <ele>667.0</ele>
      </trkpt>
      <trkpt lat="47.445656" lon="11.856697">
        <ele>665.42</ele>
      </trkpt>
      <trkpt lat="47.445641" lon="11.856797">
        <ele>663.25</ele>
      </trkpt>
      <trkpt lat="47.445657" lon="11.856881">
        <ele>662.24</ele>
      </trkpt>
      <trkpt lat="47.445742" lon="11.856941">
        <ele>663.91</ele>
      </trkpt>
      <trkpt lat="47.445849" lon="11.85709">
        <ele>663.8</ele>
      </trkpt>
      <trkpt lat="47.44595" lon="11.85727">
        <ele>662.48</ele>
      </trkpt>
      <trkpt lat="47.446174" lon="11.857498">
        <ele>663.97</ele>
      </trkpt>
      <trkpt lat="47.446232" lon="11.857612">
        <ele>663.95</ele>
      </trkpt>
      <trkpt lat="47.446262" lon="11.857754">
        <ele>663.29</ele>
      </trkpt>
      <trkpt lat="47.446275" lon="11.857899">
        <ele>662.46</ele>
      </trkpt>
      <trkpt lat="47.446275" lon="11.858046">
        <ele>661.4</ele>
      </trkpt>
      <trkpt lat="47.446257" lon="11.858365">
        <ele>658.14</ele>
      </trkpt>
      <trkpt lat="47.446257" lon="11.858537">
        <ele>656.0</ele>
      </trkpt>
      <trkpt lat="47.44625" lon="11.858663">
        <ele>654.11</ele>
      </trkpt>
      <trkpt lat="47.446262" lon="11.858805">
        <ele>652.43</ele>
      </trkpt>
      <trkpt lat="47.446543" lon="11.858623">
        <ele>661.52</ele>
      </trkpt>
      <trkpt lat="47.446951" lon="11.858721">
        <ele>668.86</ele>
      </trkpt>
      <trkpt lat="47.447366" lon="11.858988">
        <ele>673.94</ele>
      </trkpt>
      <trkpt lat="47.447662" lon="11.858779">
        <ele>680.88</ele>
      </trkpt>
      <trkpt lat="47.448017" lon="11.858661">
        <ele>686.39</ele>
      </trkpt>
      <trkpt lat="47.448355" lon="11.858725">
        <ele>690.99</ele>
      </trkpt>
      <trkpt lat="47.448096" lon="11.858193">
        <ele>696.1</ele>
      </trkpt>
      <trkpt lat="47.44785" lon="11.857341">
        <ele>708.51</ele>
      </trkpt>
      <trkpt lat="47.44739" lon="11.856966">
        <ele>702.62</ele>
      </trkpt>
      <trkpt lat="47.44746" lon="11.856098">
        <ele>716.01</ele>
      </trkpt>
      <trkpt lat="47.44738" lon="11.855885">
        <ele>715.7</ele>
      </trkpt>
      <trkpt lat="47.447511" lon="11.855841">
        <ele>721.31</ele>
      </trkpt>
      <trkpt lat="47.447937" lon="11.855864">
        <ele>738.08</ele>
      </trkpt>
      <trkpt lat="47.448059" lon="11.856383">
        <ele>732.78</ele>
      </trkpt>
      <trkpt lat="47.448836" lon="11.857098">
        <ele>744.31</ele>
      </trkpt>
      <trkpt lat="47.449323" lon="11.857786">
        <ele>752.83</ele>
      </trkpt>
      <trkpt lat="47.44914" lon="11.856953">
        <ele>759.08</ele>
      </trkpt>
      <trkpt lat="47.448645" lon="11.856044">
        <ele>762.15</ele>
      </trkpt>
      <trkpt lat="47.44865" lon="11.855778">
        <ele>769.33</ele>
      </trkpt>
      <trkpt lat="47.448948" lon="11.855798">
        <ele>780.96</ele>
      </trkpt>
      <trkpt lat="47.449339" lon="11.856372">
        <ele>779.61</ele>
      </trkpt>
      <trkpt lat="47.449439" lon="11.856699">
        <ele>778.17</ele>
      </trkpt>
      <trkpt lat="47.449615" lon="11.856969">
        <ele>787.12</ele>
      </trkpt>
      <trkpt lat="47.449545" lon="11.856166">
        <ele>793.36</ele>
      </trkpt>
      <trkpt lat="47.449485" lon="11.855806">
        <ele>799.13</ele>
      </trkpt>
      <trkpt lat="47.449668" lon="11.855399">
        <ele>810.54</ele>
      </trkpt>
      <trkpt lat="47.449877" lon="11.855316">
        <ele>813.68</ele>
      </trkpt>
      <trkpt lat="47.449861" lon="11.855277">
        <ele>813.85</ele>
      </trkpt>
      <trkpt lat="47.449836" lon="11.855184">
        <ele>814.8</ele>
      </trkpt>
      <trkpt lat="47.449681" lon="11.854946">
        <ele>820.26</ele>
      </trkpt>
      <trkpt lat="47.449515" lon="11.854869">
        <ele>823.76</ele>
      </trkpt>
      <trkpt lat="47.449283" lon="11.854879">
        <ele>823.03</ele>
      </trkpt>
      <trkpt lat="47.449113" lon="11.854753">
        <ele>822.06</ele>
      </trkpt>
      <trkpt lat="47.449007" lon="11.854301">
        <ele>829.66</ele>
      </trkpt>
      <trkpt lat="47.449036" lon="11.85421">
        <ele>833.75</ele>
      </trkpt>
      <trkpt lat="47.44912" lon="11.8542">
        <ele>837.28</ele>
      </trkpt>
      <trkpt lat="47.449249" lon="11.854422">
        <ele>834.56</ele>
      </trkpt>
      <trkpt lat="47.44931" lon="11.854409">
        <ele>836.26</ele>
      </trkpt>
      <trkpt lat="47.449321" lon="11.854264">
        <ele>840.91</ele>
      </trkpt>
      <trkpt lat="47.449274" lon="11.85412">
        <ele>844.76</ele>
      </trkpt>
      <trkpt lat="47.449174" lon="11.853993">
        <ele>847.12</ele>
      </trkpt>
      <trkpt lat="47.448848" lon="11.853813">
        <ele>841.31</ele>
      </trkpt>
      <trkpt lat="47.448664" lon="11.853544">
        <ele>841.7</ele>
      </trkpt>
      <trkpt lat="47.448607" lon="11.853149">
        <ele>850.91</ele>
      </trkpt>
      <trkpt lat="47.448492" lon="11.852653">
        <ele>858.51</ele>
      </trkpt>
      <trkpt lat="47.448396" lon="11.85219">
        <ele>863.85</ele>
      </trkpt>
      <trkpt lat="47.448329" lon="11.851689">
        <ele>867.47</ele>
      </trkpt>
      <trkpt lat="47.44825" lon="11.851862">
        <ele>861.21</ele>
      </trkpt>
      <trkpt lat="47.448262" lon="11.85206">
        <ele>859.26</ele>
      </trkpt>
      <trkpt lat="47.448157" lon="11.852262">
        <ele>851.13</ele>
      </trkpt>
      <trkpt lat="47.44816" lon="11.852515">
        <ele>846.26</ele>
      </trkpt>
      <trkpt lat="47.448249" lon="11.853097">
        <ele>832.53</ele>
      </trkpt>
      <trkpt lat="47.448246" lon="11.853563">
        <ele>816.96</ele>
      </trkpt>
      <trkpt lat="47.44811" lon="11.853567">
        <ele>809.73</ele>
      </trkpt>
      <trkpt lat="47.447828" lon="11.854014">
        <ele>780.8</ele>
      </trkpt>
      <trkpt lat="47.447885" lon="11.854265">
        <ele>774.99</ele>
      </trkpt>
      <trkpt lat="47.447809" lon="11.854339">
        <ele>768.58</ele>
      </trkpt>
      <trkpt lat="47.447834" lon="11.854502">
        <ele>763.49</ele>
      </trkpt>
      <trkpt lat="47.447831" lon="11.854638">
        <ele>758.16</ele>
      </trkpt>
      <trkpt lat="47.447787" lon="11.854755">
        <ele>752.02</ele>
      </trkpt>
      <trkpt lat="47.447756" lon="11.854858">
        <ele>747.35</ele>
      </trkpt>
      <trkpt lat="47.447771" lon="11.85496">
        <ele>745.01</ele>
      </trkpt>
      <trkpt lat="47.447754" lon="11.855096">
        <ele>741.14</ele>
      </trkpt>
      <trkpt lat="47.447691" lon="11.8552">
        <ele>736.73</ele>
      </trkpt>
      <trkpt lat="47.447683" lon="11.855323">
        <ele>734.56</ele>
      </trkpt>
      <trkpt lat="47.447626" lon="11.855515">
        <ele>729.92</ele>
      </trkpt>
      <trkpt lat="47.447567" lon="11.855612">
        <ele>726.46</ele>
      </trkpt>
      <trkpt lat="47.447532" lon="11.855743">
        <ele>723.46</ele>
      </trkpt>
      <trkpt lat="47.447531" lon="11.855856">
        <ele>721.85</ele>
      </trkpt>
      <trkpt lat="47.447462" lon="11.855783">
        <ele>720.26</ele>
      </trkpt>
      <trkpt lat="47.447413" lon="11.855773">
        <ele>718.53</ele>
      </trkpt>
      <trkpt lat="47.447386" lon="11.855809">
        <ele>716.99</ele>
      </trkpt>
      <trkpt lat="47.447236" lon="11.85596">
        <ele>709.3</ele>
      </trkpt>
      <trkpt lat="47.446934" lon="11.856534">
        <ele>697.02</ele>
      </trkpt>
      <trkpt lat="47.446425" lon="11.857243">
        <ele>674.54</ele>
      </trkpt>
      <trkpt lat="47.446174" lon="11.857498">
        <ele>663.97</ele>
      </trkpt>
      <trkpt lat="47.445824" lon="11.857757">
        <ele>651.91</ele>
      </trkpt>
      <trkpt lat="47.445617" lon="11.858178">
        <ele>643.42</ele>
      </trkpt>
      <trkpt lat="47.445583" lon="11.858814">
        <ele>636.74</ele>
      </trkpt>
      <trkpt lat="47.445218" lon="11.860079">
        <ele>614.81</ele>
      </trkpt>
      <trkpt lat="47.44449" lon="11.860836">
        <ele>598.56</ele>
      </trkpt>
      <trkpt lat="47.444281" lon="11.861034">
        <ele>593.99</ele>
      </trkpt>
      <trkpt lat="47.444191" lon="11.861319">
        <ele>590.74</ele>
      </trkpt>
      <trkpt lat="47.444048" lon="11.861546">
        <ele>588.08</ele>
      </trkpt>
      <trkpt lat="47.443848" lon="11.86204">
        <ele>579.14</ele>
      </trkpt>
      <trkpt lat="47.443621" lon="11.86231">
        <ele>572.31</ele>
      </trkpt>
      <trkpt lat="47.443389" lon="11.86271">
        <ele>562.79</ele>
      </trkpt>
      <trkpt lat="47.443269" lon="11.863314">
        <ele>553.36</ele>
      </trkpt>
      <trkpt lat="47.442835" lon="11.863956">
        <ele>541.96</ele>
      </trkpt>
      <trkpt lat="47.442491" lon="11.86427">
        <ele>528.2</ele>
      </trkpt>
      <trkpt lat="47.44239" lon="11.864294">
        <ele>525.98</ele>
      </trkpt>
      <trkpt lat="47.441843" lon="11.864826">
        <ele>522.03</ele>
      </trkpt>
      <trkpt lat="47.441592" lon="11.865234">
        <ele>521.32</ele>
      </trkpt>
      <trkpt lat="47.441338" lon="11.865212">
        <ele>520.15</ele>
      </trkpt>
      <trkpt lat="47.441132" lon="11.865083">
        <ele>520.56</ele>
      </trkpt>
      <trkpt lat="47.440907" lon="11.864762">
        <ele>522.56</ele>
      </trkpt>
      <trkpt lat="47.440783" lon="11.864381">
        <ele>523.3</ele>
      </trkpt>
      <trkpt lat="47.44066" lon="11.863962">
        <ele>521.73</ele>
      </trkpt>
      <trkpt lat="47.440558" lon="11.863616">
        <ele>518.94</ele>
      </trkpt>
      <trkpt lat="47.44044" lon="11.863321">
        <ele>517.94</ele>
      </trkpt>
      <trkpt lat="47.440316" lon="11.863106">
        <ele>518.58</ele>
      </trkpt>
      <trkpt lat="47.440145" lon="11.862863">
        <ele>519.9</ele>
      </trkpt>
      <trkpt lat="47.440011" lon="11.862723">
        <ele>520.65</ele>
      </trkpt>
      <trkpt lat="47.439782" lon="11.862648">
        <ele>521.23</ele>
      </trkpt>
      <trkpt lat="47.439677" lon="11.862696">
        <ele>521.41</ele>
      </trkpt>
      <trkpt lat="47.439528" lon="11.862798">
        <ele>521.77</ele>
      </trkpt>
      <trkpt lat="47.439376" lon="11.862873">
        <ele>522.21</ele>
      </trkpt>
      <trkpt lat="47.439216" lon="11.862991">
        <ele>522.75</ele>
      </trkpt>
      <trkpt lat="47.438977" lon="11.86326">
        <ele>523.09</ele>
      </trkpt>
      <trkpt lat="47.438781" lon="11.863517">
        <ele>522.41</ele>
      </trkpt>
      <trkpt lat="47.438761" lon="11.863491">
        <ele>522.44</ele>
      </trkpt>
      <trkpt lat="47.437745" lon="11.86497">
        <ele>521.13</ele>
      </trkpt>
      <trkpt lat="47.436997" lon="11.865965">
        <ele>521.81</ele>
      </trkpt>
      <trkpt lat="47.436864" lon="11.866097">
        <ele>521.87</ele>
      </trkpt>
      <trkpt lat="47.436829" lon="11.866128">
        <ele>521.86</ele>
      </trkpt>
      <trkpt lat="47.436664" lon="11.865757">
        <ele>521.98</ele>
      </trkpt>
      <trkpt lat="47.436573" lon="11.865674">
        <ele>521.92</ele>
      </trkpt>
      <trkpt lat="47.436337" lon="11.865674">
        <ele>521.68</ele>
      </trkpt>
      <trkpt lat="47.435909" lon="11.865773">
        <ele>521.04</ele>
      </trkpt>
      <trkpt lat="47.435813" lon="11.865873">
        <ele>521.01</ele>
      </trkpt>
      <trkpt lat="47.435576" lon="11.865806">
        <ele>521.25</ele>
      </trkpt>
      <trkpt lat="47.435154" lon="11.865927">
        <ele>522.06</ele>
      </trkpt>
      <trkpt lat="47.435032" lon="11.86615">
        <ele>522.2</ele>
      </trkpt>
      <trkpt lat="47.43483" lon="11.866383">
        <ele>522.21</ele>
      </trkpt>
      <trkpt lat="47.434684" lon="11.866467">
        <ele>522.34</ele>
      </trkpt>
      <trkpt lat="47.434633" lon="11.866425">
        <ele>522.36</ele>
      </trkpt>
      <trkpt lat="47.434552" lon="11.866245">
        <ele>522.1</ele>
      </trkpt>
      <trkpt lat="47.434471" lon="11.866129">
        <ele>521.7</ele>
      </trkpt>
      <trkpt lat="47.43435" lon="11.865995">
        <ele>521.0</ele>
      </trkpt>
      <trkpt lat="47.434227" lon="11.865666">
        <ele>520.26</ele>
      </trkpt>
      <trkpt lat="47.434138" lon="11.865546">
        <ele>520.16</ele>
      </trkpt>
      <trkpt lat="47.434012" lon="11.865205">
        <ele>520.8</ele>
      </trkpt>
      <trkpt lat="47.433967" lon="11.865048">
        <ele>521.08</ele>
      </trkpt>
      <trkpt lat="47.433893" lon="11.864834">
        <ele>521.01</ele>
      </trkpt>
      <trkpt lat="47.433854" lon="11.864654">
        <ele>520.57</ele>
      </trkpt>
      <trkpt lat="47.433832" lon="11.864314">
        <ele>519.48</ele>
      </trkpt>
      <trkpt lat="47.433842" lon="11.864128">
        <ele>519.24</ele>
      </trkpt>
      <trkpt lat="47.434057" lon="11.86371">
        <ele>519.65</ele>
      </trkpt>
      <trkpt lat="47.434262" lon="11.863131">
        <ele>519.6</ele>
      </trkpt>
      <trkpt lat="47.434183" lon="11.86285">
        <ele>518.64</ele>
      </trkpt>
      <trkpt lat="47.434144" lon="11.862546">
        <ele>517.99</ele>
      </trkpt>
      <trkpt lat="47.434081" lon="11.862396">
        <ele>518.17</ele>
      </trkpt>
      <trkpt lat="47.434007" lon="11.8623">
        <ele>518.52</ele>
      </trkpt>
      <trkpt lat="47.433885" lon="11.861863">
        <ele>520.26</ele>
      </trkpt>
      <trkpt lat="47.433778" lon="11.861725">
        <ele>520.75</ele>
      </trkpt>
      <trkpt lat="47.43364" lon="11.861406">
        <ele>521.25</ele>
      </trkpt>
      <trkpt lat="47.433532" lon="11.860971">
        <ele>521.41</ele>
      </trkpt>
      <trkpt lat="47.433497" lon="11.860852">
        <ele>521.36</ele>
      </trkpt>
      <trkpt lat="47.433417" lon="11.860614">
        <ele>521.14</ele>
      </trkpt>
      <trkpt lat="47.433141" lon="11.859799">
        <ele>521.28</ele>
      </trkpt>
      <trkpt lat="47.43321" lon="11.858876">
        <ele>521.47</ele>
      </trkpt>
      <trkpt lat="47.433295" lon="11.858616">
        <ele>520.68</ele>
      </trkpt>
      <trkpt lat="47.433274" lon="11.858358">
        <ele>520.1</ele>
      </trkpt>
      <trkpt lat="47.433238" lon="11.858213">
        <ele>520.0</ele>
      </trkpt>
      <trkpt lat="47.433095" lon="11.858078">
        <ele>520.29</ele>
      </trkpt>
      <trkpt lat="47.433028" lon="11.858064">
        <ele>520.54</ele>
      </trkpt>
      <trkpt lat="47.432899" lon="11.858069">
        <ele>521.15</ele>
      </trkpt>
      <trkpt lat="47.432829" lon="11.857976">
        <ele>521.27</ele>
      </trkpt>
      <trkpt lat="47.432718" lon="11.857938">
        <ele>521.63</ele>
      </trkpt>
      <trkpt lat="47.432507" lon="11.857927">
        <ele>522.15</ele>
      </trkpt>
      <trkpt lat="47.432385" lon="11.857823">
        <ele>521.87</ele>
      </trkpt>
      <trkpt lat="47.432237" lon="11.857714">
        <ele>521.52</ele>
      </trkpt>
      <trkpt lat="47.432078" lon="11.857359">
        <ele>520.95</ele>
      </trkpt>
      <trkpt lat="47.43192" lon="11.857135">
        <ele>520.91</ele>
      </trkpt>
      <trkpt lat="47.431498" lon="11.856861">
        <ele>520.99</ele>
      </trkpt>
      <trkpt lat="47.431398" lon="11.856834">
        <ele>520.99</ele>
      </trkpt>
      <trkpt lat="47.431321" lon="11.856943">
        <ele>520.99</ele>
      </trkpt>
      <trkpt lat="47.431258" lon="11.857102">
        <ele>520.98</ele>
      </trkpt>
      <trkpt lat="47.431165" lon="11.857211">
        <ele>520.99</ele>
      </trkpt>
      <trkpt lat="47.430936" lon="11.857309">
        <ele>521.0</ele>
      </trkpt>
      <trkpt lat="47.430848" lon="11.85732">
        <ele>521.0</ele>
      </trkpt>
      <trkpt lat="47.430744" lon="11.857359">
        <ele>520.99</ele>
      </trkpt>
      <trkpt lat="47.430618" lon="11.857457">
        <ele>520.97</ele>
      </trkpt>
      <trkpt lat="47.430574" lon="11.857506">
        <ele>520.97</ele>
      </trkpt>
      <trkpt lat="47.430463" lon="11.857577">
        <ele>520.97</ele>
      </trkpt>
      <trkpt lat="47.430313" lon="11.857469">
        <ele>520.92</ele>
      </trkpt>
      <trkpt lat="47.43029" lon="11.85733">
        <ele>520.87</ele>
      </trkpt>
      <trkpt lat="47.430225" lon="11.857203">
        <ele>520.82</ele>
      </trkpt>
      <trkpt lat="47.430082" lon="11.85703">
        <ele>520.8</ele>
      </trkpt>
      <trkpt lat="47.429993" lon="11.856934">
        <ele>520.82</ele>
      </trkpt>
      <trkpt lat="47.429902" lon="11.856746">
        <ele>520.94</ele>
      </trkpt>
      <trkpt lat="47.429767" lon="11.856665">
        <ele>521.06</ele>
      </trkpt>
      <trkpt lat="47.429611" lon="11.856538">
        <ele>521.28</ele>
      </trkpt>
      <trkpt lat="47.429483" lon="11.856272">
        <ele>521.87</ele>
      </trkpt>
      <trkpt lat="47.429429" lon="11.856338">
        <ele>521.66</ele>
      </trkpt>
      <trkpt lat="47.429334" lon="11.856131">
        <ele>522.03</ele>
      </trkpt>
      <trkpt lat="47.429285" lon="11.856127">
        <ele>521.97</ele>
      </trkpt>
      <trkpt lat="47.429334" lon="11.856131">
        <ele>522.03</ele>
      </trkpt>
      <trkpt lat="47.429273" lon="11.856289">
        <ele>521.62</ele>
      </trkpt>
      <trkpt lat="47.429126" lon="11.856574">
        <ele>520.99</ele>
      </trkpt>
      <trkpt lat="47.429029" lon="11.856707">
        <ele>520.77</ele>
      </trkpt>
      <trkpt lat="47.428954" lon="11.85708">
        <ele>520.75</ele>
      </trkpt>
      <trkpt lat="47.42896" lon="11.857276">
        <ele>520.93</ele>
      </trkpt>
      <trkpt lat="47.428959" lon="11.857762">
        <ele>521.02</ele>
      </trkpt>
      <trkpt lat="47.42892" lon="11.858155">
        <ele>520.67</ele>
      </trkpt>
      <trkpt lat="47.428917" lon="11.858208">
        <ele>520.66</ele>
      </trkpt>
      <trkpt lat="47.428873" lon="11.858361">
        <ele>520.43</ele>
      </trkpt>
      <trkpt lat="47.428849" lon="11.858505">
        <ele>520.38</ele>
      </trkpt>
      <trkpt lat="47.428841" lon="11.858554">
        <ele>520.38</ele>
      </trkpt>
      <trkpt lat="47.428882" lon="11.858649">
        <ele>520.8</ele>
      </trkpt>
      <trkpt lat="47.428845" lon="11.858716">
        <ele>520.62</ele>
      </trkpt>
      <trkpt lat="47.428861" lon="11.858946">
        <ele>521.09</ele>
      </trkpt>
      <trkpt lat="47.428843" lon="11.859294">
        <ele>521.56</ele>
      </trkpt>
      <trkpt lat="47.428846" lon="11.85941">
        <ele>521.87</ele>
      </trkpt>
      <trkpt lat="47.428864" lon="11.859538">
        <ele>522.28</ele>
      </trkpt>
      <trkpt lat="47.428922" lon="11.859787">
        <ele>522.87</ele>
      </trkpt>
      <trkpt lat="47.428944" lon="11.859866">
        <ele>522.96</ele>
      </trkpt>
      <trkpt lat="47.428976" lon="11.859955">
        <ele>522.98</ele>
      </trkpt>
      <trkpt lat="47.429017" lon="11.860547">
        <ele>522.07</ele>
      </trkpt>
      <trkpt lat="47.428999" lon="11.860622">
        <ele>521.85</ele>
      </trkpt>
      <trkpt lat="47.428915" lon="11.860742">
        <ele>521.21</ele>
      </trkpt>
      <trkpt lat="47.428935" lon="11.860851">
        <ele>521.11</ele>
      </trkpt>
      <trkpt lat="47.429118" lon="11.86113">
        <ele>521.49</ele>
      </trkpt>
      <trkpt lat="47.429338" lon="11.861495">
        <ele>521.31</ele>
      </trkpt>
      <trkpt lat="47.429479" lon="11.861696">
        <ele>521.22</ele>
      </trkpt>
      <trkpt lat="47.429538" lon="11.861779">
        <ele>521.22</ele>
      </trkpt>
      <trkpt lat="47.429742" lon="11.862048">
        <ele>521.48</ele>
      </trkpt>
      <trkpt lat="47.429957" lon="11.862308">
        <ele>521.83</ele>
      </trkpt>
      <trkpt lat="47.430135" lon="11.86251">
        <ele>521.83</ele>
      </trkpt>
      <trkpt lat="47.430514" lon="11.862938">
        <ele>520.71</ele>
      </trkpt>
      <trkpt lat="47.430605" lon="11.862991">
        <ele>520.38</ele>
      </trkpt>
      <trkpt lat="47.430875" lon="11.863363">
        <ele>520.0</ele>
      </trkpt>
      <trkpt lat="47.431538" lon="11.864164">
        <ele>519.25</ele>
      </trkpt>
      <trkpt lat="47.431882" lon="11.864661">
        <ele>518.3</ele>
      </trkpt>
      <trkpt lat="47.43177" lon="11.864924">
        <ele>517.98</ele>
      </trkpt>
      <trkpt lat="47.431713" lon="11.865015">
        <ele>518.06</ele>
      </trkpt>
      <trkpt lat="47.431585" lon="11.865108">
        <ele>518.26</ele>
      </trkpt>
      <trkpt lat="47.43132" lon="11.865301">
        <ele>518.79</ele>
      </trkpt>
      <trkpt lat="47.431019" lon="11.865522">
        <ele>518.73</ele>
      </trkpt>
      <trkpt lat="47.430911" lon="11.865618">
        <ele>518.68</ele>
      </trkpt>
      <trkpt lat="47.430825" lon="11.865703">
        <ele>518.73</ele>
      </trkpt>
      <trkpt lat="47.430636" lon="11.865927">
        <ele>519.19</ele>
      </trkpt>
      <trkpt lat="47.430503" lon="11.866129">
        <ele>519.88</ele>
      </trkpt>
      <trkpt lat="47.430461" lon="11.866251">
        <ele>520.25</ele>
      </trkpt>
      <trkpt lat="47.430419" lon="11.866283">
        <ele>520.38</ele>
      </trkpt>
      <trkpt lat="47.430333" lon="11.86647">
        <ele>520.83</ele>
      </trkpt>
      <trkpt lat="47.430243" lon="11.866726">
        <ele>520.97</ele>
      </trkpt>
      <trkpt lat="47.430164" lon="11.866973">
        <ele>520.34</ele>
      </trkpt>
      <trkpt lat="47.42997" lon="11.867704">
        <ele>519.83</ele>
      </trkpt>
      <trkpt lat="47.42991" lon="11.867966">
        <ele>521.82</ele>
      </trkpt>
      <trkpt lat="47.429895" lon="11.868069">
        <ele>522.65</ele>
      </trkpt>
      <trkpt lat="47.429889" lon="11.868306">
        <ele>524.15</ele>
      </trkpt>
      <trkpt lat="47.429897" lon="11.868478">
        <ele>524.79</ele>
      </trkpt>
      <trkpt lat="47.429918" lon="11.868643">
        <ele>525.29</ele>
      </trkpt>
      <trkpt lat="47.429955" lon="11.868799">
        <ele>525.65</ele>
      </trkpt>
      <trkpt lat="47.430008" lon="11.86897">
        <ele>525.94</ele>
      </trkpt>
      <trkpt lat="47.43007" lon="11.869105">
        <ele>526.08</ele>
      </trkpt>
      <trkpt lat="47.430141" lon="11.869227">
        <ele>526.13</ele>
      </trkpt>
      <trkpt lat="47.430215" lon="11.869322">
        <ele>526.12</ele>
      </trkpt>
      <trkpt lat="47.430318" lon="11.869424">
        <ele>526.15</ele>
      </trkpt>
      <trkpt lat="47.430416" lon="11.869503">
        <ele>526.24</ele>
      </trkpt>
      <trkpt lat="47.430587" lon="11.86959">
        <ele>526.52</ele>
      </trkpt>
      <trkpt lat="47.431169" lon="11.869868">
        <ele>523.88</ele>
      </trkpt>
      <trkpt lat="47.431264" lon="11.869924">
        <ele>522.83</ele>
      </trkpt>
      <trkpt lat="47.431344" lon="11.869986">
        <ele>522.0</ele>
      </trkpt>
      <trkpt lat="47.431428" lon="11.870064">
        <ele>521.37</ele>
      </trkpt>
      <trkpt lat="47.431566" lon="11.870222">
        <ele>521.27</ele>
      </trkpt>
      <trkpt lat="47.431695" lon="11.870403">
        <ele>522.25</ele>
      </trkpt>
      <trkpt lat="47.43179" lon="11.870567">
        <ele>523.08</ele>
      </trkpt>
      <trkpt lat="47.431947" lon="11.870939">
        <ele>523.11</ele>
      </trkpt>
      <trkpt lat="47.432038" lon="11.871198">
        <ele>523.5</ele>
      </trkpt>
      <trkpt lat="47.432128" lon="11.871511">
        <ele>524.87</ele>
      </trkpt>
      <trkpt lat="47.432208" lon="11.871762">
        <ele>524.98</ele>
      </trkpt>
      <trkpt lat="47.432316" lon="11.872117">
        <ele>522.9</ele>
      </trkpt>
      <trkpt lat="47.43235" lon="11.872207">
        <ele>522.3</ele>
      </trkpt>
      <trkpt lat="47.432391" lon="11.87229">
        <ele>521.85</ele>
      </trkpt>
      <trkpt lat="47.432483" lon="11.872417">
        <ele>521.44</ele>
      </trkpt>
      <trkpt lat="47.43254" lon="11.87247">
        <ele>521.4</ele>
      </trkpt>
      <trkpt lat="47.43261" lon="11.872517">
        <ele>521.48</ele>
      </trkpt>
      <trkpt lat="47.432942" lon="11.872708">
        <ele>521.73</ele>
      </trkpt>
      <trkpt lat="47.433064" lon="11.872793">
        <ele>521.46</ele>
      </trkpt>
      <trkpt lat="47.433123" lon="11.872852">
        <ele>521.07</ele>
      </trkpt>
      <trkpt lat="47.433198" lon="11.872965">
        <ele>520.07</ele>
      </trkpt>
      <trkpt lat="47.433161" lon="11.873052">
        <ele>518.94</ele>
      </trkpt>
      <trkpt lat="47.432614" lon="11.874336">
        <ele>518.87</ele>
      </trkpt>
      <trkpt lat="47.432613" lon="11.87435">
        <ele>518.88</ele>
      </trkpt>
      <trkpt lat="47.432559" lon="11.874466">
        <ele>519.17</ele>
      </trkpt>
      <trkpt lat="47.433377" lon="11.875265">
        <ele>519.64</ele>
      </trkpt>
      <trkpt lat="47.433386" lon="11.875508">
        <ele>521.63</ele>
      </trkpt>
      <trkpt lat="47.433403" lon="11.875612">
        <ele>522.4</ele>
      </trkpt>
      <trkpt lat="47.43347" lon="11.875817">
        <ele>523.59</ele>
      </trkpt>
      <trkpt lat="47.433601" lon="11.876477">
        <ele>525.28</ele>
      </trkpt>
      <trkpt lat="47.433622" lon="11.876639">
        <ele>525.48</ele>
      </trkpt>
      <trkpt lat="47.433581" lon="11.877049">
        <ele>526.1</ele>
      </trkpt>
      <trkpt lat="47.434192" lon="11.879152">
        <ele>523.96</ele>
      </trkpt>
      <trkpt lat="47.434353" lon="11.879914">
        <ele>523.7</ele>
      </trkpt>
      <trkpt lat="47.434407" lon="11.880431">
        <ele>523.38</ele>
      </trkpt>
      <trkpt lat="47.434715" lon="11.880453">
        <ele>523.14</ele>
      </trkpt>
    </trkseg>
    <trkseg>
      <name>Segment 3</name>
      <desc>distance: 25.0km, elevation_gain: 1418.0m, elevation_loss: 1401.0m, estimated_duration: 04:51</desc>
      <trkpt lat="47.349851" lon="11.701529">
        <ele>537.93</ele>
      </trkpt>
      <trkpt lat="47.35017" lon="11.702267">
        <ele>536.78</ele>
      </trkpt>
      <trkpt lat="47.350054" lon="11.702602">
        <ele>535.96</ele>
      </trkpt>
      <trkpt lat="47.349992" lon="11.702739">
        <ele>535.85</ele>
      </trkpt>
      <trkpt lat="47.349937" lon="11.702831">
        <ele>535.84</ele>
      </trkpt>
      <trkpt lat="47.349871" lon="11.702907">
        <ele>535.86</ele>
      </trkpt>
      <trkpt lat="47.349799" lon="11.702964">
        <ele>535.9</ele>
      </trkpt>
      <trkpt lat="47.349744" lon="11.702993">
        <ele>535.93</ele>
      </trkpt>
      <trkpt lat="47.349678" lon="11.703009">
        <ele>535.96</ele>
      </trkpt>
      <trkpt lat="47.349617" lon="11.703009">
        <ele>536.0</ele>
      </trkpt>
      <trkpt lat="47.349549" lon="11.702992">
        <ele>536.05</ele>
      </trkpt>
      <trkpt lat="47.349478" lon="11.702956">
        <ele>536.12</ele>
      </trkpt>
      <trkpt lat="47.34939" lon="11.702886">
        <ele>536.26</ele>
      </trkpt>
      <trkpt lat="47.349224" lon="11.702709">
        <ele>536.66</ele>
      </trkpt>
      <trkpt lat="47.34914" lon="11.702618">
        <ele>536.86</ele>
      </trkpt>
      <trkpt lat="47.348563" lon="11.703772">
        <ele>536.72</ele>
      </trkpt>
      <trkpt lat="47.348404" lon="11.704234">
        <ele>536.83</ele>
      </trkpt>
      <trkpt lat="47.348335" lon="11.7045">
        <ele>535.52</ele>
      </trkpt>
      <trkpt lat="47.34829" lon="11.704743">
        <ele>534.11</ele>
      </trkpt>
      <trkpt lat="47.348235" lon="11.704766">
        <ele>534.11</ele>
      </trkpt>
      <trkpt lat="47.347732" lon="11.704957">
        <ele>535.33</ele>
      </trkpt>
      <trkpt lat="47.347597" lon="11.704954">
        <ele>535.83</ele>
      </trkpt>
      <trkpt lat="47.347433" lon="11.704924">
        <ele>536.32</ele>
      </trkpt>
      <trkpt lat="47.345982" lon="11.705627">
        <ele>533.71</ele>
      </trkpt>
      <trkpt lat="47.345524" lon="11.705725">
        <ele>535.08</ele>
      </trkpt>
      <trkpt lat="47.345076" lon="11.705689">
        <ele>537.98</ele>
      </trkpt>
      <trkpt lat="47.345066" lon="11.705822">
        <ele>537.78</ele>
      </trkpt>
      <trkpt lat="47.345058" lon="11.705942">
        <ele>537.42</ele>
      </trkpt>
      <trkpt lat="47.34503" lon="11.707095">
        <ele>535.18</ele>
      </trkpt>
      <trkpt lat="47.345013" lon="11.707224">
        <ele>535.82</ele>
      </trkpt>
      <trkpt lat="47.34499" lon="11.707365">
        <ele>536.49</ele>
      </trkpt>
      <trkpt lat="47.344965" lon="11.707547">
        <ele>537.14</ele>
      </trkpt>
      <trkpt lat="47.344832" lon="11.70807">
        <ele>538.42</ele>
      </trkpt>
      <trkpt lat="47.344704" lon="11.707992">
        <ele>538.35</ele>
      </trkpt>
      <trkpt lat="47.344472" lon="11.707923">
        <ele>538.34</ele>
      </trkpt>
      <trkpt lat="47.34425" lon="11.707869">
        <ele>538.26</ele>
      </trkpt>
      <trkpt lat="47.344145" lon="11.707842">
        <ele>538.18</ele>
      </trkpt>
      <trkpt lat="47.344004" lon="11.707812">
        <ele>538.04</ele>
      </trkpt>
      <trkpt lat="47.343775" lon="11.70776">
        <ele>537.74</ele>
      </trkpt>
      <trkpt lat="47.343655" lon="11.707741">
        <ele>537.64</ele>
      </trkpt>
      <trkpt lat="47.343412" lon="11.707692">
        <ele>537.5</ele>
      </trkpt>
      <trkpt lat="47.342983" lon="11.707536">
        <ele>536.84</ele>
      </trkpt>
      <trkpt lat="47.34296" lon="11.707536">
        <ele>536.82</ele>
      </trkpt>
      <trkpt lat="47.342698" lon="11.707538">
        <ele>536.8</ele>
      </trkpt>
      <trkpt lat="47.342395" lon="11.707465">
        <ele>537.25</ele>
      </trkpt>
      <trkpt lat="47.342114" lon="11.707333">
        <ele>538.2</ele>
      </trkpt>
      <trkpt lat="47.341725" lon="11.707224">
        <ele>539.85</ele>
      </trkpt>
      <trkpt lat="47.341656" lon="11.707187">
        <ele>539.81</ele>
      </trkpt>
      <trkpt lat="47.341492" lon="11.7073">
        <ele>541.84</ele>
      </trkpt>
      <trkpt lat="47.341392" lon="11.707357">
        <ele>542.9</ele>
      </trkpt>
      <trkpt lat="47.341297" lon="11.707454">
        <ele>544.39</ele>
      </trkpt>
      <trkpt lat="47.340974" lon="11.707707">
        <ele>549.76</ele>
      </trkpt>
      <trkpt lat="47.340901" lon="11.707779">
        <ele>551.63</ele>
      </trkpt>
      <trkpt lat="47.340682" lon="11.707993">
        <ele>557.77</ele>
      </trkpt>
      <trkpt lat="47.340521" lon="11.708207">
        <ele>562.75</ele>
      </trkpt>
      <trkpt lat="47.340499" lon="11.708208">
        <ele>563.0</ele>
      </trkpt>
      <trkpt lat="47.340486" lon="11.70824">
        <ele>563.53</ele>
      </trkpt>
      <trkpt lat="47.340291" lon="11.708431">
        <ele>567.5</ele>
      </trkpt>
      <trkpt lat="47.340003" lon="11.708748">
        <ele>572.89</ele>
      </trkpt>
      <trkpt lat="47.339886" lon="11.708818">
        <ele>574.54</ele>
      </trkpt>
      <trkpt lat="47.339748" lon="11.70881">
        <ele>575.59</ele>
      </trkpt>
      <trkpt lat="47.339541" lon="11.708819">
        <ele>577.29</ele>
      </trkpt>
      <trkpt lat="47.33947" lon="11.708886">
        <ele>578.49</ele>
      </trkpt>
      <trkpt lat="47.339406" lon="11.708947">
        <ele>579.59</ele>
      </trkpt>
      <trkpt lat="47.338995" lon="11.708964">
        <ele>582.94</ele>
      </trkpt>
      <trkpt lat="47.33867" lon="11.708973">
        <ele>585.47</ele>
      </trkpt>
      <trkpt lat="47.338603" lon="11.708981">
        <ele>586.1</ele>
      </trkpt>
      <trkpt lat="47.338461" lon="11.709007">
        <ele>587.6</ele>
      </trkpt>
      <trkpt lat="47.338405" lon="11.709016">
        <ele>588.21</ele>
      </trkpt>
      <trkpt lat="47.338227" lon="11.709081">
        <ele>590.86</ele>
      </trkpt>
      <trkpt lat="47.33805" lon="11.709085">
        <ele>592.93</ele>
      </trkpt>
      <trkpt lat="47.33781" lon="11.709095">
        <ele>595.91</ele>
      </trkpt>
      <trkpt lat="47.337699" lon="11.709059">
        <ele>596.45</ele>
      </trkpt>
      <trkpt lat="47.3375" lon="11.709003">
        <ele>597.11</ele>
      </trkpt>
      <trkpt lat="47.337158" lon="11.708905">
        <ele>597.14</ele>
      </trkpt>
      <trkpt lat="47.33688" lon="11.708684">
        <ele>596.57</ele>
      </trkpt>
      <trkpt lat="47.336745" lon="11.708577">
        <ele>597.01</ele>
      </trkpt>
      <trkpt lat="47.336704" lon="11.708545">
        <ele>597.15</ele>
      </trkpt>
      <trkpt lat="47.336588" lon="11.708512">
        <ele>597.86</ele>
      </trkpt>
      <trkpt lat="47.33645" lon="11.708556">
        <ele>598.97</ele>
      </trkpt>
      <trkpt lat="47.336404" lon="11.708611">
        <ele>599.53</ele>
      </trkpt>
      <trkpt lat="47.336144" lon="11.708922">
        <ele>603.12</ele>
      </trkpt>
      <trkpt lat="47.336069" lon="11.709012">
        <ele>604.88</ele>
      </trkpt>
      <trkpt lat="47.335858" lon="11.709109">
        <ele>609.5</ele>
      </trkpt>
      <trkpt lat="47.335724" lon="11.709112">
        <ele>612.34</ele>
      </trkpt>
      <trkpt lat="47.33559" lon="11.709083">
        <ele>615.1</ele>
      </trkpt>
      <trkpt lat="47.334957" lon="11.708722">
        <ele>628.29</ele>
      </trkpt>
      <trkpt lat="47.334862" lon="11.708588">
        <ele>629.26</ele>
      </trkpt>
      <trkpt lat="47.334626" lon="11.708252">
        <ele>632.37</ele>
      </trkpt>
      <trkpt lat="47.334449" lon="11.708001">
        <ele>633.98</ele>
      </trkpt>
      <trkpt lat="47.334403" lon="11.707905">
        <ele>633.41</ele>
      </trkpt>
      <trkpt lat="47.334355" lon="11.707947">
        <ele>637.01</ele>
      </trkpt>
      <trkpt lat="47.334283" lon="11.707922">
        <ele>639.88</ele>
      </trkpt>
      <trkpt lat="47.334196" lon="11.707817">
        <ele>641.37</ele>
      </trkpt>
      <trkpt lat="47.334113" lon="11.707642">
        <ele>641.41</ele>
      </trkpt>
      <trkpt lat="47.333954" lon="11.70718">
        <ele>643.37</ele>
      </trkpt>
      <trkpt lat="47.33371" lon="11.706727">
        <ele>651.66</ele>
      </trkpt>
      <trkpt lat="47.333541" lon="11.706446">
        <ele>654.83</ele>
      </trkpt>
      <trkpt lat="47.333248" lon="11.706088">
        <ele>661.21</ele>
      </trkpt>
      <trkpt lat="47.333164" lon="11.705925">
        <ele>661.98</ele>
      </trkpt>
      <trkpt lat="47.333087" lon="11.70586">
        <ele>665.16</ele>
      </trkpt>
      <trkpt lat="47.332936" lon="11.705539">
        <ele>666.7</ele>
      </trkpt>
      <trkpt lat="47.332899" lon="11.705604">
        <ele>670.7</ele>
      </trkpt>
      <trkpt lat="47.332902" lon="11.705993">
        <ele>678.28</ele>
      </trkpt>
      <trkpt lat="47.332979" lon="11.705945">
        <ele>673.35</ele>
      </trkpt>
      <trkpt lat="47.333009" lon="11.705355">
        <ele>656.97</ele>
      </trkpt>
      <trkpt lat="47.332404" lon="11.704296">
        <ele>655.99</ele>
      </trkpt>
      <trkpt lat="47.331996" lon="11.704052">
        <ele>660.74</ele>
      </trkpt>
      <trkpt lat="47.331268" lon="11.703793">
        <ele>668.47</ele>
      </trkpt>
      <trkpt lat="47.331263" lon="11.703549">
        <ele>657.94</ele>
      </trkpt>
      <trkpt lat="47.331547" lon="11.702811">
        <ele>643.27</ele>
      </trkpt>
      <trkpt lat="47.331299" lon="11.702102">
        <ele>649.25</ele>
      </trkpt>
      <trkpt lat="47.331134" lon="11.701501">
        <ele>636.71</ele>
      </trkpt>
      <trkpt lat="47.330881" lon="11.701181">
        <ele>634.81</ele>
      </trkpt>
      <trkpt lat="47.330711" lon="11.700952">
        <ele>632.32</ele>
      </trkpt>
      <trkpt lat="47.330608" lon="11.700768">
        <ele>629.05</ele>
      </trkpt>
      <trkpt lat="47.330796" lon="11.700712">
        <ele>619.09</ele>
      </trkpt>
      <trkpt lat="47.330724" lon="11.700691">
        <ele>621.03</ele>
      </trkpt>
      <trkpt lat="47.330224" lon="11.699914">
        <ele>615.26</ele>
      </trkpt>
      <trkpt lat="47.330204" lon="11.699537">
        <ele>608.35</ele>
      </trkpt>
      <trkpt lat="47.33014" lon="11.6994">
        <ele>609.06</ele>
      </trkpt>
      <trkpt lat="47.32995" lon="11.699141">
        <ele>610.15</ele>
      </trkpt>
      <trkpt lat="47.329672" lon="11.69908">
        <ele>618.1</ele>
      </trkpt>
      <trkpt lat="47.329467" lon="11.698738">
        <ele>604.92</ele>
      </trkpt>
      <trkpt lat="47.329378" lon="11.698727">
        <ele>607.07</ele>
      </trkpt>
      <trkpt lat="47.329335" lon="11.698681">
        <ele>605.6</ele>
      </trkpt>
      <trkpt lat="47.329241" lon="11.698615">
        <ele>604.51</ele>
      </trkpt>
      <trkpt lat="47.329141" lon="11.698496">
        <ele>600.8</ele>
      </trkpt>
      <trkpt lat="47.329054" lon="11.698473">
        <ele>601.49</ele>
      </trkpt>
      <trkpt lat="47.328806" lon="11.698047">
        <ele>589.29</ele>
      </trkpt>
      <trkpt lat="47.328779" lon="11.697957">
        <ele>586.89</ele>
      </trkpt>
      <trkpt lat="47.328742" lon="11.697951">
        <ele>586.69</ele>
      </trkpt>
      <trkpt lat="47.328605" lon="11.697993">
        <ele>588.38</ele>
      </trkpt>
      <trkpt lat="47.328387" lon="11.698002">
        <ele>592.85</ele>
      </trkpt>
      <trkpt lat="47.328343" lon="11.698077">
        <ele>597.41</ele>
      </trkpt>
      <trkpt lat="47.328306" lon="11.698097">
        <ele>599.82</ele>
      </trkpt>
      <trkpt lat="47.328246" lon="11.698211">
        <ele>607.35</ele>
      </trkpt>
      <trkpt lat="47.328208" lon="11.698194">
        <ele>608.85</ele>
      </trkpt>
      <trkpt lat="47.328163" lon="11.698036">
        <ele>605.8</ele>
      </trkpt>
      <trkpt lat="47.328137" lon="11.697827">
        <ele>600.53</ele>
      </trkpt>
      <trkpt lat="47.328115" lon="11.697488">
        <ele>594.1</ele>
      </trkpt>
      <trkpt lat="47.328121" lon="11.697106">
        <ele>592.83</ele>
      </trkpt>
      <trkpt lat="47.328037" lon="11.697008">
        <ele>599.7</ele>
      </trkpt>
      <trkpt lat="47.327947" lon="11.696797">
        <ele>605.75</ele>
      </trkpt>
      <trkpt lat="47.327898" lon="11.696735">
        <ele>608.38</ele>
      </trkpt>
      <trkpt lat="47.327794" lon="11.696659">
        <ele>613.78</ele>
      </trkpt>
      <trkpt lat="47.327677" lon="11.696494">
        <ele>615.98</ele>
      </trkpt>
      <trkpt lat="47.327465" lon="11.696104">
        <ele>611.73</ele>
      </trkpt>
      <trkpt lat="47.327437" lon="11.695997">
        <ele>609.01</ele>
      </trkpt>
      <trkpt lat="47.327306" lon="11.695684">
        <ele>606.21</ele>
      </trkpt>
      <trkpt lat="47.327312" lon="11.695571">
        <ele>602.94</ele>
      </trkpt>
      <trkpt lat="47.327268" lon="11.695389">
        <ele>601.06</ele>
      </trkpt>
      <trkpt lat="47.327178" lon="11.695214">
        <ele>601.79</ele>
      </trkpt>
      <trkpt lat="47.327092" lon="11.695006">
        <ele>600.21</ele>
      </trkpt>
      <trkpt lat="47.32699" lon="11.694805">
        <ele>598.01</ele>
      </trkpt>
      <trkpt lat="47.326935" lon="11.69476">
        <ele>599.26</ele>
      </trkpt>
      <trkpt lat="47.326638" lon="11.69417">
        <ele>590.75</ele>
      </trkpt>
      <trkpt lat="47.326626" lon="11.694041">
        <ele>585.97</ele>
      </trkpt>
      <trkpt lat="47.326563" lon="11.693923">
        <ele>584.43</ele>
      </trkpt>
      <trkpt lat="47.326429" lon="11.693797">
        <ele>587.46</ele>
      </trkpt>
      <trkpt lat="47.326312" lon="11.693601">
        <ele>587.86</ele>
      </trkpt>
      <trkpt lat="47.326229" lon="11.693419">
        <ele>587.8</ele>
      </trkpt>
      <trkpt lat="47.326049" lon="11.693184">
        <ele>594.56</ele>
      </trkpt>
      <trkpt lat="47.325916" lon="11.692924">
        <ele>595.17</ele>
      </trkpt>
      <trkpt lat="47.32573" lon="11.692813">
        <ele>600.66</ele>
      </trkpt>
      <trkpt lat="47.325625" lon="11.692674">
        <ele>599.25</ele>
      </trkpt>
      <trkpt lat="47.32546" lon="11.692563">
        <ele>600.38</ele>
      </trkpt>
      <trkpt lat="47.325418" lon="11.692476">
        <ele>598.45</ele>
      </trkpt>
      <trkpt lat="47.325363" lon="11.692425">
        <ele>598.51</ele>
      </trkpt>
      <trkpt lat="47.325199" lon="11.692374">
        <ele>602.95</ele>
      </trkpt>
      <trkpt lat="47.325186" lon="11.692211">
        <ele>599.36</ele>
      </trkpt>
      <trkpt lat="47.325034" lon="11.691916">
        <ele>601.35</ele>
      </trkpt>
      <trkpt lat="47.324953" lon="11.691738">
        <ele>602.07</ele>
      </trkpt>
      <trkpt lat="47.324908" lon="11.69162">
        <ele>601.49</ele>
      </trkpt>
      <trkpt lat="47.324751" lon="11.691294">
        <ele>600.69</ele>
      </trkpt>
      <trkpt lat="47.324736" lon="11.691186">
        <ele>598.46</ele>
      </trkpt>
      <trkpt lat="47.324629" lon="11.691091">
        <ele>602.09</ele>
      </trkpt>
      <trkpt lat="47.324569" lon="11.690955">
        <ele>601.96</ele>
      </trkpt>
      <trkpt lat="47.324516" lon="11.690811">
        <ele>600.92</ele>
      </trkpt>
      <trkpt lat="47.324507" lon="11.690688">
        <ele>597.15</ele>
      </trkpt>
      <trkpt lat="47.324402" lon="11.69051">
        <ele>596.16</ele>
      </trkpt>
      <trkpt lat="47.324182" lon="11.690282">
        <ele>597.74</ele>
      </trkpt>
      <trkpt lat="47.32411" lon="11.690208">
        <ele>597.99</ele>
      </trkpt>
      <trkpt lat="47.323971" lon="11.690166">
        <ele>602.65</ele>
      </trkpt>
      <trkpt lat="47.323953" lon="11.690065">
        <ele>600.2</ele>
      </trkpt>
      <trkpt lat="47.323912" lon="11.68993">
        <ele>598.4</ele>
      </trkpt>
      <trkpt lat="47.323869" lon="11.689908">
        <ele>600.01</ele>
      </trkpt>
      <trkpt lat="47.323834" lon="11.689698">
        <ele>596.99</ele>
      </trkpt>
      <trkpt lat="47.323712" lon="11.689452">
        <ele>597.91</ele>
      </trkpt>
      <trkpt lat="47.323624" lon="11.689346">
        <ele>599.87</ele>
      </trkpt>
      <trkpt lat="47.323601" lon="11.689257">
        <ele>598.89</ele>
      </trkpt>
      <trkpt lat="47.323369" lon="11.688821">
        <ele>599.28</ele>
      </trkpt>
      <trkpt lat="47.323262" lon="11.68868">
        <ele>600.02</ele>
      </trkpt>
      <trkpt lat="47.323208" lon="11.688447">
        <ele>596.33</ele>
      </trkpt>
      <trkpt lat="47.323106" lon="11.688233">
        <ele>593.27</ele>
      </trkpt>
      <trkpt lat="47.322942" lon="11.688049">
        <ele>592.46</ele>
      </trkpt>
      <trkpt lat="47.32278" lon="11.688032">
        <ele>596.96</ele>
      </trkpt>
      <trkpt lat="47.322781" lon="11.687706">
        <ele>590.8</ele>
      </trkpt>
      <trkpt lat="47.322715" lon="11.687335">
        <ele>587.27</ele>
      </trkpt>
      <trkpt lat="47.322633" lon="11.687171">
        <ele>588.41</ele>
      </trkpt>
      <trkpt lat="47.322582" lon="11.687114">
        <ele>589.73</ele>
      </trkpt>
      <trkpt lat="47.322514" lon="11.687104">
        <ele>592.48</ele>
      </trkpt>
      <trkpt lat="47.322493" lon="11.686831">
        <ele>587.38</ele>
      </trkpt>
      <trkpt lat="47.32249" lon="11.68665">
        <ele>582.94</ele>
      </trkpt>
      <trkpt lat="47.322459" lon="11.686522">
        <ele>580.22</ele>
      </trkpt>
      <trkpt lat="47.3224" lon="11.686381">
        <ele>577.6</ele>
      </trkpt>
      <trkpt lat="47.322308" lon="11.686257">
        <ele>577.03</ele>
      </trkpt>
      <trkpt lat="47.322199" lon="11.686236">
        <ele>581.39</ele>
      </trkpt>
      <trkpt lat="47.322133" lon="11.686176">
        <ele>582.8</ele>
      </trkpt>
      <trkpt lat="47.322084" lon="11.686089">
        <ele>582.9</ele>
      </trkpt>
      <trkpt lat="47.322068" lon="11.686018">
        <ele>581.91</ele>
      </trkpt>
      <trkpt lat="47.322057" lon="11.685916">
        <ele>580.03</ele>
      </trkpt>
      <trkpt lat="47.322103" lon="11.685846">
        <ele>575.75</ele>
      </trkpt>
      <trkpt lat="47.322118" lon="11.685777">
        <ele>573.41</ele>
      </trkpt>
      <trkpt lat="47.3221" lon="11.685705">
        <ele>573.04</ele>
      </trkpt>
      <trkpt lat="47.322101" lon="11.685659">
        <ele>572.12</ele>
      </trkpt>
      <trkpt lat="47.32205" lon="11.68557">
        <ele>573.47</ele>
      </trkpt>
      <trkpt lat="47.322061" lon="11.685457">
        <ele>570.88</ele>
      </trkpt>
      <trkpt lat="47.321989" lon="11.685311">
        <ele>572.24</ele>
      </trkpt>
      <trkpt lat="47.32194" lon="11.685098">
        <ele>570.62</ele>
      </trkpt>
      <trkpt lat="47.321856" lon="11.685007">
        <ele>572.3</ele>
      </trkpt>
      <trkpt lat="47.321781" lon="11.684854">
        <ele>571.07</ele>
      </trkpt>
      <trkpt lat="47.321613" lon="11.684634">
        <ele>568.57</ele>
      </trkpt>
      <trkpt lat="47.321576" lon="11.684269">
        <ele>558.01</ele>
      </trkpt>
      <trkpt lat="47.321508" lon="11.684006">
        <ele>555.52</ele>
      </trkpt>
      <trkpt lat="47.321442" lon="11.68392">
        <ele>556.45</ele>
      </trkpt>
      <trkpt lat="47.321512" lon="11.683843">
        <ele>554.4</ele>
      </trkpt>
      <trkpt lat="47.321369" lon="11.683627">
        <ele>556.43</ele>
      </trkpt>
      <trkpt lat="47.321278" lon="11.68343">
        <ele>556.73</ele>
      </trkpt>
      <trkpt lat="47.321194" lon="11.68321">
        <ele>556.28</ele>
      </trkpt>
      <trkpt lat="47.321096" lon="11.682995">
        <ele>556.46</ele>
      </trkpt>
      <trkpt lat="47.320965" lon="11.68279">
        <ele>557.26</ele>
      </trkpt>
      <trkpt lat="47.320796" lon="11.682584">
        <ele>558.45</ele>
      </trkpt>
      <trkpt lat="47.320376" lon="11.681977">
        <ele>556.91</ele>
      </trkpt>
      <trkpt lat="47.320201" lon="11.681616">
        <ele>555.35</ele>
      </trkpt>
      <trkpt lat="47.320063" lon="11.681235">
        <ele>555.73</ele>
      </trkpt>
      <trkpt lat="47.320025" lon="11.68125">
        <ele>556.33</ele>
      </trkpt>
      <trkpt lat="47.319935" lon="11.681185">
        <ele>557.66</ele>
      </trkpt>
      <trkpt lat="47.319484" lon="11.680817">
        <ele>560.19</ele>
      </trkpt>
      <trkpt lat="47.319378" lon="11.6808">
        <ele>561.56</ele>
      </trkpt>
      <trkpt lat="47.319315" lon="11.680772">
        <ele>562.17</ele>
      </trkpt>
      <trkpt lat="47.319255" lon="11.680731">
        <ele>562.65</ele>
      </trkpt>
      <trkpt lat="47.31918" lon="11.680656">
        <ele>563.22</ele>
      </trkpt>
      <trkpt lat="47.319109" lon="11.680569">
        <ele>564.09</ele>
      </trkpt>
      <trkpt lat="47.318896" lon="11.680211">
        <ele>568.3</ele>
      </trkpt>
      <trkpt lat="47.318725" lon="11.679994">
        <ele>572.62</ele>
      </trkpt>
      <trkpt lat="47.318423" lon="11.679646">
        <ele>578.61</ele>
      </trkpt>
      <trkpt lat="47.318211" lon="11.67931">
        <ele>580.68</ele>
      </trkpt>
      <trkpt lat="47.317644" lon="11.678069">
        <ele>591.91</ele>
      </trkpt>
      <trkpt lat="47.317567" lon="11.677902">
        <ele>595.13</ele>
      </trkpt>
      <trkpt lat="47.317266" lon="11.676798">
        <ele>606.67</ele>
      </trkpt>
      <trkpt lat="47.317203" lon="11.67664">
        <ele>608.43</ele>
      </trkpt>
      <trkpt lat="47.317128" lon="11.676513">
        <ele>610.5</ele>
      </trkpt>
      <trkpt lat="47.316887" lon="11.676252">
        <ele>616.98</ele>
      </trkpt>
      <trkpt lat="47.316799" lon="11.676125">
        <ele>618.15</ele>
      </trkpt>
      <trkpt lat="47.316689" lon="11.67583">
        <ele>617.22</ele>
      </trkpt>
      <trkpt lat="47.316596" lon="11.675606">
        <ele>617.5</ele>
      </trkpt>
      <trkpt lat="47.316446" lon="11.675391">
        <ele>618.37</ele>
      </trkpt>
      <trkpt lat="47.316344" lon="11.675344">
        <ele>619.08</ele>
      </trkpt>
      <trkpt lat="47.31623" lon="11.675356">
        <ele>620.5</ele>
      </trkpt>
      <trkpt lat="47.316087" lon="11.675421">
        <ele>623.4</ele>
      </trkpt>
      <trkpt lat="47.315849" lon="11.675594">
        <ele>631.06</ele>
      </trkpt>
      <trkpt lat="47.315683" lon="11.675679">
        <ele>635.61</ele>
      </trkpt>
      <trkpt lat="47.315453" lon="11.675697">
        <ele>638.11</ele>
      </trkpt>
      <trkpt lat="47.314622" lon="11.67571">
        <ele>646.04</ele>
      </trkpt>
      <trkpt lat="47.314471" lon="11.675681">
        <ele>647.13</ele>
      </trkpt>
      <trkpt lat="47.314318" lon="11.675636">
        <ele>648.34</ele>
      </trkpt>
      <trkpt lat="47.314051" lon="11.675492">
        <ele>650.56</ele>
      </trkpt>
      <trkpt lat="47.313729" lon="11.675285">
        <ele>654.12</ele>
      </trkpt>
      <trkpt lat="47.313402" lon="11.675116">
        <ele>657.28</ele>
      </trkpt>
      <trkpt lat="47.312588" lon="11.674743">
        <ele>655.51</ele>
      </trkpt>
      <trkpt lat="47.312495" lon="11.674736">
        <ele>656.41</ele>
      </trkpt>
      <trkpt lat="47.312437" lon="11.674766">
        <ele>658.45</ele>
      </trkpt>
      <trkpt lat="47.312411" lon="11.674839">
        <ele>661.81</ele>
      </trkpt>
      <trkpt lat="47.312412" lon="11.674921">
        <ele>665.21</ele>
      </trkpt>
      <trkpt lat="47.312438" lon="11.674996">
        <ele>668.08</ele>
      </trkpt>
      <trkpt lat="47.3125" lon="11.675035">
        <ele>669.34</ele>
      </trkpt>
      <trkpt lat="47.312695" lon="11.675091">
        <ele>669.7</ele>
      </trkpt>
      <trkpt lat="47.312907" lon="11.675206">
        <ele>670.49</ele>
      </trkpt>
      <trkpt lat="47.313066" lon="11.675382">
        <ele>672.74</ele>
      </trkpt>
      <trkpt lat="47.313243" lon="11.675669">
        <ele>676.12</ele>
      </trkpt>
      <trkpt lat="47.313607" lon="11.676316">
        <ele>683.36</ele>
      </trkpt>
      <trkpt lat="47.313724" lon="11.676492">
        <ele>686.06</ele>
      </trkpt>
      <trkpt lat="47.313866" lon="11.676656">
        <ele>689.1</ele>
      </trkpt>
      <trkpt lat="47.314015" lon="11.676774">
        <ele>691.49</ele>
      </trkpt>
      <trkpt lat="47.314188" lon="11.67685">
        <ele>692.47</ele>
      </trkpt>
      <trkpt lat="47.314694" lon="11.677001">
        <ele>695.32</ele>
      </trkpt>
      <trkpt lat="47.314815" lon="11.677054">
        <ele>696.19</ele>
      </trkpt>
      <trkpt lat="47.314883" lon="11.677097">
        <ele>696.85</ele>
      </trkpt>
      <trkpt lat="47.314967" lon="11.677169">
        <ele>697.89</ele>
      </trkpt>
      <trkpt lat="47.315037" lon="11.677282">
        <ele>699.99</ele>
      </trkpt>
      <trkpt lat="47.315082" lon="11.677394">
        <ele>702.07</ele>
      </trkpt>
      <trkpt lat="47.315115" lon="11.677558">
        <ele>705.07</ele>
      </trkpt>
      <trkpt lat="47.315129" lon="11.677789">
        <ele>708.58</ele>
      </trkpt>
      <trkpt lat="47.315152" lon="11.678533">
        <ele>715.85</ele>
      </trkpt>
      <trkpt lat="47.315168" lon="11.678726">
        <ele>717.17</ele>
      </trkpt>
      <trkpt lat="47.315212" lon="11.678908">
        <ele>717.54</ele>
      </trkpt>
      <trkpt lat="47.315335" lon="11.679205">
        <ele>717.6</ele>
      </trkpt>
      <trkpt lat="47.315464" lon="11.679483">
        <ele>718.46</ele>
      </trkpt>
      <trkpt lat="47.315517" lon="11.679677">
        <ele>719.73</ele>
      </trkpt>
      <trkpt lat="47.315541" lon="11.679869">
        <ele>720.66</ele>
      </trkpt>
      <trkpt lat="47.31554" lon="11.680086">
        <ele>720.56</ele>
      </trkpt>
      <trkpt lat="47.315516" lon="11.68024">
        <ele>720.13</ele>
      </trkpt>
      <trkpt lat="47.315478" lon="11.680322">
        <ele>720.27</ele>
      </trkpt>
      <trkpt lat="47.315395" lon="11.680358">
        <ele>721.97</ele>
      </trkpt>
      <trkpt lat="47.315319" lon="11.680343">
        <ele>724.07</ele>
      </trkpt>
      <trkpt lat="47.31525" lon="11.680244">
        <ele>726.79</ele>
      </trkpt>
      <trkpt lat="47.315162" lon="11.679972">
        <ele>730.22</ele>
      </trkpt>
      <trkpt lat="47.3151" lon="11.679845">
        <ele>731.36</ele>
      </trkpt>
      <trkpt lat="47.314895" lon="11.679574">
        <ele>733.34</ele>
      </trkpt>
      <trkpt lat="47.314709" lon="11.67943">
        <ele>734.83</ele>
      </trkpt>
      <trkpt lat="47.31453" lon="11.67933">
        <ele>736.34</ele>
      </trkpt>
      <trkpt lat="47.314257" lon="11.679262">
        <ele>740.23</ele>
      </trkpt>
      <trkpt lat="47.314153" lon="11.679258">
        <ele>742.57</ele>
      </trkpt>
      <trkpt lat="47.31405" lon="11.679274">
        <ele>745.5</ele>
      </trkpt>
      <trkpt lat="47.313959" lon="11.679309">
        <ele>748.6</ele>
      </trkpt>
      <trkpt lat="47.313881" lon="11.67938">
        <ele>751.99</ele>
      </trkpt>
      <trkpt lat="47.313838" lon="11.679493">
        <ele>755.03</ele>
      </trkpt>
      <trkpt lat="47.313835" lon="11.679617">
        <ele>757.0</ele>
      </trkpt>
      <trkpt lat="47.313891" lon="11.679738">
        <ele>757.02</ele>
      </trkpt>
      <trkpt lat="47.313981" lon="11.679826">
        <ele>755.46</ele>
      </trkpt>
      <trkpt lat="47.314139" lon="11.679939">
        <ele>752.27</ele>
      </trkpt>
      <trkpt lat="47.314234" lon="11.680061">
        <ele>750.71</ele>
      </trkpt>
      <trkpt lat="47.314272" lon="11.680178">
        <ele>750.47</ele>
      </trkpt>
      <trkpt lat="47.314281" lon="11.68033">
        <ele>750.88</ele>
      </trkpt>
      <trkpt lat="47.314247" lon="11.680479">
        <ele>751.92</ele>
      </trkpt>
      <trkpt lat="47.314214" lon="11.680538">
        <ele>752.69</ele>
      </trkpt>
      <trkpt lat="47.314139" lon="11.68062">
        <ele>754.37</ele>
      </trkpt>
      <trkpt lat="47.314025" lon="11.680666">
        <ele>757.17</ele>
      </trkpt>
      <trkpt lat="47.313983" lon="11.680626">
        <ele>758.55</ele>
      </trkpt>
      <trkpt lat="47.31393" lon="11.680665">
        <ele>759.72</ele>
      </trkpt>
      <trkpt lat="47.313848" lon="11.680641">
        <ele>761.98</ele>
      </trkpt>
      <trkpt lat="47.313757" lon="11.68058">
        <ele>764.53</ele>
      </trkpt>
      <trkpt lat="47.313672" lon="11.680462">
        <ele>766.98</ele>
      </trkpt>
      <trkpt lat="47.313615" lon="11.680338">
        <ele>768.66</ele>
      </trkpt>
      <trkpt lat="47.313532" lon="11.679991">
        <ele>770.45</ele>
      </trkpt>
      <trkpt lat="47.313492" lon="11.679864">
        <ele>770.69</ele>
      </trkpt>
      <trkpt lat="47.313289" lon="11.679434">
        <ele>771.39</ele>
      </trkpt>
      <trkpt lat="47.313229" lon="11.67927">
        <ele>771.53</ele>
      </trkpt>
      <trkpt lat="47.31317" lon="11.679063">
        <ele>772.23</ele>
      </trkpt>
      <trkpt lat="47.313106" lon="11.678798">
        <ele>774.32</ele>
      </trkpt>
      <trkpt lat="47.313032" lon="11.67859">
        <ele>776.67</ele>
      </trkpt>
      <trkpt lat="47.312941" lon="11.678423">
        <ele>778.7</ele>
      </trkpt>
      <trkpt lat="47.312838" lon="11.678289">
        <ele>780.37</ele>
      </trkpt>
      <trkpt lat="47.312681" lon="11.678148">
        <ele>782.71</ele>
      </trkpt>
      <trkpt lat="47.312493" lon="11.678042">
        <ele>785.18</ele>
      </trkpt>
      <trkpt lat="47.312235" lon="11.677952">
        <ele>785.68</ele>
      </trkpt>
      <trkpt lat="47.312013" lon="11.677938">
        <ele>785.49</ele>
      </trkpt>
      <trkpt lat="47.311852" lon="11.677965">
        <ele>786.47</ele>
      </trkpt>
      <trkpt lat="47.311749" lon="11.677997">
        <ele>787.94</ele>
      </trkpt>
      <trkpt lat="47.311652" lon="11.677961">
        <ele>788.35</ele>
      </trkpt>
      <trkpt lat="47.311545" lon="11.677952">
        <ele>790.32</ele>
      </trkpt>
      <trkpt lat="47.311283" lon="11.677802">
        <ele>795.25</ele>
      </trkpt>
      <trkpt lat="47.311171" lon="11.677702">
        <ele>797.49</ele>
      </trkpt>
      <trkpt lat="47.311094" lon="11.677552">
        <ele>797.01</ele>
      </trkpt>
      <trkpt lat="47.31104" lon="11.677379">
        <ele>793.36</ele>
      </trkpt>
      <trkpt lat="47.310973" lon="11.677304">
        <ele>792.41</ele>
      </trkpt>
      <trkpt lat="47.310889" lon="11.677277">
        <ele>793.4</ele>
      </trkpt>
      <trkpt lat="47.310808" lon="11.677273">
        <ele>794.59</ele>
      </trkpt>
      <trkpt lat="47.310717" lon="11.677287">
        <ele>795.98</ele>
      </trkpt>
      <trkpt lat="47.310612" lon="11.67734">
        <ele>798.34</ele>
      </trkpt>
      <trkpt lat="47.310541" lon="11.677342">
        <ele>798.03</ele>
      </trkpt>
      <trkpt lat="47.310437" lon="11.67729">
        <ele>794.78</ele>
      </trkpt>
      <trkpt lat="47.309528" lon="11.677177">
        <ele>785.76</ele>
      </trkpt>
      <trkpt lat="47.308892" lon="11.677073">
        <ele>780.74</ele>
      </trkpt>
      <trkpt lat="47.308504" lon="11.676958">
        <ele>775.22</ele>
      </trkpt>
      <trkpt lat="47.308266" lon="11.676941">
        <ele>774.91</ele>
      </trkpt>
      <trkpt lat="47.308139" lon="11.676893">
        <ele>773.7</ele>
      </trkpt>
      <trkpt lat="47.308039" lon="11.676877">
        <ele>773.52</ele>
      </trkpt>
      <trkpt lat="47.307836" lon="11.676911">
        <ele>774.49</ele>
      </trkpt>
      <trkpt lat="47.307815" lon="11.676891">
        <ele>774.62</ele>
      </trkpt>
      <trkpt lat="47.307797" lon="11.676845">
        <ele>774.83</ele>
      </trkpt>
      <trkpt lat="47.307795" lon="11.676449">
        <ele>774.3</ele>
      </trkpt>
      <trkpt lat="47.307817" lon="11.676376">
        <ele>773.46</ele>
      </trkpt>
      <trkpt lat="47.307875" lon="11.676343">
        <ele>771.45</ele>
      </trkpt>
      <trkpt lat="47.308014" lon="11.6762">
        <ele>765.75</ele>
      </trkpt>
      <trkpt lat="47.308151" lon="11.676007">
        <ele>759.2</ele>
      </trkpt>
      <trkpt lat="47.308182" lon="11.675853">
        <ele>757.77</ele>
      </trkpt>
      <trkpt lat="47.308194" lon="11.675739">
        <ele>758.18</ele>
      </trkpt>
      <trkpt lat="47.308319" lon="11.675392">
        <ele>760.27</ele>
      </trkpt>
      <trkpt lat="47.308419" lon="11.675059">
        <ele>763.99</ele>
      </trkpt>
      <trkpt lat="47.308556" lon="11.674846">
        <ele>760.89</ele>
      </trkpt>
      <trkpt lat="47.308816" lon="11.674261">
        <ele>759.34</ele>
      </trkpt>
      <trkpt lat="47.308969" lon="11.674066">
        <ele>759.25</ele>
      </trkpt>
      <trkpt lat="47.309191" lon="11.673745">
        <ele>764.95</ele>
      </trkpt>
      <trkpt lat="47.309337" lon="11.673584">
        <ele>767.15</ele>
      </trkpt>
      <trkpt lat="47.309406" lon="11.673491">
        <ele>768.05</ele>
      </trkpt>
      <trkpt lat="47.3094" lon="11.673407">
        <ele>769.21</ele>
      </trkpt>
      <trkpt lat="47.309264" lon="11.673251">
        <ele>770.28</ele>
      </trkpt>
      <trkpt lat="47.309102" lon="11.673115">
        <ele>768.85</ele>
      </trkpt>
      <trkpt lat="47.308791" lon="11.673013">
        <ele>770.17</ele>
      </trkpt>
      <trkpt lat="47.30836" lon="11.672894">
        <ele>774.11</ele>
      </trkpt>
      <trkpt lat="47.308102" lon="11.672741">
        <ele>773.21</ele>
      </trkpt>
      <trkpt lat="47.307947" lon="11.672684">
        <ele>773.89</ele>
      </trkpt>
      <trkpt lat="47.307773" lon="11.672662">
        <ele>776.63</ele>
      </trkpt>
      <trkpt lat="47.307687" lon="11.672616">
        <ele>776.88</ele>
      </trkpt>
      <trkpt lat="47.307351" lon="11.672209">
        <ele>773.7</ele>
      </trkpt>
      <trkpt lat="47.30716" lon="11.672077">
        <ele>776.99</ele>
      </trkpt>
      <trkpt lat="47.30677" lon="11.671655">
        <ele>778.44</ele>
      </trkpt>
      <trkpt lat="47.306091" lon="11.670909">
        <ele>783.13</ele>
      </trkpt>
      <trkpt lat="47.305655" lon="11.670575">
        <ele>791.58</ele>
      </trkpt>
      <trkpt lat="47.305552" lon="11.670535">
        <ele>794.79</ele>
      </trkpt>
      <trkpt lat="47.305519" lon="11.670466">
        <ele>795.88</ele>
      </trkpt>
      <trkpt lat="47.305524" lon="11.670392">
        <ele>795.77</ele>
      </trkpt>
      <trkpt lat="47.30556" lon="11.670272">
        <ele>794.37</ele>
      </trkpt>
      <trkpt lat="47.305628" lon="11.669834">
        <ele>794.39</ele>
      </trkpt>
      <trkpt lat="47.305694" lon="11.669472">
        <ele>799.49</ele>
      </trkpt>
      <trkpt lat="47.305757" lon="11.669242">
        <ele>801.24</ele>
      </trkpt>
      <trkpt lat="47.305897" lon="11.66884">
        <ele>801.64</ele>
      </trkpt>
      <trkpt lat="47.306037" lon="11.668521">
        <ele>801.93</ele>
      </trkpt>
      <trkpt lat="47.306045" lon="11.668446">
        <ele>802.31</ele>
      </trkpt>
      <trkpt lat="47.306007" lon="11.668365">
        <ele>803.51</ele>
      </trkpt>
      <trkpt lat="47.305594" lon="11.668095">
        <ele>812.76</ele>
      </trkpt>
      <trkpt lat="47.305353" lon="11.667957">
        <ele>818.79</ele>
      </trkpt>
      <trkpt lat="47.305124" lon="11.667697">
        <ele>820.12</ele>
      </trkpt>
      <trkpt lat="47.304831" lon="11.667311">
        <ele>824.64</ele>
      </trkpt>
      <trkpt lat="47.304588" lon="11.666923">
        <ele>829.89</ele>
      </trkpt>
      <trkpt lat="47.304557" lon="11.666894">
        <ele>831.1</ele>
      </trkpt>
      <trkpt lat="47.304201" lon="11.66645">
        <ele>835.93</ele>
      </trkpt>
      <trkpt lat="47.303834" lon="11.666077">
        <ele>833.33</ele>
      </trkpt>
      <trkpt lat="47.303715" lon="11.665969">
        <ele>833.09</ele>
      </trkpt>
      <trkpt lat="47.303637" lon="11.665953">
        <ele>834.74</ele>
      </trkpt>
      <trkpt lat="47.303565" lon="11.665964">
        <ele>836.96</ele>
      </trkpt>
      <trkpt lat="47.303502" lon="11.666009">
        <ele>839.74</ele>
      </trkpt>
      <trkpt lat="47.303476" lon="11.666106">
        <ele>842.7</ele>
      </trkpt>
      <trkpt lat="47.303496" lon="11.666573">
        <ele>851.43</ele>
      </trkpt>
      <trkpt lat="47.303463" lon="11.666471">
        <ele>849.98</ele>
      </trkpt>
      <trkpt lat="47.303379" lon="11.666313">
        <ele>848.46</ele>
      </trkpt>
      <trkpt lat="47.30324" lon="11.666147">
        <ele>848.15</ele>
      </trkpt>
      <trkpt lat="47.30313" lon="11.66597">
        <ele>846.86</ele>
      </trkpt>
      <trkpt lat="47.303012" lon="11.665698">
        <ele>841.6</ele>
      </trkpt>
      <trkpt lat="47.302744" lon="11.665186">
        <ele>827.79</ele>
      </trkpt>
      <trkpt lat="47.302685" lon="11.665048">
        <ele>825.13</ele>
      </trkpt>
      <trkpt lat="47.30262" lon="11.664789">
        <ele>820.67</ele>
      </trkpt>
      <trkpt lat="47.302587" lon="11.664625">
        <ele>818.01</ele>
      </trkpt>
      <trkpt lat="47.302566" lon="11.664467">
        <ele>815.42</ele>
      </trkpt>
      <trkpt lat="47.302576" lon="11.664308">
        <ele>812.49</ele>
      </trkpt>
      <trkpt lat="47.302569" lon="11.664236">
        <ele>811.55</ele>
      </trkpt>
      <trkpt lat="47.302324" lon="11.664204">
        <ele>817.73</ele>
      </trkpt>
      <trkpt lat="47.302217" lon="11.664166">
        <ele>821.24</ele>
      </trkpt>
      <trkpt lat="47.302172" lon="11.664104">
        <ele>822.28</ele>
      </trkpt>
      <trkpt lat="47.302156" lon="11.664012">
        <ele>821.95</ele>
      </trkpt>
      <trkpt lat="47.302161" lon="11.663908">
        <ele>820.77</ele>
      </trkpt>
      <trkpt lat="47.302198" lon="11.663709">
        <ele>817.64</ele>
      </trkpt>
      <trkpt lat="47.302199" lon="11.663649">
        <ele>817.17</ele>
      </trkpt>
      <trkpt lat="47.302185" lon="11.663579">
        <ele>817.27</ele>
      </trkpt>
      <trkpt lat="47.301942" lon="11.663029">
        <ele>823.71</ele>
      </trkpt>
      <trkpt lat="47.301916" lon="11.66293">
        <ele>823.89</ele>
      </trkpt>
      <trkpt lat="47.301852" lon="11.662527">
        <ele>818.87</ele>
      </trkpt>
      <trkpt lat="47.301636" lon="11.66216">
        <ele>807.41</ele>
      </trkpt>
      <trkpt lat="47.301559" lon="11.662093">
        <ele>804.88</ele>
      </trkpt>
      <trkpt lat="47.301422" lon="11.662026">
        <ele>803.41</ele>
      </trkpt>
      <trkpt lat="47.301228" lon="11.661837">
        <ele>796.56</ele>
      </trkpt>
      <trkpt lat="47.301084" lon="11.661725">
        <ele>794.32</ele>
      </trkpt>
      <trkpt lat="47.300903" lon="11.661647">
        <ele>795.1</ele>
      </trkpt>
      <trkpt lat="47.300767" lon="11.661547">
        <ele>794.79</ele>
      </trkpt>
      <trkpt lat="47.300627" lon="11.661436">
        <ele>795.72</ele>
      </trkpt>
      <trkpt lat="47.300446" lon="11.66138">
        <ele>800.95</ele>
      </trkpt>
      <trkpt lat="47.300259" lon="11.661307">
        <ele>808.53</ele>
      </trkpt>
      <trkpt lat="47.300318" lon="11.661078">
        <ele>809.86</ele>
      </trkpt>
      <trkpt lat="47.300382" lon="11.660956">
        <ele>807.7</ele>
      </trkpt>
      <trkpt lat="47.300473" lon="11.660747">
        <ele>803.84</ele>
      </trkpt>
      <trkpt lat="47.300457" lon="11.660639">
        <ele>806.15</ele>
      </trkpt>
      <trkpt lat="47.300425" lon="11.660563">
        <ele>808.8</ele>
      </trkpt>
      <trkpt lat="47.300365" lon="11.660413">
        <ele>812.6</ele>
      </trkpt>
      <trkpt lat="47.30031" lon="11.660323">
        <ele>814.18</ele>
      </trkpt>
      <trkpt lat="47.300174" lon="11.660215">
        <ele>815.13</ele>
      </trkpt>
      <trkpt lat="47.300114" lon="11.660165">
        <ele>814.79</ele>
      </trkpt>
      <trkpt lat="47.299805" lon="11.659926">
        <ele>813.39</ele>
      </trkpt>
      <trkpt lat="47.299701" lon="11.659831">
        <ele>813.49</ele>
      </trkpt>
      <trkpt lat="47.299636" lon="11.65977">
        <ele>813.65</ele>
      </trkpt>
      <trkpt lat="47.299569" lon="11.659664">
        <ele>813.72</ele>
      </trkpt>
      <trkpt lat="47.299484" lon="11.659561">
        <ele>813.83</ele>
      </trkpt>
      <trkpt lat="47.299199" lon="11.659461">
        <ele>814.61</ele>
      </trkpt>
      <trkpt lat="47.299101" lon="11.659263">
        <ele>813.79</ele>
      </trkpt>
      <trkpt lat="47.299076" lon="11.659161">
        <ele>813.32</ele>
      </trkpt>
      <trkpt lat="47.299014" lon="11.659086">
        <ele>813.24</ele>
      </trkpt>
      <trkpt lat="47.298999" lon="11.659069">
        <ele>813.24</ele>
      </trkpt>
      <trkpt lat="47.298827" lon="11.658919">
        <ele>813.41</ele>
      </trkpt>
      <trkpt lat="47.298378" lon="11.658278">
        <ele>811.39</ele>
      </trkpt>
      <trkpt lat="47.298291" lon="11.658167">
        <ele>811.29</ele>
      </trkpt>
      <trkpt lat="47.298199" lon="11.658069">
        <ele>811.51</ele>
      </trkpt>
      <trkpt lat="47.298092" lon="11.657991">
        <ele>812.02</ele>
      </trkpt>
      <trkpt lat="47.297979" lon="11.657928">
        <ele>812.67</ele>
      </trkpt>
      <trkpt lat="47.297366" lon="11.65766">
        <ele>815.91</ele>
      </trkpt>
      <trkpt lat="47.297113" lon="11.657536">
        <ele>818.01</ele>
      </trkpt>
      <trkpt lat="47.296878" lon="11.657274">
        <ele>818.14</ele>
      </trkpt>
      <trkpt lat="47.29676" lon="11.65716">
        <ele>818.27</ele>
      </trkpt>
      <trkpt lat="47.296701" lon="11.657126">
        <ele>818.57</ele>
      </trkpt>
      <trkpt lat="47.296642" lon="11.657118">
        <ele>819.17</ele>
      </trkpt>
      <trkpt lat="47.296503" lon="11.657159">
        <ele>821.13</ele>
      </trkpt>
      <trkpt lat="47.296342" lon="11.657237">
        <ele>823.31</ele>
      </trkpt>
      <trkpt lat="47.295654" lon="11.657549">
        <ele>830.99</ele>
      </trkpt>
      <trkpt lat="47.295395" lon="11.657698">
        <ele>835.08</ele>
      </trkpt>
      <trkpt lat="47.294916" lon="11.65801">
        <ele>843.54</ele>
      </trkpt>
      <trkpt lat="47.294802" lon="11.658107">
        <ele>846.17</ele>
      </trkpt>
      <trkpt lat="47.294363" lon="11.657794">
        <ele>849.87</ele>
      </trkpt>
      <trkpt lat="47.293959" lon="11.657596">
        <ele>848.92</ele>
      </trkpt>
      <trkpt lat="47.293784" lon="11.657368">
        <ele>844.57</ele>
      </trkpt>
      <trkpt lat="47.29366" lon="11.657221">
        <ele>841.28</ele>
      </trkpt>
      <trkpt lat="47.293573" lon="11.657134">
        <ele>839.29</ele>
      </trkpt>
      <trkpt lat="47.293478" lon="11.656989">
        <ele>836.65</ele>
      </trkpt>
      <trkpt lat="47.293342" lon="11.656838">
        <ele>834.18</ele>
      </trkpt>
      <trkpt lat="47.293287" lon="11.656718">
        <ele>832.58</ele>
      </trkpt>
      <trkpt lat="47.293232" lon="11.656603">
        <ele>831.15</ele>
      </trkpt>
      <trkpt lat="47.293178" lon="11.656524">
        <ele>830.23</ele>
      </trkpt>
      <trkpt lat="47.293119" lon="11.656425">
        <ele>829.03</ele>
      </trkpt>
      <trkpt lat="47.293037" lon="11.656313">
        <ele>827.19</ele>
      </trkpt>
      <trkpt lat="47.293" lon="11.656216">
        <ele>825.44</ele>
      </trkpt>
      <trkpt lat="47.29288" lon="11.656132">
        <ele>822.38</ele>
      </trkpt>
      <trkpt lat="47.292833" lon="11.656126">
        <ele>821.55</ele>
      </trkpt>
      <trkpt lat="47.292754" lon="11.656126">
        <ele>820.4</ele>
      </trkpt>
      <trkpt lat="47.292707" lon="11.656139">
        <ele>820.04</ele>
      </trkpt>
      <trkpt lat="47.292606" lon="11.656228">
        <ele>821.03</ele>
      </trkpt>
      <trkpt lat="47.292468" lon="11.656293">
        <ele>821.37</ele>
      </trkpt>
      <trkpt lat="47.292384" lon="11.656293">
        <ele>820.59</ele>
      </trkpt>
      <trkpt lat="47.29231" lon="11.656296">
        <ele>820.02</ele>
      </trkpt>
      <trkpt lat="47.292206" lon="11.656286">
        <ele>818.81</ele>
      </trkpt>
      <trkpt lat="47.292145" lon="11.656273">
        <ele>817.89</ele>
      </trkpt>
      <trkpt lat="47.292063" lon="11.656263">
        <ele>816.86</ele>
      </trkpt>
      <trkpt lat="47.291993" lon="11.656266">
        <ele>816.25</ele>
      </trkpt>
      <trkpt lat="47.291911" lon="11.656266">
        <ele>815.36</ele>
      </trkpt>
      <trkpt lat="47.291852" lon="11.656253">
        <ele>814.35</ele>
      </trkpt>
      <trkpt lat="47.291818" lon="11.65625">
        <ele>813.85</ele>
      </trkpt>
      <trkpt lat="47.291725" lon="11.65625">
        <ele>812.57</ele>
      </trkpt>
      <trkpt lat="47.291604" lon="11.656277">
        <ele>811.15</ele>
      </trkpt>
      <trkpt lat="47.291472" lon="11.656429">
        <ele>811.44</ele>
      </trkpt>
      <trkpt lat="47.291242" lon="11.656564">
        <ele>808.43</ele>
      </trkpt>
      <trkpt lat="47.290944" lon="11.656735">
        <ele>807.68</ele>
      </trkpt>
      <trkpt lat="47.290804" lon="11.656762">
        <ele>807.69</ele>
      </trkpt>
      <trkpt lat="47.290662" lon="11.656726">
        <ele>806.11</ele>
      </trkpt>
      <trkpt lat="47.29049" lon="11.656744">
        <ele>807.97</ele>
      </trkpt>
      <trkpt lat="47.290444" lon="11.656758">
        <ele>809.0</ele>
      </trkpt>
      <trkpt lat="47.290308" lon="11.656848">
        <ele>814.67</ele>
      </trkpt>
      <trkpt lat="47.290253" lon="11.656857">
        <ele>815.75</ele>
      </trkpt>
      <trkpt lat="47.290133" lon="11.656672">
        <ele>809.45</ele>
      </trkpt>
      <trkpt lat="47.290084" lon="11.656564">
        <ele>806.19</ele>
      </trkpt>
      <trkpt lat="47.290046" lon="11.656519">
        <ele>805.06</ele>
      </trkpt>
      <trkpt lat="47.289997" lon="11.656475">
        <ele>804.1</ele>
      </trkpt>
      <trkpt lat="47.289959" lon="11.656448">
        <ele>803.62</ele>
      </trkpt>
      <trkpt lat="47.289866" lon="11.656439">
        <ele>804.54</ele>
      </trkpt>
      <trkpt lat="47.289803" lon="11.656476">
        <ele>806.86</ele>
      </trkpt>
      <trkpt lat="47.289702" lon="11.656564">
        <ele>811.91</ele>
      </trkpt>
      <trkpt lat="47.289627" lon="11.656612">
        <ele>815.08</ele>
      </trkpt>
      <trkpt lat="47.289569" lon="11.656546">
        <ele>813.66</ele>
      </trkpt>
      <trkpt lat="47.289488" lon="11.656423">
        <ele>810.16</ele>
      </trkpt>
      <trkpt lat="47.289431" lon="11.656362">
        <ele>808.58</ele>
      </trkpt>
      <trkpt lat="47.289305" lon="11.656319">
        <ele>808.83</ele>
      </trkpt>
      <trkpt lat="47.289131" lon="11.656342">
        <ele>812.52</ele>
      </trkpt>
      <trkpt lat="47.289251" lon="11.656112">
        <ele>800.64</ele>
      </trkpt>
      <trkpt lat="47.289319" lon="11.655947">
        <ele>792.95</ele>
      </trkpt>
      <trkpt lat="47.289382" lon="11.655745">
        <ele>785.29</ele>
      </trkpt>
      <trkpt lat="47.289321" lon="11.655536">
        <ele>780.77</ele>
      </trkpt>
      <trkpt lat="47.289302" lon="11.655381">
        <ele>777.56</ele>
      </trkpt>
      <trkpt lat="47.289394" lon="11.655338">
        <ele>775.3</ele>
      </trkpt>
      <trkpt lat="47.289606" lon="11.655409">
        <ele>773.98</ele>
      </trkpt>
      <trkpt lat="47.289709" lon="11.655607">
        <ele>777.94</ele>
      </trkpt>
      <trkpt lat="47.289953" lon="11.655437">
        <ele>771.16</ele>
      </trkpt>
      <trkpt lat="47.290236" lon="11.655384">
        <ele>768.52</ele>
      </trkpt>
      <trkpt lat="47.290381" lon="11.655464">
        <ele>770.95</ele>
      </trkpt>
      <trkpt lat="47.290438" lon="11.655472">
        <ele>771.3</ele>
      </trkpt>
      <trkpt lat="47.29048" lon="11.655438">
        <ele>770.32</ele>
      </trkpt>
      <trkpt lat="47.290346" lon="11.655235">
        <ele>763.75</ele>
      </trkpt>
      <trkpt lat="47.290351" lon="11.654892">
        <ele>753.7</ele>
      </trkpt>
      <trkpt lat="47.290334" lon="11.654534">
        <ele>744.91</ele>
      </trkpt>
      <trkpt lat="47.290261" lon="11.654414">
        <ele>741.77</ele>
      </trkpt>
      <trkpt lat="47.290352" lon="11.654322">
        <ele>739.14</ele>
      </trkpt>
      <trkpt lat="47.290211" lon="11.654218">
        <ele>735.66</ele>
      </trkpt>
      <trkpt lat="47.290269" lon="11.654102">
        <ele>731.24</ele>
      </trkpt>
      <trkpt lat="47.290216" lon="11.653984">
        <ele>725.05</ele>
      </trkpt>
      <trkpt lat="47.290302" lon="11.653815">
        <ele>715.19</ele>
      </trkpt>
      <trkpt lat="47.290265" lon="11.653665">
        <ele>706.28</ele>
      </trkpt>
      <trkpt lat="47.290436" lon="11.65337">
        <ele>696.69</ele>
      </trkpt>
      <trkpt lat="47.290446" lon="11.653208">
        <ele>697.01</ele>
      </trkpt>
      <trkpt lat="47.290496" lon="11.653138">
        <ele>698.46</ele>
      </trkpt>
      <trkpt lat="47.290565" lon="11.65289">
        <ele>705.69</ele>
      </trkpt>
      <trkpt lat="47.290663" lon="11.652455">
        <ele>717.24</ele>
      </trkpt>
      <trkpt lat="47.290664" lon="11.652279">
        <ele>721.96</ele>
      </trkpt>
      <trkpt lat="47.290692" lon="11.652251">
        <ele>721.65</ele>
      </trkpt>
      <trkpt lat="47.291281" lon="11.651568">
        <ele>724.77</ele>
      </trkpt>
      <trkpt lat="47.291709" lon="11.651488">
        <ele>721.62</ele>
      </trkpt>
      <trkpt lat="47.29202" lon="11.651482">
        <ele>721.43</ele>
      </trkpt>
      <trkpt lat="47.292229" lon="11.651493">
        <ele>720.87</ele>
      </trkpt>
      <trkpt lat="47.292378" lon="11.651439">
        <ele>722.91</ele>
      </trkpt>
      <trkpt lat="47.292769" lon="11.651182">
        <ele>726.33</ele>
      </trkpt>
      <trkpt lat="47.293268" lon="11.650581">
        <ele>726.41</ele>
      </trkpt>
      <trkpt lat="47.293542" lon="11.650063">
        <ele>726.81</ele>
      </trkpt>
      <trkpt lat="47.293707" lon="11.649602">
        <ele>718.48</ele>
      </trkpt>
      <trkpt lat="47.293895" lon="11.648893">
        <ele>723.44</ele>
      </trkpt>
      <trkpt lat="47.294282" lon="11.64835">
        <ele>721.86</ele>
      </trkpt>
      <trkpt lat="47.294394" lon="11.648119">
        <ele>717.96</ele>
      </trkpt>
      <trkpt lat="47.294387" lon="11.647914">
        <ele>714.57</ele>
      </trkpt>
      <trkpt lat="47.294285" lon="11.647695">
        <ele>712.48</ele>
      </trkpt>
      <trkpt lat="47.294083" lon="11.647473">
        <ele>713.5</ele>
      </trkpt>
      <trkpt lat="47.293589" lon="11.647268">
        <ele>719.14</ele>
      </trkpt>
      <trkpt lat="47.293466" lon="11.647162">
        <ele>719.05</ele>
      </trkpt>
      <trkpt lat="47.293414" lon="11.647019">
        <ele>717.44</ele>
      </trkpt>
      <trkpt lat="47.293421" lon="11.646869">
        <ele>715.46</ele>
      </trkpt>
      <trkpt lat="47.293412" lon="11.646708">
        <ele>714.31</ele>
      </trkpt>
      <trkpt lat="47.293515" lon="11.646686">
        <ele>713.11</ele>
      </trkpt>
      <trkpt lat="47.293715" lon="11.646516">
        <ele>710.07</ele>
      </trkpt>
      <trkpt lat="47.29429" lon="11.645991">
        <ele>699.7</ele>
      </trkpt>
      <trkpt lat="47.294556" lon="11.645543">
        <ele>705.06</ele>
      </trkpt>
      <trkpt lat="47.294724" lon="11.645354">
        <ele>699.81</ele>
      </trkpt>
      <trkpt lat="47.295049" lon="11.645334">
        <ele>692.52</ele>
      </trkpt>
      <trkpt lat="47.295518" lon="11.644907">
        <ele>682.07</ele>
      </trkpt>
      <trkpt lat="47.295852" lon="11.644205">
        <ele>670.3</ele>
      </trkpt>
      <trkpt lat="47.295797" lon="11.644034">
        <ele>672.95</ele>
      </trkpt>
      <trkpt lat="47.295544" lon="11.644049">
        <ele>681.97</ele>
      </trkpt>
      <trkpt lat="47.29551" lon="11.643962">
        <ele>683.49</ele>
      </trkpt>
      <trkpt lat="47.295786" lon="11.643822">
        <ele>675.74</ele>
      </trkpt>
      <trkpt lat="47.296318" lon="11.6438">
        <ele>657.34</ele>
      </trkpt>
      <trkpt lat="47.296632" lon="11.643634">
        <ele>656.25</ele>
      </trkpt>
      <trkpt lat="47.296732" lon="11.6436">
        <ele>656.93</ele>
      </trkpt>
      <trkpt lat="47.296809" lon="11.643712">
        <ele>653.03</ele>
      </trkpt>
      <trkpt lat="47.296892" lon="11.644034">
        <ele>642.23</ele>
      </trkpt>
      <trkpt lat="47.297101" lon="11.644118">
        <ele>646.34</ele>
      </trkpt>
      <trkpt lat="47.297339" lon="11.644102">
        <ele>652.9</ele>
      </trkpt>
      <trkpt lat="47.297505" lon="11.643902">
        <ele>657.02</ele>
      </trkpt>
      <trkpt lat="47.297561" lon="11.643375">
        <ele>662.55</ele>
      </trkpt>
      <trkpt lat="47.297706" lon="11.643075">
        <ele>657.49</ele>
      </trkpt>
      <trkpt lat="47.297802" lon="11.643019">
        <ele>653.54</ele>
      </trkpt>
      <trkpt lat="47.297918" lon="11.643061">
        <ele>647.06</ele>
      </trkpt>
      <trkpt lat="47.298485" lon="11.642886">
        <ele>630.87</ele>
      </trkpt>
      <trkpt lat="47.298964" lon="11.642898">
        <ele>616.47</ele>
      </trkpt>
      <trkpt lat="47.299213" lon="11.642742">
        <ele>613.48</ele>
      </trkpt>
      <trkpt lat="47.299512" lon="11.641968">
        <ele>612.69</ele>
      </trkpt>
      <trkpt lat="47.299746" lon="11.641788">
        <ele>609.51</ele>
      </trkpt>
      <trkpt lat="47.300014" lon="11.641771">
        <ele>603.19</ele>
      </trkpt>
      <trkpt lat="47.300203" lon="11.641612">
        <ele>601.07</ele>
      </trkpt>
      <trkpt lat="47.300332" lon="11.641577">
        <ele>597.33</ele>
      </trkpt>
      <trkpt lat="47.30042" lon="11.641579">
        <ele>594.52</ele>
      </trkpt>
      <trkpt lat="47.300505" lon="11.641682">
        <ele>591.04</ele>
      </trkpt>
      <trkpt lat="47.300975" lon="11.641795">
        <ele>577.01</ele>
      </trkpt>
      <trkpt lat="47.301073" lon="11.641764">
        <ele>575.27</ele>
      </trkpt>
      <trkpt lat="47.301003" lon="11.641629">
        <ele>578.0</ele>
      </trkpt>
      <trkpt lat="47.301051" lon="11.641632">
        <ele>576.82</ele>
      </trkpt>
      <trkpt lat="47.301142" lon="11.641662">
        <ele>574.56</ele>
      </trkpt>
      <trkpt lat="47.301286" lon="11.64165">
        <ele>571.42</ele>
      </trkpt>
      <trkpt lat="47.301515" lon="11.641546">
        <ele>567.43</ele>
      </trkpt>
      <trkpt lat="47.301739" lon="11.6415">
        <ele>564.7</ele>
      </trkpt>
      <trkpt lat="47.301957" lon="11.641319">
        <ele>563.68</ele>
      </trkpt>
      <trkpt lat="47.301841" lon="11.641036">
        <ele>565.7</ele>
      </trkpt>
      <trkpt lat="47.301826" lon="11.640947">
        <ele>566.15</ele>
      </trkpt>
      <trkpt lat="47.301826" lon="11.640697">
        <ele>566.57</ele>
      </trkpt>
      <trkpt lat="47.301802" lon="11.640322">
        <ele>566.72</ele>
      </trkpt>
      <trkpt lat="47.301761" lon="11.639952">
        <ele>566.48</ele>
      </trkpt>
      <trkpt lat="47.301685" lon="11.638746">
        <ele>563.95</ele>
      </trkpt>
      <trkpt lat="47.301653" lon="11.638809">
        <ele>564.17</ele>
      </trkpt>
      <trkpt lat="47.301498" lon="11.638841">
        <ele>564.29</ele>
      </trkpt>
      <trkpt lat="47.301425" lon="11.638848">
        <ele>564.22</ele>
      </trkpt>
      <trkpt lat="47.301359" lon="11.638817">
        <ele>564.06</ele>
      </trkpt>
      <trkpt lat="47.301138" lon="11.638585">
        <ele>563.49</ele>
      </trkpt>
      <trkpt lat="47.301078" lon="11.638597">
        <ele>563.55</ele>
      </trkpt>
      <trkpt lat="47.300491" lon="11.638882">
        <ele>569.35</ele>
      </trkpt>
      <trkpt lat="47.300269" lon="11.638315">
        <ele>567.99</ele>
      </trkpt>
      <trkpt lat="47.300089" lon="11.63789">
        <ele>565.92</ele>
      </trkpt>
      <trkpt lat="47.299835" lon="11.637104">
        <ele>566.46</ele>
      </trkpt>
      <trkpt lat="47.299796" lon="11.637012">
        <ele>567.28</ele>
      </trkpt>
      <trkpt lat="47.299574" lon="11.637145">
        <ele>572.75</ele>
      </trkpt>
      <trkpt lat="47.299535" lon="11.637135">
        <ele>573.79</ele>
      </trkpt>
      <trkpt lat="47.29936" lon="11.636821">
        <ele>576.92</ele>
      </trkpt>
      <trkpt lat="47.299292" lon="11.636528">
        <ele>576.71</ele>
      </trkpt>
      <trkpt lat="47.299152" lon="11.636275">
        <ele>578.3</ele>
      </trkpt>
      <trkpt lat="47.299064" lon="11.636051">
        <ele>578.16</ele>
      </trkpt>
      <trkpt lat="47.29899" lon="11.635917">
        <ele>578.08</ele>
      </trkpt>
      <trkpt lat="47.298904" lon="11.635814">
        <ele>578.41</ele>
      </trkpt>
      <trkpt lat="47.298677" lon="11.635619">
        <ele>580.97</ele>
      </trkpt>
      <trkpt lat="47.298712" lon="11.635429">
        <ele>579.27</ele>
      </trkpt>
      <trkpt lat="47.298647" lon="11.635361">
        <ele>580.89</ele>
      </trkpt>
      <trkpt lat="47.298502" lon="11.635144">
        <ele>585.84</ele>
      </trkpt>
      <trkpt lat="47.298495" lon="11.635053">
        <ele>586.32</ele>
      </trkpt>
      <trkpt lat="47.298496" lon="11.634954">
        <ele>586.45</ele>
      </trkpt>
      <trkpt lat="47.298508" lon="11.634705">
        <ele>587.02</ele>
      </trkpt>
      <trkpt lat="47.298502" lon="11.634591">
        <ele>587.86</ele>
      </trkpt>
      <trkpt lat="47.298478" lon="11.634439">
        <ele>589.56</ele>
      </trkpt>
      <trkpt lat="47.298297" lon="11.633843">
        <ele>593.12</ele>
      </trkpt>
      <trkpt lat="47.298255" lon="11.633735">
        <ele>592.88</ele>
      </trkpt>
      <trkpt lat="47.298187" lon="11.633618">
        <ele>593.09</ele>
      </trkpt>
      <trkpt lat="47.298087" lon="11.633329">
        <ele>591.44</ele>
      </trkpt>
      <trkpt lat="47.298052" lon="11.633254">
        <ele>591.1</ele>
      </trkpt>
      <trkpt lat="47.298014" lon="11.633194">
        <ele>590.96</ele>
      </trkpt>
      <trkpt lat="47.297958" lon="11.633138">
        <ele>591.31</ele>
      </trkpt>
      <trkpt lat="47.297877" lon="11.633095">
        <ele>592.61</ele>
      </trkpt>
      <trkpt lat="47.297817" lon="11.633095">
        <ele>594.33</ele>
      </trkpt>
      <trkpt lat="47.297765" lon="11.633122">
        <ele>596.45</ele>
      </trkpt>
      <trkpt lat="47.297637" lon="11.633244">
        <ele>602.45</ele>
      </trkpt>
      <trkpt lat="47.297582" lon="11.633232">
        <ele>603.62</ele>
      </trkpt>
      <trkpt lat="47.297512" lon="11.633191">
        <ele>604.58</ele>
      </trkpt>
      <trkpt lat="47.297386" lon="11.633225">
        <ele>608.08</ele>
      </trkpt>
      <trkpt lat="47.297316" lon="11.633277">
        <ele>610.26</ele>
      </trkpt>
      <trkpt lat="47.297267" lon="11.633299">
        <ele>611.46</ele>
      </trkpt>
      <trkpt lat="47.297222" lon="11.633299">
        <ele>612.3</ele>
      </trkpt>
      <trkpt lat="47.297167" lon="11.633191">
        <ele>612.4</ele>
      </trkpt>
      <trkpt lat="47.297152" lon="11.633123">
        <ele>612.01</ele>
      </trkpt>
      <trkpt lat="47.297157" lon="11.633028">
        <ele>610.76</ele>
      </trkpt>
      <trkpt lat="47.29722" lon="11.632837">
        <ele>606.08</ele>
      </trkpt>
      <trkpt lat="47.297258" lon="11.632741">
        <ele>603.26</ele>
      </trkpt>
      <trkpt lat="47.29727" lon="11.632633">
        <ele>601.26</ele>
      </trkpt>
      <trkpt lat="47.297258" lon="11.632376">
        <ele>600.07</ele>
      </trkpt>
      <trkpt lat="47.297195" lon="11.632166">
        <ele>602.99</ele>
      </trkpt>
      <trkpt lat="47.297172" lon="11.632074">
        <ele>604.11</ele>
      </trkpt>
      <trkpt lat="47.297149" lon="11.632">
        <ele>605.12</ele>
      </trkpt>
      <trkpt lat="47.297114" lon="11.631922">
        <ele>606.44</ele>
      </trkpt>
      <trkpt lat="47.297084" lon="11.63187">
        <ele>607.44</ele>
      </trkpt>
      <trkpt lat="47.297053" lon="11.631829">
        <ele>608.36</ele>
      </trkpt>
      <trkpt lat="47.297013" lon="11.63178">
        <ele>609.48</ele>
      </trkpt>
      <trkpt lat="47.29692" lon="11.631721">
        <ele>611.94</ele>
      </trkpt>
      <trkpt lat="47.296901" lon="11.631723">
        <ele>612.49</ele>
      </trkpt>
      <trkpt lat="47.29669" lon="11.631595">
        <ele>617.12</ele>
      </trkpt>
      <trkpt lat="47.296526" lon="11.631483">
        <ele>619.91</ele>
      </trkpt>
      <trkpt lat="47.296377" lon="11.631367">
        <ele>621.89</ele>
      </trkpt>
      <trkpt lat="47.296275" lon="11.631332">
        <ele>623.15</ele>
      </trkpt>
      <trkpt lat="47.296178" lon="11.631356">
        <ele>624.37</ele>
      </trkpt>
      <trkpt lat="47.295794" lon="11.631743">
        <ele>629.56</ele>
      </trkpt>
      <trkpt lat="47.295526" lon="11.631914">
        <ele>633.45</ele>
      </trkpt>
      <trkpt lat="47.295429" lon="11.632045">
        <ele>635.13</ele>
      </trkpt>
      <trkpt lat="47.294851" lon="11.632154">
        <ele>645.62</ele>
      </trkpt>
      <trkpt lat="47.294643" lon="11.632132">
        <ele>648.16</ele>
      </trkpt>
      <trkpt lat="47.294495" lon="11.632011">
        <ele>649.56</ele>
      </trkpt>
      <trkpt lat="47.294281" lon="11.631716">
        <ele>652.24</ele>
      </trkpt>
      <trkpt lat="47.293877" lon="11.63108">
        <ele>661.77</ele>
      </trkpt>
      <trkpt lat="47.293781" lon="11.630914">
        <ele>663.98</ele>
      </trkpt>
      <trkpt lat="47.293705" lon="11.630701">
        <ele>665.32</ele>
      </trkpt>
      <trkpt lat="47.293626" lon="11.630451">
        <ele>666.58</ele>
      </trkpt>
      <trkpt lat="47.293545" lon="11.63023">
        <ele>668.25</ele>
      </trkpt>
      <trkpt lat="47.293429" lon="11.629954">
        <ele>671.77</ele>
      </trkpt>
      <trkpt lat="47.293405" lon="11.629937">
        <ele>672.61</ele>
      </trkpt>
      <trkpt lat="47.293384" lon="11.629934">
        <ele>673.34</ele>
      </trkpt>
      <trkpt lat="47.293355" lon="11.629948">
        <ele>674.31</ele>
      </trkpt>
      <trkpt lat="47.293332" lon="11.629979">
        <ele>675.07</ele>
      </trkpt>
      <trkpt lat="47.293324" lon="11.630019">
        <ele>675.33</ele>
      </trkpt>
      <trkpt lat="47.293342" lon="11.630658">
        <ele>678.12</ele>
      </trkpt>
      <trkpt lat="47.293378" lon="11.63091">
        <ele>678.71</ele>
      </trkpt>
      <trkpt lat="47.29336" lon="11.630995">
        <ele>680.3</ele>
      </trkpt>
      <trkpt lat="47.293303" lon="11.630993">
        <ele>682.88</ele>
      </trkpt>
      <trkpt lat="47.29317" lon="11.63077">
        <ele>687.41</ele>
      </trkpt>
      <trkpt lat="47.293077" lon="11.630462">
        <ele>688.77</ele>
      </trkpt>
      <trkpt lat="47.292755" lon="11.629763">
        <ele>699.21</ele>
      </trkpt>
      <trkpt lat="47.292698" lon="11.62954">
        <ele>702.63</ele>
      </trkpt>
      <trkpt lat="47.292698" lon="11.6294">
        <ele>703.48</ele>
      </trkpt>
      <trkpt lat="47.292737" lon="11.629232">
        <ele>702.93</ele>
      </trkpt>
      <trkpt lat="47.292793" lon="11.629092">
        <ele>701.46</ele>
      </trkpt>
      <trkpt lat="47.292795" lon="11.628925">
        <ele>702.37</ele>
      </trkpt>
      <trkpt lat="47.292615" lon="11.627761">
        <ele>712.79</ele>
      </trkpt>
      <trkpt lat="47.29257" lon="11.627527">
        <ele>714.84</ele>
      </trkpt>
      <trkpt lat="47.292521" lon="11.627227">
        <ele>718.48</ele>
      </trkpt>
      <trkpt lat="47.292617" lon="11.626469">
        <ele>718.54</ele>
      </trkpt>
      <trkpt lat="47.292556" lon="11.626231">
        <ele>721.55</ele>
      </trkpt>
      <trkpt lat="47.292427" lon="11.625872">
        <ele>727.04</ele>
      </trkpt>
      <trkpt lat="47.292342" lon="11.625548">
        <ele>730.77</ele>
      </trkpt>
      <trkpt lat="47.292383" lon="11.625484">
        <ele>728.93</ele>
      </trkpt>
      <trkpt lat="47.292346" lon="11.625206">
        <ele>730.62</ele>
      </trkpt>
      <trkpt lat="47.292305" lon="11.624948">
        <ele>732.5</ele>
      </trkpt>
      <trkpt lat="47.292313" lon="11.623466">
        <ele>725.57</ele>
      </trkpt>
      <trkpt lat="47.292309" lon="11.623016">
        <ele>721.2</ele>
      </trkpt>
      <trkpt lat="47.29227" lon="11.622565">
        <ele>717.74</ele>
      </trkpt>
      <trkpt lat="47.292187" lon="11.622026">
        <ele>719.39</ele>
      </trkpt>
      <trkpt lat="47.292211" lon="11.621615">
        <ele>717.98</ele>
      </trkpt>
      <trkpt lat="47.292294" lon="11.621556">
        <ele>713.64</ele>
      </trkpt>
      <trkpt lat="47.29238" lon="11.621613">
        <ele>709.5</ele>
      </trkpt>
      <trkpt lat="47.292405" lon="11.621644">
        <ele>708.4</ele>
      </trkpt>
      <trkpt lat="47.292486" lon="11.621682">
        <ele>704.69</ele>
      </trkpt>
      <trkpt lat="47.292522" lon="11.621669">
        <ele>703.02</ele>
      </trkpt>
      <trkpt lat="47.292602" lon="11.621606">
        <ele>699.3</ele>
      </trkpt>
      <trkpt lat="47.29264" lon="11.621581">
        <ele>697.62</ele>
      </trkpt>
      <trkpt lat="47.292689" lon="11.621445">
        <ele>695.47</ele>
      </trkpt>
      <trkpt lat="47.292717" lon="11.621316">
        <ele>694.49</ele>
      </trkpt>
      <trkpt lat="47.292759" lon="11.621259">
        <ele>692.82</ele>
      </trkpt>
      <trkpt lat="47.292792" lon="11.621227">
        <ele>691.53</ele>
      </trkpt>
      <trkpt lat="47.292839" lon="11.62114">
        <ele>689.69</ele>
      </trkpt>
      <trkpt lat="47.292859" lon="11.621088">
        <ele>688.93</ele>
      </trkpt>
      <trkpt lat="47.292893" lon="11.62104">
        <ele>687.53</ele>
      </trkpt>
      <trkpt lat="47.292954" lon="11.620995">
        <ele>684.96</ele>
      </trkpt>
      <trkpt lat="47.293003" lon="11.620959">
        <ele>682.89</ele>
      </trkpt>
      <trkpt lat="47.293048" lon="11.620917">
        <ele>680.92</ele>
      </trkpt>
      <trkpt lat="47.293109" lon="11.620861">
        <ele>678.19</ele>
      </trkpt>
      <trkpt lat="47.293147" lon="11.620805">
        <ele>676.3</ele>
      </trkpt>
      <trkpt lat="47.293236" lon="11.620828">
        <ele>672.83</ele>
      </trkpt>
      <trkpt lat="47.293347" lon="11.621132">
        <ele>669.55</ele>
      </trkpt>
      <trkpt lat="47.293432" lon="11.621162">
        <ele>666.54</ele>
      </trkpt>
      <trkpt lat="47.293489" lon="11.62103">
        <ele>664.27</ele>
      </trkpt>
      <trkpt lat="47.293453" lon="11.620778">
        <ele>664.11</ele>
      </trkpt>
      <trkpt lat="47.293331" lon="11.62022">
        <ele>662.23</ele>
      </trkpt>
      <trkpt lat="47.293335" lon="11.620089">
        <ele>660.67</ele>
      </trkpt>
      <trkpt lat="47.293451" lon="11.619781">
        <ele>654.03</ele>
      </trkpt>
      <trkpt lat="47.293636" lon="11.61971">
        <ele>646.17</ele>
      </trkpt>
      <trkpt lat="47.293708" lon="11.619694">
        <ele>643.14</ele>
      </trkpt>
      <trkpt lat="47.293772" lon="11.619692">
        <ele>640.53</ele>
      </trkpt>
      <trkpt lat="47.293842" lon="11.619676">
        <ele>637.53</ele>
      </trkpt>
      <trkpt lat="47.293883" lon="11.619625">
        <ele>635.36</ele>
      </trkpt>
      <trkpt lat="47.2939" lon="11.619589">
        <ele>634.3</ele>
      </trkpt>
      <trkpt lat="47.293912" lon="11.619516">
        <ele>633.1</ele>
      </trkpt>
      <trkpt lat="47.293932" lon="11.619484">
        <ele>631.92</ele>
      </trkpt>
      <trkpt lat="47.293971" lon="11.619443">
        <ele>629.77</ele>
      </trkpt>
      <trkpt lat="47.294031" lon="11.6194">
        <ele>626.6</ele>
      </trkpt>
      <trkpt lat="47.294109" lon="11.619402">
        <ele>623.12</ele>
      </trkpt>
      <trkpt lat="47.294197" lon="11.619346">
        <ele>618.6</ele>
      </trkpt>
      <trkpt lat="47.294262" lon="11.61925">
        <ele>614.66</ele>
      </trkpt>
      <trkpt lat="47.294338" lon="11.619186">
        <ele>610.58</ele>
      </trkpt>
      <trkpt lat="47.294414" lon="11.619139">
        <ele>606.77</ele>
      </trkpt>
      <trkpt lat="47.29446" lon="11.619117">
        <ele>604.55</ele>
      </trkpt>
      <trkpt lat="47.294496" lon="11.61908">
        <ele>602.68</ele>
      </trkpt>
      <trkpt lat="47.294561" lon="11.618981">
        <ele>599.16</ele>
      </trkpt>
      <trkpt lat="47.294592" lon="11.618953">
        <ele>598.72</ele>
      </trkpt>
      <trkpt lat="47.294675" lon="11.618601">
        <ele>595.96</ele>
      </trkpt>
      <trkpt lat="47.294685" lon="11.617992">
        <ele>590.88</ele>
      </trkpt>
      <trkpt lat="47.294654" lon="11.617259">
        <ele>584.75</ele>
      </trkpt>
      <trkpt lat="47.294681" lon="11.616845">
        <ele>581.28</ele>
      </trkpt>
      <trkpt lat="47.29471" lon="11.616474">
        <ele>578.16</ele>
      </trkpt>
      <trkpt lat="47.294798" lon="11.616318">
        <ele>576.46</ele>
      </trkpt>
      <trkpt lat="47.294953" lon="11.616448">
        <ele>574.28</ele>
      </trkpt>
      <trkpt lat="47.295048" lon="11.616651">
        <ele>572.21</ele>
      </trkpt>
      <trkpt lat="47.295249" lon="11.616807">
        <ele>569.41</ele>
      </trkpt>
      <trkpt lat="47.29539" lon="11.616946">
        <ele>567.33</ele>
      </trkpt>
      <trkpt lat="47.295481" lon="11.617144">
        <ele>565.33</ele>
      </trkpt>
      <trkpt lat="47.295385" lon="11.616477">
        <ele>563.49</ele>
      </trkpt>
      <trkpt lat="47.295206" lon="11.615853">
        <ele>562.51</ele>
      </trkpt>
      <trkpt lat="47.294885" lon="11.615079">
        <ele>562.29</ele>
      </trkpt>
      <trkpt lat="47.294774" lon="11.614547">
        <ele>561.69</ele>
      </trkpt>
      <trkpt lat="47.294767" lon="11.614509">
        <ele>561.65</ele>
      </trkpt>
      <trkpt lat="47.294747" lon="11.614216">
        <ele>560.71</ele>
      </trkpt>
      <trkpt lat="47.294653" lon="11.614024">
        <ele>561.72</ele>
      </trkpt>
      <trkpt lat="47.294547" lon="11.61394">
        <ele>563.38</ele>
      </trkpt>
      <trkpt lat="47.294474" lon="11.61373">
        <ele>563.16</ele>
      </trkpt>
      <trkpt lat="47.294279" lon="11.613256">
        <ele>562.62</ele>
      </trkpt>
      <trkpt lat="47.293957" lon="11.61224">
        <ele>563.47</ele>
      </trkpt>
      <trkpt lat="47.293816" lon="11.612322">
        <ele>566.03</ele>
      </trkpt>
      <trkpt lat="47.293762" lon="11.612283">
        <ele>566.76</ele>
      </trkpt>
      <trkpt lat="47.293551" lon="11.611783">
        <ele>566.9</ele>
      </trkpt>
      <trkpt lat="47.293502" lon="11.611631">
        <ele>566.39</ele>
      </trkpt>
      <trkpt lat="47.293502" lon="11.611476">
        <ele>565.18</ele>
      </trkpt>
      <trkpt lat="47.293484" lon="11.611385">
        <ele>564.64</ele>
      </trkpt>
      <trkpt lat="47.293415" lon="11.611375">
        <ele>565.34</ele>
      </trkpt>
      <trkpt lat="47.293257" lon="11.611381">
        <ele>567.76</ele>
      </trkpt>
      <trkpt lat="47.293127" lon="11.611267">
        <ele>569.31</ele>
      </trkpt>
      <trkpt lat="47.293019" lon="11.611125">
        <ele>570.78</ele>
      </trkpt>
      <trkpt lat="47.292946" lon="11.611098">
        <ele>572.48</ele>
      </trkpt>
      <trkpt lat="47.292868" lon="11.611149">
        <ele>574.87</ele>
      </trkpt>
      <trkpt lat="47.292851" lon="11.611215">
        <ele>575.64</ele>
      </trkpt>
      <trkpt lat="47.292776" lon="11.611228">
        <ele>577.69</ele>
      </trkpt>
      <trkpt lat="47.292546" lon="11.611044">
        <ele>583.39</ele>
      </trkpt>
      <trkpt lat="47.292494" lon="11.611004">
        <ele>584.58</ele>
      </trkpt>
      <trkpt lat="47.292421" lon="11.610907">
        <ele>585.82</ele>
      </trkpt>
      <trkpt lat="47.29206" lon="11.610568">
        <ele>590.97</ele>
      </trkpt>
      <trkpt lat="47.291908" lon="11.610294">
        <ele>591.77</ele>
      </trkpt>
      <trkpt lat="47.291753" lon="11.609949">
        <ele>593.45</ele>
      </trkpt>
      <trkpt lat="47.291597" lon="11.609148">
        <ele>590.9</ele>
      </trkpt>
      <trkpt lat="47.291564" lon="11.608761">
        <ele>587.91</ele>
      </trkpt>
      <trkpt lat="47.291473" lon="11.608119">
        <ele>583.34</ele>
      </trkpt>
      <trkpt lat="47.291399" lon="11.607853">
        <ele>582.1</ele>
      </trkpt>
      <trkpt lat="47.291357" lon="11.607648">
        <ele>581.25</ele>
      </trkpt>
      <trkpt lat="47.291304" lon="11.607246">
        <ele>581.11</ele>
      </trkpt>
      <trkpt lat="47.291304" lon="11.607113">
        <ele>581.24</ele>
      </trkpt>
      <trkpt lat="47.291336" lon="11.606908">
        <ele>580.92</ele>
      </trkpt>
      <trkpt lat="47.291358" lon="11.606806">
        <ele>580.56</ele>
      </trkpt>
      <trkpt lat="47.291368" lon="11.60672">
        <ele>580.21</ele>
      </trkpt>
      <trkpt lat="47.291311" lon="11.60617">
        <ele>575.65</ele>
      </trkpt>
      <trkpt lat="47.291289" lon="11.606047">
        <ele>574.63</ele>
      </trkpt>
      <trkpt lat="47.291207" lon="11.605774">
        <ele>573.98</ele>
      </trkpt>
      <trkpt lat="47.291195" lon="11.605701">
        <ele>573.73</ele>
      </trkpt>
      <trkpt lat="47.291189" lon="11.605475">
        <ele>572.42</ele>
      </trkpt>
      <trkpt lat="47.291092" lon="11.604415">
        <ele>568.44</ele>
      </trkpt>
      <trkpt lat="47.29105" lon="11.603698">
        <ele>566.94</ele>
      </trkpt>
      <trkpt lat="47.29105" lon="11.60364">
        <ele>566.85</ele>
      </trkpt>
      <trkpt lat="47.291048" lon="11.603123">
        <ele>565.36</ele>
      </trkpt>
      <trkpt lat="47.291029" lon="11.602818">
        <ele>564.11</ele>
      </trkpt>
      <trkpt lat="47.290987" lon="11.602416">
        <ele>562.88</ele>
      </trkpt>
      <trkpt lat="47.290961" lon="11.602044">
        <ele>562.15</ele>
      </trkpt>
      <trkpt lat="47.290936" lon="11.601929">
        <ele>562.05</ele>
      </trkpt>
      <trkpt lat="47.290859" lon="11.601504">
        <ele>561.79</ele>
      </trkpt>
      <trkpt lat="47.290797" lon="11.601163">
        <ele>561.91</ele>
      </trkpt>
      <trkpt lat="47.290718" lon="11.600778">
        <ele>562.17</ele>
      </trkpt>
      <trkpt lat="47.290691" lon="11.600647">
        <ele>562.3</ele>
      </trkpt>
      <trkpt lat="47.290607" lon="11.600277">
        <ele>562.75</ele>
      </trkpt>
      <trkpt lat="47.290512" lon="11.599863">
        <ele>563.06</ele>
      </trkpt>
      <trkpt lat="47.290457" lon="11.599622">
        <ele>563.21</ele>
      </trkpt>
      <trkpt lat="47.290365" lon="11.599186">
        <ele>563.49</ele>
      </trkpt>
      <trkpt lat="47.29017" lon="11.598362">
        <ele>563.56</ele>
      </trkpt>
      <trkpt lat="47.290149" lon="11.598274">
        <ele>563.67</ele>
      </trkpt>
      <trkpt lat="47.29001" lon="11.597701">
        <ele>564.72</ele>
      </trkpt>
      <trkpt lat="47.289931" lon="11.597376">
        <ele>565.25</ele>
      </trkpt>
      <trkpt lat="47.289841" lon="11.597001">
        <ele>565.88</ele>
      </trkpt>
      <trkpt lat="47.289693" lon="11.59639">
        <ele>566.97</ele>
      </trkpt>
      <trkpt lat="47.289623" lon="11.596088">
        <ele>567.39</ele>
      </trkpt>
      <trkpt lat="47.289606" lon="11.595886">
        <ele>567.68</ele>
      </trkpt>
      <trkpt lat="47.289543" lon="11.595598">
        <ele>568.55</ele>
      </trkpt>
      <trkpt lat="47.289525" lon="11.595554">
        <ele>568.77</ele>
      </trkpt>
      <trkpt lat="47.289481" lon="11.595491">
        <ele>569.16</ele>
      </trkpt>
      <trkpt lat="47.28947" lon="11.59546">
        <ele>569.32</ele>
      </trkpt>
      <trkpt lat="47.28925" lon="11.594508">
        <ele>569.27</ele>
      </trkpt>
      <trkpt lat="47.289105" lon="11.594579">
        <ele>570.31</ele>
      </trkpt>
      <trkpt lat="47.288882" lon="11.594644">
        <ele>571.86</ele>
      </trkpt>
      <trkpt lat="47.288739" lon="11.594658">
        <ele>572.76</ele>
      </trkpt>
      <trkpt lat="47.28864" lon="11.59465">
        <ele>573.38</ele>
      </trkpt>
      <trkpt lat="47.288527" lon="11.594633">
        <ele>574.16</ele>
      </trkpt>
      <trkpt lat="47.287991" lon="11.59457">
        <ele>578.8</ele>
      </trkpt>
      <trkpt lat="47.287889" lon="11.594571">
        <ele>579.84</ele>
      </trkpt>
      <trkpt lat="47.287785" lon="11.594596">
        <ele>581.13</ele>
      </trkpt>
      <trkpt lat="47.287706" lon="11.594629">
        <ele>582.33</ele>
      </trkpt>
      <trkpt lat="47.28757" lon="11.594713">
        <ele>585.07</ele>
      </trkpt>
      <trkpt lat="47.287381" lon="11.594881">
        <ele>590.72</ele>
      </trkpt>
      <trkpt lat="47.28731" lon="11.594964">
        <ele>593.43</ele>
      </trkpt>
      <trkpt lat="47.287236" lon="11.595079">
        <ele>596.75</ele>
      </trkpt>
      <trkpt lat="47.287224" lon="11.595131">
        <ele>597.66</ele>
      </trkpt>
      <trkpt lat="47.287217" lon="11.595199">
        <ele>598.6</ele>
      </trkpt>
      <trkpt lat="47.28722" lon="11.595289">
        <ele>599.54</ele>
      </trkpt>
      <trkpt lat="47.287244" lon="11.595455">
        <ele>601.01</ele>
      </trkpt>
      <trkpt lat="47.287327" lon="11.595704">
        <ele>602.92</ele>
      </trkpt>
      <trkpt lat="47.287383" lon="11.595899">
        <ele>604.86</ele>
      </trkpt>
      <trkpt lat="47.287394" lon="11.595947">
        <ele>605.44</ele>
      </trkpt>
      <trkpt lat="47.287401" lon="11.596023">
        <ele>606.63</ele>
      </trkpt>
      <trkpt lat="47.287394" lon="11.596202">
        <ele>610.18</ele>
      </trkpt>
      <trkpt lat="47.287375" lon="11.596314">
        <ele>612.87</ele>
      </trkpt>
      <trkpt lat="47.287317" lon="11.596568">
        <ele>619.23</ele>
      </trkpt>
      <trkpt lat="47.287281" lon="11.596768">
        <ele>622.85</ele>
      </trkpt>
      <trkpt lat="47.287269" lon="11.596987">
        <ele>624.37</ele>
      </trkpt>
      <trkpt lat="47.287292" lon="11.597386">
        <ele>624.02</ele>
      </trkpt>
      <trkpt lat="47.287324" lon="11.59766">
        <ele>623.84</ele>
      </trkpt>
      <trkpt lat="47.287455" lon="11.598569">
        <ele>621.73</ele>
      </trkpt>
      <trkpt lat="47.287469" lon="11.598797">
        <ele>622.32</ele>
      </trkpt>
      <trkpt lat="47.287474" lon="11.599043">
        <ele>623.62</ele>
      </trkpt>
      <trkpt lat="47.287466" lon="11.599377">
        <ele>626.09</ele>
      </trkpt>
      <trkpt lat="47.287483" lon="11.599662">
        <ele>626.65</ele>
      </trkpt>
      <trkpt lat="47.287502" lon="11.599854">
        <ele>627.1</ele>
      </trkpt>
      <trkpt lat="47.287591" lon="11.600505">
        <ele>634.88</ele>
      </trkpt>
      <trkpt lat="47.287629" lon="11.60084">
        <ele>639.45</ele>
      </trkpt>
      <trkpt lat="47.28764" lon="11.601177">
        <ele>641.31</ele>
      </trkpt>
      <trkpt lat="47.287621" lon="11.601471">
        <ele>643.47</ele>
      </trkpt>
      <trkpt lat="47.287615" lon="11.601722">
        <ele>645.87</ele>
      </trkpt>
      <trkpt lat="47.28765" lon="11.602269">
        <ele>651.67</ele>
      </trkpt>
      <trkpt lat="47.287674" lon="11.602513">
        <ele>654.17</ele>
      </trkpt>
      <trkpt lat="47.287745" lon="11.602759">
        <ele>654.07</ele>
      </trkpt>
      <trkpt lat="47.287811" lon="11.602924">
        <ele>653.29</ele>
      </trkpt>
      <trkpt lat="47.287852" lon="11.603119">
        <ele>654.59</ele>
      </trkpt>
      <trkpt lat="47.287869" lon="11.603309">
        <ele>657.14</ele>
      </trkpt>
      <trkpt lat="47.28787" lon="11.603404">
        <ele>658.8</ele>
      </trkpt>
      <trkpt lat="47.287863" lon="11.603478">
        <ele>660.5</ele>
      </trkpt>
      <trkpt lat="47.28784" lon="11.60358">
        <ele>663.55</ele>
      </trkpt>
      <trkpt lat="47.287817" lon="11.603616">
        <ele>665.4</ele>
      </trkpt>
      <trkpt lat="47.287794" lon="11.603636">
        <ele>666.97</ele>
      </trkpt>
      <trkpt lat="47.287764" lon="11.60364">
        <ele>668.62</ele>
      </trkpt>
      <trkpt lat="47.28773" lon="11.603623">
        <ele>670.11</ele>
      </trkpt>
      <trkpt lat="47.287665" lon="11.603545">
        <ele>672.18</ele>
      </trkpt>
      <trkpt lat="47.287612" lon="11.603439">
        <ele>673.21</ele>
      </trkpt>
      <trkpt lat="47.287559" lon="11.6033">
        <ele>673.86</ele>
      </trkpt>
      <trkpt lat="47.287325" lon="11.602631">
        <ele>680.01</ele>
      </trkpt>
      <trkpt lat="47.287135" lon="11.601827">
        <ele>686.9</ele>
      </trkpt>
      <trkpt lat="47.287058" lon="11.601566">
        <ele>690.63</ele>
      </trkpt>
      <trkpt lat="47.286917" lon="11.601176">
        <ele>694.89</ele>
      </trkpt>
      <trkpt lat="47.286769" lon="11.600805">
        <ele>696.52</ele>
      </trkpt>
      <trkpt lat="47.286503" lon="11.600228">
        <ele>702.8</ele>
      </trkpt>
      <trkpt lat="47.286409" lon="11.599945">
        <ele>703.99</ele>
      </trkpt>
      <trkpt lat="47.286337" lon="11.599675">
        <ele>704.64</ele>
      </trkpt>
      <trkpt lat="47.28628" lon="11.599365">
        <ele>704.78</ele>
      </trkpt>
      <trkpt lat="47.286251" lon="11.599146">
        <ele>704.6</ele>
      </trkpt>
      <trkpt lat="47.2862" lon="11.598748">
        <ele>705.3</ele>
      </trkpt>
      <trkpt lat="47.286165" lon="11.598568">
        <ele>706.63</ele>
      </trkpt>
      <trkpt lat="47.286123" lon="11.598427">
        <ele>708.54</ele>
      </trkpt>
      <trkpt lat="47.285978" lon="11.597999">
        <ele>715.91</ele>
      </trkpt>
      <trkpt lat="47.285878" lon="11.597676">
        <ele>719.66</ele>
      </trkpt>
      <trkpt lat="47.285838" lon="11.597605">
        <ele>720.31</ele>
      </trkpt>
      <trkpt lat="47.285802" lon="11.59757">
        <ele>720.93</ele>
      </trkpt>
      <trkpt lat="47.285751" lon="11.597536">
        <ele>721.61</ele>
      </trkpt>
      <trkpt lat="47.285666" lon="11.597534">
        <ele>723.06</ele>
      </trkpt>
      <trkpt lat="47.285619" lon="11.597562">
        <ele>723.98</ele>
      </trkpt>
      <trkpt lat="47.285559" lon="11.597641">
        <ele>725.0</ele>
      </trkpt>
      <trkpt lat="47.285468" lon="11.597804">
        <ele>724.31</ele>
      </trkpt>
      <trkpt lat="47.285343" lon="11.598071">
        <ele>720.13</ele>
      </trkpt>
      <trkpt lat="47.285191" lon="11.598355">
        <ele>718.22</ele>
      </trkpt>
      <trkpt lat="47.285061" lon="11.598619">
        <ele>724.26</ele>
      </trkpt>
      <trkpt lat="47.284962" lon="11.598746">
        <ele>730.12</ele>
      </trkpt>
      <trkpt lat="47.284921" lon="11.598784">
        <ele>732.37</ele>
      </trkpt>
      <trkpt lat="47.284883" lon="11.598801">
        <ele>733.86</ele>
      </trkpt>
      <trkpt lat="47.284804" lon="11.598816">
        <ele>736.4</ele>
      </trkpt>
      <trkpt lat="47.284751" lon="11.59878">
        <ele>736.62</ele>
      </trkpt>
      <trkpt lat="47.284697" lon="11.598717">
        <ele>736.2</ele>
      </trkpt>
      <trkpt lat="47.284614" lon="11.598587">
        <ele>735.27</ele>
      </trkpt>
      <trkpt lat="47.284507" lon="11.598443">
        <ele>736.28</ele>
      </trkpt>
      <trkpt lat="47.284331" lon="11.598277">
        <ele>741.59</ele>
      </trkpt>
      <trkpt lat="47.284273" lon="11.59821">
        <ele>743.33</ele>
      </trkpt>
      <trkpt lat="47.28424" lon="11.598159">
        <ele>744.15</ele>
      </trkpt>
      <trkpt lat="47.284199" lon="11.598082">
        <ele>744.95</ele>
      </trkpt>
      <trkpt lat="47.284163" lon="11.597992">
        <ele>745.35</ele>
      </trkpt>
      <trkpt lat="47.283968" lon="11.59741">
        <ele>747.65</ele>
      </trkpt>
      <trkpt lat="47.283873" lon="11.597186">
        <ele>751.66</ele>
      </trkpt>
      <trkpt lat="47.28377" lon="11.597003">
        <ele>754.43</ele>
      </trkpt>
      <trkpt lat="47.283649" lon="11.596864">
        <ele>755.17</ele>
      </trkpt>
      <trkpt lat="47.283604" lon="11.596821">
        <ele>754.99</ele>
      </trkpt>
      <trkpt lat="47.283547" lon="11.596782">
        <ele>754.88</ele>
      </trkpt>
      <trkpt lat="47.28343" lon="11.596684">
        <ele>753.24</ele>
      </trkpt>
      <trkpt lat="47.283597" lon="11.596411">
        <ele>735.63</ele>
      </trkpt>
      <trkpt lat="47.284078" lon="11.596489">
        <ele>731.2</ele>
      </trkpt>
      <trkpt lat="47.284442" lon="11.596485">
        <ele>724.78</ele>
      </trkpt>
      <trkpt lat="47.284668" lon="11.596388">
        <ele>717.18</ele>
      </trkpt>
      <trkpt lat="47.284788" lon="11.596262">
        <ele>710.6</ele>
      </trkpt>
      <trkpt lat="47.285045" lon="11.59605">
        <ele>698.27</ele>
      </trkpt>
      <trkpt lat="47.285241" lon="11.596065">
        <ele>689.49</ele>
      </trkpt>
      <trkpt lat="47.28543" lon="11.595952">
        <ele>674.31</ele>
      </trkpt>
      <trkpt lat="47.285436" lon="11.595659">
        <ele>668.68</ele>
      </trkpt>
      <trkpt lat="47.285423" lon="11.595395">
        <ele>667.38</ele>
      </trkpt>
      <trkpt lat="47.28549" lon="11.595189">
        <ele>665.11</ele>
      </trkpt>
      <trkpt lat="47.285659" lon="11.595093">
        <ele>664.88</ele>
      </trkpt>
      <trkpt lat="47.285711" lon="11.594927">
        <ele>659.93</ele>
      </trkpt>
      <trkpt lat="47.285643" lon="11.594717">
        <ele>644.22</ele>
      </trkpt>
      <trkpt lat="47.28578" lon="11.594629">
        <ele>638.32</ele>
      </trkpt>
      <trkpt lat="47.28594" lon="11.594961">
        <ele>657.99</ele>
      </trkpt>
      <trkpt lat="47.286096" lon="11.594859">
        <ele>646.81</ele>
      </trkpt>
      <trkpt lat="47.286061" lon="11.594732">
        <ele>641.27</ele>
      </trkpt>
      <trkpt lat="47.286145" lon="11.594715">
        <ele>636.63</ele>
      </trkpt>
      <trkpt lat="47.286198" lon="11.594514">
        <ele>622.21</ele>
      </trkpt>
      <trkpt lat="47.28629" lon="11.594399">
        <ele>613.42</ele>
      </trkpt>
      <trkpt lat="47.286422" lon="11.594456">
        <ele>612.77</ele>
      </trkpt>
      <trkpt lat="47.286555" lon="11.594589">
        <ele>612.89</ele>
      </trkpt>
      <trkpt lat="47.286795" lon="11.594597">
        <ele>605.42</ele>
      </trkpt>
      <trkpt lat="47.286882" lon="11.594747">
        <ele>604.58</ele>
      </trkpt>
      <trkpt lat="47.28692" lon="11.595066">
        <ele>606.51</ele>
      </trkpt>
      <trkpt lat="47.287092" lon="11.59501">
        <ele>600.27</ele>
      </trkpt>
      <trkpt lat="47.287224" lon="11.595131">
        <ele>597.66</ele>
      </trkpt>
      <trkpt lat="47.287236" lon="11.595079">
        <ele>596.75</ele>
      </trkpt>
      <trkpt lat="47.28731" lon="11.594964">
        <ele>593.43</ele>
      </trkpt>
      <trkpt lat="47.287381" lon="11.594881">
        <ele>590.72</ele>
      </trkpt>
      <trkpt lat="47.28757" lon="11.594713">
        <ele>585.07</ele>
      </trkpt>
      <trkpt lat="47.287706" lon="11.594629">
        <ele>582.33</ele>
      </trkpt>
      <trkpt lat="47.287785" lon="11.594596">
        <ele>581.13</ele>
      </trkpt>
      <trkpt lat="47.287889" lon="11.594571">
        <ele>579.84</ele>
      </trkpt>
      <trkpt lat="47.287991" lon="11.59457">
        <ele>578.8</ele>
      </trkpt>
      <trkpt lat="47.288527" lon="11.594633">
        <ele>574.16</ele>
      </trkpt>
      <trkpt lat="47.288356" lon="11.593128">
        <ele>571.95</ele>
      </trkpt>
      <trkpt lat="47.288243" lon="11.592549">
        <ele>569.01</ele>
      </trkpt>
      <trkpt lat="47.288076" lon="11.591923">
        <ele>570.82</ele>
      </trkpt>
      <trkpt lat="47.287908" lon="11.591977">
        <ele>570.42</ele>
      </trkpt>
      <trkpt lat="47.28781" lon="11.591997">
        <ele>570.21</ele>
      </trkpt>
      <trkpt lat="47.287748" lon="11.592">
        <ele>570.2</ele>
      </trkpt>
      <trkpt lat="47.287689" lon="11.591997">
        <ele>570.31</ele>
      </trkpt>
      <trkpt lat="47.287547" lon="11.59196">
        <ele>571.19</ele>
      </trkpt>
      <trkpt lat="47.287435" lon="11.591952">
        <ele>571.88</ele>
      </trkpt>
      <trkpt lat="47.286925" lon="11.592005">
        <ele>574.59</ele>
      </trkpt>
      <trkpt lat="47.286899" lon="11.592003">
        <ele>574.97</ele>
      </trkpt>
      <trkpt lat="47.286869" lon="11.591986">
        <ele>575.51</ele>
      </trkpt>
      <trkpt lat="47.286841" lon="11.591953">
        <ele>576.14</ele>
      </trkpt>
      <trkpt lat="47.286817" lon="11.591908">
        <ele>576.76</ele>
      </trkpt>
      <trkpt lat="47.286749" lon="11.591703">
        <ele>578.83</ele>
      </trkpt>
      <trkpt lat="47.286656" lon="11.591383">
        <ele>582.1</ele>
      </trkpt>
      <trkpt lat="47.286613" lon="11.591186">
        <ele>583.99</ele>
      </trkpt>
      <trkpt lat="47.286526" lon="11.590771">
        <ele>587.63</ele>
      </trkpt>
      <trkpt lat="47.286458" lon="11.59023">
        <ele>590.04</ele>
      </trkpt>
      <trkpt lat="47.286385" lon="11.589646">
        <ele>601.99</ele>
      </trkpt>
      <trkpt lat="47.286463" lon="11.58899">
        <ele>607.17</ele>
      </trkpt>
      <trkpt lat="47.286461" lon="11.588875">
        <ele>607.57</ele>
      </trkpt>
      <trkpt lat="47.286396" lon="11.588472">
        <ele>611.82</ele>
      </trkpt>
      <trkpt lat="47.286425" lon="11.588314">
        <ele>611.7</ele>
      </trkpt>
      <trkpt lat="47.286507" lon="11.588159">
        <ele>610.38</ele>
      </trkpt>
      <trkpt lat="47.286627" lon="11.588002">
        <ele>608.32</ele>
      </trkpt>
      <trkpt lat="47.28666" lon="11.587938">
        <ele>608.3</ele>
      </trkpt>
      <trkpt lat="47.286662" lon="11.587836">
        <ele>610.67</ele>
      </trkpt>
      <trkpt lat="47.286718" lon="11.587705">
        <ele>610.92</ele>
      </trkpt>
      <trkpt lat="47.286787" lon="11.587404">
        <ele>612.78</ele>
      </trkpt>
      <trkpt lat="47.286838" lon="11.587152">
        <ele>613.66</ele>
      </trkpt>
      <trkpt lat="47.286853" lon="11.586966">
        <ele>615.44</ele>
      </trkpt>
      <trkpt lat="47.286856" lon="11.586529">
        <ele>620.15</ele>
      </trkpt>
      <trkpt lat="47.286812" lon="11.586064">
        <ele>626.14</ele>
      </trkpt>
      <trkpt lat="47.286827" lon="11.58575">
        <ele>624.72</ele>
      </trkpt>
      <trkpt lat="47.286808" lon="11.585655">
        <ele>625.34</ele>
      </trkpt>
      <trkpt lat="47.286948" lon="11.585686">
        <ele>614.68</ele>
      </trkpt>
      <trkpt lat="47.286944" lon="11.585789">
        <ele>615.53</ele>
      </trkpt>
      <trkpt lat="47.287078" lon="11.585711">
        <ele>604.07</ele>
      </trkpt>
      <trkpt lat="47.287026" lon="11.585496">
        <ele>606.84</ele>
      </trkpt>
      <trkpt lat="47.287295" lon="11.585676">
        <ele>587.22</ele>
      </trkpt>
      <trkpt lat="47.287265" lon="11.586098">
        <ele>587.65</ele>
      </trkpt>
      <trkpt lat="47.287273" lon="11.586314">
        <ele>585.71</ele>
      </trkpt>
      <trkpt lat="47.287352" lon="11.586026">
        <ele>581.82</ele>
      </trkpt>
      <trkpt lat="47.287373" lon="11.586149">
        <ele>579.66</ele>
      </trkpt>
      <trkpt lat="47.287458" lon="11.585829">
        <ele>576.93</ele>
      </trkpt>
      <trkpt lat="47.287457" lon="11.586145">
        <ele>574.89</ele>
      </trkpt>
      <trkpt lat="47.287476" lon="11.586013">
        <ele>574.86</ele>
      </trkpt>
      <trkpt lat="47.287524" lon="11.585885">
        <ele>573.7</ele>
      </trkpt>
      <trkpt lat="47.287565" lon="11.585547">
        <ele>573.57</ele>
      </trkpt>
      <trkpt lat="47.287608" lon="11.585379">
        <ele>572.76</ele>
      </trkpt>
      <trkpt lat="47.287693" lon="11.585229">
        <ele>571.57</ele>
      </trkpt>
      <trkpt lat="47.287884" lon="11.584927">
        <ele>571.57</ele>
      </trkpt>
      <trkpt lat="47.288074" lon="11.584473">
        <ele>572.54</ele>
      </trkpt>
      <trkpt lat="47.288181" lon="11.584263">
        <ele>569.45</ele>
      </trkpt>
      <trkpt lat="47.288394" lon="11.584335">
        <ele>562.71</ele>
      </trkpt>
      <trkpt lat="47.288518" lon="11.584392">
        <ele>562.09</ele>
      </trkpt>
      <trkpt lat="47.288503" lon="11.584772">
        <ele>565.2</ele>
      </trkpt>
      <trkpt lat="47.288464" lon="11.585254">
        <ele>567.04</ele>
      </trkpt>
      <trkpt lat="47.28845" lon="11.585752">
        <ele>567.49</ele>
      </trkpt>
      <trkpt lat="47.288466" lon="11.585821">
        <ele>567.67</ele>
      </trkpt>
      <trkpt lat="47.288504" lon="11.586176">
        <ele>568.21</ele>
      </trkpt>
      <trkpt lat="47.288556" lon="11.586438">
        <ele>568.82</ele>
      </trkpt>
      <trkpt lat="47.288576" lon="11.586507">
        <ele>569.06</ele>
      </trkpt>
      <trkpt lat="47.288621" lon="11.58665">
        <ele>569.58</ele>
      </trkpt>
      <trkpt lat="47.28867" lon="11.586775">
        <ele>570.06</ele>
      </trkpt>
      <trkpt lat="47.288816" lon="11.587061">
        <ele>570.61</ele>
      </trkpt>
      <trkpt lat="47.288983" lon="11.587315">
        <ele>569.99</ele>
      </trkpt>
      <trkpt lat="47.289198" lon="11.587623">
        <ele>568.46</ele>
      </trkpt>
      <trkpt lat="47.289363" lon="11.587889">
        <ele>567.53</ele>
      </trkpt>
      <trkpt lat="47.289439" lon="11.588072">
        <ele>567.31</ele>
      </trkpt>
      <trkpt lat="47.289569" lon="11.588378">
        <ele>567.02</ele>
      </trkpt>
      <trkpt lat="47.28965" lon="11.588625">
        <ele>566.81</ele>
      </trkpt>
      <trkpt lat="47.289808" lon="11.589185">
        <ele>566.43</ele>
      </trkpt>
      <trkpt lat="47.289949" lon="11.589879">
        <ele>565.3</ele>
      </trkpt>
      <trkpt lat="47.289985" lon="11.590107">
        <ele>564.93</ele>
      </trkpt>
      <trkpt lat="47.290051" lon="11.590587">
        <ele>564.18</ele>
      </trkpt>
      <trkpt lat="47.290109" lon="11.590837">
        <ele>563.59</ele>
      </trkpt>
      <trkpt lat="47.290202" lon="11.591081">
        <ele>562.67</ele>
      </trkpt>
      <trkpt lat="47.290302" lon="11.591206">
        <ele>562.09</ele>
      </trkpt>
      <trkpt lat="47.290397" lon="11.59133">
        <ele>561.64</ele>
      </trkpt>
      <trkpt lat="47.290431" lon="11.591348">
        <ele>561.57</ele>
      </trkpt>
      <trkpt lat="47.290563" lon="11.591211">
        <ele>561.77</ele>
      </trkpt>
      <trkpt lat="47.290675" lon="11.591113">
        <ele>561.86</ele>
      </trkpt>
      <trkpt lat="47.29077" lon="11.591048">
        <ele>561.82</ele>
      </trkpt>
      <trkpt lat="47.29086" lon="11.591009">
        <ele>561.66</ele>
      </trkpt>
      <trkpt lat="47.290971" lon="11.590986">
        <ele>561.35</ele>
      </trkpt>
      <trkpt lat="47.291221" lon="11.590974">
        <ele>560.45</ele>
      </trkpt>
      <trkpt lat="47.291297" lon="11.590952">
        <ele>560.18</ele>
      </trkpt>
      <trkpt lat="47.291716" lon="11.590772">
        <ele>558.94</ele>
      </trkpt>
      <trkpt lat="47.2919" lon="11.59069">
        <ele>558.74</ele>
      </trkpt>
      <trkpt lat="47.291968" lon="11.590671">
        <ele>558.69</ele>
      </trkpt>
      <trkpt lat="47.292069" lon="11.590679">
        <ele>558.56</ele>
      </trkpt>
      <trkpt lat="47.292568" lon="11.590522">
        <ele>558.2</ele>
      </trkpt>
      <trkpt lat="47.292655" lon="11.590496">
        <ele>558.1</ele>
      </trkpt>
      <trkpt lat="47.292829" lon="11.590438">
        <ele>557.88</ele>
      </trkpt>
      <trkpt lat="47.29308" lon="11.590337">
        <ele>557.5</ele>
      </trkpt>
      <trkpt lat="47.293277" lon="11.590235">
        <ele>557.12</ele>
      </trkpt>
      <trkpt lat="47.29337" lon="11.590173">
        <ele>556.92</ele>
      </trkpt>
      <trkpt lat="47.293525" lon="11.590063">
        <ele>556.53</ele>
      </trkpt>
      <trkpt lat="47.294037" lon="11.589737">
        <ele>554.98</ele>
      </trkpt>
      <trkpt lat="47.294345" lon="11.589566">
        <ele>554.27</ele>
      </trkpt>
      <trkpt lat="47.294533" lon="11.58944">
        <ele>554.11</ele>
      </trkpt>
      <trkpt lat="47.294738" lon="11.589301">
        <ele>554.12</ele>
      </trkpt>
      <trkpt lat="47.294884" lon="11.58921">
        <ele>554.1</ele>
      </trkpt>
      <trkpt lat="47.295525" lon="11.588956">
        <ele>552.51</ele>
      </trkpt>
      <trkpt lat="47.295574" lon="11.588901">
        <ele>552.35</ele>
      </trkpt>
      <trkpt lat="47.295966" lon="11.588764">
        <ele>551.8</ele>
      </trkpt>
      <trkpt lat="47.296198" lon="11.588711">
        <ele>551.88</ele>
      </trkpt>
      <trkpt lat="47.296606" lon="11.588667">
        <ele>552.05</ele>
      </trkpt>
      <trkpt lat="47.296678" lon="11.58866">
        <ele>552.02</ele>
      </trkpt>
      <trkpt lat="47.29681" lon="11.588646">
        <ele>551.92</ele>
      </trkpt>
      <trkpt lat="47.297187" lon="11.588612">
        <ele>551.41</ele>
      </trkpt>
      <trkpt lat="47.297451" lon="11.588578">
        <ele>551.08</ele>
      </trkpt>
      <trkpt lat="47.29752" lon="11.58856">
        <ele>551.03</ele>
      </trkpt>
      <trkpt lat="47.297665" lon="11.58852">
        <ele>550.96</ele>
      </trkpt>
      <trkpt lat="47.29783" lon="11.588463">
        <ele>550.94</ele>
      </trkpt>
      <trkpt lat="47.297917" lon="11.588424">
        <ele>550.95</ele>
      </trkpt>
      <trkpt lat="47.297973" lon="11.588399">
        <ele>550.96</ele>
      </trkpt>
      <trkpt lat="47.298035" lon="11.588369">
        <ele>550.97</ele>
      </trkpt>
      <trkpt lat="47.298425" lon="11.588148">
        <ele>550.92</ele>
      </trkpt>
      <trkpt lat="47.298582" lon="11.588096">
        <ele>551.03</ele>
      </trkpt>
      <trkpt lat="47.298691" lon="11.588061">
        <ele>551.18</ele>
      </trkpt>
      <trkpt lat="47.298729" lon="11.588111">
        <ele>551.2</ele>
      </trkpt>
      <trkpt lat="47.298773" lon="11.588145">
        <ele>551.21</ele>
      </trkpt>
      <trkpt lat="47.298823" lon="11.588162">
        <ele>551.23</ele>
      </trkpt>
      <trkpt lat="47.298875" lon="11.58816">
        <ele>551.27</ele>
      </trkpt>
      <trkpt lat="47.298924" lon="11.588138">
        <ele>551.35</ele>
      </trkpt>
      <trkpt lat="47.298968" lon="11.588099">
        <ele>551.48</ele>
      </trkpt>
      <trkpt lat="47.299003" lon="11.588045">
        <ele>551.65</ele>
      </trkpt>
      <trkpt lat="47.299028" lon="11.587979">
        <ele>551.86</ele>
      </trkpt>
      <trkpt lat="47.299063" lon="11.58796">
        <ele>551.96</ele>
      </trkpt>
      <trkpt lat="47.299302" lon="11.587913">
        <ele>552.27</ele>
      </trkpt>
      <trkpt lat="47.299736" lon="11.587947">
        <ele>552.01</ele>
      </trkpt>
      <trkpt lat="47.299835" lon="11.587952">
        <ele>551.85</ele>
      </trkpt>
      <trkpt lat="47.299872" lon="11.587953">
        <ele>551.77</ele>
      </trkpt>
      <trkpt lat="47.3003" lon="11.587984">
        <ele>549.6</ele>
      </trkpt>
      <trkpt lat="47.300363" lon="11.587986">
        <ele>549.11</ele>
      </trkpt>
      <trkpt lat="47.300422" lon="11.587989">
        <ele>548.65</ele>
      </trkpt>
      <trkpt lat="47.301447" lon="11.588059">
        <ele>552.87</ele>
      </trkpt>
      <trkpt lat="47.30156" lon="11.588079">
        <ele>554.02</ele>
      </trkpt>
      <trkpt lat="47.30159" lon="11.588096">
        <ele>554.31</ele>
      </trkpt>
      <trkpt lat="47.301628" lon="11.588135">
        <ele>554.65</ele>
      </trkpt>
      <trkpt lat="47.301673" lon="11.588219">
        <ele>555.01</ele>
      </trkpt>
      <trkpt lat="47.301687" lon="11.588267">
        <ele>555.1</ele>
      </trkpt>
      <trkpt lat="47.301697" lon="11.588366">
        <ele>555.09</ele>
      </trkpt>
      <trkpt lat="47.30169" lon="11.588437">
        <ele>554.95</ele>
      </trkpt>
      <trkpt lat="47.301773" lon="11.588425">
        <ele>555.13</ele>
      </trkpt>
    </trkseg>
  </trk>
</gpx>