<?xml version='1.0' encoding='utf-8'?>
<gpx version="1.1" creator="GPX Processor">
  <metadata>
    <desc>Clean cycling segments for route DD - no straight connections</desc>
  </metadata>
  <trk>
    <name>DD_clean</name>
    <trkseg>
      <name>Segment 1</name>
      <desc>distance: 34.0km, elevation_gain: 654.0m, elevation_loss: 1095.0m, estimated_duration: 04:31</desc>
      <trkpt lat="47.300658" lon="11.201644">
        <ele>1120.99061</ele>
      </trkpt>
      <trkpt lat="47.300334" lon="11.201931">
        <ele>1119.532432</ele>
      </trkpt>
      <trkpt lat="47.300009" lon="11.202219">
        <ele>1118.069597</ele>
      </trkpt>
      <trkpt lat="47.299688" lon="11.202557">
        <ele>1116.547858</ele>
      </trkpt>
      <trkpt lat="47.299565" lon="11.202753">
        <ele>1115.849182</ele>
      </trkpt>
      <trkpt lat="47.299391" lon="11.203162">
        <ele>1113.803418</ele>
      </trkpt>
      <trkpt lat="47.299368" lon="11.202906">
        <ele>1111.44628</ele>
      </trkpt>
      <trkpt lat="47.299335" lon="11.202822">
        <ele>1110.560183</ele>
      </trkpt>
      <trkpt lat="47.299288" lon="11.202794">
        <ele>1109.877907</ele>
      </trkpt>
      <trkpt lat="47.298972" lon="11.202381">
        <ele>1104.194489</ele>
      </trkpt>
      <trkpt lat="47.298944" lon="11.202366">
        <ele>1103.793521</ele>
      </trkpt>
      <trkpt lat="47.298893" lon="11.202365">
        <ele>1103.107024</ele>
      </trkpt>
      <trkpt lat="47.298851" lon="11.202328">
        <ele>1102.44852</ele>
      </trkpt>
      <trkpt lat="47.298828" lon="11.202291">
        <ele>1101.990376</ele>
      </trkpt>
      <trkpt lat="47.298814" lon="11.202254">
        <ele>1101.603632</ele>
      </trkpt>
      <trkpt lat="47.298631" lon="11.202154">
        <ele>1098.976843</ele>
      </trkpt>
      <trkpt lat="47.298624" lon="11.201923">
        <ele>1096.866183</ele>
      </trkpt>
      <trkpt lat="47.298617" lon="11.201906">
        <ele>1096.684645</ele>
      </trkpt>
      <trkpt lat="47.298523" lon="11.201745">
        <ele>1094.745458</ele>
      </trkpt>
      <trkpt lat="47.298494" lon="11.201695">
        <ele>1094.144913</ele>
      </trkpt>
      <trkpt lat="47.29845" lon="11.201746">
        <ele>1093.391628</ele>
      </trkpt>
      <trkpt lat="47.298395" lon="11.20178">
        <ele>1092.58893</ele>
      </trkpt>
      <trkpt lat="47.298293" lon="11.201817">
        <ele>1091.175125</ele>
      </trkpt>
      <trkpt lat="47.297774" lon="11.201821">
        <ele>1084.557951</ele>
      </trkpt>
      <trkpt lat="47.297625" lon="11.201924">
        <ele>1082.468533</ele>
      </trkpt>
      <trkpt lat="47.297414" lon="11.202441">
        <ele>1077.272748</ele>
      </trkpt>
      <trkpt lat="47.29682" lon="11.203338">
        <ele>1067.048137</ele>
      </trkpt>
      <trkpt lat="47.296612" lon="11.203945">
        <ele>1063.619564</ele>
      </trkpt>
      <trkpt lat="47.296596" lon="11.20401">
        <ele>1063.270954</ele>
      </trkpt>
      <trkpt lat="47.296594" lon="11.20408">
        <ele>1062.917741</ele>
      </trkpt>
      <trkpt lat="47.296639" lon="11.204341">
        <ele>1061.560074</ele>
      </trkpt>
      <trkpt lat="47.296609" lon="11.204455">
        <ele>1060.943602</ele>
      </trkpt>
      <trkpt lat="47.296531" lon="11.204443">
        <ele>1060.36064</ele>
      </trkpt>
      <trkpt lat="47.296315" lon="11.204221">
        <ele>1058.403426</ele>
      </trkpt>
      <trkpt lat="47.296237" lon="11.20429">
        <ele>1057.727267</ele>
      </trkpt>
      <trkpt lat="47.296169" lon="11.204357">
        <ele>1057.119317</ele>
      </trkpt>
      <trkpt lat="47.296117" lon="11.204399">
        <ele>1056.678579</ele>
      </trkpt>
      <trkpt lat="47.295975" lon="11.204477">
        <ele>1055.552152</ele>
      </trkpt>
      <trkpt lat="47.295883" lon="11.2045">
        <ele>1054.858508</ele>
      </trkpt>
      <trkpt lat="47.295716" lon="11.204545">
        <ele>1054.115105</ele>
      </trkpt>
      <trkpt lat="47.295509" lon="11.204921">
        <ele>1053.100023</ele>
      </trkpt>
      <trkpt lat="47.295107" lon="11.205131">
        <ele>1051.781958</ele>
      </trkpt>
      <trkpt lat="47.294769" lon="11.20609">
        <ele>1049.516603</ele>
      </trkpt>
      <trkpt lat="47.294623" lon="11.206801">
        <ele>1049.027445</ele>
      </trkpt>
      <trkpt lat="47.294466" lon="11.207243">
        <ele>1049.137991</ele>
      </trkpt>
      <trkpt lat="47.294409" lon="11.207403">
        <ele>1049.178034</ele>
      </trkpt>
      <trkpt lat="47.294289" lon="11.207417">
        <ele>1049.217357</ele>
      </trkpt>
      <trkpt lat="47.294086" lon="11.207207">
        <ele>1049.298366</ele>
      </trkpt>
      <trkpt lat="47.293864" lon="11.207112">
        <ele>1049.37388</ele>
      </trkpt>
      <trkpt lat="47.293572" lon="11.207155">
        <ele>1049.469743</ele>
      </trkpt>
      <trkpt lat="47.293473" lon="11.207304">
        <ele>1049.438816</ele>
      </trkpt>
      <trkpt lat="47.293452" lon="11.207371">
        <ele>1049.040025</ele>
      </trkpt>
      <trkpt lat="47.293369" lon="11.207393">
        <ele>1048.368228</ele>
      </trkpt>
      <trkpt lat="47.293192" lon="11.2075">
        <ele>1046.844285</ele>
      </trkpt>
      <trkpt lat="47.292971" lon="11.207952">
        <ele>1043.833666</ele>
      </trkpt>
      <trkpt lat="47.292954" lon="11.208026">
        <ele>1043.411524</ele>
      </trkpt>
      <trkpt lat="47.292943" lon="11.207864">
        <ele>1042.531846</ele>
      </trkpt>
      <trkpt lat="47.292861" lon="11.207638">
        <ele>1041.146998</ele>
      </trkpt>
      <trkpt lat="47.2927" lon="11.207504">
        <ele>1039.674186</ele>
      </trkpt>
      <trkpt lat="47.291751" lon="11.207749">
        <ele>1027.617491</ele>
      </trkpt>
      <trkpt lat="47.291563" lon="11.207732">
        <ele>1024.052972</ele>
      </trkpt>
      <trkpt lat="47.29128" lon="11.207806">
        <ele>1018.613718</ele>
      </trkpt>
      <trkpt lat="47.290569" lon="11.208029">
        <ele>1004.85719</ele>
      </trkpt>
      <trkpt lat="47.289576" lon="11.208288">
        <ele>980.039264</ele>
      </trkpt>
      <trkpt lat="47.289416" lon="11.208335">
        <ele>975.800188</ele>
      </trkpt>
      <trkpt lat="47.289432" lon="11.208279">
        <ele>974.729232</ele>
      </trkpt>
      <trkpt lat="47.289469" lon="11.208076">
        <ele>971.02455</ele>
      </trkpt>
      <trkpt lat="47.289512" lon="11.207817">
        <ele>966.32507</ele>
      </trkpt>
      <trkpt lat="47.289461" lon="11.207757">
        <ele>964.629701</ele>
      </trkpt>
      <trkpt lat="47.289338" lon="11.207714">
        <ele>961.345108</ele>
      </trkpt>
      <trkpt lat="47.289319" lon="11.207648">
        <ele>960.081463</ele>
      </trkpt>
      <trkpt lat="47.289221" lon="11.207696">
        <ele>957.398232</ele>
      </trkpt>
      <trkpt lat="47.288749" lon="11.208007">
        <ele>944.135556</ele>
      </trkpt>
      <trkpt lat="47.288432" lon="11.208362">
        <ele>933.96088</ele>
      </trkpt>
      <trkpt lat="47.288152" lon="11.20845">
        <ele>926.64356</ele>
      </trkpt>
      <trkpt lat="47.28814" lon="11.208473">
        <ele>926.140499</ele>
      </trkpt>
      <trkpt lat="47.28812" lon="11.208569">
        <ele>924.399421</ele>
      </trkpt>
      <trkpt lat="47.288066" lon="11.208816">
        <ele>919.900268</ele>
      </trkpt>
      <trkpt lat="47.287809" lon="11.209395">
        <ele>908.086636</ele>
      </trkpt>
      <trkpt lat="47.287506" lon="11.209739">
        <ele>901.646733</ele>
      </trkpt>
      <trkpt lat="47.287416" lon="11.209921">
        <ele>899.074086</ele>
      </trkpt>
      <trkpt lat="47.287107" lon="11.210953">
        <ele>886.188852</ele>
      </trkpt>
      <trkpt lat="47.287067" lon="11.210973">
        <ele>885.477599</ele>
      </trkpt>
      <trkpt lat="47.287051" lon="11.211029">
        <ele>884.783515</ele>
      </trkpt>
      <trkpt lat="47.287069" lon="11.211248">
        <ele>882.263705</ele>
      </trkpt>
      <trkpt lat="47.287036" lon="11.211308">
        <ele>881.381381</ele>
      </trkpt>
      <trkpt lat="47.286802" lon="11.2114">
        <ele>877.50226</ele>
      </trkpt>
      <trkpt lat="47.286737" lon="11.211511">
        <ele>876.220074</ele>
      </trkpt>
      <trkpt lat="47.286001" lon="11.211934">
        <ele>866.037412</ele>
      </trkpt>
      <trkpt lat="47.285826" lon="11.212207">
        <ele>862.753089</ele>
      </trkpt>
      <trkpt lat="47.285783" lon="11.21241">
        <ele>860.893539</ele>
      </trkpt>
      <trkpt lat="47.285678" lon="11.212459">
        <ele>859.473872</ele>
      </trkpt>
      <trkpt lat="47.285581" lon="11.212642">
        <ele>857.443146</ele>
      </trkpt>
      <trkpt lat="47.285419" lon="11.213094">
        <ele>853.294158</ele>
      </trkpt>
      <trkpt lat="47.285388" lon="11.213437">
        <ele>850.755672</ele>
      </trkpt>
      <trkpt lat="47.285307" lon="11.21373">
        <ele>848.434577</ele>
      </trkpt>
      <trkpt lat="47.284686" lon="11.215429">
        <ele>834.60524</ele>
      </trkpt>
      <trkpt lat="47.284659" lon="11.215687">
        <ele>833.198383</ele>
      </trkpt>
      <trkpt lat="47.284585" lon="11.215721">
        <ele>832.582599</ele>
      </trkpt>
      <trkpt lat="47.284521" lon="11.21597">
        <ele>831.147595</ele>
      </trkpt>
      <trkpt lat="47.284405" lon="11.216183">
        <ele>829.675541</ele>
      </trkpt>
      <trkpt lat="47.284284" lon="11.216729">
        <ele>826.579991</ele>
      </trkpt>
      <trkpt lat="47.284113" lon="11.217324">
        <ele>823.097498</ele>
      </trkpt>
      <trkpt lat="47.283945" lon="11.217718">
        <ele>820.824217</ele>
      </trkpt>
      <trkpt lat="47.283878" lon="11.21803">
        <ele>819.710777</ele>
      </trkpt>
      <trkpt lat="47.283553" lon="11.218698">
        <ele>816.913925</ele>
      </trkpt>
      <trkpt lat="47.283477" lon="11.21923">
        <ele>815.06418</ele>
      </trkpt>
      <trkpt lat="47.283475" lon="11.219547">
        <ele>813.985592</ele>
      </trkpt>
      <trkpt lat="47.283296" lon="11.21987">
        <ele>812.566545</ele>
      </trkpt>
      <trkpt lat="47.283283" lon="11.22009">
        <ele>811.902852</ele>
      </trkpt>
      <trkpt lat="47.28319" lon="11.220214">
        <ele>811.415314</ele>
      </trkpt>
      <trkpt lat="47.283124" lon="11.220523">
        <ele>810.5609</ele>
      </trkpt>
      <trkpt lat="47.28302" lon="11.220719">
        <ele>809.904607</ele>
      </trkpt>
      <trkpt lat="47.282998" lon="11.220904">
        <ele>809.409237</ele>
      </trkpt>
      <trkpt lat="47.282827" lon="11.221292">
        <ele>808.188903</ele>
      </trkpt>
      <trkpt lat="47.282726" lon="11.221803">
        <ele>806.785116</ele>
      </trkpt>
      <trkpt lat="47.282718" lon="11.221893">
        <ele>806.545714</ele>
      </trkpt>
      <trkpt lat="47.282706" lon="11.221909">
        <ele>806.482806</ele>
      </trkpt>
      <trkpt lat="47.282547" lon="11.222354">
        <ele>805.154894</ele>
      </trkpt>
      <trkpt lat="47.282532" lon="11.222383">
        <ele>805.056319</ele>
      </trkpt>
      <trkpt lat="47.282541" lon="11.222411">
        <ele>804.972567</ele>
      </trkpt>
      <trkpt lat="47.282222" lon="11.223344">
        <ele>802.148389</ele>
      </trkpt>
      <trkpt lat="47.282022" lon="11.223776">
        <ele>800.734643</ele>
      </trkpt>
      <trkpt lat="47.281913" lon="11.224225">
        <ele>799.445582</ele>
      </trkpt>
      <trkpt lat="47.281847" lon="11.224194">
        <ele>799.169572</ele>
      </trkpt>
      <trkpt lat="47.281837" lon="11.22424">
        <ele>799.039001</ele>
      </trkpt>
      <trkpt lat="47.2818" lon="11.224435">
        <ele>798.491666</ele>
      </trkpt>
      <trkpt lat="47.281709" lon="11.224823">
        <ele>796.982155</ele>
      </trkpt>
      <trkpt lat="47.281669" lon="11.224954">
        <ele>796.35981</ele>
      </trkpt>
      <trkpt lat="47.281622" lon="11.225058">
        <ele>795.818451</ele>
      </trkpt>
      <trkpt lat="47.281568" lon="11.225165">
        <ele>795.240713</ele>
      </trkpt>
      <trkpt lat="47.281512" lon="11.225333">
        <ele>794.429802</ele>
      </trkpt>
      <trkpt lat="47.281427" lon="11.225337">
        <ele>793.886727</ele>
      </trkpt>
      <trkpt lat="47.281358" lon="11.225372">
        <ele>793.420744</ele>
      </trkpt>
      <trkpt lat="47.281271" lon="11.225538">
        <ele>792.511998</ele>
      </trkpt>
      <trkpt lat="47.28115" lon="11.226364">
        <ele>788.85115</ele>
      </trkpt>
      <trkpt lat="47.28097" lon="11.22693">
        <ele>785.937491</ele>
      </trkpt>
      <trkpt lat="47.280941" lon="11.227006">
        <ele>785.373216</ele>
      </trkpt>
      <trkpt lat="47.281005" lon="11.227094">
        <ele>784.538352</ele>
      </trkpt>
      <trkpt lat="47.280762" lon="11.227874">
        <ele>778.983975</ele>
      </trkpt>
      <trkpt lat="47.280707" lon="11.228362">
        <ele>775.782705</ele>
      </trkpt>
      <trkpt lat="47.280524" lon="11.229163">
        <ele>770.313154</ele>
      </trkpt>
      <trkpt lat="47.280469" lon="11.229602">
        <ele>767.501805</ele>
      </trkpt>
      <trkpt lat="47.280331" lon="11.229915">
        <ele>765.180869</ele>
      </trkpt>
      <trkpt lat="47.280162" lon="11.230492">
        <ele>761.273311</ele>
      </trkpt>
      <trkpt lat="47.279989" lon="11.230846">
        <ele>758.560708</ele>
      </trkpt>
      <trkpt lat="47.27981" lon="11.231602">
        <ele>753.582207</ele>
      </trkpt>
      <trkpt lat="47.279509" lon="11.232132">
        <ele>749.654558</ele>
      </trkpt>
      <trkpt lat="47.279306" lon="11.232778">
        <ele>745.678666</ele>
      </trkpt>
      <trkpt lat="47.278746" lon="11.234565">
        <ele>735.280367</ele>
      </trkpt>
      <trkpt lat="47.278625" lon="11.234662">
        <ele>734.343337</ele>
      </trkpt>
      <trkpt lat="47.278464" lon="11.234842">
        <ele>732.96863</ele>
      </trkpt>
      <trkpt lat="47.278429" lon="11.235716">
        <ele>728.927752</ele>
      </trkpt>
      <trkpt lat="47.278607" lon="11.236221">
        <ele>726.301185</ele>
      </trkpt>
      <trkpt lat="47.278598" lon="11.236761">
        <ele>722.695509</ele>
      </trkpt>
      <trkpt lat="47.278662" lon="11.236986">
        <ele>720.963601</ele>
      </trkpt>
      <trkpt lat="47.278779" lon="11.237076">
        <ele>719.582707</ele>
      </trkpt>
      <trkpt lat="47.279024" lon="11.237369">
        <ele>716.281546</ele>
      </trkpt>
      <trkpt lat="47.279076" lon="11.237466">
        <ele>715.403956</ele>
      </trkpt>
      <trkpt lat="47.279079" lon="11.237549">
        <ele>714.813934</ele>
      </trkpt>
      <trkpt lat="47.279013" lon="11.2377">
        <ele>713.538841</ele>
      </trkpt>
      <trkpt lat="47.278842" lon="11.237718">
        <ele>711.74505</ele>
      </trkpt>
      <trkpt lat="47.278809" lon="11.237725">
        <ele>711.396202</ele>
      </trkpt>
      <trkpt lat="47.278676" lon="11.237822">
        <ele>709.843541</ele>
      </trkpt>
      <trkpt lat="47.278633" lon="11.237877">
        <ele>709.247835</ele>
      </trkpt>
      <trkpt lat="47.278584" lon="11.237907">
        <ele>708.692661</ele>
      </trkpt>
      <trkpt lat="47.278571" lon="11.237943">
        <ele>708.403161</ele>
      </trkpt>
      <trkpt lat="47.278647" lon="11.23825">
        <ele>706.236323</ele>
      </trkpt>
      <trkpt lat="47.278525" lon="11.238231">
        <ele>705.154589</ele>
      </trkpt>
      <trkpt lat="47.278508" lon="11.238328">
        <ele>704.55527</ele>
      </trkpt>
      <trkpt lat="47.278481" lon="11.238572">
        <ele>703.076333</ele>
      </trkpt>
      <trkpt lat="47.278492" lon="11.238669">
        <ele>702.488013</ele>
      </trkpt>
      <trkpt lat="47.278397" lon="11.238631">
        <ele>701.620045</ele>
      </trkpt>
      <trkpt lat="47.278127" lon="11.238719">
        <ele>699.181787</ele>
      </trkpt>
      <trkpt lat="47.278059" lon="11.238775">
        <ele>698.494951</ele>
      </trkpt>
      <trkpt lat="47.278026" lon="11.238849">
        <ele>697.965197</ele>
      </trkpt>
      <trkpt lat="47.277928" lon="11.239522">
        <ele>693.847468</ele>
      </trkpt>
      <trkpt lat="47.277862" lon="11.239877">
        <ele>691.64548</ele>
      </trkpt>
      <trkpt lat="47.277849" lon="11.239927">
        <ele>691.325156</ele>
      </trkpt>
      <trkpt lat="47.277844" lon="11.240074">
        <ele>691.540154</ele>
      </trkpt>
      <trkpt lat="47.277877" lon="11.240092">
        <ele>691.68201</ele>
      </trkpt>
      <trkpt lat="47.278016" lon="11.240176">
        <ele>692.287657</ele>
      </trkpt>
      <trkpt lat="47.278059" lon="11.24019">
        <ele>692.465189</ele>
      </trkpt>
      <trkpt lat="47.278113" lon="11.240176">
        <ele>692.686232</ele>
      </trkpt>
      <trkpt lat="47.278217" lon="11.239966">
        <ele>693.397356</ele>
      </trkpt>
      <trkpt lat="47.278419" lon="11.23939">
        <ele>695.170813</ele>
      </trkpt>
      <trkpt lat="47.278623" lon="11.239306">
        <ele>696.024724</ele>
      </trkpt>
      <trkpt lat="47.278663" lon="11.239015">
        <ele>696.836809</ele>
      </trkpt>
      <trkpt lat="47.278763" lon="11.238869">
        <ele>697.404249</ele>
      </trkpt>
      <trkpt lat="47.279042" lon="11.238661">
        <ele>698.430065</ele>
      </trkpt>
      <trkpt lat="47.279199" lon="11.238687">
        <ele>698.37849</ele>
      </trkpt>
      <trkpt lat="47.279252" lon="11.238622">
        <ele>698.355982</ele>
      </trkpt>
      <trkpt lat="47.279516" lon="11.238604">
        <ele>698.269706</ele>
      </trkpt>
      <trkpt lat="47.279595" lon="11.238657">
        <ele>698.241371</ele>
      </trkpt>
      <trkpt lat="47.279701" lon="11.238728">
        <ele>698.203361</ele>
      </trkpt>
      <trkpt lat="47.279715" lon="11.238775">
        <ele>698.191993</ele>
      </trkpt>
      <trkpt lat="47.279653" lon="11.238972">
        <ele>698.143897</ele>
      </trkpt>
      <trkpt lat="47.279574" lon="11.239207">
        <ele>698.085812</ele>
      </trkpt>
      <trkpt lat="47.279536" lon="11.239347">
        <ele>698.052416</ele>
      </trkpt>
      <trkpt lat="47.279362" lon="11.239508">
        <ele>697.985349</ele>
      </trkpt>
      <trkpt lat="47.279349" lon="11.239579">
        <ele>697.969062</ele>
      </trkpt>
      <trkpt lat="47.279361" lon="11.239634">
        <ele>697.956266</ele>
      </trkpt>
      <trkpt lat="47.27932" lon="11.239724">
        <ele>697.932257</ele>
      </trkpt>
      <trkpt lat="47.279256" lon="11.239841">
        <ele>697.89897</ele>
      </trkpt>
      <trkpt lat="47.27897" lon="11.240409">
        <ele>695.981947</ele>
      </trkpt>
      <trkpt lat="47.278849" lon="11.240814">
        <ele>694.423766</ele>
      </trkpt>
      <trkpt lat="47.278588" lon="11.241289">
        <ele>692.27151</ele>
      </trkpt>
      <trkpt lat="47.278325" lon="11.241558">
        <ele>690.6101</ele>
      </trkpt>
      <trkpt lat="47.277875" lon="11.242414">
        <ele>688.101103</ele>
      </trkpt>
      <trkpt lat="47.277628" lon="11.242474">
        <ele>687.782093</ele>
      </trkpt>
      <trkpt lat="47.277586" lon="11.242453">
        <ele>687.725574</ele>
      </trkpt>
      <trkpt lat="47.277499" lon="11.242488">
        <ele>687.610651</ele>
      </trkpt>
      <trkpt lat="47.277112" lon="11.243528">
        <ele>686.585116</ele>
      </trkpt>
      <trkpt lat="47.276987" lon="11.243682">
        <ele>686.377505</ele>
      </trkpt>
      <trkpt lat="47.276977" lon="11.243858">
        <ele>686.235693</ele>
      </trkpt>
      <trkpt lat="47.27682" lon="11.244063">
        <ele>686.307022</ele>
      </trkpt>
      <trkpt lat="47.27686" lon="11.244435">
        <ele>686.393922</ele>
      </trkpt>
      <trkpt lat="47.276722" lon="11.245057">
        <ele>686.54491</ele>
      </trkpt>
      <trkpt lat="47.276757" lon="11.245115">
        <ele>686.562819</ele>
      </trkpt>
      <trkpt lat="47.276742" lon="11.245331">
        <ele>686.612915</ele>
      </trkpt>
      <trkpt lat="47.276825" lon="11.245416">
        <ele>686.647286</ele>
      </trkpt>
      <trkpt lat="47.27681" lon="11.245604">
        <ele>686.69096</ele>
      </trkpt>
      <trkpt lat="47.276846" lon="11.245701">
        <ele>686.71647</ele>
      </trkpt>
      <trkpt lat="47.276832" lon="11.245791">
        <ele>686.737774</ele>
      </trkpt>
      <trkpt lat="47.276822" lon="11.245821">
        <ele>686.745486</ele>
      </trkpt>
      <trkpt lat="47.276808" lon="11.24586">
        <ele>686.755666</ele>
      </trkpt>
      <trkpt lat="47.276813" lon="11.246013">
        <ele>686.791007</ele>
      </trkpt>
      <trkpt lat="47.276786" lon="11.246069">
        <ele>686.806858</ele>
      </trkpt>
      <trkpt lat="47.27674" lon="11.246085">
        <ele>686.822931</ele>
      </trkpt>
      <trkpt lat="47.276674" lon="11.246095">
        <ele>686.838334</ele>
      </trkpt>
      <trkpt lat="47.276654" lon="11.24611">
        <ele>686.718968</ele>
      </trkpt>
      <trkpt lat="47.276374" lon="11.246547">
        <ele>684.549747</ele>
      </trkpt>
      <trkpt lat="47.276339" lon="11.246825">
        <ele>683.529339</ele>
      </trkpt>
      <trkpt lat="47.276295" lon="11.24689">
        <ele>683.197969</ele>
      </trkpt>
      <trkpt lat="47.27624" lon="11.246898">
        <ele>682.903988</ele>
      </trkpt>
      <trkpt lat="47.27619" lon="11.247181">
        <ele>681.848598</ele>
      </trkpt>
      <trkpt lat="47.276225" lon="11.247304">
        <ele>681.367239</ele>
      </trkpt>
      <trkpt lat="47.275987" lon="11.247594">
        <ele>679.724658</ele>
      </trkpt>
      <trkpt lat="47.275795" lon="11.248047">
        <ele>677.797015</ele>
      </trkpt>
      <trkpt lat="47.275751" lon="11.248066">
        <ele>677.55313</ele>
      </trkpt>
      <trkpt lat="47.275813" lon="11.247801">
        <ele>676.184103</ele>
      </trkpt>
      <trkpt lat="47.275844" lon="11.247669">
        <ele>675.435241</ele>
      </trkpt>
      <trkpt lat="47.275878" lon="11.247541">
        <ele>674.698303</ele>
      </trkpt>
      <trkpt lat="47.27581" lon="11.247628">
        <ele>673.986785</ele>
      </trkpt>
      <trkpt lat="47.275693" lon="11.247832">
        <ele>672.554716</ele>
      </trkpt>
      <trkpt lat="47.275635" lon="11.247979">
        <ele>671.643058</ele>
      </trkpt>
      <trkpt lat="47.275619" lon="11.248105">
        <ele>670.955827</ele>
      </trkpt>
      <trkpt lat="47.275449" lon="11.248804">
        <ele>666.974905</ele>
      </trkpt>
      <trkpt lat="47.275375" lon="11.248998">
        <ele>665.781741</ele>
      </trkpt>
      <trkpt lat="47.275298" lon="11.249203">
        <ele>664.525525</ele>
      </trkpt>
      <trkpt lat="47.275272" lon="11.24935">
        <ele>663.711095</ele>
      </trkpt>
      <trkpt lat="47.275239" lon="11.249162">
        <ele>662.720487</ele>
      </trkpt>
      <trkpt lat="47.275202" lon="11.248826">
        <ele>661.128684</ele>
      </trkpt>
      <trkpt lat="47.275182" lon="11.248622">
        <ele>660.164807</ele>
      </trkpt>
      <trkpt lat="47.275144" lon="11.248717">
        <ele>659.649098</ele>
      </trkpt>
      <trkpt lat="47.275102" lon="11.249275">
        <ele>657.0237</ele>
      </trkpt>
      <trkpt lat="47.275131" lon="11.24944">
        <ele>656.226638</ele>
      </trkpt>
      <trkpt lat="47.274978" lon="11.249877">
        <ele>653.927037</ele>
      </trkpt>
      <trkpt lat="47.27499" lon="11.250421">
        <ele>651.381764</ele>
      </trkpt>
      <trkpt lat="47.274907" lon="11.250688">
        <ele>649.898809</ele>
      </trkpt>
      <trkpt lat="47.274788" lon="11.250833">
        <ele>648.657934</ele>
      </trkpt>
      <trkpt lat="47.274797" lon="11.250911">
        <ele>648.226511</ele>
      </trkpt>
      <trkpt lat="47.274758" lon="11.250871">
        <ele>647.844657</ele>
      </trkpt>
      <trkpt lat="47.27476" lon="11.250939">
        <ele>647.47352</ele>
      </trkpt>
      <trkpt lat="47.274705" lon="11.25092">
        <ele>647.019522</ele>
      </trkpt>
      <trkpt lat="47.274782" lon="11.251016">
        <ele>646.208989</ele>
      </trkpt>
      <trkpt lat="47.274834" lon="11.251069">
        <ele>645.700887</ele>
      </trkpt>
      <trkpt lat="47.274729" lon="11.251091">
        <ele>644.848548</ele>
      </trkpt>
      <trkpt lat="47.274663" lon="11.251129">
        <ele>644.279089</ele>
      </trkpt>
      <trkpt lat="47.274536" lon="11.251144">
        <ele>643.255155</ele>
      </trkpt>
      <trkpt lat="47.274522" lon="11.251171">
        <ele>643.069858</ele>
      </trkpt>
      <trkpt lat="47.274354" lon="11.251118">
        <ele>641.689107</ele>
      </trkpt>
      <trkpt lat="47.274303" lon="11.251276">
        <ele>640.735033</ele>
      </trkpt>
      <trkpt lat="47.274277" lon="11.251353">
        <ele>640.266044</ele>
      </trkpt>
      <trkpt lat="47.274176" lon="11.25155">
        <ele>638.919644</ele>
      </trkpt>
      <trkpt lat="47.274173" lon="11.251569">
        <ele>638.813272</ele>
      </trkpt>
      <trkpt lat="47.273792" lon="11.251486">
        <ele>635.774241</ele>
      </trkpt>
      <trkpt lat="47.273651" lon="11.25149">
        <ele>634.769582</ele>
      </trkpt>
      <trkpt lat="47.273456" lon="11.251332">
        <ele>633.184331</ele>
      </trkpt>
      <trkpt lat="47.273413" lon="11.251311">
        <ele>632.861623</ele>
      </trkpt>
      <trkpt lat="47.273374" lon="11.251296">
        <ele>632.574485</ele>
      </trkpt>
      <trkpt lat="47.273344" lon="11.251285">
        <ele>632.354253</ele>
      </trkpt>
      <trkpt lat="47.273336" lon="11.251281">
        <ele>632.294071</ele>
      </trkpt>
      <trkpt lat="47.273154" lon="11.251209">
        <ele>630.951623</ele>
      </trkpt>
      <trkpt lat="47.272756" lon="11.25105">
        <ele>628.013987</ele>
      </trkpt>
      <trkpt lat="47.272552" lon="11.250956">
        <ele>626.491335</ele>
      </trkpt>
      <trkpt lat="47.272341" lon="11.250849">
        <ele>624.901696</ele>
      </trkpt>
      <trkpt lat="47.272034" lon="11.250646">
        <ele>622.68514</ele>
      </trkpt>
      <trkpt lat="47.271694" lon="11.250419">
        <ele>620.562377</ele>
      </trkpt>
      <trkpt lat="47.271528" lon="11.250327">
        <ele>619.553777</ele>
      </trkpt>
      <trkpt lat="47.271499" lon="11.250321">
        <ele>619.387234</ele>
      </trkpt>
      <trkpt lat="47.271288" lon="11.250304">
        <ele>618.185468</ele>
      </trkpt>
      <trkpt lat="47.27119" lon="11.250302">
        <ele>617.628081</ele>
      </trkpt>
      <trkpt lat="47.271134" lon="11.250302">
        <ele>617.309604</ele>
      </trkpt>
      <trkpt lat="47.270984" lon="11.2503">
        <ele>616.456507</ele>
      </trkpt>
      <trkpt lat="47.270905" lon="11.250301">
        <ele>616.007211</ele>
      </trkpt>
      <trkpt lat="47.270802" lon="11.250303">
        <ele>615.421391</ele>
      </trkpt>
      <trkpt lat="47.270398" lon="11.250413">
        <ele>613.105437</ele>
      </trkpt>
      <trkpt lat="47.270351" lon="11.250435">
        <ele>612.892098</ele>
      </trkpt>
      <trkpt lat="47.270317" lon="11.250452">
        <ele>612.736774</ele>
      </trkpt>
      <trkpt lat="47.270213" lon="11.250514">
        <ele>612.251437</ele>
      </trkpt>
      <trkpt lat="47.270142" lon="11.250554">
        <ele>611.922601</ele>
      </trkpt>
      <trkpt lat="47.270057" lon="11.250602">
        <ele>611.528807</ele>
      </trkpt>
      <trkpt lat="47.269822" lon="11.250732">
        <ele>610.442897</ele>
      </trkpt>
      <trkpt lat="47.269699" lon="11.250801">
        <ele>609.873533</ele>
      </trkpt>
      <trkpt lat="47.269336" lon="11.251024">
        <ele>608.172161</ele>
      </trkpt>
      <trkpt lat="47.269305" lon="11.251047">
        <ele>608.022013</ele>
      </trkpt>
      <trkpt lat="47.26924" lon="11.251096">
        <ele>607.706159</ele>
      </trkpt>
      <trkpt lat="47.269179" lon="11.251139">
        <ele>607.413628</ele>
      </trkpt>
      <trkpt lat="47.269143" lon="11.251172">
        <ele>607.230217</ele>
      </trkpt>
      <trkpt lat="47.26895" lon="11.251445">
        <ele>606.072899</ele>
      </trkpt>
      <trkpt lat="47.268935" lon="11.251468">
        <ele>605.979252</ele>
      </trkpt>
      <trkpt lat="47.268911" lon="11.251496">
        <ele>605.846828</ele>
      </trkpt>
      <trkpt lat="47.268594" lon="11.251861">
        <ele>604.291388</ele>
      </trkpt>
      <trkpt lat="47.268543" lon="11.25195">
        <ele>603.998709</ele>
      </trkpt>
      <trkpt lat="47.268496" lon="11.252039">
        <ele>603.71536</ele>
      </trkpt>
      <trkpt lat="47.268371" lon="11.252215">
        <ele>603.07524</ele>
      </trkpt>
      <trkpt lat="47.268351" lon="11.252228">
        <ele>602.994303</ele>
      </trkpt>
      <trkpt lat="47.268348" lon="11.252229">
        <ele>602.982915</ele>
      </trkpt>
      <trkpt lat="47.268324" lon="11.252241">
        <ele>602.889076</ele>
      </trkpt>
      <trkpt lat="47.268293" lon="11.252254">
        <ele>602.769736</ele>
      </trkpt>
      <trkpt lat="47.268286" lon="11.252257">
        <ele>602.742744</ele>
      </trkpt>
      <trkpt lat="47.267971" lon="11.252383">
        <ele>601.534206</ele>
      </trkpt>
      <trkpt lat="47.267944" lon="11.252398">
        <ele>601.427367</ele>
      </trkpt>
      <trkpt lat="47.267856" lon="11.252444">
        <ele>601.081642</ele>
      </trkpt>
      <trkpt lat="47.267771" lon="11.252495">
        <ele>600.74183</ele>
      </trkpt>
      <trkpt lat="47.267745" lon="11.252507">
        <ele>600.64095</ele>
      </trkpt>
      <trkpt lat="47.267608" lon="11.252547">
        <ele>600.123826</ele>
      </trkpt>
      <trkpt lat="47.26754" lon="11.252566">
        <ele>599.867559</ele>
      </trkpt>
      <trkpt lat="47.267502" lon="11.252576">
        <ele>599.724633</ele>
      </trkpt>
      <trkpt lat="47.267289" lon="11.252683">
        <ele>598.891404</ele>
      </trkpt>
      <trkpt lat="47.267232" lon="11.252734">
        <ele>598.642334</ele>
      </trkpt>
      <trkpt lat="47.267152" lon="11.252805">
        <ele>598.287766</ele>
      </trkpt>
      <trkpt lat="47.266963" lon="11.252975">
        <ele>597.447075</ele>
      </trkpt>
      <trkpt lat="47.266945" lon="11.252991">
        <ele>597.367264</ele>
      </trkpt>
      <trkpt lat="47.26679" lon="11.253135">
        <ele>596.671585</ele>
      </trkpt>
      <trkpt lat="47.266696" lon="11.253226">
        <ele>596.244571</ele>
      </trkpt>
      <trkpt lat="47.266635" lon="11.253285">
        <ele>595.96754</ele>
      </trkpt>
      <trkpt lat="47.266598" lon="11.253315">
        <ele>595.807201</ele>
      </trkpt>
      <trkpt lat="47.266542" lon="11.253362">
        <ele>595.562519</ele>
      </trkpt>
      <trkpt lat="47.266491" lon="11.253407">
        <ele>595.336829</ele>
      </trkpt>
      <trkpt lat="47.266268" lon="11.253594">
        <ele>594.362673</ele>
      </trkpt>
      <trkpt lat="47.266233" lon="11.253623">
        <ele>594.210223</ele>
      </trkpt>
      <trkpt lat="47.266137" lon="11.253699">
        <ele>593.796469</ele>
      </trkpt>
      <trkpt lat="47.266087" lon="11.253736">
        <ele>593.584041</ele>
      </trkpt>
      <trkpt lat="47.265997" lon="11.2538">
        <ele>593.204629</ele>
      </trkpt>
      <trkpt lat="47.265952" lon="11.253828">
        <ele>593.01917</ele>
      </trkpt>
      <trkpt lat="47.265904" lon="11.253858">
        <ele>592.821213</ele>
      </trkpt>
      <trkpt lat="47.265802" lon="11.253928">
        <ele>592.39401</ele>
      </trkpt>
      <trkpt lat="47.265798" lon="11.253931">
        <ele>592.376969</ele>
      </trkpt>
      <trkpt lat="47.265723" lon="11.253984">
        <ele>592.061165</ele>
      </trkpt>
      <trkpt lat="47.265688" lon="11.254006">
        <ele>591.916695</ele>
      </trkpt>
      <trkpt lat="47.265663" lon="11.254022">
        <ele>591.86663</ele>
      </trkpt>
      <trkpt lat="47.265168" lon="11.254216">
        <ele>591.109641</ele>
      </trkpt>
      <trkpt lat="47.265097" lon="11.254258">
        <ele>590.996572</ele>
      </trkpt>
      <trkpt lat="47.265077" lon="11.254269">
        <ele>590.965022</ele>
      </trkpt>
      <trkpt lat="47.265052" lon="11.254281">
        <ele>590.926164</ele>
      </trkpt>
      <trkpt lat="47.264998" lon="11.254381">
        <ele>590.797995</ele>
      </trkpt>
      <trkpt lat="47.265037" lon="11.254779">
        <ele>590.394696</ele>
      </trkpt>
      <trkpt lat="47.265027" lon="11.254797">
        <ele>590.371366</ele>
      </trkpt>
      <trkpt lat="47.264106" lon="11.255784">
        <ele>589.682867</ele>
      </trkpt>
      <trkpt lat="47.264051" lon="11.25559">
        <ele>589.850452</ele>
      </trkpt>
      <trkpt lat="47.264014" lon="11.255476">
        <ele>589.951178</ele>
      </trkpt>
      <trkpt lat="47.26396" lon="11.255407">
        <ele>590.035129</ele>
      </trkpt>
      <trkpt lat="47.263899" lon="11.255401">
        <ele>590.106936</ele>
      </trkpt>
      <trkpt lat="47.263786" lon="11.255457">
        <ele>590.246967</ele>
      </trkpt>
      <trkpt lat="47.263447" lon="11.255456">
        <ele>590.645144</ele>
      </trkpt>
      <trkpt lat="47.263311" lon="11.255524">
        <ele>590.813829</ele>
      </trkpt>
      <trkpt lat="47.262741" lon="11.255786">
        <ele>591.654499</ele>
      </trkpt>
      <trkpt lat="47.262021" lon="11.256154">
        <ele>593.328937</ele>
      </trkpt>
      <trkpt lat="47.261838" lon="11.25628">
        <ele>593.772752</ele>
      </trkpt>
      <trkpt lat="47.261772" lon="11.256318">
        <ele>593.928444</ele>
      </trkpt>
      <trkpt lat="47.261582" lon="11.256428">
        <ele>594.376976</ele>
      </trkpt>
      <trkpt lat="47.261348" lon="11.256563">
        <ele>594.929121</ele>
      </trkpt>
      <trkpt lat="47.260987" lon="11.256759">
        <ele>595.685839</ele>
      </trkpt>
      <trkpt lat="47.260797" lon="11.256862">
        <ele>596.046341</ele>
      </trkpt>
      <trkpt lat="47.260766" lon="11.256871">
        <ele>596.102604</ele>
      </trkpt>
      <trkpt lat="47.260708" lon="11.256886">
        <ele>596.207463</ele>
      </trkpt>
      <trkpt lat="47.260601" lon="11.256915">
        <ele>596.401193</ele>
      </trkpt>
      <trkpt lat="47.260551" lon="11.257012">
        <ele>596.548396</ele>
      </trkpt>
      <trkpt lat="47.260383" lon="11.25737">
        <ele>597.074393</ele>
      </trkpt>
      <trkpt lat="47.26027" lon="11.257623">
        <ele>597.440415</ele>
      </trkpt>
      <trkpt lat="47.26009" lon="11.258037">
        <ele>598.0346</ele>
      </trkpt>
      <trkpt lat="47.26" lon="11.258247">
        <ele>598.334752</ele>
      </trkpt>
      <trkpt lat="47.259982" lon="11.258298">
        <ele>598.404222</ele>
      </trkpt>
      <trkpt lat="47.259935" lon="11.258438">
        <ele>598.594083</ele>
      </trkpt>
      <trkpt lat="47.259904" lon="11.258542">
        <ele>598.733177</ele>
      </trkpt>
      <trkpt lat="47.25986" lon="11.258667">
        <ele>598.905608</ele>
      </trkpt>
      <trkpt lat="47.259781" lon="11.258886">
        <ele>599.209311</ele>
      </trkpt>
      <trkpt lat="47.259767" lon="11.258924">
        <ele>599.262258</ele>
      </trkpt>
      <trkpt lat="47.259738" lon="11.259009">
        <ele>599.378756</ele>
      </trkpt>
      <trkpt lat="47.259719" lon="11.259061">
        <ele>599.451075</ele>
      </trkpt>
      <trkpt lat="47.259685" lon="11.259155">
        <ele>599.581509</ele>
      </trkpt>
      <trkpt lat="47.259358" lon="11.259694">
        <ele>600.466808</ele>
      </trkpt>
      <trkpt lat="47.259316" lon="11.259738">
        <ele>600.559791</ele>
      </trkpt>
      <trkpt lat="47.259312" lon="11.259742">
        <ele>600.568513</ele>
      </trkpt>
      <trkpt lat="47.259112" lon="11.259921">
        <ele>600.990732</ele>
      </trkpt>
      <trkpt lat="47.259051" lon="11.259963">
        <ele>601.112219</ele>
      </trkpt>
      <trkpt lat="47.259007" lon="11.259993">
        <ele>601.199696</ele>
      </trkpt>
      <trkpt lat="47.258917" lon="11.260052">
        <ele>601.377431</ele>
      </trkpt>
      <trkpt lat="47.258828" lon="11.260113">
        <ele>601.554539</ele>
      </trkpt>
      <trkpt lat="47.258442" lon="11.26038">
        <ele>602.559359</ele>
      </trkpt>
      <trkpt lat="47.258327" lon="11.260443">
        <ele>602.872369</ele>
      </trkpt>
      <trkpt lat="47.258271" lon="11.260475">
        <ele>603.025604</ele>
      </trkpt>
      <trkpt lat="47.258153" lon="11.260568">
        <ele>603.367006</ele>
      </trkpt>
      <trkpt lat="47.258114" lon="11.260604">
        <ele>603.484416</ele>
      </trkpt>
      <trkpt lat="47.258104" lon="11.260613">
        <ele>603.514311</ele>
      </trkpt>
      <trkpt lat="47.257996" lon="11.260706">
        <ele>603.833445</ele>
      </trkpt>
      <trkpt lat="47.257923" lon="11.26076">
        <ele>604.041835</ele>
      </trkpt>
      <trkpt lat="47.257888" lon="11.260786">
        <ele>604.141834</ele>
      </trkpt>
      <trkpt lat="47.257409" lon="11.261156">
        <ele>605.521608</ele>
      </trkpt>
      <trkpt lat="47.257225" lon="11.261313">
        <ele>606.064062</ele>
      </trkpt>
      <trkpt lat="47.256907" lon="11.261593">
        <ele>607.036545</ele>
      </trkpt>
      <trkpt lat="47.256823" lon="11.261668">
        <ele>607.297434</ele>
      </trkpt>
      <trkpt lat="47.256715" lon="11.261769">
        <ele>607.637206</ele>
      </trkpt>
      <trkpt lat="47.256241" lon="11.262214">
        <ele>609.130099</ele>
      </trkpt>
      <trkpt lat="47.255217" lon="11.263071">
        <ele>612.369768</ele>
      </trkpt>
      <trkpt lat="47.254844" lon="11.263383">
        <ele>613.620868</ele>
      </trkpt>
      <trkpt lat="47.254399" lon="11.263675">
        <ele>615.041782</ele>
      </trkpt>
      <trkpt lat="47.254212" lon="11.263803">
        <ele>615.643227</ele>
      </trkpt>
      <trkpt lat="47.254055" lon="11.263906">
        <ele>616.144523</ele>
      </trkpt>
      <trkpt lat="47.253723" lon="11.264129">
        <ele>617.159579</ele>
      </trkpt>
      <trkpt lat="47.253378" lon="11.264438">
        <ele>618.26832</ele>
      </trkpt>
      <trkpt lat="47.253187" lon="11.264901">
        <ele>619.278216</ele>
      </trkpt>
      <trkpt lat="47.253165" lon="11.265026">
        <ele>619.518915</ele>
      </trkpt>
      <trkpt lat="47.253161" lon="11.265092">
        <ele>619.642425</ele>
      </trkpt>
      <trkpt lat="47.25316" lon="11.265299">
        <ele>620.028273</ele>
      </trkpt>
      <trkpt lat="47.253162" lon="11.26535">
        <ele>620.123493</ele>
      </trkpt>
      <trkpt lat="47.253115" lon="11.265366">
        <ele>620.255961</ele>
      </trkpt>
      <trkpt lat="47.253057" lon="11.265323">
        <ele>620.434265</ele>
      </trkpt>
      <trkpt lat="47.252511" lon="11.265348">
        <ele>621.854995</ele>
      </trkpt>
      <trkpt lat="47.251644" lon="11.265145">
        <ele>623.960748</ele>
      </trkpt>
      <trkpt lat="47.249827" lon="11.264179">
        <ele>629.001408</ele>
      </trkpt>
      <trkpt lat="47.249623" lon="11.264071">
        <ele>629.592588</ele>
      </trkpt>
      <trkpt lat="47.249031" lon="11.263778">
        <ele>631.050993</ele>
      </trkpt>
      <trkpt lat="47.249006" lon="11.263866">
        <ele>631.171393</ele>
      </trkpt>
      <trkpt lat="47.24897" lon="11.263984">
        <ele>631.334674</ele>
      </trkpt>
      <trkpt lat="47.248913" lon="11.264199">
        <ele>631.625991</ele>
      </trkpt>
      <trkpt lat="47.248897" lon="11.264256">
        <ele>631.70384</ele>
      </trkpt>
      <trkpt lat="47.248866" lon="11.264374">
        <ele>631.863535</ele>
      </trkpt>
      <trkpt lat="47.248844" lon="11.264455">
        <ele>631.973647</ele>
      </trkpt>
      <trkpt lat="47.248794" lon="11.264636">
        <ele>632.220283</ele>
      </trkpt>
      <trkpt lat="47.248749" lon="11.264799">
        <ele>632.442372</ele>
      </trkpt>
      <trkpt lat="47.248665" lon="11.265025">
        <ele>632.767572</ele>
      </trkpt>
      <trkpt lat="47.248645" lon="11.265056">
        <ele>632.82155</ele>
      </trkpt>
      <trkpt lat="47.24863" lon="11.265079">
        <ele>632.861805</ele>
      </trkpt>
      <trkpt lat="47.248309" lon="11.265414">
        <ele>633.593232</ele>
      </trkpt>
      <trkpt lat="47.248274" lon="11.265431">
        <ele>633.661754</ele>
      </trkpt>
      <trkpt lat="47.248278" lon="11.265459">
        <ele>633.697867</ele>
      </trkpt>
      <trkpt lat="47.248278" lon="11.265522">
        <ele>633.777382</ele>
      </trkpt>
      <trkpt lat="47.248271" lon="11.265562">
        <ele>633.829518</ele>
      </trkpt>
      <trkpt lat="47.248302" lon="11.265608">
        <ele>633.88827</ele>
      </trkpt>
      <trkpt lat="47.248364" lon="11.265802">
        <ele>634.004796</ele>
      </trkpt>
      <trkpt lat="47.248388" lon="11.265913">
        <ele>634.068103</ele>
      </trkpt>
      <trkpt lat="47.248391" lon="11.265926">
        <ele>634.075565</ele>
      </trkpt>
      <trkpt lat="47.248491" lon="11.266271">
        <ele>634.279426</ele>
      </trkpt>
      <trkpt lat="47.248518" lon="11.266336">
        <ele>634.320837</ele>
      </trkpt>
      <trkpt lat="47.248535" lon="11.266378">
        <ele>634.347411</ele>
      </trkpt>
      <trkpt lat="47.248639" lon="11.266616">
        <ele>634.501229</ele>
      </trkpt>
      <trkpt lat="47.24871" lon="11.266776">
        <ele>634.605108</ele>
      </trkpt>
      <trkpt lat="47.248718" lon="11.266793">
        <ele>634.616349</ele>
      </trkpt>
      <trkpt lat="47.248738" lon="11.266836">
        <ele>634.644675</ele>
      </trkpt>
      <trkpt lat="47.248856" lon="11.267023">
        <ele>634.783422</ele>
      </trkpt>
      <trkpt lat="47.248884" lon="11.267058">
        <ele>634.81282</ele>
      </trkpt>
      <trkpt lat="47.2489" lon="11.267078">
        <ele>634.829618</ele>
      </trkpt>
      <trkpt lat="47.248992" lon="11.267174">
        <ele>634.919874</ele>
      </trkpt>
      <trkpt lat="47.249055" lon="11.267228">
        <ele>634.978225</ele>
      </trkpt>
      <trkpt lat="47.249191" lon="11.267335">
        <ele>635.101655</ele>
      </trkpt>
      <trkpt lat="47.249321" lon="11.267448">
        <ele>635.222493</ele>
      </trkpt>
      <trkpt lat="47.249327" lon="11.267454">
        <ele>635.228298</ele>
      </trkpt>
      <trkpt lat="47.24935" lon="11.267476">
        <ele>635.250252</ele>
      </trkpt>
      <trkpt lat="47.249384" lon="11.267513">
        <ele>635.284092</ele>
      </trkpt>
      <trkpt lat="47.24945" lon="11.267586">
        <ele>635.685502</ele>
      </trkpt>
      <trkpt lat="47.249461" lon="11.267599">
        <ele>635.792841</ele>
      </trkpt>
      <trkpt lat="47.249553" lon="11.267702">
        <ele>636.672369</ele>
      </trkpt>
      <trkpt lat="47.249597" lon="11.267769">
        <ele>637.154028</ele>
      </trkpt>
      <trkpt lat="47.249621" lon="11.267813">
        <ele>637.445665</ele>
      </trkpt>
      <trkpt lat="47.249573" lon="11.267837">
        <ele>637.831487</ele>
      </trkpt>
      <trkpt lat="47.249294" lon="11.267976">
        <ele>640.073246</ele>
      </trkpt>
      <trkpt lat="47.248676" lon="11.268142">
        <ele>644.854703</ele>
      </trkpt>
      <trkpt lat="47.248587" lon="11.268143">
        <ele>645.532146</ele>
      </trkpt>
      <trkpt lat="47.248436" lon="11.268134">
        <ele>646.682421</ele>
      </trkpt>
      <trkpt lat="47.248369" lon="11.268201">
        <ele>647.298789</ele>
      </trkpt>
      <trkpt lat="47.248341" lon="11.26829">
        <ele>647.805625</ele>
      </trkpt>
      <trkpt lat="47.248333" lon="11.268382">
        <ele>648.284859</ele>
      </trkpt>
      <trkpt lat="47.248364" lon="11.268593">
        <ele>649.4159</ele>
      </trkpt>
      <trkpt lat="47.248408" lon="11.268651">
        <ele>649.882864</ele>
      </trkpt>
      <trkpt lat="47.248426" lon="11.268761">
        <ele>650.490334</ele>
      </trkpt>
      <trkpt lat="47.248576" lon="11.269332">
        <ele>653.777382</ele>
      </trkpt>
      <trkpt lat="47.248611" lon="11.269429">
        <ele>654.367139</ele>
      </trkpt>
      <trkpt lat="47.248683" lon="11.269582">
        <ele>655.366618</ele>
      </trkpt>
      <trkpt lat="47.248835" lon="11.269865">
        <ele>657.30401</ele>
      </trkpt>
      <trkpt lat="47.249394" lon="11.270977">
        <ele>664.217779</ele>
      </trkpt>
      <trkpt lat="47.249608" lon="11.271796">
        <ele>667.318803</ele>
      </trkpt>
      <trkpt lat="47.249619" lon="11.271893">
        <ele>667.666312</ele>
      </trkpt>
      <trkpt lat="47.249623" lon="11.272005">
        <ele>668.062622</ele>
      </trkpt>
      <trkpt lat="47.249591" lon="11.272596">
        <ele>670.15761</ele>
      </trkpt>
      <trkpt lat="47.249406" lon="11.273812">
        <ele>675.614272</ele>
      </trkpt>
      <trkpt lat="47.249402" lon="11.274339">
        <ele>678.471333</ele>
      </trkpt>
      <trkpt lat="47.249461" lon="11.275078">
        <ele>682.505085</ele>
      </trkpt>
      <trkpt lat="47.249466" lon="11.275145">
        <ele>682.870482</ele>
      </trkpt>
      <trkpt lat="47.249466" lon="11.275251">
        <ele>683.44511</ele>
      </trkpt>
      <trkpt lat="47.24943" lon="11.275625">
        <ele>685.492856</ele>
      </trkpt>
      <trkpt lat="47.249419" lon="11.275673">
        <ele>685.767494</ele>
      </trkpt>
      <trkpt lat="47.249385" lon="11.275573">
        <ele>686.373796</ele>
      </trkpt>
      <trkpt lat="47.249001" lon="11.274328">
        <ele>696.675814</ele>
      </trkpt>
      <trkpt lat="47.249012" lon="11.274075">
        <ele>698.631129</ele>
      </trkpt>
      <trkpt lat="47.248955" lon="11.273925">
        <ele>699.956975</ele>
      </trkpt>
      <trkpt lat="47.248727" lon="11.274129">
        <ele>702.987901</ele>
      </trkpt>
      <trkpt lat="47.248366" lon="11.274713">
        <ele>709.363914</ele>
      </trkpt>
      <trkpt lat="47.248137" lon="11.274737">
        <ele>712.410732</ele>
      </trkpt>
      <trkpt lat="47.247991" lon="11.274817">
        <ele>714.478046</ele>
      </trkpt>
      <trkpt lat="47.24817" lon="11.274179">
        <ele>720.697315</ele>
      </trkpt>
      <trkpt lat="47.24826" lon="11.273571">
        <ele>726.303443</ele>
      </trkpt>
      <trkpt lat="47.248244" lon="11.273029">
        <ele>731.190879</ele>
      </trkpt>
      <trkpt lat="47.248244" lon="11.273029">
        <ele>731.190879</ele>
      </trkpt>
      <trkpt lat="47.248199" lon="11.27288">
        <ele>732.602587</ele>
      </trkpt>
      <trkpt lat="47.247966" lon="11.272553">
        <ele>736.698112</ele>
      </trkpt>
      <trkpt lat="47.247703" lon="11.27239">
        <ele>740.32934</ele>
      </trkpt>
      <trkpt lat="47.247654" lon="11.272433">
        <ele>741.055201</ele>
      </trkpt>
      <trkpt lat="47.247634" lon="11.272583">
        <ele>742.375832</ele>
      </trkpt>
      <trkpt lat="47.2475" lon="11.272977">
        <ele>746.182962</ele>
      </trkpt>
      <trkpt lat="47.247406" lon="11.273124">
        <ele>747.927641</ele>
      </trkpt>
      <trkpt lat="47.247397" lon="11.272931">
        <ele>749.598932</ele>
      </trkpt>
      <trkpt lat="47.24732" lon="11.272152">
        <ele>755.306192</ele>
      </trkpt>
      <trkpt lat="47.24731" lon="11.272116">
        <ele>755.478848</ele>
      </trkpt>
      <trkpt lat="47.247252" lon="11.271901">
        <ele>756.505774</ele>
      </trkpt>
      <trkpt lat="47.24705" lon="11.271574">
        <ele>758.468265</ele>
      </trkpt>
      <trkpt lat="47.246944" lon="11.271479">
        <ele>759.279571</ele>
      </trkpt>
      <trkpt lat="47.246881" lon="11.271424">
        <ele>759.758421</ele>
      </trkpt>
      <trkpt lat="47.246383" lon="11.271176">
        <ele>763.195766</ele>
      </trkpt>
      <trkpt lat="47.246287" lon="11.271227">
        <ele>763.863061</ele>
      </trkpt>
      <trkpt lat="47.246239" lon="11.271267">
        <ele>764.223663</ele>
      </trkpt>
      <trkpt lat="47.245949" lon="11.271505">
        <ele>766.182296</ele>
      </trkpt>
      <trkpt lat="47.245901" lon="11.271544">
        <ele>766.38335</ele>
      </trkpt>
      <trkpt lat="47.24585" lon="11.271553">
        <ele>766.57174</ele>
      </trkpt>
      <trkpt lat="47.245542" lon="11.271607">
        <ele>767.709366</ele>
      </trkpt>
      <trkpt lat="47.245491" lon="11.271616">
        <ele>767.897756</ele>
      </trkpt>
      <trkpt lat="47.245444" lon="11.271663">
        <ele>768.106107</ele>
      </trkpt>
      <trkpt lat="47.24528" lon="11.271802">
        <ele>768.80007</ele>
      </trkpt>
      <trkpt lat="47.245012" lon="11.272009">
        <ele>769.909944</ele>
      </trkpt>
      <trkpt lat="47.244741" lon="11.272186">
        <ele>770.997215</ele>
      </trkpt>
      <trkpt lat="47.244663" lon="11.272164">
        <ele>771.288493</ele>
      </trkpt>
      <trkpt lat="47.244434" lon="11.272151">
        <ele>772.12902</ele>
      </trkpt>
      <trkpt lat="47.244316" lon="11.272145">
        <ele>772.551819</ele>
      </trkpt>
      <trkpt lat="47.244217" lon="11.272241">
        <ele>772.903657</ele>
      </trkpt>
      <trkpt lat="47.244205" lon="11.272269">
        <ele>772.970386</ele>
      </trkpt>
      <trkpt lat="47.244205" lon="11.272269">
        <ele>772.970386</ele>
      </trkpt>
      <trkpt lat="47.244205" lon="11.272269">
        <ele>772.970386</ele>
      </trkpt>
      <trkpt lat="47.244194" lon="11.272315">
        <ele>773.068669</ele>
      </trkpt>
      <trkpt lat="47.244198" lon="11.27243">
        <ele>773.300721</ele>
      </trkpt>
      <trkpt lat="47.244214" lon="11.272522">
        <ele>773.492107</ele>
      </trkpt>
      <trkpt lat="47.244235" lon="11.272601">
        <ele>773.663078</ele>
      </trkpt>
      <trkpt lat="47.244283" lon="11.272791">
        <ele>774.071619</ele>
      </trkpt>
      <trkpt lat="47.244292" lon="11.272849">
        <ele>774.191516</ele>
      </trkpt>
      <trkpt lat="47.244412" lon="11.273604">
        <ele>775.754135</ele>
      </trkpt>
      <trkpt lat="47.244452" lon="11.274004">
        <ele>776.568913</ele>
      </trkpt>
      <trkpt lat="47.244477" lon="11.274342">
        <ele>777.25408</ele>
      </trkpt>
      <trkpt lat="47.244485" lon="11.274427">
        <ele>777.42701</ele>
      </trkpt>
      <trkpt lat="47.244487" lon="11.274738">
        <ele>778.099043</ele>
      </trkpt>
      <trkpt lat="47.244487" lon="11.274782">
        <ele>778.207175</ele>
      </trkpt>
      <trkpt lat="47.24449" lon="11.275223">
        <ele>779.291015</ele>
      </trkpt>
      <trkpt lat="47.244442" lon="11.275674">
        <ele>780.412915</ele>
      </trkpt>
      <trkpt lat="47.2445" lon="11.275687">
        <ele>780.625296</ele>
      </trkpt>
      <trkpt lat="47.244607" lon="11.275601">
        <ele>781.066552</ele>
      </trkpt>
      <trkpt lat="47.24476" lon="11.275474">
        <ele>781.702308</ele>
      </trkpt>
      <trkpt lat="47.24484" lon="11.275437">
        <ele>782.005853</ele>
      </trkpt>
      <trkpt lat="47.244862" lon="11.275417">
        <ele>782.099441</ele>
      </trkpt>
      <trkpt lat="47.244905" lon="11.275378">
        <ele>782.282244</ele>
      </trkpt>
      <trkpt lat="47.245579" lon="11.274693">
        <ele>785.733692</ele>
      </trkpt>
      <trkpt lat="47.245769" lon="11.274333">
        <ele>787.469177</ele>
      </trkpt>
      <trkpt lat="47.245829" lon="11.274263">
        <ele>787.898278</ele>
      </trkpt>
      <trkpt lat="47.245893" lon="11.274318">
        <ele>788.31368</ele>
      </trkpt>
      <trkpt lat="47.245911" lon="11.274369">
        <ele>788.532446</ele>
      </trkpt>
      <trkpt lat="47.245948" lon="11.274372">
        <ele>788.740195</ele>
      </trkpt>
      <trkpt lat="47.246108" lon="11.274527">
        <ele>789.813803</ele>
      </trkpt>
      <trkpt lat="47.246146" lon="11.274635">
        <ele>790.276767</ele>
      </trkpt>
      <trkpt lat="47.246087" lon="11.275126">
        <ele>792.1745</ele>
      </trkpt>
      <trkpt lat="47.246097" lon="11.276059">
        <ele>795.445048</ele>
      </trkpt>
      <trkpt lat="47.246058" lon="11.276692">
        <ele>797.3348</ele>
      </trkpt>
      <trkpt lat="47.24589" lon="11.277262">
        <ele>799.182347</ele>
      </trkpt>
      <trkpt lat="47.245789" lon="11.277428">
        <ele>799.845117</ele>
      </trkpt>
      <trkpt lat="47.245654" lon="11.27765">
        <ele>800.731262</ele>
      </trkpt>
      <trkpt lat="47.245595" lon="11.277799">
        <ele>801.244123</ele>
      </trkpt>
      <trkpt lat="47.24559" lon="11.278086">
        <ele>802.097711</ele>
      </trkpt>
      <trkpt lat="47.245688" lon="11.279418">
        <ele>803.559804</ele>
      </trkpt>
      <trkpt lat="47.245678" lon="11.280084">
        <ele>804.212653</ele>
      </trkpt>
      <trkpt lat="47.245542" lon="11.281571">
        <ele>804.986179</ele>
      </trkpt>
      <trkpt lat="47.245467" lon="11.281768">
        <ele>805.006261</ele>
      </trkpt>
      <trkpt lat="47.245184" lon="11.282056">
        <ele>805.051311</ele>
      </trkpt>
      <trkpt lat="47.244885" lon="11.282678">
        <ele>805.119075</ele>
      </trkpt>
      <trkpt lat="47.244834" lon="11.284854">
        <ele>804.610179</ele>
      </trkpt>
      <trkpt lat="47.244795" lon="11.285313">
        <ele>804.471236</ele>
      </trkpt>
      <trkpt lat="47.24476" lon="11.285614">
        <ele>804.379509</ele>
      </trkpt>
      <trkpt lat="47.244847" lon="11.285978">
        <ele>804.237409</ele>
      </trkpt>
      <trkpt lat="47.24522" lon="11.286323">
        <ele>803.987547</ele>
      </trkpt>
      <trkpt lat="47.24546" lon="11.286426">
        <ele>803.845732</ele>
      </trkpt>
      <trkpt lat="47.245531" lon="11.286528">
        <ele>803.78947</ele>
      </trkpt>
      <trkpt lat="47.245552" lon="11.286713">
        <ele>803.717233</ele>
      </trkpt>
      <trkpt lat="47.245482" lon="11.287212">
        <ele>803.520997</ele>
      </trkpt>
      <trkpt lat="47.245404" lon="11.2874">
        <ele>803.436143</ele>
      </trkpt>
      <trkpt lat="47.245206" lon="11.287649">
        <ele>803.435035</ele>
      </trkpt>
      <trkpt lat="47.245203" lon="11.287792">
        <ele>803.549727</ele>
      </trkpt>
      <trkpt lat="47.245314" lon="11.28808">
        <ele>803.815219</ele>
      </trkpt>
      <trkpt lat="47.245674" lon="11.288636">
        <ele>804.431168</ele>
      </trkpt>
      <trkpt lat="47.245837" lon="11.288863">
        <ele>804.696056</ele>
      </trkpt>
      <trkpt lat="47.245879" lon="11.288967">
        <ele>804.793064</ele>
      </trkpt>
      <trkpt lat="47.245899" lon="11.2891">
        <ele>804.902268</ele>
      </trkpt>
      <trkpt lat="47.245869" lon="11.2895">
        <ele>805.224879</ele>
      </trkpt>
      <trkpt lat="47.245782" lon="11.29067">
        <ele>805.313132</ele>
      </trkpt>
      <trkpt lat="47.245579" lon="11.291414">
        <ele>805.179852</ele>
      </trkpt>
      <trkpt lat="47.245657" lon="11.291478">
        <ele>805.157991</ele>
      </trkpt>
      <trkpt lat="47.245645" lon="11.291643">
        <ele>805.130409</ele>
      </trkpt>
      <trkpt lat="47.245684" lon="11.292041">
        <ele>805.063569</ele>
      </trkpt>
      <trkpt lat="47.245596" lon="11.292491">
        <ele>804.593354</ele>
      </trkpt>
      <trkpt lat="47.245638" lon="11.29314">
        <ele>803.230403</ele>
      </trkpt>
      <trkpt lat="47.245581" lon="11.294723">
        <ele>799.916328</ele>
      </trkpt>
      <trkpt lat="47.245604" lon="11.295887">
        <ele>799.591346</ele>
      </trkpt>
      <trkpt lat="47.245608" lon="11.296169">
        <ele>799.624039</ele>
      </trkpt>
      <trkpt lat="47.245708" lon="11.29635">
        <ele>799.651087</ele>
      </trkpt>
      <trkpt lat="47.245753" lon="11.297215">
        <ele>799.751638</ele>
      </trkpt>
      <trkpt lat="47.245708" lon="11.297987">
        <ele>799.964609</ele>
      </trkpt>
      <trkpt lat="47.245674" lon="11.29818">
        <ele>800.040609</ele>
      </trkpt>
      <trkpt lat="47.245477" lon="11.298649">
        <ele>800.250826</ele>
      </trkpt>
      <trkpt lat="47.245496" lon="11.298737">
        <ele>800.286024</ele>
      </trkpt>
      <trkpt lat="47.245632" lon="11.299355">
        <ele>800.533648</ele>
      </trkpt>
      <trkpt lat="47.245651" lon="11.299443">
        <ele>800.568845</ele>
      </trkpt>
      <trkpt lat="47.245674" lon="11.299569">
        <ele>800.618577</ele>
      </trkpt>
      <trkpt lat="47.245834" lon="11.300451">
        <ele>800.298059</ele>
      </trkpt>
      <trkpt lat="47.245857" lon="11.300577">
        <ele>800.151119</ele>
      </trkpt>
      <trkpt lat="47.245857" lon="11.300577">
        <ele>800.151119</ele>
      </trkpt>
      <trkpt lat="47.245854" lon="11.300751">
        <ele>799.955099</ele>
      </trkpt>
      <trkpt lat="47.245843" lon="11.300922">
        <ele>799.761658</ele>
      </trkpt>
      <trkpt lat="47.245853" lon="11.301156">
        <ele>799.497608</ele>
      </trkpt>
      <trkpt lat="47.245854" lon="11.301179">
        <ele>799.471653</ele>
      </trkpt>
      <trkpt lat="47.245958" lon="11.301366">
        <ele>799.199406</ele>
      </trkpt>
      <trkpt lat="47.245948" lon="11.301483">
        <ele>799.066602</ele>
      </trkpt>
      <trkpt lat="47.245851" lon="11.301587">
        <ele>798.867573</ele>
      </trkpt>
      <trkpt lat="47.245878" lon="11.302038">
        <ele>798.35769</ele>
      </trkpt>
      <trkpt lat="47.245996" lon="11.302438">
        <ele>797.86652</ele>
      </trkpt>
      <trkpt lat="47.246089" lon="11.302537">
        <ele>797.719554</ele>
      </trkpt>
      <trkpt lat="47.246141" lon="11.302951">
        <ele>797.395034</ele>
      </trkpt>
      <trkpt lat="47.246386" lon="11.303291">
        <ele>797.012855</ele>
      </trkpt>
      <trkpt lat="47.246461" lon="11.303873">
        <ele>796.556252</ele>
      </trkpt>
      <trkpt lat="47.24646" lon="11.30415">
        <ele>796.342744</ele>
      </trkpt>
      <trkpt lat="47.246196" lon="11.304535">
        <ele>795.920949</ele>
      </trkpt>
      <trkpt lat="47.246133" lon="11.305109">
        <ele>795.415853</ele>
      </trkpt>
      <trkpt lat="47.246137" lon="11.305194">
        <ele>795.337662</ele>
      </trkpt>
      <trkpt lat="47.246144" lon="11.305376">
        <ele>795.170374</ele>
      </trkpt>
      <trkpt lat="47.246118" lon="11.305761">
        <ele>794.815319</ele>
      </trkpt>
      <trkpt lat="47.246086" lon="11.305903">
        <ele>794.678014</ele>
      </trkpt>
      <trkpt lat="47.246097" lon="11.305924">
        <ele>794.653672</ele>
      </trkpt>
      <trkpt lat="47.246181" lon="11.306108">
        <ele>794.450186</ele>
      </trkpt>
      <trkpt lat="47.246291" lon="11.306329">
        <ele>794.198703</ele>
      </trkpt>
      <trkpt lat="47.246386" lon="11.307078">
        <ele>793.499459</ele>
      </trkpt>
      <trkpt lat="47.246516" lon="11.307373">
        <ele>792.245923</ele>
      </trkpt>
      <trkpt lat="47.246919" lon="11.30785">
        <ele>787.562739</ele>
      </trkpt>
      <trkpt lat="47.247279" lon="11.308483">
        <ele>782.484554</ele>
      </trkpt>
      <trkpt lat="47.247419" lon="11.308969">
        <ele>779.237953</ele>
      </trkpt>
      <trkpt lat="47.247897" lon="11.310063">
        <ele>762.491687</ele>
      </trkpt>
      <trkpt lat="47.247894" lon="11.310332">
        <ele>758.346446</ele>
      </trkpt>
      <trkpt lat="47.247887" lon="11.310478">
        <ele>756.091313</ele>
      </trkpt>
      <trkpt lat="47.247882" lon="11.310588">
        <ele>754.392666</ele>
      </trkpt>
      <trkpt lat="47.247834" lon="11.310585">
        <ele>753.302203</ele>
      </trkpt>
      <trkpt lat="47.247882" lon="11.310588">
        <ele>752.21174</ele>
      </trkpt>
      <trkpt lat="47.247963" lon="11.310666">
        <ele>750.015283</ele>
      </trkpt>
      <trkpt lat="47.248085" lon="11.311468">
        <ele>737.351841</ele>
      </trkpt>
      <trkpt lat="47.248169" lon="11.311696">
        <ele>733.590545</ele>
      </trkpt>
      <trkpt lat="47.248497" lon="11.312033">
        <ele>725.260166</ele>
      </trkpt>
      <trkpt lat="47.248623" lon="11.312325">
        <ele>720.367439</ele>
      </trkpt>
      <trkpt lat="47.248699" lon="11.312479">
        <ele>717.675094</ele>
      </trkpt>
      <trkpt lat="47.248747" lon="11.312612">
        <ele>715.545096</ele>
      </trkpt>
      <trkpt lat="47.248967" lon="11.313287">
        <ele>704.95694</ele>
      </trkpt>
      <trkpt lat="47.249045" lon="11.313323">
        <ele>703.254215</ele>
      </trkpt>
      <trkpt lat="47.249085" lon="11.313117">
        <ele>700.224416</ele>
      </trkpt>
      <trkpt lat="47.249155" lon="11.313037">
        <ele>698.402175</ele>
      </trkpt>
      <trkpt lat="47.249613" lon="11.313119">
        <ele>689.389593</ele>
      </trkpt>
      <trkpt lat="47.250037" lon="11.31345">
        <ele>680.015959</ele>
      </trkpt>
      <trkpt lat="47.250491" lon="11.31373">
        <ele>670.401545</ele>
      </trkpt>
      <trkpt lat="47.250542" lon="11.313536">
        <ele>667.642959</ele>
      </trkpt>
      <trkpt lat="47.250666" lon="11.313662">
        <ele>664.700388</ele>
      </trkpt>
      <trkpt lat="47.250686" lon="11.31337">
        <ele>661.523851</ele>
      </trkpt>
      <trkpt lat="47.25075" lon="11.313279">
        <ele>660.228588</ele>
      </trkpt>
      <trkpt lat="47.250776" lon="11.313024">
        <ele>657.679711</ele>
      </trkpt>
      <trkpt lat="47.250892" lon="11.313123">
        <ele>655.727511</ele>
      </trkpt>
      <trkpt lat="47.250892" lon="11.313052">
        <ele>655.025698</ele>
      </trkpt>
      <trkpt lat="47.250877" lon="11.312933">
        <ele>653.829311</ele>
      </trkpt>
      <trkpt lat="47.250911" lon="11.312965">
        <ele>653.241782</ele>
      </trkpt>
      <trkpt lat="47.250993" lon="11.312987">
        <ele>652.028039</ele>
      </trkpt>
      <trkpt lat="47.251019" lon="11.313237">
        <ele>649.528038</ele>
      </trkpt>
      <trkpt lat="47.251087" lon="11.313392">
        <ele>647.70377</ele>
      </trkpt>
      <trkpt lat="47.251194" lon="11.313484">
        <ele>645.899653</ele>
      </trkpt>
      <trkpt lat="47.251125" lon="11.313883">
        <ele>641.829703</ele>
      </trkpt>
      <trkpt lat="47.251352" lon="11.314012">
        <ele>638.286671</ele>
      </trkpt>
      <trkpt lat="47.251324" lon="11.314274">
        <ele>637.149657</ele>
      </trkpt>
      <trkpt lat="47.251368" lon="11.314414">
        <ele>636.910634</ele>
      </trkpt>
      <trkpt lat="47.2515" lon="11.314785">
        <ele>636.261672</ele>
      </trkpt>
      <trkpt lat="47.251595" lon="11.314822">
        <ele>636.037389</ele>
      </trkpt>
      <trkpt lat="47.251709" lon="11.31511">
        <ele>635.520868</ele>
      </trkpt>
      <trkpt lat="47.25165" lon="11.315266">
        <ele>635.244195</ele>
      </trkpt>
      <trkpt lat="47.251674" lon="11.315505">
        <ele>634.869886</ele>
      </trkpt>
      <trkpt lat="47.251875" lon="11.31592">
        <ele>634.080037</ele>
      </trkpt>
      <trkpt lat="47.251677" lon="11.316269">
        <ele>633.375344</ele>
      </trkpt>
      <trkpt lat="47.251944" lon="11.316523">
        <ele>632.805009</ele>
      </trkpt>
      <trkpt lat="47.251835" lon="11.316964">
        <ele>632.246113</ele>
      </trkpt>
      <trkpt lat="47.251385" lon="11.317349">
        <ele>631.33316</ele>
      </trkpt>
      <trkpt lat="47.251378" lon="11.317458">
        <ele>631.202777</ele>
      </trkpt>
      <trkpt lat="47.251753" lon="11.317724">
        <ele>630.472589</ele>
      </trkpt>
      <trkpt lat="47.252034" lon="11.317924">
        <ele>629.121841</ele>
      </trkpt>
      <trkpt lat="47.252033" lon="11.318127">
        <ele>628.069845</ele>
      </trkpt>
      <trkpt lat="47.251977" lon="11.318217">
        <ele>627.43715</ele>
      </trkpt>
      <trkpt lat="47.251588" lon="11.318461">
        <ele>624.209355</ele>
      </trkpt>
      <trkpt lat="47.251634" lon="11.318557">
        <ele>623.600401</ele>
      </trkpt>
      <trkpt lat="47.251908" lon="11.318687">
        <ele>621.402744</ele>
      </trkpt>
      <trkpt lat="47.252115" lon="11.318949">
        <ele>619.319269</ele>
      </trkpt>
      <trkpt lat="47.25212" lon="11.319199">
        <ele>618.023181</ele>
      </trkpt>
      <trkpt lat="47.252236" lon="11.319425">
        <ele>616.554885</ele>
      </trkpt>
      <trkpt lat="47.25228" lon="11.319692">
        <ele>614.991871</ele>
      </trkpt>
      <trkpt lat="47.252286" lon="11.320137">
        <ele>612.438775</ele>
      </trkpt>
      <trkpt lat="47.252385" lon="11.32033">
        <ele>611.051126</ele>
      </trkpt>
      <trkpt lat="47.252422" lon="11.320008">
        <ele>609.177807</ele>
      </trkpt>
      <trkpt lat="47.252461" lon="11.320001">
        <ele>608.845789</ele>
      </trkpt>
      <trkpt lat="47.252585" lon="11.320581">
        <ele>605.357702</ele>
      </trkpt>
      <trkpt lat="47.252623" lon="11.32066">
        <ele>604.802298</ele>
      </trkpt>
      <trkpt lat="47.252625" lon="11.320718">
        <ele>604.469174</ele>
      </trkpt>
      <trkpt lat="47.252706" lon="11.321042">
        <ele>602.48862</ele>
      </trkpt>
      <trkpt lat="47.252767" lon="11.321394">
        <ele>600.985792</ele>
      </trkpt>
      <trkpt lat="47.25281" lon="11.321689">
        <ele>600.469204</ele>
      </trkpt>
      <trkpt lat="47.252812" lon="11.321729">
        <ele>600.400534</ele>
      </trkpt>
      <trkpt lat="47.252843" lon="11.322264">
        <ele>599.481223</ele>
      </trkpt>
      <trkpt lat="47.252847" lon="11.322555">
        <ele>598.982897</ele>
      </trkpt>
      <trkpt lat="47.252856" lon="11.322793">
        <ele>598.574783</ele>
      </trkpt>
      <trkpt lat="47.252918" lon="11.32298">
        <ele>598.218465</ele>
      </trkpt>
      <trkpt lat="47.252946" lon="11.323023">
        <ele>598.116444</ele>
      </trkpt>
      <trkpt lat="47.253079" lon="11.323194">
        <ele>597.67118</ele>
      </trkpt>
      <trkpt lat="47.25332" lon="11.323659">
        <ele>596.697086</ele>
      </trkpt>
      <trkpt lat="47.253304" lon="11.324442">
        <ele>596.745258</ele>
      </trkpt>
      <trkpt lat="47.253167" lon="11.325072">
        <ele>596.78594</ele>
      </trkpt>
      <trkpt lat="47.253174" lon="11.325152">
        <ele>596.7909</ele>
      </trkpt>
      <trkpt lat="47.253188" lon="11.325198">
        <ele>596.794</ele>
      </trkpt>
      <trkpt lat="47.253192" lon="11.32524">
        <ele>596.796608</ele>
      </trkpt>
      <trkpt lat="47.253199" lon="11.32565">
        <ele>596.821829</ele>
      </trkpt>
      <trkpt lat="47.253233" lon="11.32572">
        <ele>596.827122</ele>
      </trkpt>
      <trkpt lat="47.25316" lon="11.325898">
        <ele>596.839911</ele>
      </trkpt>
      <trkpt lat="47.253131" lon="11.326015">
        <ele>596.847571</ele>
      </trkpt>
      <trkpt lat="47.253092" lon="11.326169">
        <ele>596.857679</ele>
      </trkpt>
      <trkpt lat="47.253071" lon="11.326308">
        <ele>596.874686</ele>
      </trkpt>
      <trkpt lat="47.253049" lon="11.326458">
        <ele>596.894716</ele>
      </trkpt>
      <trkpt lat="47.253014" lon="11.326709">
        <ele>596.92816</ele>
      </trkpt>
      <trkpt lat="47.252953" lon="11.326868">
        <ele>596.951997</ele>
      </trkpt>
      <trkpt lat="47.252909" lon="11.326982">
        <ele>596.969114</ele>
      </trkpt>
      <trkpt lat="47.25267" lon="11.327515">
        <ele>597.052489</ele>
      </trkpt>
      <trkpt lat="47.252646" lon="11.327565">
        <ele>597.060482</ele>
      </trkpt>
      <trkpt lat="47.25264" lon="11.327574">
        <ele>597.062128</ele>
      </trkpt>
      <trkpt lat="47.252633" lon="11.327586">
        <ele>597.064193</ele>
      </trkpt>
      <trkpt lat="47.252613" lon="11.327618">
        <ele>597.069871</ele>
      </trkpt>
      <trkpt lat="47.25254" lon="11.327731">
        <ele>597.090231</ele>
      </trkpt>
      <trkpt lat="47.252476" lon="11.327829">
        <ele>597.107981</ele>
      </trkpt>
      <trkpt lat="47.252102" lon="11.328065">
        <ele>597.186215</ele>
      </trkpt>
      <trkpt lat="47.252004" lon="11.328165">
        <ele>597.282171</ele>
      </trkpt>
      <trkpt lat="47.251936" lon="11.328305">
        <ele>597.695536</ele>
      </trkpt>
      <trkpt lat="47.251887" lon="11.328477">
        <ele>598.14344</ele>
      </trkpt>
      <trkpt lat="47.251865" lon="11.328682">
        <ele>598.641796</ele>
      </trkpt>
      <trkpt lat="47.251866" lon="11.328851">
        <ele>599.047611</ele>
      </trkpt>
      <trkpt lat="47.251843" lon="11.328851">
        <ele>599.128973</ele>
      </trkpt>
      <trkpt lat="47.251544" lon="11.328853">
        <ele>600.1867</ele>
      </trkpt>
      <trkpt lat="47.251431" lon="11.328854">
        <ele>600.586446</ele>
      </trkpt>
      <trkpt lat="47.251388" lon="11.328854">
        <ele>600.738559</ele>
      </trkpt>
      <trkpt lat="47.251191" lon="11.328845">
        <ele>601.435783</ele>
      </trkpt>
      <trkpt lat="47.251147" lon="11.328836">
        <ele>601.592927</ele>
      </trkpt>
      <trkpt lat="47.251122" lon="11.328825">
        <ele>601.685225</ele>
      </trkpt>
      <trkpt lat="47.251066" lon="11.328789">
        <ele>601.901364</ele>
      </trkpt>
      <trkpt lat="47.250975" lon="11.32871">
        <ele>602.275013</ele>
      </trkpt>
      <trkpt lat="47.250953" lon="11.328691">
        <ele>602.365225</ele>
      </trkpt>
      <trkpt lat="47.250835" lon="11.328545">
        <ele>602.91034</ele>
      </trkpt>
      <trkpt lat="47.250797" lon="11.328482">
        <ele>603.112713</ele>
      </trkpt>
      <trkpt lat="47.250759" lon="11.328417">
        <ele>603.318701</ele>
      </trkpt>
      <trkpt lat="47.250728" lon="11.328362">
        <ele>603.490363</ele>
      </trkpt>
      <trkpt lat="47.250716" lon="11.328342">
        <ele>603.55446</ele>
      </trkpt>
      <trkpt lat="47.250517" lon="11.328129">
        <ele>605.409586</ele>
      </trkpt>
      <trkpt lat="47.2505" lon="11.328112">
        <ele>605.565812</ele>
      </trkpt>
      <trkpt lat="47.250477" lon="11.32809">
        <ele>605.774322</ele>
      </trkpt>
      <trkpt lat="47.250375" lon="11.327969">
        <ele>606.770064</ele>
      </trkpt>
      <trkpt lat="47.250286" lon="11.327828">
        <ele>607.763814</ele>
      </trkpt>
      <trkpt lat="47.250198" lon="11.327664">
        <ele>608.842784</ele>
      </trkpt>
      <trkpt lat="47.250135" lon="11.327722">
        <ele>609.40765</ele>
      </trkpt>
      <trkpt lat="47.249563" lon="11.328019">
        <ele>614.019096</ele>
      </trkpt>
      <trkpt lat="47.249545" lon="11.328031">
        <ele>614.169321</ele>
      </trkpt>
      <trkpt lat="47.2494" lon="11.328129">
        <ele>615.382322</ele>
      </trkpt>
      <trkpt lat="47.249371" lon="11.328148">
        <ele>615.623647</ele>
      </trkpt>
      <trkpt lat="47.249197" lon="11.328242">
        <ele>617.032812</ele>
      </trkpt>
      <trkpt lat="47.249089" lon="11.3283">
        <ele>618.400536</ele>
      </trkpt>
      <trkpt lat="47.248874" lon="11.328409">
        <ele>621.416365</ele>
      </trkpt>
      <trkpt lat="47.248776" lon="11.328459">
        <ele>622.791951</ele>
      </trkpt>
      <trkpt lat="47.248656" lon="11.328532">
        <ele>624.513957</ele>
      </trkpt>
      <trkpt lat="47.248598" lon="11.328574">
        <ele>625.371167</ele>
      </trkpt>
      <trkpt lat="47.248562" lon="11.328611">
        <ele>625.953383</ele>
      </trkpt>
      <trkpt lat="47.248526" lon="11.328653">
        <ele>626.562479</ele>
      </trkpt>
      <trkpt lat="47.248481" lon="11.328711">
        <ele>627.355543</ele>
      </trkpt>
      <trkpt lat="47.248439" lon="11.328773">
        <ele>628.144178</ele>
      </trkpt>
      <trkpt lat="47.248412" lon="11.328835">
        <ele>628.807401</ele>
      </trkpt>
      <trkpt lat="47.248369" lon="11.328992">
        <ele>630.331695</ele>
      </trkpt>
      <trkpt lat="47.248361" lon="11.329037">
        <ele>630.750524</ele>
      </trkpt>
      <trkpt lat="47.248341" lon="11.329214">
        <ele>632.366098</ele>
      </trkpt>
      <trkpt lat="47.248275" lon="11.329589">
        <ele>635.85411</ele>
      </trkpt>
      <trkpt lat="47.248275" lon="11.329638">
        <ele>636.295289</ele>
      </trkpt>
      <trkpt lat="47.24802" lon="11.329808">
        <ele>640.007742</ele>
      </trkpt>
      <trkpt lat="47.24783" lon="11.330062">
        <ele>643.329809</ele>
      </trkpt>
      <trkpt lat="47.247764" lon="11.3302">
        <ele>644.79644</ele>
      </trkpt>
      <trkpt lat="47.247708" lon="11.330246">
        <ele>645.617054</ele>
      </trkpt>
      <trkpt lat="47.247682" lon="11.330241">
        <ele>645.95264</ele>
      </trkpt>
      <trkpt lat="47.247648" lon="11.330236">
        <ele>646.389954</ele>
      </trkpt>
      <trkpt lat="47.247553" lon="11.330118">
        <ele>647.980345</ele>
      </trkpt>
      <trkpt lat="47.247459" lon="11.329805">
        <ele>650.953953</ele>
      </trkpt>
      <trkpt lat="47.247323" lon="11.329117">
        <ele>657.179643</ele>
      </trkpt>
      <trkpt lat="47.247206" lon="11.328862">
        <ele>659.853707</ele>
      </trkpt>
      <trkpt lat="47.247056" lon="11.328291">
        <ele>664.716477</ele>
      </trkpt>
      <trkpt lat="47.247012" lon="11.327856">
        <ele>666.880174</ele>
      </trkpt>
      <trkpt lat="47.24699" lon="11.327507">
        <ele>668.604538</ele>
      </trkpt>
      <trkpt lat="47.246977" lon="11.327116">
        <ele>670.530449</ele>
      </trkpt>
      <trkpt lat="47.246779" lon="11.326128">
        <ele>675.598514</ele>
      </trkpt>
      <trkpt lat="47.246739" lon="11.325405">
        <ele>678.376988</ele>
      </trkpt>
      <trkpt lat="47.246626" lon="11.324929">
        <ele>679.883301</ele>
      </trkpt>
      <trkpt lat="47.246609" lon="11.324375">
        <ele>681.539866</ele>
      </trkpt>
      <trkpt lat="47.246594" lon="11.323914">
        <ele>682.918519</ele>
      </trkpt>
      <trkpt lat="47.246497" lon="11.323474">
        <ele>684.300432</ele>
      </trkpt>
      <trkpt lat="47.24646" lon="11.32263">
        <ele>687.134482</ele>
      </trkpt>
      <trkpt lat="47.246409" lon="11.322301">
        <ele>688.31909</ele>
      </trkpt>
      <trkpt lat="47.246394" lon="11.321906">
        <ele>689.707818</ele>
      </trkpt>
      <trkpt lat="47.246462" lon="11.32105">
        <ele>692.733117</ele>
      </trkpt>
      <trkpt lat="47.246507" lon="11.320593">
        <ele>694.3541</ele>
      </trkpt>
      <trkpt lat="47.246304" lon="11.320401">
        <ele>696.982353</ele>
      </trkpt>
      <trkpt lat="47.246103" lon="11.320199">
        <ele>699.65215</ele>
      </trkpt>
      <trkpt lat="47.245672" lon="11.319447">
        <ele>706.982862</ele>
      </trkpt>
      <trkpt lat="47.245556" lon="11.319168">
        <ele>709.419827</ele>
      </trkpt>
      <trkpt lat="47.245342" lon="11.318342">
        <ele>716.438257</ele>
      </trkpt>
      <trkpt lat="47.245265" lon="11.317681">
        <ele>722.572748</ele>
      </trkpt>
      <trkpt lat="47.245205" lon="11.317339">
        <ele>725.803777</ele>
      </trkpt>
      <trkpt lat="47.245152" lon="11.316874">
        <ele>730.116643</ele>
      </trkpt>
      <trkpt lat="47.245028" lon="11.31651">
        <ele>733.841829</ele>
      </trkpt>
      <trkpt lat="47.244402" lon="11.3151">
        <ele>748.416923</ele>
      </trkpt>
      <trkpt lat="47.24421" lon="11.314537">
        <ele>753.738754</ele>
      </trkpt>
      <trkpt lat="47.244061" lon="11.314296">
        <ele>756.4921</ele>
      </trkpt>
      <trkpt lat="47.243474" lon="11.313931">
        <ele>761.338991</ele>
      </trkpt>
      <trkpt lat="47.243369" lon="11.313776">
        <ele>761.648364</ele>
      </trkpt>
      <trkpt lat="47.243367" lon="11.313365">
        <ele>762.229073</ele>
      </trkpt>
      <trkpt lat="47.243452" lon="11.313043">
        <ele>762.717202</ele>
      </trkpt>
      <trkpt lat="47.243448" lon="11.31286">
        <ele>762.975892</ele>
      </trkpt>
      <trkpt lat="47.243402" lon="11.312581">
        <ele>763.381544</ele>
      </trkpt>
      <trkpt lat="47.243432" lon="11.312517">
        <ele>763.491429</ele>
      </trkpt>
      <trkpt lat="47.243515" lon="11.312518">
        <ele>763.664172</ele>
      </trkpt>
      <trkpt lat="47.243553" lon="11.312397">
        <ele>763.852536</ele>
      </trkpt>
      <trkpt lat="47.243522" lon="11.311943">
        <ele>764.307439</ele>
      </trkpt>
      <trkpt lat="47.243504" lon="11.311667">
        <ele>762.496993</ele>
      </trkpt>
      <trkpt lat="47.24348" lon="11.311542">
        <ele>761.648788</ele>
      </trkpt>
      <trkpt lat="47.243293" lon="11.311384">
        <ele>759.575336</ele>
      </trkpt>
      <trkpt lat="47.243231" lon="11.311222">
        <ele>758.361041</ele>
      </trkpt>
      <trkpt lat="47.243248" lon="11.311049">
        <ele>757.219655</ele>
      </trkpt>
      <trkpt lat="47.243256" lon="11.310992">
        <ele>756.8396</ele>
      </trkpt>
      <trkpt lat="47.243247" lon="11.310341">
        <ele>752.587975</ele>
      </trkpt>
      <trkpt lat="47.243361" lon="11.309891">
        <ele>749.451764</ele>
      </trkpt>
      <trkpt lat="47.243381" lon="11.30962">
        <ele>747.671833</ele>
      </trkpt>
      <trkpt lat="47.243334" lon="11.308883">
        <ele>743.379593</ele>
      </trkpt>
      <trkpt lat="47.243279" lon="11.308749">
        <ele>742.485077</ele>
      </trkpt>
      <trkpt lat="47.243234" lon="11.308636">
        <ele>741.736691</ele>
      </trkpt>
      <trkpt lat="47.243209" lon="11.308473">
        <ele>740.782071</ele>
      </trkpt>
      <trkpt lat="47.243271" lon="11.307922">
        <ele>737.591489</ele>
      </trkpt>
      <trkpt lat="47.243285" lon="11.307501">
        <ele>735.183606</ele>
      </trkpt>
      <trkpt lat="47.243368" lon="11.307842">
        <ele>733.114197</ele>
      </trkpt>
      <trkpt lat="47.243285" lon="11.307501">
        <ele>732.230022</ele>
      </trkpt>
      <trkpt lat="47.243185" lon="11.307128">
        <ele>732.697626</ele>
      </trkpt>
      <trkpt lat="47.243142" lon="11.306693">
        <ele>733.210187</ele>
      </trkpt>
      <trkpt lat="47.243166" lon="11.305978">
        <ele>734.044898</ele>
      </trkpt>
      <trkpt lat="47.243138" lon="11.305819">
        <ele>734.236429</ele>
      </trkpt>
      <trkpt lat="47.242679" lon="11.305197">
        <ele>736.057711</ele>
      </trkpt>
      <trkpt lat="47.242662" lon="11.30517">
        <ele>736.270768</ele>
      </trkpt>
      <trkpt lat="47.242414" lon="11.305172">
        <ele>738.384338</ele>
      </trkpt>
      <trkpt lat="47.242266" lon="11.305143">
        <ele>739.656755</ele>
      </trkpt>
      <trkpt lat="47.242181" lon="11.305044">
        <ele>740.580252</ele>
      </trkpt>
      <trkpt lat="47.242053" lon="11.304884">
        <ele>742.01097</ele>
      </trkpt>
      <trkpt lat="47.241894" lon="11.304607">
        <ele>744.109717</ele>
      </trkpt>
      <trkpt lat="47.241858" lon="11.304474">
        <ele>744.938142</ele>
      </trkpt>
      <trkpt lat="47.241843" lon="11.304302">
        <ele>745.941486</ele>
      </trkpt>
      <trkpt lat="47.241845" lon="11.304112">
        <ele>747.040931</ele>
      </trkpt>
      <trkpt lat="47.241794" lon="11.303891">
        <ele>748.391456</ele>
      </trkpt>
      <trkpt lat="47.241634" lon="11.303641">
        <ele>750.37932</ele>
      </trkpt>
      <trkpt lat="47.24157" lon="11.303413">
        <ele>750.877842</ele>
      </trkpt>
      <trkpt lat="47.241537" lon="11.302921">
        <ele>751.784236</ele>
      </trkpt>
      <trkpt lat="47.241573" lon="11.302394">
        <ele>752.755284</ele>
      </trkpt>
      <trkpt lat="47.242104" lon="11.301038">
        <ele>755.506987</ele>
      </trkpt>
      <trkpt lat="47.24249" lon="11.300378">
        <ele>756.516254</ele>
      </trkpt>
      <trkpt lat="47.242542" lon="11.300185">
        <ele>756.756822</ele>
      </trkpt>
      <trkpt lat="47.242566" lon="11.300204">
        <ele>756.80332</ele>
      </trkpt>
      <trkpt lat="47.242621" lon="11.300249">
        <ele>756.910687</ele>
      </trkpt>
      <trkpt lat="47.242566" lon="11.300204">
        <ele>757.018055</ele>
      </trkpt>
      <trkpt lat="47.242542" lon="11.300185">
        <ele>757.064552</ele>
      </trkpt>
      <trkpt lat="47.24258" lon="11.299882">
        <ele>757.421537</ele>
      </trkpt>
      <trkpt lat="47.242595" lon="11.29958">
        <ele>757.772359</ele>
      </trkpt>
      <trkpt lat="47.242595" lon="11.299272">
        <ele>758.129196</ele>
      </trkpt>
      <trkpt lat="47.242617" lon="11.298923">
        <ele>758.788716</ele>
      </trkpt>
      <trkpt lat="47.242524" lon="11.297504">
        <ele>763.027949</ele>
      </trkpt>
      <trkpt lat="47.242447" lon="11.296991">
        <ele>764.590275</ele>
      </trkpt>
      <trkpt lat="47.242473" lon="11.296845">
        <ele>765.039118</ele>
      </trkpt>
      <trkpt lat="47.242456" lon="11.296563">
        <ele>765.880989</ele>
      </trkpt>
      <trkpt lat="47.242441" lon="11.296426">
        <ele>766.285061</ele>
      </trkpt>
      <trkpt lat="47.242322" lon="11.295698">
        <ele>768.054946</ele>
      </trkpt>
      <trkpt lat="47.242117" lon="11.295281">
        <ele>769.271851</ele>
      </trkpt>
      <trkpt lat="47.241324" lon="11.293916">
        <ele>773.694223</ele>
      </trkpt>
      <trkpt lat="47.240969" lon="11.293572">
        <ele>775.43286</ele>
      </trkpt>
      <trkpt lat="47.240863" lon="11.293357">
        <ele>776.170955</ele>
      </trkpt>
      <trkpt lat="47.240822" lon="11.293079">
        <ele>776.961201</ele>
      </trkpt>
      <trkpt lat="47.24077" lon="11.293053">
        <ele>777.185886</ele>
      </trkpt>
      <trkpt lat="47.240428" lon="11.292112">
        <ele>780.446866</ele>
      </trkpt>
      <trkpt lat="47.239769" lon="11.291015">
        <ele>788.853335</ele>
      </trkpt>
      <trkpt lat="47.239233" lon="11.290204">
        <ele>795.520831</ele>
      </trkpt>
      <trkpt lat="47.238855" lon="11.289897">
        <ele>801.478697</ele>
      </trkpt>
      <trkpt lat="47.23878" lon="11.289899">
        <ele>802.514037</ele>
      </trkpt>
      <trkpt lat="47.238728" lon="11.28993">
        <ele>803.288317</ele>
      </trkpt>
      <trkpt lat="47.238699" lon="11.289984">
        <ele>803.933516</ele>
      </trkpt>
      <trkpt lat="47.238668" lon="11.290099">
        <ele>805.093013</ele>
      </trkpt>
      <trkpt lat="47.238677" lon="11.290178">
        <ele>805.843671</ele>
      </trkpt>
      <trkpt lat="47.238807" lon="11.290547">
        <ele>809.739375</ele>
      </trkpt>
      <trkpt lat="47.238906" lon="11.290992">
        <ele>814.127616</ele>
      </trkpt>
      <trkpt lat="47.238961" lon="11.291284">
        <ele>816.967281</ele>
      </trkpt>
      <trkpt lat="47.238977" lon="11.291809">
        <ele>821.522973</ele>
      </trkpt>
      <trkpt lat="47.238959" lon="11.29212">
        <ele>823.905352</ele>
      </trkpt>
      <trkpt lat="47.238802" lon="11.292564">
        <ele>827.726351</ele>
      </trkpt>
      <trkpt lat="47.2387" lon="11.292988">
        <ele>831.159773</ele>
      </trkpt>
      <trkpt lat="47.23868" lon="11.293233">
        <ele>833.043262</ele>
      </trkpt>
      <trkpt lat="47.238719" lon="11.293443">
        <ele>834.70502</ele>
      </trkpt>
      <trkpt lat="47.238775" lon="11.293623">
        <ele>836.216283</ele>
      </trkpt>
      <trkpt lat="47.239048" lon="11.294029">
        <ele>840.397843</ele>
      </trkpt>
      <trkpt lat="47.239158" lon="11.29435">
        <ele>842.056399</ele>
      </trkpt>
      <trkpt lat="47.239149" lon="11.294573">
        <ele>843.086826</ele>
      </trkpt>
      <trkpt lat="47.239074" lon="11.294817">
        <ele>844.322272</ele>
      </trkpt>
      <trkpt lat="47.238771" lon="11.295311">
        <ele>847.39306</ele>
      </trkpt>
      <trkpt lat="47.238592" lon="11.295419">
        <ele>848.707237</ele>
      </trkpt>
      <trkpt lat="47.238533" lon="11.295429">
        <ele>849.110719</ele>
      </trkpt>
      <trkpt lat="47.238512" lon="11.295528">
        <ele>849.58914</ele>
      </trkpt>
      <trkpt lat="47.238367" lon="11.296221">
        <ele>852.561582</ele>
      </trkpt>
      <trkpt lat="47.238346" lon="11.29632">
        <ele>852.738622</ele>
      </trkpt>
      <trkpt lat="47.238238" lon="11.297003">
        <ele>853.935648</ele>
      </trkpt>
      <trkpt lat="47.23813" lon="11.297685">
        <ele>855.131014</ele>
      </trkpt>
      <trkpt lat="47.238166" lon="11.297802">
        <ele>855.350275</ele>
      </trkpt>
      <trkpt lat="47.238418" lon="11.298619">
        <ele>856.861266</ele>
      </trkpt>
      <trkpt lat="47.238454" lon="11.298736">
        <ele>856.818332</ele>
      </trkpt>
      <trkpt lat="47.238504" lon="11.298929">
        <ele>856.749287</ele>
      </trkpt>
      <trkpt lat="47.238889" lon="11.298941">
        <ele>856.559714</ele>
      </trkpt>
      <trkpt lat="47.238996" lon="11.298991">
        <ele>856.504451</ele>
      </trkpt>
      <trkpt lat="47.239015" lon="11.299349">
        <ele>856.38443</ele>
      </trkpt>
      <trkpt lat="47.239021" lon="11.299447">
        <ele>856.351542</ele>
      </trkpt>
      <trkpt lat="47.239038" lon="11.299498">
        <ele>856.332553</ele>
      </trkpt>
      <trkpt lat="47.239117" lon="11.299572">
        <ele>856.286463</ele>
      </trkpt>
      <trkpt lat="47.23927" lon="11.299538">
        <ele>856.210291</ele>
      </trkpt>
      <trkpt lat="47.239335" lon="11.299637">
        <ele>856.16426</ele>
      </trkpt>
      <trkpt lat="47.239367" lon="11.299911">
        <ele>856.071335</ele>
      </trkpt>
      <trkpt lat="47.239775" lon="11.300349">
        <ele>855.92498</ele>
      </trkpt>
      <trkpt lat="47.24009" lon="11.301236">
        <ele>855.808985</ele>
      </trkpt>
      <trkpt lat="47.240085" lon="11.301343">
        <ele>855.796557</ele>
      </trkpt>
      <trkpt lat="47.239974" lon="11.301475">
        <ele>855.772208</ele>
      </trkpt>
      <trkpt lat="47.239973" lon="11.301854">
        <ele>855.72829</ele>
      </trkpt>
      <trkpt lat="47.23989" lon="11.302231">
        <ele>855.682365</ele>
      </trkpt>
      <trkpt lat="47.239779" lon="11.302441">
        <ele>855.634335</ele>
      </trkpt>
      <trkpt lat="47.239625" lon="11.302576">
        <ele>855.578343</ele>
      </trkpt>
      <trkpt lat="47.23964" lon="11.303036">
        <ele>855.480655</ele>
      </trkpt>
      <trkpt lat="47.239557" lon="11.303301">
        <ele>855.41875</ele>
      </trkpt>
      <trkpt lat="47.239512" lon="11.303915">
        <ele>855.28775</ele>
      </trkpt>
      <trkpt lat="47.239505" lon="11.304127">
        <ele>855.242727</ele>
      </trkpt>
      <trkpt lat="47.239553" lon="11.304212">
        <ele>855.219275</ele>
      </trkpt>
      <trkpt lat="47.239741" lon="11.304172">
        <ele>855.159928</ele>
      </trkpt>
      <trkpt lat="47.240054" lon="11.304237">
        <ele>854.916874</ele>
      </trkpt>
      <trkpt lat="47.240151" lon="11.304403">
        <ele>854.733882</ele>
      </trkpt>
      <trkpt lat="47.240259" lon="11.304929">
        <ele>854.274746</ele>
      </trkpt>
      <trkpt lat="47.240242" lon="11.305103">
        <ele>854.127869</ele>
      </trkpt>
      <trkpt lat="47.239939" lon="11.305141">
        <ele>853.753637</ele>
      </trkpt>
      <trkpt lat="47.239763" lon="11.305239">
        <ele>853.522085</ele>
      </trkpt>
      <trkpt lat="47.239755" lon="11.305402">
        <ele>853.38554</ele>
      </trkpt>
      <trkpt lat="47.239945" lon="11.305764">
        <ele>853.003241</ele>
      </trkpt>
      <trkpt lat="47.239876" lon="11.306027">
        <ele>852.717659</ele>
      </trkpt>
      <trkpt lat="47.240083" lon="11.306218">
        <ele>852.300651</ele>
      </trkpt>
      <trkpt lat="47.240153" lon="11.306361">
        <ele>852.096314</ele>
      </trkpt>
      <trkpt lat="47.240147" lon="11.30663">
        <ele>851.784356</ele>
      </trkpt>
      <trkpt lat="47.240199" lon="11.306711">
        <ele>851.655146</ele>
      </trkpt>
      <trkpt lat="47.240399" lon="11.30691">
        <ele>851.243098</ele>
      </trkpt>
      <trkpt lat="47.240601" lon="11.307014">
        <ele>850.877782</ele>
      </trkpt>
      <trkpt lat="47.240602" lon="11.30722">
        <ele>850.639009</ele>
      </trkpt>
      <trkpt lat="47.240686" lon="11.307311">
        <ele>850.460993</ele>
      </trkpt>
      <trkpt lat="47.240733" lon="11.307491">
        <ele>850.237464</ele>
      </trkpt>
      <trkpt lat="47.241052" lon="11.307488">
        <ele>849.752354</ele>
      </trkpt>
      <trkpt lat="47.241152" lon="11.307559">
        <ele>849.647441</ele>
      </trkpt>
      <trkpt lat="47.241175" lon="11.307658">
        <ele>849.580304</ele>
      </trkpt>
      <trkpt lat="47.241155" lon="11.307904">
        <ele>849.421338</ele>
      </trkpt>
      <trkpt lat="47.241179" lon="11.307987">
        <ele>849.363454</ele>
      </trkpt>
      <trkpt lat="47.241211" lon="11.308098">
        <ele>849.286079</ele>
      </trkpt>
      <trkpt lat="47.241205" lon="11.308271">
        <ele>849.174934</ele>
      </trkpt>
      <trkpt lat="47.241157" lon="11.308348">
        <ele>849.107862</ele>
      </trkpt>
      <trkpt lat="47.240734" lon="11.308527">
        <ele>848.691927</ele>
      </trkpt>
      <trkpt lat="47.240695" lon="11.308682">
        <ele>848.585865</ele>
      </trkpt>
      <trkpt lat="47.240811" lon="11.308879">
        <ele>848.418546</ele>
      </trkpt>
      <trkpt lat="47.240793" lon="11.309056">
        <ele>848.303712</ele>
      </trkpt>
      <trkpt lat="47.240692" lon="11.309149">
        <ele>848.191143</ele>
      </trkpt>
      <trkpt lat="47.240524" lon="11.309771">
        <ele>848.863284</ele>
      </trkpt>
      <trkpt lat="47.24039" lon="11.309965">
        <ele>849.222158</ele>
      </trkpt>
      <trkpt lat="47.240406" lon="11.310039">
        <ele>849.322865</ele>
      </trkpt>
      <trkpt lat="47.240728" lon="11.310276">
        <ele>850.010393</ele>
      </trkpt>
      <trkpt lat="47.240734" lon="11.310435">
        <ele>850.216892</ele>
      </trkpt>
      <trkpt lat="47.240662" lon="11.31075">
        <ele>850.64789</ele>
      </trkpt>
      <trkpt lat="47.240662" lon="11.310832">
        <ele>850.754222</ele>
      </trkpt>
      <trkpt lat="47.24065" lon="11.310929">
        <ele>850.882076</ele>
      </trkpt>
      <trkpt lat="47.240432" lon="11.310986">
        <ele>851.304964</ele>
      </trkpt>
      <trkpt lat="47.240272" lon="11.310941">
        <ele>851.674701</ele>
      </trkpt>
      <trkpt lat="47.240107" lon="11.311031">
        <ele>852.372898</ele>
      </trkpt>
      <trkpt lat="47.240098" lon="11.311045">
        <ele>852.424841</ele>
      </trkpt>
      <trkpt lat="47.240104" lon="11.31115">
        <ele>852.70872</ele>
      </trkpt>
      <trkpt lat="47.240261" lon="11.311699">
        <ele>854.313621</ele>
      </trkpt>
      <trkpt lat="47.240024" lon="11.31202">
        <ele>855.591246</ele>
      </trkpt>
      <trkpt lat="47.239968" lon="11.312109">
        <ele>855.918157</ele>
      </trkpt>
      <trkpt lat="47.239926" lon="11.31218">
        <ele>856.171859</ele>
      </trkpt>
      <trkpt lat="47.239898" lon="11.312133">
        <ele>856.340317</ele>
      </trkpt>
      <trkpt lat="47.239701" lon="11.31196">
        <ele>857.250439</ele>
      </trkpt>
      <trkpt lat="47.239277" lon="11.311848">
        <ele>858.905567</ele>
      </trkpt>
      <trkpt lat="47.239232" lon="11.311834">
        <ele>859.050143</ele>
      </trkpt>
      <trkpt lat="47.239181" lon="11.311811">
        <ele>859.217804</ele>
      </trkpt>
      <trkpt lat="47.238662" lon="11.311585">
        <ele>860.919051</ele>
      </trkpt>
      <trkpt lat="47.238629" lon="11.311576">
        <ele>861.024547</ele>
      </trkpt>
      <trkpt lat="47.238544" lon="11.311555">
        <ele>861.295472</ele>
      </trkpt>
      <trkpt lat="47.238514" lon="11.311547">
        <ele>861.391308</ele>
      </trkpt>
      <trkpt lat="47.238276" lon="11.311457">
        <ele>862.163708</ele>
      </trkpt>
      <trkpt lat="47.23817" lon="11.311403">
        <ele>862.51628</ele>
      </trkpt>
      <trkpt lat="47.238047" lon="11.311336">
        <ele>862.928517</ele>
      </trkpt>
      <trkpt lat="47.237974" lon="11.311295">
        <ele>863.174105</ele>
      </trkpt>
      <trkpt lat="47.237762" lon="11.311225">
        <ele>863.857053</ele>
      </trkpt>
      <trkpt lat="47.237725" lon="11.311219">
        <ele>863.974063</ele>
      </trkpt>
      <trkpt lat="47.237688" lon="11.311214">
        <ele>864.090859</ele>
      </trkpt>
      <trkpt lat="47.237663" lon="11.311211">
        <ele>864.169705</ele>
      </trkpt>
      <trkpt lat="47.237459" lon="11.311187">
        <ele>864.529436</ele>
      </trkpt>
      <trkpt lat="47.237083" lon="11.311155">
        <ele>864.983736</ele>
      </trkpt>
      <trkpt lat="47.236976" lon="11.311144">
        <ele>865.113117</ele>
      </trkpt>
      <trkpt lat="47.236885" lon="11.311135">
        <ele>865.223131</ele>
      </trkpt>
      <trkpt lat="47.236816" lon="11.311131">
        <ele>865.306426</ele>
      </trkpt>
      <trkpt lat="47.236674" lon="11.311136">
        <ele>865.47776</ele>
      </trkpt>
      <trkpt lat="47.236645" lon="11.311141">
        <ele>865.512979</ele>
      </trkpt>
      <trkpt lat="47.236614" lon="11.311147">
        <ele>865.550694</ele>
      </trkpt>
      <trkpt lat="47.236589" lon="11.311155">
        <ele>865.581553</ele>
      </trkpt>
      <trkpt lat="47.236563" lon="11.311162">
        <ele>865.613435</ele>
      </trkpt>
      <trkpt lat="47.236451" lon="11.311212">
        <ele>865.754603</ele>
      </trkpt>
      <trkpt lat="47.236347" lon="11.311255">
        <ele>865.884901</ele>
      </trkpt>
      <trkpt lat="47.236155" lon="11.311292">
        <ele>866.118472</ele>
      </trkpt>
      <trkpt lat="47.236142" lon="11.311282">
        <ele>866.136163</ele>
      </trkpt>
      <trkpt lat="47.236118" lon="11.311309">
        <ele>866.172592</ele>
      </trkpt>
      <trkpt lat="47.235917" lon="11.311409">
        <ele>866.428504</ele>
      </trkpt>
      <trkpt lat="47.235907" lon="11.311418">
        <ele>866.44264</ele>
      </trkpt>
      <trkpt lat="47.235898" lon="11.311429">
        <ele>866.456747</ele>
      </trkpt>
      <trkpt lat="47.235814" lon="11.311615">
        <ele>866.360133</ele>
      </trkpt>
      <trkpt lat="47.235683" lon="11.312168">
        <ele>865.696115</ele>
      </trkpt>
      <trkpt lat="47.235675" lon="11.312192">
        <ele>865.665804</ele>
      </trkpt>
      <trkpt lat="47.235538" lon="11.312502">
        <ele>865.246456</ele>
      </trkpt>
      <trkpt lat="47.235504" lon="11.312691">
        <ele>865.024786</ele>
      </trkpt>
      <trkpt lat="47.235501" lon="11.312772">
        <ele>864.932816</ele>
      </trkpt>
      <trkpt lat="47.235547" lon="11.313277">
        <ele>864.355148</ele>
      </trkpt>
      <trkpt lat="47.235552" lon="11.313492">
        <ele>864.111252</ele>
      </trkpt>
      <trkpt lat="47.235513" lon="11.313777">
        <ele>863.781639</ele>
      </trkpt>
      <trkpt lat="47.235387" lon="11.314187">
        <ele>863.259949</ele>
      </trkpt>
      <trkpt lat="47.235349" lon="11.314311">
        <ele>863.098575</ele>
      </trkpt>
      <trkpt lat="47.235186" lon="11.314839">
        <ele>862.410571</ele>
      </trkpt>
      <trkpt lat="47.234966" lon="11.315562">
        <ele>861.47077</ele>
      </trkpt>
      <trkpt lat="47.23482" lon="11.315984">
        <ele>860.908959</ele>
      </trkpt>
      <trkpt lat="47.234799" lon="11.316045">
        <ele>860.827832</ele>
      </trkpt>
      <trkpt lat="47.234607" lon="11.316514">
        <ele>860.552789</ele>
      </trkpt>
      <trkpt lat="47.234534" lon="11.316637">
        <ele>860.72426</ele>
      </trkpt>
      <trkpt lat="47.234527" lon="11.316647">
        <ele>860.739335</ele>
      </trkpt>
      <trkpt lat="47.23449" lon="11.316709">
        <ele>860.825975</ele>
      </trkpt>
      <trkpt lat="47.234482" lon="11.316723">
        <ele>860.845181</ele>
      </trkpt>
      <trkpt lat="47.234435" lon="11.316816">
        <ele>860.966867</ele>
      </trkpt>
      <trkpt lat="47.23438" lon="11.316984">
        <ele>861.162631</ele>
      </trkpt>
      <trkpt lat="47.234335" lon="11.317119">
        <ele>861.320485</ele>
      </trkpt>
      <trkpt lat="47.234218" lon="11.317297">
        <ele>861.580521</ele>
      </trkpt>
      <trkpt lat="47.233983" lon="11.31772">
        <ele>862.154193</ele>
      </trkpt>
      <trkpt lat="47.233449" lon="11.318766">
        <ele>864.315346</ele>
      </trkpt>
      <trkpt lat="47.233367" lon="11.318927">
        <ele>864.97567</ele>
      </trkpt>
      <trkpt lat="47.233349" lon="11.318962">
        <ele>865.119724</ele>
      </trkpt>
      <trkpt lat="47.233264" lon="11.319131">
        <ele>865.809757</ele>
      </trkpt>
      <trkpt lat="47.233195" lon="11.319258">
        <ele>866.343411</ele>
      </trkpt>
      <trkpt lat="47.233114" lon="11.319442">
        <ele>867.062886</ele>
      </trkpt>
      <trkpt lat="47.233089" lon="11.319497">
        <ele>867.280042</ele>
      </trkpt>
      <trkpt lat="47.233019" lon="11.31966">
        <ele>867.912829</ele>
      </trkpt>
      <trkpt lat="47.23294" lon="11.319859">
        <ele>868.669149</ele>
      </trkpt>
      <trkpt lat="47.232886" lon="11.320014">
        <ele>869.240737</ele>
      </trkpt>
      <trkpt lat="47.232705" lon="11.320669">
        <ele>871.56095</ele>
      </trkpt>
      <trkpt lat="47.232512" lon="11.321878">
        <ele>874.373549</ele>
      </trkpt>
      <trkpt lat="47.232449" lon="11.322275">
        <ele>875.265393</ele>
      </trkpt>
      <trkpt lat="47.232377" lon="11.322625">
        <ele>876.06539</ele>
      </trkpt>
      <trkpt lat="47.232288" lon="11.323225">
        <ele>877.408855</ele>
      </trkpt>
      <trkpt lat="47.232281" lon="11.323313">
        <ele>877.602674</ele>
      </trkpt>
      <trkpt lat="47.232263" lon="11.323544">
        <ele>877.531229</ele>
      </trkpt>
      <trkpt lat="47.232258" lon="11.323877">
        <ele>877.357717</ele>
      </trkpt>
      <trkpt lat="47.232255" lon="11.324053">
        <ele>877.266005</ele>
      </trkpt>
      <trkpt lat="47.232302" lon="11.324181">
        <ele>877.190201</ele>
      </trkpt>
      <trkpt lat="47.232351" lon="11.324678">
        <ele>876.928585</ele>
      </trkpt>
      <trkpt lat="47.232351" lon="11.324729">
        <ele>876.902018</ele>
      </trkpt>
      <trkpt lat="47.232346" lon="11.324839">
        <ele>876.844588</ele>
      </trkpt>
      <trkpt lat="47.232385" lon="11.3253">
        <ele>876.602583</ele>
      </trkpt>
      <trkpt lat="47.232411" lon="11.325599">
        <ele>876.445554</ele>
      </trkpt>
      <trkpt lat="47.23236" lon="11.32561">
        <ele>876.406011</ele>
      </trkpt>
      <trkpt lat="47.232385" lon="11.325904">
        <ele>876.281798</ele>
      </trkpt>
      <trkpt lat="47.232409" lon="11.326174">
        <ele>876.519114</ele>
      </trkpt>
      <trkpt lat="47.232467" lon="11.326908">
        <ele>877.16312</ele>
      </trkpt>
      <trkpt lat="47.23247" lon="11.326943">
        <ele>877.193864</ele>
      </trkpt>
      <trkpt lat="47.232501" lon="11.327696">
        <ele>877.851317</ele>
      </trkpt>
      <trkpt lat="47.232502" lon="11.328074">
        <ele>878.18075</ele>
      </trkpt>
      <trkpt lat="47.232502" lon="11.328468">
        <ele>878.524125</ele>
      </trkpt>
      <trkpt lat="47.232491" lon="11.3289">
        <ele>879.771829</ele>
      </trkpt>
      <trkpt lat="47.232322" lon="11.330477">
        <ele>884.841688</ele>
      </trkpt>
      <trkpt lat="47.232272" lon="11.331687">
        <ele>889.170681</ele>
      </trkpt>
      <trkpt lat="47.232242" lon="11.331901">
        <ele>890.059347</ele>
      </trkpt>
      <trkpt lat="47.232201" lon="11.332096">
        <ele>890.889537</ele>
      </trkpt>
      <trkpt lat="47.232155" lon="11.332252">
        <ele>891.581209</ele>
      </trkpt>
      <trkpt lat="47.232142" lon="11.332296">
        <ele>891.776357</ele>
      </trkpt>
      <trkpt lat="47.2321" lon="11.33244">
        <ele>892.413728</ele>
      </trkpt>
      <trkpt lat="47.232021" lon="11.332722">
        <ele>893.654361</ele>
      </trkpt>
      <trkpt lat="47.231985" lon="11.332863">
        <ele>894.26699</ele>
      </trkpt>
      <trkpt lat="47.231976" lon="11.332897">
        <ele>894.415399</ele>
      </trkpt>
      <trkpt lat="47.231925" lon="11.333149">
        <ele>895.484809</ele>
      </trkpt>
      <trkpt lat="47.231899" lon="11.333279">
        <ele>896.035963</ele>
      </trkpt>
      <trkpt lat="47.231857" lon="11.33354">
        <ele>897.126825</ele>
      </trkpt>
      <trkpt lat="47.231848" lon="11.333596">
        <ele>897.360864</ele>
      </trkpt>
      <trkpt lat="47.23183" lon="11.333712">
        <ele>897.828005</ele>
      </trkpt>
      <trkpt lat="47.231808" lon="11.333848">
        <ele>898.289562</ele>
      </trkpt>
      <trkpt lat="47.231781" lon="11.334019">
        <ele>898.869165</ele>
      </trkpt>
      <trkpt lat="47.231773" lon="11.334066">
        <ele>899.029132</ele>
      </trkpt>
      <trkpt lat="47.23176" lon="11.334142">
        <ele>899.287879</ele>
      </trkpt>
      <trkpt lat="47.231749" lon="11.334204">
        <ele>899.499438</ele>
      </trkpt>
      <trkpt lat="47.231728" lon="11.334337">
        <ele>899.950241</ele>
      </trkpt>
      <trkpt lat="47.231615" lon="11.334923">
        <ele>901.961372</ele>
      </trkpt>
      <trkpt lat="47.231576" lon="11.335136">
        <ele>902.689692</ele>
      </trkpt>
      <trkpt lat="47.231572" lon="11.335155">
        <ele>902.755365</ele>
      </trkpt>
      <trkpt lat="47.231458" lon="11.335689">
        <ele>904.603404</ele>
      </trkpt>
      <trkpt lat="47.231383" lon="11.336041">
        <ele>905.821377</ele>
      </trkpt>
      <trkpt lat="47.231324" lon="11.33647">
        <ele>906.829018</ele>
      </trkpt>
      <trkpt lat="47.231316" lon="11.336831">
        <ele>907.340462</ele>
      </trkpt>
      <trkpt lat="47.231315" lon="11.337639">
        <ele>908.484582</ele>
      </trkpt>
      <trkpt lat="47.231251" lon="11.338118">
        <ele>909.175846</ele>
      </trkpt>
      <trkpt lat="47.23118" lon="11.338381">
        <ele>909.576602</ele>
      </trkpt>
      <trkpt lat="47.231054" lon="11.338851">
        <ele>910.263183</ele>
      </trkpt>
      <trkpt lat="47.230907" lon="11.339463">
        <ele>910.532858</ele>
      </trkpt>
      <trkpt lat="47.230725" lon="11.340979">
        <ele>911.172406</ele>
      </trkpt>
      <trkpt lat="47.230443" lon="11.342262">
        <ele>912.183255</ele>
      </trkpt>
      <trkpt lat="47.230282" lon="11.343565">
        <ele>913.384044</ele>
      </trkpt>
      <trkpt lat="47.229873" lon="11.345477">
        <ele>915.219711</ele>
      </trkpt>
      <trkpt lat="47.229641" lon="11.347577">
        <ele>916.892872</ele>
      </trkpt>
      <trkpt lat="47.229342" lon="11.349032">
        <ele>917.892964</ele>
      </trkpt>
      <trkpt lat="47.228456" lon="11.351881">
        <ele>919.637579</ele>
      </trkpt>
      <trkpt lat="47.228316" lon="11.352847">
        <ele>918.884827</ele>
      </trkpt>
      <trkpt lat="47.228306" lon="11.353419">
        <ele>918.44877</ele>
      </trkpt>
      <trkpt lat="47.228322" lon="11.35398">
        <ele>918.020863</ele>
      </trkpt>
      <trkpt lat="47.228309" lon="11.355045">
        <ele>914.23524</ele>
      </trkpt>
      <trkpt lat="47.228289" lon="11.35553">
        <ele>912.376408</ele>
      </trkpt>
      <trkpt lat="47.228348" lon="11.355676">
        <ele>911.726455</ele>
      </trkpt>
      <trkpt lat="47.228329" lon="11.356056">
        <ele>910.268794</ele>
      </trkpt>
      <trkpt lat="47.228298" lon="11.356252">
        <ele>909.498908</ele>
      </trkpt>
      <trkpt lat="47.228493" lon="11.358399">
        <ele>899.478731</ele>
      </trkpt>
      <trkpt lat="47.228629" lon="11.359248">
        <ele>895.265721</ele>
      </trkpt>
      <trkpt lat="47.228637" lon="11.359281">
        <ele>895.096487</ele>
      </trkpt>
      <trkpt lat="47.228821" lon="11.359981">
        <ele>891.779958</ele>
      </trkpt>
      <trkpt lat="47.22889" lon="11.361043">
        <ele>887.075141</ele>
      </trkpt>
      <trkpt lat="47.229178" lon="11.363109">
        <ele>877.325646</ele>
      </trkpt>
      <trkpt lat="47.229594" lon="11.364636">
        <ele>869.470148</ele>
      </trkpt>
      <trkpt lat="47.229594" lon="11.364636">
        <ele>869.470148</ele>
      </trkpt>
      <trkpt lat="47.22976" lon="11.365791">
        <ele>863.774083</ele>
      </trkpt>
      <trkpt lat="47.229842" lon="11.36649">
        <ele>860.351617</ele>
      </trkpt>
      <trkpt lat="47.229821" lon="11.366618">
        <ele>859.716279</ele>
      </trkpt>
      <trkpt lat="47.229836" lon="11.366658">
        <ele>859.495816</ele>
      </trkpt>
      <trkpt lat="47.229942" lon="11.366937">
        <ele>857.953344</ele>
      </trkpt>
      <trkpt lat="47.229957" lon="11.366977">
        <ele>857.880393</ele>
      </trkpt>
      <trkpt lat="47.229978" lon="11.367017">
        <ele>857.808285</ele>
      </trkpt>
      <trkpt lat="47.230121" lon="11.367294">
        <ele>857.312036</ele>
      </trkpt>
      <trkpt lat="47.230142" lon="11.367334">
        <ele>857.239928</ele>
      </trkpt>
      <trkpt lat="47.230297" lon="11.367647">
        <ele>856.687445</ele>
      </trkpt>
      <trkpt lat="47.230372" lon="11.36765">
        <ele>856.52987</ele>
      </trkpt>
      <trkpt lat="47.230411" lon="11.367434">
        <ele>856.211116</ele>
      </trkpt>
      <trkpt lat="47.230455" lon="11.36742">
        <ele>856.116574</ele>
      </trkpt>
      <trkpt lat="47.230763" lon="11.367318">
        <ele>855.45355</ele>
      </trkpt>
      <trkpt lat="47.230807" lon="11.367303">
        <ele>855.358696</ele>
      </trkpt>
      <trkpt lat="47.231153" lon="11.366349">
        <ele>853.248629</ele>
      </trkpt>
      <trkpt lat="47.231195" lon="11.366304">
        <ele>852.961866</ele>
      </trkpt>
      <trkpt lat="47.231491" lon="11.365985">
        <ele>850.93677</ele>
      </trkpt>
      <trkpt lat="47.231533" lon="11.36594">
        <ele>850.650008</ele>
      </trkpt>
      <trkpt lat="47.232306" lon="11.366204">
        <ele>846.268952</ele>
      </trkpt>
      <trkpt lat="47.232324" lon="11.366204">
        <ele>846.169573</ele>
      </trkpt>
      <trkpt lat="47.232449" lon="11.366206">
        <ele>845.479397</ele>
      </trkpt>
      <trkpt lat="47.232467" lon="11.366207">
        <ele>845.379947</ele>
      </trkpt>
      <trkpt lat="47.232635" lon="11.366543">
        <ele>843.656632</ele>
      </trkpt>
      <trkpt lat="47.23273" lon="11.367424">
        <ele>839.042208</ele>
      </trkpt>
      <trkpt lat="47.232761" lon="11.367454">
        <ele>838.759621</ele>
      </trkpt>
      <trkpt lat="47.232981" lon="11.367664">
        <ele>836.762373</ele>
      </trkpt>
      <trkpt lat="47.233013" lon="11.367695">
        <ele>836.470578</ele>
      </trkpt>
      <trkpt lat="47.233019" lon="11.367675">
        <ele>836.357474</ele>
      </trkpt>
      <trkpt lat="47.233249" lon="11.367488">
        <ele>834.356019</ele>
      </trkpt>
      <trkpt lat="47.233335" lon="11.367326">
        <ele>833.29231</ele>
      </trkpt>
      <trkpt lat="47.233364" lon="11.367323">
        <ele>833.07084</ele>
      </trkpt>
      <trkpt lat="47.233512" lon="11.36731">
        <ele>831.941351</ele>
      </trkpt>
      <trkpt lat="47.233747" lon="11.367154">
        <ele>830.573453</ele>
      </trkpt>
      <trkpt lat="47.233893" lon="11.367057">
        <ele>830.664767</ele>
      </trkpt>
      <trkpt lat="47.234036" lon="11.366825">
        <ele>830.78606</ele>
      </trkpt>
      <trkpt lat="47.23404" lon="11.366803">
        <ele>830.794877</ele>
      </trkpt>
      <trkpt lat="47.23407" lon="11.366636">
        <ele>830.861748</ele>
      </trkpt>
      <trkpt lat="47.233996" lon="11.366284">
        <ele>831.004391</ele>
      </trkpt>
      <trkpt lat="47.233991" lon="11.365907">
        <ele>831.150358</ele>
      </trkpt>
      <trkpt lat="47.234248" lon="11.364287">
        <ele>834.077067</ele>
      </trkpt>
      <trkpt lat="47.234218" lon="11.363739">
        <ele>836.339999</ele>
      </trkpt>
      <trkpt lat="47.233977" lon="11.361828">
        <ele>844.550376</ele>
      </trkpt>
      <trkpt lat="47.233826" lon="11.36114">
        <ele>847.85902</ele>
      </trkpt>
      <trkpt lat="47.233432" lon="11.360283">
        <ele>852.594995</ele>
      </trkpt>
      <trkpt lat="47.233116" lon="11.360107">
        <ele>854.729978</ele>
      </trkpt>
      <trkpt lat="47.232935" lon="11.359936">
        <ele>855.469756</ele>
      </trkpt>
      <trkpt lat="47.232931" lon="11.359871">
        <ele>855.622214</ele>
      </trkpt>
      <trkpt lat="47.233208" lon="11.359523">
        <ele>856.87476</ele>
      </trkpt>
      <trkpt lat="47.233223" lon="11.359446">
        <ele>857.061881</ele>
      </trkpt>
      <trkpt lat="47.233145" lon="11.358963">
        <ele>858.221601</ele>
      </trkpt>
      <trkpt lat="47.23311" lon="11.357719">
        <ele>860.64575</ele>
      </trkpt>
      <trkpt lat="47.233018" lon="11.35725">
        <ele>860.253369</ele>
      </trkpt>
      <trkpt lat="47.233202" lon="11.357068">
        <ele>859.990998</ele>
      </trkpt>
      <trkpt lat="47.233285" lon="11.356652">
        <ele>859.642497</ele>
      </trkpt>
      <trkpt lat="47.233277" lon="11.356438">
        <ele>859.470231</ele>
      </trkpt>
      <trkpt lat="47.233401" lon="11.356344">
        <ele>859.305146</ele>
      </trkpt>
      <trkpt lat="47.233379" lon="11.356048">
        <ele>859.065812</ele>
      </trkpt>
      <trkpt lat="47.233006" lon="11.355267">
        <ele>857.301081</ele>
      </trkpt>
      <trkpt lat="47.23293" lon="11.354787">
        <ele>855.750678</ele>
      </trkpt>
      <trkpt lat="47.232827" lon="11.354559">
        <ele>854.889249</ele>
      </trkpt>
      <trkpt lat="47.232834" lon="11.354419">
        <ele>854.447669</ele>
      </trkpt>
      <trkpt lat="47.233027" lon="11.354387">
        <ele>853.54793</ele>
      </trkpt>
      <trkpt lat="47.233321" lon="11.354733">
        <ele>851.804493</ele>
      </trkpt>
      <trkpt lat="47.233596" lon="11.354963">
        <ele>850.339428</ele>
      </trkpt>
      <trkpt lat="47.233642" lon="11.354928">
        <ele>850.206532</ele>
      </trkpt>
      <trkpt lat="47.233433" lon="11.354007">
        <ele>848.717699</ele>
      </trkpt>
      <trkpt lat="47.233437" lon="11.353706">
        <ele>848.256121</ele>
      </trkpt>
      <trkpt lat="47.233499" lon="11.353684">
        <ele>848.112121</ele>
      </trkpt>
      <trkpt lat="47.233646" lon="11.353791">
        <ele>847.741872</ele>
      </trkpt>
      <trkpt lat="47.233919" lon="11.35399">
        <ele>847.054074</ele>
      </trkpt>
      <trkpt lat="47.234019" lon="11.354014">
        <ele>846.825299</ele>
      </trkpt>
      <trkpt lat="47.234148" lon="11.353878">
        <ele>846.467082</ele>
      </trkpt>
      <trkpt lat="47.234299" lon="11.353205">
        <ele>846.098787</ele>
      </trkpt>
      <trkpt lat="47.234344" lon="11.352355">
        <ele>845.875272</ele>
      </trkpt>
      <trkpt lat="47.234398" lon="11.352308">
        <ele>845.851054</ele>
      </trkpt>
      <trkpt lat="47.234433" lon="11.351956">
        <ele>845.757788</ele>
      </trkpt>
      <trkpt lat="47.234636" lon="11.351752">
        <ele>845.662902</ele>
      </trkpt>
      <trkpt lat="47.234671" lon="11.351433">
        <ele>845.578188</ele>
      </trkpt>
      <trkpt lat="47.234831" lon="11.350838">
        <ele>843.526483</ele>
      </trkpt>
      <trkpt lat="47.234819" lon="11.350738">
        <ele>843.146896</ele>
      </trkpt>
      <trkpt lat="47.234955" lon="11.350392">
        <ele>841.652492</ele>
      </trkpt>
      <trkpt lat="47.23501" lon="11.349982">
        <ele>840.090315</ele>
      </trkpt>
      <trkpt lat="47.235173" lon="11.350515">
        <ele>837.905246</ele>
      </trkpt>
      <trkpt lat="47.235304" lon="11.350495">
        <ele>837.180211</ele>
      </trkpt>
      <trkpt lat="47.23567" lon="11.350535">
        <ele>835.250315</ele>
      </trkpt>
      <trkpt lat="47.235815" lon="11.349602">
        <ele>832.332255</ele>
      </trkpt>
      <trkpt lat="47.236034" lon="11.3485">
        <ele>828.831575</ele>
      </trkpt>
      <trkpt lat="47.236098" lon="11.348299">
        <ele>828.154741</ele>
      </trkpt>
      <trkpt lat="47.236136" lon="11.348381">
        <ele>827.852066</ele>
      </trkpt>
      <trkpt lat="47.236134" lon="11.348921">
        <ele>828.010354</ele>
      </trkpt>
      <trkpt lat="47.236146" lon="11.349193">
        <ele>828.274952</ele>
      </trkpt>
      <trkpt lat="47.23692" lon="11.350739">
        <ele>830.139574</ele>
      </trkpt>
      <trkpt lat="47.237115" lon="11.351529">
        <ele>834.158785</ele>
      </trkpt>
      <trkpt lat="47.237498" lon="11.352217">
        <ele>838.439898</ele>
      </trkpt>
      <trkpt lat="47.237679" lon="11.352771">
        <ele>841.398266</ele>
      </trkpt>
      <trkpt lat="47.237718" lon="11.35324">
        <ele>843.429568</ele>
      </trkpt>
      <trkpt lat="47.23776" lon="11.353581">
        <ele>844.578151</ele>
      </trkpt>
      <trkpt lat="47.237939" lon="11.353875">
        <ele>845.886904</ele>
      </trkpt>
      <trkpt lat="47.238126" lon="11.353945">
        <ele>846.828724</ele>
      </trkpt>
      <trkpt lat="47.238319" lon="11.354072">
        <ele>847.86056</ele>
      </trkpt>
      <trkpt lat="47.238421" lon="11.354197">
        <ele>848.508259</ele>
      </trkpt>
      <trkpt lat="47.238457" lon="11.354285">
        <ele>848.848753</ele>
      </trkpt>
      <trkpt lat="47.238708" lon="11.3549">
        <ele>851.226852</ele>
      </trkpt>
      <trkpt lat="47.238744" lon="11.354988">
        <ele>851.567344</ele>
      </trkpt>
      <trkpt lat="47.23902" lon="11.355513">
        <ele>850.596708</ele>
      </trkpt>
      <trkpt lat="47.238976" lon="11.355819">
        <ele>850.064119</ele>
      </trkpt>
      <trkpt lat="47.238985" lon="11.35588">
        <ele>849.957829</ele>
      </trkpt>
      <trkpt lat="47.239048" lon="11.356309">
        <ele>849.21047</ele>
      </trkpt>
      <trkpt lat="47.239057" lon="11.356371">
        <ele>849.102516</ele>
      </trkpt>
      <trkpt lat="47.23909" lon="11.356497">
        <ele>848.872564</ele>
      </trkpt>
      <trkpt lat="47.23932" lon="11.357384">
        <ele>847.255856</ele>
      </trkpt>
      <trkpt lat="47.239353" lon="11.357511">
        <ele>846.913564</ele>
      </trkpt>
      <trkpt lat="47.239393" lon="11.357608">
        <ele>846.56509</ele>
      </trkpt>
      <trkpt lat="47.239678" lon="11.358291">
        <ele>844.103508</ele>
      </trkpt>
      <trkpt lat="47.239719" lon="11.358389">
        <ele>843.750056</ele>
      </trkpt>
      <trkpt lat="47.239944" lon="11.359024">
        <ele>841.550734</ele>
      </trkpt>
      <trkpt lat="47.240169" lon="11.35966">
        <ele>839.348696</ele>
      </trkpt>
      <trkpt lat="47.240131" lon="11.360405">
        <ele>838.227032</ele>
      </trkpt>
      <trkpt lat="47.240157" lon="11.360863">
        <ele>837.654318</ele>
      </trkpt>
      <trkpt lat="47.240193" lon="11.361027">
        <ele>837.439538</ele>
      </trkpt>
      <trkpt lat="47.240191" lon="11.361425">
        <ele>836.94357</ele>
      </trkpt>
      <trkpt lat="47.240198" lon="11.361675">
        <ele>836.631776</ele>
      </trkpt>
      <trkpt lat="47.240283" lon="11.361856">
        <ele>836.35753</ele>
      </trkpt>
      <trkpt lat="47.240408" lon="11.36218">
        <ele>835.893156</ele>
      </trkpt>
      <trkpt lat="47.240442" lon="11.36222">
        <ele>835.813289</ele>
      </trkpt>
      <trkpt lat="47.240519" lon="11.362234">
        <ele>835.778726</ele>
      </trkpt>
      <trkpt lat="47.240814" lon="11.362314">
        <ele>836.296039</ele>
      </trkpt>
      <trkpt lat="47.240852" lon="11.36241">
        <ele>836.426153</ele>
      </trkpt>
      <trkpt lat="47.240974" lon="11.362447">
        <ele>836.640971</ele>
      </trkpt>
      <trkpt lat="47.241072" lon="11.362505">
        <ele>836.823116</ele>
      </trkpt>
      <trkpt lat="47.241112" lon="11.36253">
        <ele>836.898055</ele>
      </trkpt>
      <trkpt lat="47.241145" lon="11.362592">
        <ele>836.990298</ele>
      </trkpt>
      <trkpt lat="47.241393" lon="11.363166">
        <ele>837.786928</ele>
      </trkpt>
      <trkpt lat="47.241601" lon="11.363819">
        <ele>838.63147</ele>
      </trkpt>
      <trkpt lat="47.241621" lon="11.363866">
        <ele>838.696417</ele>
      </trkpt>
      <trkpt lat="47.241784" lon="11.364252">
        <ele>838.702204</ele>
      </trkpt>
      <trkpt lat="47.241825" lon="11.364327">
        <ele>838.666636</ele>
      </trkpt>
      <trkpt lat="47.241878" lon="11.364636">
        <ele>838.54891</ele>
      </trkpt>
      <trkpt lat="47.241947" lon="11.365276">
        <ele>838.309544</ele>
      </trkpt>
      <trkpt lat="47.24216" lon="11.365793">
        <ele>838.086161</ele>
      </trkpt>
      <trkpt lat="47.24221" lon="11.366016">
        <ele>837.999414</ele>
      </trkpt>
      <trkpt lat="47.242192" lon="11.366568">
        <ele>836.714526</ele>
      </trkpt>
      <trkpt lat="47.242422" lon="11.36645">
        <ele>833.957364</ele>
      </trkpt>
      <trkpt lat="47.242642" lon="11.366471">
        <ele>831.461604</ele>
      </trkpt>
      <trkpt lat="47.242688" lon="11.366449">
        <ele>830.914093</ele>
      </trkpt>
      <trkpt lat="47.242945" lon="11.366325">
        <ele>827.852588</ele>
      </trkpt>
      <trkpt lat="47.243375" lon="11.366422">
        <ele>822.927967</ele>
      </trkpt>
      <trkpt lat="47.243663" lon="11.366232">
        <ele>819.355564</ele>
      </trkpt>
      <trkpt lat="47.243762" lon="11.366259">
        <ele>818.215775</ele>
      </trkpt>
      <trkpt lat="47.243991" lon="11.366169">
        <ele>814.305975</ele>
      </trkpt>
      <trkpt lat="47.244124" lon="11.366016">
        <ele>811.197143</ele>
      </trkpt>
      <trkpt lat="47.24457" lon="11.36575">
        <ele>802.332839</ele>
      </trkpt>
      <trkpt lat="47.244717" lon="11.365548">
        <ele>798.629344</ele>
      </trkpt>
      <trkpt lat="47.244731" lon="11.365386">
        <ele>796.586963</ele>
      </trkpt>
      <trkpt lat="47.244775" lon="11.365524">
        <ele>794.680212</ele>
      </trkpt>
      <trkpt lat="47.244827" lon="11.365346">
        <ele>792.256713</ele>
      </trkpt>
      <trkpt lat="47.244894" lon="11.365487">
        <ele>790.104261</ele>
      </trkpt>
      <trkpt lat="47.244912" lon="11.3652">
        <ele>786.499662</ele>
      </trkpt>
      <trkpt lat="47.244991" lon="11.365429">
        <ele>783.499105</ele>
      </trkpt>
      <trkpt lat="47.245004" lon="11.365117">
        <ele>780.367353</ele>
      </trkpt>
      <trkpt lat="47.245087" lon="11.365343">
        <ele>777.793002</ele>
      </trkpt>
      <trkpt lat="47.245082" lon="11.365041">
        <ele>774.766426</ele>
      </trkpt>
      <trkpt lat="47.245192" lon="11.365267">
        <ele>771.980346</ele>
      </trkpt>
      <trkpt lat="47.245157" lon="11.364986">
        <ele>769.118075</ele>
      </trkpt>
      <trkpt lat="47.245243" lon="11.365197">
        <ele>766.652368</ele>
      </trkpt>
      <trkpt lat="47.245265" lon="11.365251">
        <ele>766.021406</ele>
      </trkpt>
      <trkpt lat="47.245244" lon="11.364955">
        <ele>763.039701</ele>
      </trkpt>
      <trkpt lat="47.245338" lon="11.365233">
        <ele>759.92812</ele>
      </trkpt>
      <trkpt lat="47.245298" lon="11.36486">
        <ele>755.743956</ele>
      </trkpt>
      <trkpt lat="47.245446" lon="11.365145">
        <ele>751.282675</ele>
      </trkpt>
      <trkpt lat="47.24541" lon="11.364818">
        <ele>747.163949</ele>
      </trkpt>
      <trkpt lat="47.245516" lon="11.36505">
        <ele>743.687025</ele>
      </trkpt>
      <trkpt lat="47.245528" lon="11.364802">
        <ele>740.595809</ele>
      </trkpt>
      <trkpt lat="47.245648" lon="11.365182">
        <ele>735.3851</ele>
      </trkpt>
      <trkpt lat="47.245732" lon="11.366116">
        <ele>723.252756</ele>
      </trkpt>
      <trkpt lat="47.245744" lon="11.366142">
        <ele>722.725029</ele>
      </trkpt>
      <trkpt lat="47.245786" lon="11.366108">
        <ele>721.540062</ele>
      </trkpt>
      <trkpt lat="47.246247" lon="11.365973">
        <ele>709.918402</ele>
      </trkpt>
      <trkpt lat="47.246461" lon="11.36603">
        <ele>704.541274</ele>
      </trkpt>
      <trkpt lat="47.246686" lon="11.366557">
        <ele>694.091552</ele>
      </trkpt>
      <trkpt lat="47.246901" lon="11.366568">
        <ele>688.772294</ele>
      </trkpt>
      <trkpt lat="47.24695" lon="11.366432">
        <ele>686.187954</ele>
      </trkpt>
      <trkpt lat="47.24713" lon="11.366252">
        <ele>680.808701</ele>
      </trkpt>
      <trkpt lat="47.247353" lon="11.366188">
        <ele>680.393676</ele>
      </trkpt>
      <trkpt lat="47.247424" lon="11.366027">
        <ele>680.393676</ele>
      </trkpt>
      <trkpt lat="47.247715" lon="11.365703">
        <ele>680.393676</ele>
      </trkpt>
      <trkpt lat="47.247747" lon="11.365588">
        <ele>680.393676</ele>
      </trkpt>
      <trkpt lat="47.247961" lon="11.365631">
        <ele>680.393676</ele>
      </trkpt>
      <trkpt lat="47.248115" lon="11.365582">
        <ele>680.393676</ele>
      </trkpt>
      <trkpt lat="47.248165" lon="11.36522">
        <ele>680.393676</ele>
      </trkpt>
      <trkpt lat="47.248188" lon="11.365187">
        <ele>680.393676</ele>
      </trkpt>
      <trkpt lat="47.248279" lon="11.365341">
        <ele>680.393676</ele>
      </trkpt>
    </trkseg>
  </trk>
</gpx>