{"type": "block", "layer": 3, "block": 1, "features": [{"geom": {"lines": [[[49.22020576057548, -12.701649632683257, 664.8437133789063], [54.20327972114319, -10.311725678649964, 666.0845581054688], [57.98237582149159, -11.245884265226778, 665.7884765625], [63.88455961876025, -13.623742485739058, 664.8822265625], [78.66124998881423, -20.672393639280926, 663.4431396484375], [84.52097203211451, -22.031169765250525, 663.2166381835938], [90.12592355179368, -22.54071081249276, 662.7406860351563], [99.04289187854738, -22.62563432037132, 660.7458740234375], [108.63924826830043, -20.927164162887493, 660.078759765625], [111.67916125958436, -20.767828329087934, 659.70888671875], [114.9235878509644, -22.455787304614205, 658.764306640625]]], "w": 2, "h": 0.5}, "mtl": 0, "prop": ["159", "NULL", "Trail", "NULL", "NULL", "1", "0", "69", "665", "-9", "NULL", "659", "NULL", "2 508", "29,7", "57", "1"]}, {"geom": {"lines": [[[114.9235878509644, -22.455787304614205, 658.764306640625], [113.8660431704775, -25.947285486472538, 656.6904541015625], [110.58572030412324, -28.01906834944384, 655.1670166015625], [106.00661952421069, -29.419514950277517, 654.790673828125], [102.18506166987936, -31.117985107761342, 654.43984375], [98.0238097840629, -32.81645526524517, 654.5155883789063], [92.16408774076262, -35.364160501456354, 655.1460815429688], [88.00283585494617, -35.2792369935778, 655.3839965820313], [81.97326679590333, -34.76969594633556, 654.6929565429688], [77.38739737070864, -34.34507840697188, 654.5631958007813], [63.88455961876025, -32.39183772585238, 654.2014404296875], [61.33685438251996, -33.623228590004146, 653.3926025390625]]], "w": 2, "h": 0.5}, "mtl": 0, "prop": ["160", "NULL", "Trail", "NULL", "NULL", "1", "0", "59", "659", "-9", "NULL", "653", "NULL", "2 508", "30,8", "60", "1"]}, {"geom": {"lines": [[[61.33685438251996, -33.623228590004146, 653.3926025390625], [62.186089461276424, -37.147554166818736, 651.3382202148438], [68.71524441952351, -40.203581452457, 649.8318725585938], [77.64558491742355, -43.62263259280007, 648.4150024414063], [86.81945814560459, -44.74139762061532, 649.5920043945313], [94.88163999273092, -44.87559338333085, 650.0581298828125], [104.60782208804449, -41.4969790399191, 648.7029663085938], [109.57340685490635, -40.034953434515046, 648.6726928710938], [114.22219462231442, -40.0984032448614, 648.2424560546875], [117.13799039970036, -42.39199106217711, 646.8218017578125]]], "w": 2, "h": 0.5}, "mtl": 0, "prop": ["162", "NULL", "Trail", "NULL", "NULL", "1", "0", "62", "653", "-11", "NULL", "647", "NULL", "2 508", "28,7", "55", "1"]}, {"geom": {"lines": [[[-1.124715162673965, -95.7976089422882, 625.5686889648438], [-15.990743990943884, -93.59657069342211, 624.9877563476563], [-28.83614754160226, -94.39038776679081, 624.4876953125], [-43.86454804397363, -101.78731958661228, 623.268701171875]]], "w": 2, "h": 0.5}, "mtl": 0, "prop": ["166", "NULL", "Trail", "NULL", "NULL", "1", "0", "45", "625", "-5", "NULL", "623", "NULL", "2 508", "6,2", "11", "1"]}, {"geom": {"lines": [[[-4.59535738111299, -112.71134444730706, 615.9553466796875], [-7.258274664884084, -109.03613664460136, 617.011865234375], [-9.558655093584093, -106.62621429073624, 617.8479858398438], [-13.860985432271264, -104.83357664963114, 618.6062866210938], [-18.781657240149798, -103.60340869764332, 619.25625], [-23.259628966989112, -103.60340869764332, 619.5990844726563], [-27.335533183970256, -103.72328823345015, 619.9715209960938], [-33.412699055086705, -106.82388306566281, 619.8483520507813], [-33.42287529575697, -106.82902299900888, 619.8484130859375], [-40.345843550690915, -110.29050712648313, 619.8616577148438], [-43.509248628048226, -112.44162257906282, 619.78798828125], [-47.64015569903131, -115.28162119037006, 619.6751953125], [-51.85362865147181, -118.379763067147, 619.4621826171875], [-53.669887368465425, -120.92252527095843, 619.1676879882813], [-53.80338250452769, -121.08274019698729, 619.1518188476563], [-53.95916152828431, -121.22138603945496, 619.1463256835938], [-56.16501652696752, -122.9082163325802, 619.071923828125], [-56.4249391889025, -123.06554565930855, 619.0725952148438], [-56.71264790928399, -123.16319810139248, 619.0859619140625], [-60.52026940669748, -122.57281385321403, 619.6477294921875]]], "w": 2, "h": 0.5}, "mtl": 1, "prop": ["167", "NULL", "UH", "NULL", "NULL", "1", "0", "66", "616", "5", "NULL", "620", "NULL", "1 440", "16,7", "30", "1"]}, {"geom": {"lines": [[[-60.52026940669748, -122.57281385321403, 619.6477294921875], [-60.77978175948374, -119.84793414894375, 620.0633178710938], [-56.10855940931651, -114.00890621123835, 621.064111328125], [-53.513435881453915, -111.41378268337576, 621.5991455078125], [-52.734898823095136, -108.04012209712528, 622.4657836914063], [-52.21587411752262, -105.57475474567036, 623.2387939453125], [-54.80977044503379, -102.74736163252965, 623.8879028320313]]], "w": 2, "h": 0.5}, "mtl": 0, "prop": ["168", "NULL", "Trail", "NULL", "NULL", "1", "0", "24", "620", "18", "NULL", "624", "NULL", "2 508", "14,7", "26", "0"]}, {"geom": {"lines": [[[16.165630841831444, -108.5591468026978, 617.5623413085938], [13.375873049357324, -107.58597547965473, 618.1169067382813], [12.662214079202386, -105.8342670983402, 619.1662841796875], [13.375873049342772, -104.53670533446711, 619.85537109375], [20.18807231001847, -101.74694754194934, 621.0429931640625], [32.77442142018117, -99.02206783770816, 622.44765625], [45.10125817755761, -96.42694430984557, 623.7553955078125], [47.43686935263395, -95.38889489870053, 624.2281127929688], [51.589066997228656, -93.83182078198297, 624.8544555664063], [60.93151169756311, -91.75572195969289, 625.2478881835938], [63.26712287263945, -90.71767254854785, 625.5872436523438], [73.9071293369052, -88.18742710881634, 625.610986328125], [79.03249830445566, -85.72205975736142, 626.2279907226563], [81.43298756772128, -82.73766770030488, 627.2067504882813], [84.09298918378772, -77.417664468172, 629.6112915039063], [82.27640271424025, -75.93010258881259, 629.837060546875]]], "w": 2, "h": 0.5}, "mtl": 1, "prop": ["169", "NULL", "UH", "NULL", "NULL", "1", "0", "87", "618", "14", "NULL", "630", "NULL", "1 440", "23,4", "45", "1"]}, {"geom": {"lines": [[[65.27834360675479, -109.7918304783525, 616.834130859375], [67.484198605438, -112.64646635903046, 615.5591064453125], [75.39932536544802, -112.25719782980741, 615.3557373046875], [83.83347683103057, -109.53231812556623, 615.4765869140625], [88.76421153398405, -109.01329341999372, 614.6654296875], [93.43543388415128, -109.01329341999372, 613.6435180664063], [100.57202358578797, -107.845487832441, 612.9934936523438], [105.89202681792085, -106.41816989210201, 612.915185546875], [110.30373681530182, -106.41816989210201, 612.3462158203125], [116.40227710579347, -106.41816989210201, 612.1944213867188], [121.85203651431948, -105.50987665736466, 612.2796264648438], [126.9125273936661, -104.73133959900588, 612.4170166015625], [131.06472503824625, -104.34207106981194, 612.3893676757813], [134.30862944808905, -106.15865753931575, 611.1567016601563]]], "w": 2, "h": 0.5}, "mtl": 0, "prop": ["170", "NULL", "Trail", "NULL", "NULL", "1", "0", "72", "617", "-8", "NULL", "611", "NULL", "2 508", "23,3", "43", "1"]}, {"geom": {"lines": [[[134.30862944808905, -106.15865753931575, 611.1567016601563], [132.55692106678907, -109.66207430197392, 609.87099609375], [123.13238630381238, -113.39114658415201, 608.7891479492188], [114.43872248545813, -114.42919599529705, 608.99990234375], [106.47592961169721, -115.17671179867466, 609.6109252929688], [101.76555664911575, -119.0657608434849, 609.0169311523438], [96.22519167661085, -119.4586656196625, 609.8052001953125], [89.47787050410989, -123.3513509115146, 609.6900268554688], [88.89357946722885, -125.38031568744918, 609.1245361328125], [85.8172578765807, -127.24229980810196, 608.9757934570313], [79.34079136997752, -130.88531221807352, 608.0346313476563], [77.73493654053891, -133.6669669347757, 607.0041137695313]]], "w": 2, "h": 0.5}, "mtl": 0,