<?xml version="1.0" encoding="UTF-8"?>
<gpx creator="StravaGPX" version="1.1" xmlns="http://www.topografix.com/GPX/1/1" xmlns:xsi="http://www.w3.org/2001/XMLSchema-instance" xsi:schemaLocation="http://www.topografix.com/GPX/1/1 http://www.topografix.com/GPX/1/1/gpx.xsd">
 <metadata>
  <name>El Camino de la Paz 2026</name>
  <author>
   <name>Willi Hofer</name>
   <link href="https://www.strava.com/athletes/23219157"/>
  </author>
  <copyright author="OpenStreetMap contributors">
   <year>2020</year>
   <license>https://www.openstreetmap.org/copyright</license>
  </copyright>
  <link href="https://www.strava.com/routes/3538464551158113294"/>
 </metadata>
 <trk>
  <name>El Camino de la Paz 2026</name>
  <link href="https://www.strava.com/routes/3538464551158113294"/>
  <type>mountain_biking</type>
  <trkseg>
   <trkpt lat="47.157920000000004" lon="10.589630000000001">
    <ele>768.94</ele>
   </trkpt>
   <trkpt lat="47.15775000000001" lon="10.58957">
    <ele>769.1600000000001</ele>
   </trkpt>
   <trkpt lat="47.15771" lon="10.5897">
    <ele>769.0600000000001</ele>
   </trkpt>
   <trkpt lat="47.157500000000006" lon="10.589580000000002">
    <ele>768.9300000000001</ele>
   </trkpt>
   <trkpt lat="47.157430000000005" lon="10.590000000000002">
    <ele>768.9100000000001</ele>
   </trkpt>
   <trkpt lat="47.15726" lon="10.590140000000002">
    <ele>768.88</ele>
   </trkpt>
   <trkpt lat="47.15657" lon="10.59055">
    <ele>770.0400000000001</ele>
   </trkpt>
   <trkpt lat="47.15608" lon="10.590720000000001">
    <ele>771.8100000000001</ele>
   </trkpt>
   <trkpt lat="47.15589000000001" lon="10.59101">
    <ele>773.5200000000001</ele>
   </trkpt>
   <trkpt lat="47.15583" lon="10.59102">
    <ele>773.5200000000001</ele>
   </trkpt>
   <trkpt lat="47.155730000000005" lon="10.590990000000001">
    <ele>774.22</ele>
   </trkpt>
   <trkpt lat="47.15563" lon="10.59087">
    <ele>776.14</ele>
   </trkpt>
   <trkpt lat="47.15556" lon="10.59083">
    <ele>776.14</ele>
   </trkpt>
   <trkpt lat="47.155480000000004" lon="10.59084">
    <ele>776.9800000000001</ele>
   </trkpt>
   <trkpt lat="47.155370000000005" lon="10.59088">
    <ele>777.95</ele>
   </trkpt>
   <trkpt lat="47.155150000000006" lon="10.59107">
    <ele>781.3000000000001</ele>
   </trkpt>
   <trkpt lat="47.15507" lon="10.591270000000002">
    <ele>783.4200000000001</ele>
   </trkpt>
   <trkpt lat="47.15505" lon="10.591550000000002">
    <ele>784.7400000000001</ele>
   </trkpt>
   <trkpt lat="47.15505" lon="10.591940000000001">
    <ele>786.71</ele>
   </trkpt>
   <trkpt lat="47.15523" lon="10.59271">
    <ele>788.0100000000001</ele>
   </trkpt>
   <trkpt lat="47.15534" lon="10.592880000000001">
    <ele>788.73</ele>
   </trkpt>
   <trkpt lat="47.15551000000001" lon="10.59307">
    <ele>790.63</ele>
   </trkpt>
   <trkpt lat="47.15594000053541" lon="10.593364997720384">
    <ele>794.34</ele>
   </trkpt>
   <trkpt lat="47.15637" lon="10.593660000000002">
    <ele>801.48</ele>
   </trkpt>
   <trkpt lat="47.157180000000004" lon="10.59403">
    <ele>811.27</ele>
   </trkpt>
   <trkpt lat="47.15739000000001" lon="10.594190000000001">
    <ele>815.5100000000001</ele>
   </trkpt>
   <trkpt lat="47.157610000000005" lon="10.59448">
    <ele>821.23</ele>
   </trkpt>
   <trkpt lat="47.15775000000001" lon="10.59459">
    <ele>822.3300000000002</ele>
   </trkpt>
   <trkpt lat="47.15787" lon="10.59464">
    <ele>823.3900000000001</ele>
   </trkpt>
   <trkpt lat="47.15813000000001" lon="10.594690000000002">
    <ele>827.12</ele>
   </trkpt>
   <trkpt lat="47.158950000000004" lon="10.595160000000002">
    <ele>839.1500000000001</ele>
   </trkpt>
   <trkpt lat="47.15926" lon="10.595220000000001">
    <ele>843.2400000000001</ele>
   </trkpt>
   <trkpt lat="47.15952" lon="10.59533">
    <ele>847.71</ele>
   </trkpt>
   <trkpt lat="47.15968" lon="10.595360000000001">
    <ele>847.71</ele>
   </trkpt>
   <trkpt lat="47.16002" lon="10.59529">
    <ele>852.6600000000001</ele>
   </trkpt>
   <trkpt lat="47.16017" lon="10.595320000000001">
    <ele>854.25</ele>
   </trkpt>
   <trkpt lat="47.160320000000006" lon="10.59539">
    <ele>854.9700000000001</ele>
   </trkpt>
   <trkpt lat="47.16053" lon="10.59558">
    <ele>855.9700000000001</ele>
   </trkpt>
   <trkpt lat="47.16077000000001" lon="10.595730000000001">
    <ele>859.23</ele>
   </trkpt>
   <trkpt lat="47.16104000000001" lon="10.5958">
    <ele>861.2700000000001</ele>
   </trkpt>
   <trkpt lat="47.161100000000005" lon="10.595790000000001">
    <ele>861.2700000000001</ele>
   </trkpt>
   <trkpt lat="47.16133000000001" lon="10.595690000000001">
    <ele>862.7</ele>
   </trkpt>
   <trkpt lat="47.161550000000005" lon="10.59571">
    <ele>864.2</ele>
   </trkpt>
   <trkpt lat="47.16211000115111" lon="10.596209994786195">
    <ele>873.07</ele>
   </trkpt>
   <trkpt lat="47.162670000000006" lon="10.596710000000002">
    <ele>881.1600000000001</ele>
   </trkpt>
   <trkpt lat="47.162780000000005" lon="10.596870000000001">
    <ele>884.46</ele>
   </trkpt>
   <trkpt lat="47.16277" lon="10.596960000000001">
    <ele>885.4900000000001</ele>
   </trkpt>
   <trkpt lat="47.16272000000001" lon="10.596990000000002">
    <ele>885.4900000000001</ele>
   </trkpt>
   <trkpt lat="47.162620000000004" lon="10.59698">
    <ele>887.9300000000001</ele>
   </trkpt>
   <trkpt lat="47.16234" lon="10.59689">
    <ele>890.47</ele>
   </trkpt>
   <trkpt lat="47.162240000000004" lon="10.596900000000002">
    <ele>891.46</ele>
   </trkpt>
   <trkpt lat="47.161930000000005" lon="10.597040000000002">
    <ele>896.3700000000001</ele>
   </trkpt>
   <trkpt lat="47.16179" lon="10.597040000000002">
    <ele>896.3700000000001</ele>
   </trkpt>
   <trkpt lat="47.161590000000004" lon="10.596990000000002">
    <ele>899.38</ele>
   </trkpt>
   <trkpt lat="47.16156" lon="10.597010000000001">
    <ele>900.5400000000001</ele>
   </trkpt>
   <trkpt lat="47.161530000000006" lon="10.59707">
    <ele>901.07</ele>
   </trkpt>
   <trkpt lat="47.161530000000006" lon="10.597150000000001">
    <ele>901.5400000000001</ele>
   </trkpt>
   <trkpt lat="47.161570000000005" lon="10.59721">
    <ele>901.5400000000001</ele>
   </trkpt>
   <trkpt lat="47.16165" lon="10.597270000000002">
    <ele>902.82</ele>
   </trkpt>
   <trkpt lat="47.162400000000005" lon="10.597570000000001">
    <ele>912.93</ele>
   </trkpt>
   <trkpt lat="47.16284" lon="10.597710000000001">
    <ele>918.9</ele>
   </trkpt>
   <trkpt lat="47.16299" lon="10.597880000000002">
    <ele>921.44</ele>
   </trkpt>
   <trkpt lat="47.16344000157531" lon="10.598484994852095">
    <ele>928.2</ele>
   </trkpt>
   <trkpt lat="47.16389" lon="10.59909">
    <ele>936.8000000000001</ele>
   </trkpt>
   <trkpt lat="47.164260000000006" lon="10.599630000000001">
    <ele>942.5100000000001</ele>
   </trkpt>
   <trkpt lat="47.16433000000001" lon="10.59988">
    <ele>945.44</ele>
   </trkpt>
   <trkpt lat="47.16446500397466" lon="10.600834997619357">
    <ele>953.44</ele>
   </trkpt>
   <trkpt lat="47.16460000000001" lon="10.601790000000001">
    <ele>959.1100000000001</ele>
   </trkpt>
   <trkpt lat="47.1647" lon="10.602260000000001">
    <ele>961.8100000000001</ele>
   </trkpt>
   <trkpt lat="47.16499" lon="10.603200000000001">
    <ele>971.9900000000001</ele>
   </trkpt>
   <trkpt lat="47.16503" lon="10.60341">
    <ele>973.4800000000001</ele>
   </trkpt>
   <trkpt lat="47.16512" lon="10.6042">
    <ele>974.59</ele>
   </trkpt>
   <trkpt lat="47.16516000000001" lon="10.604320000000001">
    <ele>974.59</ele>
   </trkpt>
   <trkpt lat="47.165440000000004" lon="10.60548">
    <ele>973.7</ele>
   </trkpt>
   <trkpt lat="47.165470000000006" lon="10.605960000000001">
    <ele>973.2900000000001</ele>
   </trkpt>
   <trkpt lat="47.16548" lon="10.606660000000002">
    <ele>972.5300000000001</ele>
   </trkpt>
   <trkpt lat="47.16592000000001" lon="10.606800000000002">
    <ele>967.72</ele>
   </trkpt>
   <trkpt lat="47.16651" lon="10.607510000000001">
    <ele>957.37</ele>
   </trkpt>
   <trkpt lat="47.166790000000006" lon="10.607930000000001">
    <ele>953.4300000000001</ele>
   </trkpt>
   <trkpt lat="47.166940000000004" lon="10.608070000000001">
    <ele>950.1400000000001</ele>
   </trkpt>
   <trkpt lat="47.167100000000005" lon="10.608160000000002">
    <ele>948.24</ele>
   </trkpt>
   <trkpt lat="47.167190000000005" lon="10.60829">
    <ele>946.19</ele>
   </trkpt>
   <trkpt lat="47.16733000000001" lon="10.60843">
    <ele>941.73</ele>
   </trkpt>
   <trkpt lat="47.167500000000004" lon="10.608740000000001">
    <ele>937.5000000000001</ele>
   </trkpt>
   <trkpt lat="47.16785" lon="10.609530000000001">
    <ele>930.7800000000001</ele>
   </trkpt>
   <trkpt lat="47.168130000000005" lon="10.610280000000001">
    <ele>924.9200000000001</ele>
   </trkpt>
   <trkpt lat="47.16827000000001" lon="10.610550000000002">
    <ele>923.5200000000001</ele>
   </trkpt>
   <trkpt lat="47.16852" lon="10.61072">
    <ele>919.5600000000001</ele>
   </trkpt>
   <trkpt lat="47.16864" lon="10.61091">
    <ele>918.2900000000001</ele>
   </trkpt>
   <trkpt lat="47.16868" lon="10.61119">
    <ele>914.9100000000001</ele>
   </trkpt>
   <trkpt lat="47.16899" lon="10.611590000000001">
    <ele>912.33</ele>
   </trkpt>
   <trkpt lat="47.16924" lon="10.612350000000001">
    <ele>914.95</ele>
   </trkpt>
   <trkpt lat="47.16944" lon="10.61289">
    <ele>916.5200000000001</ele>
   </trkpt>
   <trkpt lat="47.169410000000006" lon="10.613430000000001">
    <ele>918.76</ele>
   </trkpt>
   <trkpt lat="47.16953" lon="10.613900000000001">
    <ele>920.9300000000001</ele>
   </trkpt>
   <trkpt lat="47.16983500196486" lon="10.614549996537278">
    <ele>923.94</ele>
   </trkpt>
   <trkpt lat="47.17014" lon="10.615200000000002">
    <ele>923.4000000000001</ele>
   </trkpt>
   <trkpt lat="47.17043" lon="10.61551">
    <ele>920.0400000000001</ele>
   </trkpt>
   <trkpt lat="47.17063" lon="10.61599">
    <ele>913.5400000000001</ele>
   </trkpt>
   <trkpt lat="47.17089000000001" lon="10.61622">
    <ele>907.23</ele>
   </trkpt>
   <trkpt lat="47.171255001161356" lon="10.616734996471095">
    <ele>900.44</ele>
   </trkpt>
   <trkpt lat="47.171620000000004" lon="10.61725">
    <ele>897.1000000000001</ele>
   </trkpt>
   <trkpt lat="47.17227500224299" lon="10.617964991202124">
    <ele>898.5500000000001</ele>
   </trkpt>
   <trkpt lat="47.17293" lon="10.618680000000001">
    <ele>904.17</ele>
   </trkpt>
   <trkpt lat="47.17307" lon="10.61904">
    <ele>905.95</ele>
   </trkpt>
   <trkpt lat="47.173460000000006" lon="10.61949">
    <ele>909.72</ele>
   </trkpt>
   <trkpt lat="47.173790000000004" lon="10.61949">
    <ele>912.0300000000001</ele>
   </trkpt>
   <trkpt lat="47.17409000000001" lon="10.61965">
    <ele>912.6500000000001</ele>
   </trkpt>
   <trkpt lat="47.17434" lon="10.619980000000002">
    <ele>912.05</ele>
   </trkpt>
   <trkpt lat="47.17463" lon="10.62025">
    <ele>913.39</ele>
   </trkpt>
   <trkpt lat="47.174760000000006" lon="10.620600000000001">
    <ele>913.71</ele>
   </trkpt>
   <trkpt lat="47.17486" lon="10.62165">
    <ele>912.73</ele>
   </trkpt>
   <trkpt lat="47.175125002161536" lon="10.62236499626277">
    <ele>915.2500000000001</ele>
   </trkpt>
   <trkpt lat="47.17539000000001" lon="10.623080000000002">
    <ele>916.4200000000001</ele>
   </trkpt>
   <trkpt lat="47.175470000000004" lon="10.623410000000002">
    <ele>914.7900000000001</ele>
   </trkpt>
   <trkpt lat="47.17546" lon="10.623640000000002">
    <ele>914.3500000000001</ele>
   </trkpt>
   <trkpt lat="47.175360000000005" lon="10.62396">
    <ele>913.78</ele>
   </trkpt>
   <trkpt lat="47.175320000000006" lon="10.624170000000001">
    <ele>914.5500000000001</ele>
   </trkpt>
   <trkpt lat="47.17537" lon="10.624270000000001">
    <ele>914.94</ele>
   </trkpt>
   <trkpt lat="47.17542" lon="10.62428">
    <ele>915.83</ele>
   </trkpt>
   <trkpt lat="47.17564" lon="10.6242">
    <ele>916.9800000000001</ele>
   </trkpt>
   <trkpt lat="47.17571" lon="10.624120000000001">
    <ele>918.0200000000001</ele>
   </trkpt>
   <trkpt lat="47.175790000000006" lon="10.62395">
    <ele>920.0300000000001</ele>
   </trkpt>
   <trkpt lat="47.175900000000006" lon="10.62386">
    <ele>921.84</ele>
   </trkpt>
   <trkpt lat="47.17602" lon="10.623800000000001">
    <ele>923.2500000000001</ele>
   </trkpt>
   <trkpt lat="47.17611" lon="10.623850000000001">
    <ele>924.73</ele>
   </trkpt>
   <trkpt lat="47.176190000000005" lon="10.624080000000001">
    <ele>926.98</ele>
   </trkpt>
   <trkpt lat="47.17643" lon="10.62447">
    <ele>931.7200000000001</ele>
   </trkpt>
   <trkpt lat="47.17656" lon="10.624580000000002">
    <ele>935.3800000000001</ele>
   </trkpt>
   <trkpt lat="47.176790000000004" lon="10.624680000000001">
    <ele>937.1800000000001</ele>
   </trkpt>
   <trkpt lat="47.17687" lon="10.624830000000001">
    <ele>938.15</ele>
   </trkpt>
   <trkpt lat="47.17699" lon="10.62531">
    <ele>939.8400000000001</ele>
   </trkpt>
   <trkpt lat="47.17701" lon="10.62584">
    <ele>938.9200000000001</ele>
   </trkpt>
   <trkpt lat="47.176790000000004" lon="10.625940000000002">
    <ele>939.5600000000001</ele>
   </trkpt>
   <trkpt lat="47.17665" lon="10.62607">
    <ele>940.07</ele>
   </trkpt>
   <trkpt lat="47.1766" lon="10.62615">
    <ele>940.2600000000001</ele>
   </trkpt>
   <trkpt lat="47.176590000000004" lon="10.626240000000001">
    <ele>940.7400000000001</ele>
   </trkpt>
   <trkpt lat="47.176790000000004" lon="10.6272">
    <ele>944.82</ele>
   </trkpt>
   <trkpt lat="47.1769" lon="10.627830000000001">
    <ele>946.7</ele>
   </trkpt>
   <trkpt lat="47.176840000000006" lon="10.628520000000002">
    <ele>949.76</ele>
   </trkpt>
   <trkpt lat="47.176730000000006" lon="10.62935">
    <ele>952.3100000000001</ele>
   </trkpt>
   <trkpt lat="47.176930000000006" lon="10.630360000000001">
    <ele>955.52</ele>
   </trkpt>
   <trkpt lat="47.1771650022458" lon="10.631074996901301">
    <ele>958.37</ele>
   </trkpt>
   <trkpt lat="47.177400000000006" lon="10.63179">
    <ele>961.88</ele>
   </trkpt>
   <trkpt lat="47.17745" lon="10.63226">
    <ele>966.6300000000001</ele>
   </trkpt>
   <trkpt lat="47.177580000000006" lon="10.63246">
    <ele>968.4</ele>
   </trkpt>
   <trkpt lat="47.17766" lon="10.63292">
    <ele>972.7500000000001</ele>
   </trkpt>
   <trkpt lat="47.17804" lon="10.633980000000001">
    <ele>984.4</ele>
   </trkpt>
   <trkpt lat="47.17811000355443" lon="10.634884998691609">
    <ele>992.22</ele>
   </trkpt>
   <trkpt lat="47.178180000000005" lon="10.63579">
    <ele>999.94</ele>
   </trkpt>
   <trkpt lat="47.17833500172422" lon="10.636419998150437">
    <ele>1004.0200000000001</ele>
   </trkpt>
   <trkpt lat="47.178490000000004" lon="10.63705">
    <ele>1009.6100000000001</ele>
   </trkpt>
   <trkpt lat="47.178790000000006" lon="10.6378">
    <ele>1016.71</ele>
   </trkpt>
   <trkpt lat="47.17909000400874" lon="10.638754994733848">
    <ele>1027.8100000000002</ele>
   </trkpt>
   <trkpt lat="47.179390000000005" lon="10.639710000000001">
    <ele>1032.8700000000001</ele>
   </trkpt>
   <trkpt lat="47.17938" lon="10.639930000000001">
    <ele>1033.76</ele>
   </trkpt>
   <trkpt lat="47.17943" lon="10.640080000000001">
    <ele>1036.92</ele>
   </trkpt>
   <trkpt lat="47.17953000000001" lon="10.640130000000001">
    <ele>1040.33</ele>
   </trkpt>
   <trkpt lat="47.17958" lon="10.64029">
    <ele>1044.0</ele>
   </trkpt>
   <trkpt lat="47.179660000000005" lon="10.640440000000002">
    <ele>1047.8</ele>
   </trkpt>
   <trkpt lat="47.179700000000004" lon="10.64015">
    <ele>1035.53</ele>
   </trkpt>
   <trkpt lat="47.17985" lon="10.63995">
    <ele>1015.8000000000001</ele>
   </trkpt>
   <trkpt lat="47.17987" lon="10.63987">
    <ele>1015.8000000000001</ele>
   </trkpt>
   <trkpt lat="47.18018000000001" lon="10.64005">
    <ele>1006.27</ele>
   </trkpt>
   <trkpt lat="47.17994" lon="10.639700000000001">
    <ele>1002.5700000000002</ele>
   </trkpt>
   <trkpt lat="47.17998" lon="10.639690000000002">
    <ele>1001.5100000000001</ele>
   </trkpt>
   <trkpt lat="47.18000000000001" lon="10.639660000000001">
    <ele>1001.5100000000001</ele>
   </trkpt>
   <trkpt lat="47.180130000000005" lon="10.63981">
    <ele>1000.0900000000001</ele>
   </trkpt>
   <trkpt lat="47.18041" lon="10.64006">
    <ele>995.2</ele>
   </trkpt>
   <trkpt lat="47.18068" lon="10.640210000000002">
    <ele>990.83</ele>
   </trkpt>
   <trkpt lat="47.180730000000004" lon="10.640270000000001">
    <ele>990.83</ele>
   </trkpt>
   <trkpt lat="47.18072" lon="10.64047">
    <ele>990.32</ele>
   </trkpt>
   <trkpt lat="47.180670000000006" lon="10.6407">
    <ele>988.7500000000001</ele>
   </trkpt>
   <trkpt lat="47.1807" lon="10.64095">
    <ele>988.01</ele>
   </trkpt>
   <trkpt lat="47.18079" lon="10.64112">
    <ele>987.5600000000001</ele>
   </trkpt>
   <trkpt lat="47.18099" lon="10.641390000000001">
    <ele>987.1200000000001</ele>
   </trkpt>
   <trkpt lat="47.18126" lon="10.641520000000002">
    <ele>985.5200000000001</ele>
   </trkpt>
   <trkpt lat="47.18139" lon="10.6415">
    <ele>985.1400000000001</ele>
   </trkpt>
   <trkpt lat="47.18173" lon="10.64156">
    <ele>982.5300000000001</ele>
   </trkpt>
   <trkpt lat="47.18204" lon="10.64231">
    <ele>977.32</ele>
   </trkpt>
   <trkpt lat="47.182300000000005" lon="10.64253">
    <ele>973.9000000000001</ele>
   </trkpt>
   <trkpt lat="47.182570000000005" lon="10.64319">
    <ele>969.1700000000001</ele>
   </trkpt>
   <trkpt lat="47.183040000000005" lon="10.64358">
    <ele>963.5100000000001</ele>
   </trkpt>
   <trkpt lat="47.18329000000001" lon="10.643730000000001">
    <ele>964.94</ele>
   </trkpt>
   <trkpt lat="47.183420000000005" lon="10.64404">
    <ele>966.11</ele>
   </trkpt>
   <trkpt lat="47.18347000000001" lon="10.644430000000002">
    <ele>965.9000000000001</ele>
   </trkpt>
   <trkpt lat="47.183690000000006" lon="10.64478">
    <ele>961.61</ele>
   </trkpt>
   <trkpt lat="47.18394000000001" lon="10.64506">
    <ele>956.7</ele>
   </trkpt>
   <trkpt lat="47.18442" lon="10.64549">
    <ele>949.5300000000001</ele>
   </trkpt>
   <trkpt lat="47.18489" lon="10.64605">
    <ele>941.19</ele>
   </trkpt>
   <trkpt lat="47.18544000000001" lon="10.646450000000002">
    <ele>932.7400000000001</ele>
   </trkpt>
   <trkpt lat="47.18571000000001" lon="10.646590000000002">
    <ele>930.39</ele>
   </trkpt>
   <trkpt lat="47.18591000000001" lon="10.64675">
    <ele>928.7700000000001</ele>
   </trkpt>
   <trkpt lat="47.186400000000006" lon="10.647">
    <ele>923.6500000000001</ele>
   </trkpt>
   <trkpt lat="47.186600000000006" lon="10.647070000000001">
    <ele>922.58</ele>
   </trkpt>
   <trkpt lat="47.186980000000005" lon="10.6471">
    <ele>918.76</ele>
   </trkpt>
   <trkpt lat="47.18712000000001" lon="10.647150000000002">
    <ele>915.22</ele>
   </trkpt>
   <trkpt lat="47.18735" lon="10.647300000000001">
    <ele>914.1400000000001</ele>
   </trkpt>
   <trkpt lat="47.187630000000006" lon="10.64741">
    <ele>909.6</ele>
   </trkpt>
   <trkpt lat="47.18815000000001" lon="10.647870000000001">
    <ele>903.48</ele>
   </trkpt>
   <trkpt lat="47.188390000000005" lon="10.64802">
    <ele>900.3700000000001</ele>
   </trkpt>
   <trkpt lat="47.188840000000006" lon="10.6485">
    <ele>894.9100000000001</ele>
   </trkpt>
   <trkpt lat="47.18945" lon="10.648750000000001">
    <ele>887.12</ele>
   </trkpt>
   <trkpt lat="47.189750000000004" lon="10.64896">
    <ele>888.0300000000001</ele>
   </trkpt>
   <trkpt lat="47.19006" lon="10.649700000000001">
    <ele>890.5</ele>
   </trkpt>
   <trkpt lat="47.19041000000001" lon="10.650160000000001">
    <ele>892.95</ele>
   </trkpt>
   <trkpt lat="47.19071" lon="10.65047">
    <ele>895.75</ele>
   </trkpt>
   <trkpt lat="47.19109" lon="10.65113">
    <ele>896.35</ele>
   </trkpt>
   <trkpt lat="47.191410000000005" lon="10.651810000000001">
    <ele>893.0400000000001</ele>
   </trkpt>
   <trkpt lat="47.19164000000001" lon="10.652220000000002">
    <ele>890.7900000000001</ele>
   </trkpt>
   <trkpt lat="47.19176" lon="10.65268">
    <ele>890.38</ele>
   </trkpt>
   <trkpt lat="47.191860000000005" lon="10.652920000000002">
    <ele>890.7400000000001</ele>
   </trkpt>
   <trkpt lat="47.191930000000006" lon="10.65348">
    <ele>891.3100000000001</ele>
   </trkpt>
   <trkpt lat="47.19221" lon="10.654250000000001">
    <ele>894.36</ele>
   </trkpt>
   <trkpt lat="47.19225" lon="10.654520000000002">
    <ele>895.6400000000001</ele>
   </trkpt>
   <trkpt lat="47.19232" lon="10.654720000000001">
    <ele>895.9300000000001</ele>
   </trkpt>
   <trkpt lat="47.1925" lon="10.655090000000001">
    <ele>896.6700000000001</ele>
   </trkpt>
   <trkpt lat="47.19256000000001" lon="10.655180000000001">
    <ele>896.8000000000001</ele>
   </trkpt>
   <trkpt lat="47.19267000000001" lon="10.65549">
    <ele>896.96</ele>
   </trkpt>
   <trkpt lat="47.1927" lon="10.655710000000001">
    <ele>897.09</ele>
   </trkpt>
   <trkpt lat="47.192925002764916" lon="10.65650999653917">
    <ele>898.3100000000001</ele>
   </trkpt>
   <trkpt lat="47.19315" lon="10.65731">
    <ele>895.17</ele>
   </trkpt>
   <trkpt lat="47.19321" lon="10.657680000000001">
    <ele>894.0500000000001</ele>
   </trkpt>
   <trkpt lat="47.19321" lon="10.65806">
    <ele>894.0000000000001</ele>
   </trkpt>
   <trkpt lat="47.193110000000004" lon="10.65862">
    <ele>895.12</ele>
   </trkpt>
   <trkpt lat="47.19314000000001" lon="10.65891">
    <ele>895.33</ele>
   </trkpt>
   <trkpt lat="47.193200000000004" lon="10.659270000000001">
    <ele>894.94</ele>
   </trkpt>
   <trkpt lat="47.193200000000004" lon="10.65995">
    <ele>892.69</ele>
   </trkpt>
   <trkpt lat="47.19323000000001" lon="10.66008">
    <ele>891.34</ele>
   </trkpt>
   <trkpt lat="47.1933" lon="10.66018">
    <ele>891.34</ele>
   </trkpt>
   <trkpt lat="47.1933" lon="10.66046">
    <ele>889.95</ele>
   </trkpt>
   <trkpt lat="47.19335" lon="10.660670000000001">
    <ele>889.47</ele>
   </trkpt>
   <trkpt lat="47.19332000000001" lon="10.66094">
    <ele>889.59</ele>
   </trkpt>
   <trkpt lat="47.193380000000005" lon="10.66112">
    <ele>889.9800000000001</ele>
   </trkpt>
   <trkpt lat="47.193490000000004" lon="10.66125">
    <ele>890.6600000000001</ele>
   </trkpt>
   <trkpt lat="47.19361000000001" lon="10.6613">
    <ele>891.41</ele>
   </trkpt>
   <trkpt lat="47.19373" lon="10.6613">
    <ele>891.41</ele>
   </trkpt>
   <trkpt lat="47.19382" lon="10.6614">
    <ele>892.1600000000001</ele>
   </trkpt>
   <trkpt lat="47.193830000000005" lon="10.66169">
    <ele>893.0300000000001</ele>
   </trkpt>
   <trkpt lat="47.19382" lon="10.66201">
    <ele>895.07</ele>
   </trkpt>
   <trkpt lat="47.19397000000001" lon="10.662270000000001">
    <ele>895.63</ele>
   </trkpt>
   <trkpt lat="47.19411" lon="10.662650000000001">
    <ele>897.6800000000001</ele>
   </trkpt>
   <trkpt lat="47.194300000000005" lon="10.66289">
    <ele>900.4900000000001</ele>
   </trkpt>
   <trkpt lat="47.194410000000005" lon="10.662930000000001">
    <ele>900.4900000000001</ele>
   </trkpt>
   <trkpt lat="47.194500000000005" lon="10.663">
    <ele>901.11</ele>
   </trkpt>
   <trkpt lat="47.19454" lon="10.66318">
    <ele>902.2700000000001</ele>
   </trkpt>
   <trkpt lat="47.19455000000001" lon="10.66346">
    <ele>902.87</ele>
   </trkpt>
   <trkpt lat="47.19465" lon="10.66402">
    <ele>901.24</ele>
   </trkpt>
   <trkpt lat="47.19487" lon="10.66454">
    <ele>898.5500000000001</ele>
   </trkpt>
   <trkpt lat="47.195060000000005" lon="10.665170000000002">
    <ele>894.02</ele>
   </trkpt>
   <trkpt lat="47.19527" lon="10.6661">
    <ele>887.3000000000001</ele>
   </trkpt>
   <trkpt lat="47.19534" lon="10.666210000000001">
    <ele>887.3000000000001</ele>
   </trkpt>
   <trkpt lat="47.195420000000006" lon="10.666260000000001">
    <ele>885.3000000000001</ele>
   </trkpt>
   <trkpt lat="47.195510000000006" lon="10.66629">
    <ele>885.3000000000001</ele>
   </trkpt>
   <trkpt lat="47.195750000000004" lon="10.666690000000001">
    <ele>881.9300000000001</ele>
   </trkpt>
   <trkpt lat="47.19588" lon="10.66702">
    <ele>882.1600000000001</ele>
   </trkpt>
   <trkpt lat="47.19601" lon="10.66723">
    <ele>884.57</ele>
   </trkpt>
   <trkpt lat="47.196160000000006" lon="10.667560000000002">
    <ele>888.35</ele>
   </trkpt>
   <trkpt lat="47.196270000000005" lon="10.667750000000002">
    <ele>890.09</ele>
   </trkpt>
   <trkpt lat="47.196290000000005" lon="10.667860000000001">
    <ele>890.9200000000001</ele>
   </trkpt>
   <trkpt lat="47.196270000000005" lon="10.667950000000001">
    <ele>890.9200000000001</ele>
   </trkpt>
   <trkpt lat="47.196220000000004" lon="10.667990000000001">
    <ele>891.6</ele>
   </trkpt>
   <trkpt lat="47.196270000000005" lon="10.66885">
    <ele>893.9200000000001</ele>
   </trkpt>
   <trkpt lat="47.19621" lon="10.669410000000001">
    <ele>894.72</ele>
   </trkpt>
   <trkpt lat="47.196070000000006" lon="10.67012">
    <ele>895.9</ele>
   </trkpt>
   <trkpt lat="47.195890000000006" lon="10.67056">
    <ele>896.35</ele>
   </trkpt>
   <trkpt lat="47.195690000000006" lon="10.67088">
    <ele>896.8800000000001</ele>
   </trkpt>
   <trkpt lat="47.19567000000001" lon="10.670990000000002">
    <ele>896.8800000000001</ele>
   </trkpt>
   <trkpt lat="47.1957" lon="10.67111">
    <ele>896.8800000000001</ele>
   </trkpt>
   <trkpt lat="47.195870000000006" lon="10.671320000000001">
    <ele>897.7100000000002</ele>
   </trkpt>
   <trkpt lat="47.195910000000005" lon="10.67144">
    <ele>897.7100000000002</ele>
   </trkpt>
   <trkpt lat="47.19592" lon="10.671660000000001">
    <ele>898.07</ele>
   </trkpt>
   <trkpt lat="47.1959" lon="10.6719">
    <ele>898.38</ele>
   </trkpt>
   <trkpt lat="47.19588" lon="10.672640000000001">
    <ele>899.2</ele>
   </trkpt>
   <trkpt lat="47.19585000000001" lon="10.6729">
    <ele>899.61</ele>
   </trkpt>
   <trkpt lat="47.195780000000006" lon="10.673190000000002">
    <ele>899.61</ele>
   </trkpt>
   <trkpt lat="47.19563" lon="10.67361">
    <ele>900.6700000000001</ele>
   </trkpt>
   <trkpt lat="47.195620000000005" lon="10.67369">
    <ele>900.6700000000001</ele>
   </trkpt>
   <trkpt lat="47.195660000000004" lon="10.67393">
    <ele>901.07</ele>
   </trkpt>
   <trkpt lat="47.195800000000006" lon="10.674330000000001">
    <ele>900.9100000000001</ele>
   </trkpt>
   <trkpt lat="47.195980000000006" lon="10.6742">
    <ele>896.6600000000001</ele>
   </trkpt>
   <trkpt lat="47.196020000000004" lon="10.67401">
    <ele>894.6800000000001</ele>
   </trkpt>
   <trkpt lat="47.19619" lon="10.67393">
    <ele>891.85</ele>
   </trkpt>
   <trkpt lat="47.19619" lon="10.673670000000001">
    <ele>889.65</ele>
   </trkpt>
   <trkpt lat="47.19644" lon="10.673380000000002">
    <ele>878.5600000000001</ele>
   </trkpt>
   <trkpt lat="47.19661000000001" lon="10.67323">
    <ele>875.71</ele>
   </trkpt>
   <trkpt lat="47.19689" lon="10.672880000000001">
    <ele>865.98</ele>
   </trkpt>
   <trkpt lat="47.197140000000005" lon="10.67281">
    <ele>859.7300000000001</ele>
   </trkpt>
   <trkpt lat="47.19727" lon="10.672920000000001">
    <ele>852.98</ele>
   </trkpt>
   <trkpt lat="47.197480000000006" lon="10.673250000000001">
    <ele>846.49</ele>
   </trkpt>
   <trkpt lat="47.197500000000005" lon="10.673440000000001">
    <ele>841.5100000000001</ele>
   </trkpt>
   <trkpt lat="47.197700000000005" lon="10.673540000000001">
    <ele>834.62</ele>
   </trkpt>
   <trkpt lat="47.198" lon="10.67398">
    <ele>819.9900000000001</ele>
   </trkpt>
   <trkpt lat="47.198010000000004" lon="10.67417">
    <ele>817.0200000000001</ele>
   </trkpt>
   <trkpt lat="47.19825" lon="10.67431">
    <ele>809.24</ele>
   </trkpt>
   <trkpt lat="47.198370000000004" lon="10.67454">
    <ele>804.0100000000001</ele>
   </trkpt>
   <trkpt lat="47.198460000000004" lon="10.67478">
    <ele>797.8900000000001</ele>
   </trkpt>
   <trkpt lat="47.19847" lon="10.67506">
    <ele>792.73</ele>
   </trkpt>
   <trkpt lat="47.19852" lon="10.67511">
    <ele>786.5500000000001</ele>
   </trkpt>
   <trkpt lat="47.19867000000001" lon="10.675070000000002">
    <ele>782.69</ele>
   </trkpt>
   <trkpt lat="47.198750000000004" lon="10.674890000000001">
    <ele>778.27</ele>
   </trkpt>
   <trkpt lat="47.19876000000001" lon="10.67492">
    <ele>778.27</ele>
   </trkpt>
   <trkpt lat="47.198840000000004" lon="10.67497">
    <ele>778.27</ele>
   </trkpt>
   <trkpt lat="47.19901" lon="10.67547">
    <ele>770.6400000000001</ele>
   </trkpt>
   <trkpt lat="47.19952000000001" lon="10.675960000000002">
    <ele>764.82</ele>
   </trkpt>
   <trkpt lat="47.19968" lon="10.675980000000001">
    <ele>764.82</ele>
   </trkpt>
   <trkpt lat="47.19993" lon="10.67595">
    <ele>760.7400000000001</ele>
   </trkpt>
   <trkpt lat="47.200590000000005" lon="10.67562">
    <ele>752.38</ele>
   </trkpt>
   <trkpt lat="47.20078" lon="10.67557">
    <ele>751.75</ele>
   </trkpt>
   <trkpt lat="47.200880000000005" lon="10.67628">
    <ele>751.7600000000001</ele>
   </trkpt>
   <trkpt lat="47.20089" lon="10.676620000000002">
    <ele>751.87</ele>
   </trkpt>
   <trkpt lat="47.20087" lon="10.677100000000001">
    <ele>752.1600000000001</ele>
   </trkpt>
   <trkpt lat="47.20083" lon="10.67749">
    <ele>752.14</ele>
   </trkpt>
   <trkpt lat="47.200770000000006" lon="10.67774">
    <ele>752.2500000000001</ele>
   </trkpt>
   <trkpt lat="47.200590000000005" lon="10.678210000000002">
    <ele>752.87</ele>
   </trkpt>
   <trkpt lat="47.200540000000004" lon="10.678460000000001">
    <ele>752.36</ele>
   </trkpt>
   <trkpt lat="47.2004" lon="10.67875">
    <ele>750.7800000000001</ele>
   </trkpt>
   <trkpt lat="47.20017000000001" lon="10.6791">
    <ele>749.8800000000001</ele>
   </trkpt>
   <trkpt lat="47.200140000000005" lon="10.679210000000001">
    <ele>749.4900000000001</ele>
   </trkpt>
   <trkpt lat="47.200140000000005" lon="10.679300000000001">
    <ele>749.2</ele>
   </trkpt>
   <trkpt lat="47.200210000000006" lon="10.67979">
    <ele>746.33</ele>
   </trkpt>
   <trkpt lat="47.20037000000001" lon="10.68064">
    <ele>746.0600000000001</ele>
   </trkpt>
   <trkpt lat="47.20037000000001" lon="10.68134">
    <ele>752.2</ele>
   </trkpt>
   <trkpt lat="47.200390000000006" lon="10.681640000000002">
    <ele>755.59</ele>
   </trkpt>
   <trkpt lat="47.20053" lon="10.68219">
    <ele>758.1000000000001</ele>
   </trkpt>
   <trkpt lat="47.20055000000001" lon="10.68242">
    <ele>761.6700000000001</ele>
   </trkpt>
   <trkpt lat="47.200630000000004" lon="10.682770000000001">
    <ele>765.39</ele>
   </trkpt>
   <trkpt lat="47.20064000000001" lon="10.683000000000002">
    <ele>766.5200000000001</ele>
   </trkpt>
   <trkpt lat="47.2008" lon="10.68322">
    <ele>768.3000000000001</ele>
   </trkpt>
   <trkpt lat="47.20078" lon="10.68377">
    <ele>773.36</ele>
   </trkpt>
   <trkpt lat="47.20083" lon="10.68393">
    <ele>775.2</ele>
   </trkpt>
   <trkpt lat="47.200950000000006" lon="10.684190000000001">
    <ele>776.1600000000001</ele>
   </trkpt>
   <trkpt lat="47.20112" lon="10.684460000000001">
    <ele>779.8100000000001</ele>
   </trkpt>
   <trkpt lat="47.20127" lon="10.684880000000001">
    <ele>785.66</ele>
   </trkpt>
   <trkpt lat="47.201440000000005" lon="10.68519">
    <ele>788.1</ele>
   </trkpt>
   <trkpt lat="47.2015" lon="10.68552">
    <ele>791.03</ele>
   </trkpt>
   <trkpt lat="47.20176000000001" lon="10.68599">
    <ele>795.49</ele>
   </trkpt>
   <trkpt lat="47.202290000000005" lon="10.68683">
    <ele>804.7800000000001</ele>
   </trkpt>
   <trkpt lat="47.202400000000004" lon="10.68715">
    <ele>807.1400000000001</ele>
   </trkpt>
   <trkpt lat="47.202740000000006" lon="10.687880000000002">
    <ele>816.15</ele>
   </trkpt>
   <trkpt lat="47.20290000000001" lon="10.68811">
    <ele>819.88</ele>
   </trkpt>
   <trkpt lat="47.203250000000004" lon="10.688410000000001">
    <ele>821.61</ele>
   </trkpt>
   <trkpt lat="47.203410000000005" lon="10.68837">
    <ele>816.3100000000001</ele>
   </trkpt>
   <trkpt lat="47.203570000000006" lon="10.688400000000001">
    <ele>808.74</ele>
   </trkpt>
   <trkpt lat="47.203880000000005" lon="10.68857">
    <ele>802.24</ele>
   </trkpt>
   <trkpt lat="47.20418" lon="10.688580000000002">
    <ele>796.45</ele>
   </trkpt>
   <trkpt lat="47.20432" lon="10.68885">
    <ele>794.72</ele>
   </trkpt>
   <trkpt lat="47.204730000000005" lon="10.689290000000002">
    <ele>789.6200000000001</ele>
   </trkpt>
   <trkpt lat="47.204890000000006" lon="10.68937">
    <ele>787.0400000000001</ele>
   </trkpt>
   <trkpt lat="47.20515" lon="10.68975">
    <ele>783.12</ele>
   </trkpt>
   <trkpt lat="47.205400000000004" lon="10.69016">
    <ele>779.2800000000001</ele>
   </trkpt>
   <trkpt lat="47.20573" lon="10.690420000000001">
    <ele>777.9</ele>
   </trkpt>
   <trkpt lat="47.20613000662816" lon="10.691293320144641">
    <ele>772.88</ele>
   </trkpt>
   <trkpt lat="47.20653000662023" lon="10.692166653460479">
    <ele>760.6700000000001</ele>
   </trkpt>
   <trkpt lat="47.20693000000001" lon="10.693040000000002">
    <ele>750.36</ele>
   </trkpt>
   <trkpt lat="47.20734" lon="10.69383">
    <ele>740.69</ele>
   </trkpt>
   <trkpt lat="47.207550000000005" lon="10.69411">
    <ele>734.92</ele>
   </trkpt>
   <trkpt lat="47.207890000000006" lon="10.694690000000001">
    <ele>730.6100000000001</ele>
   </trkpt>
   <trkpt lat="47.20826" lon="10.695630000000001">
    <ele>729.9100000000001</ele>
   </trkpt>
   <trkpt lat="47.20853" lon="10.696470000000001">
    <ele>729.6700000000001</ele>
   </trkpt>
   <trkpt lat="47.20864" lon="10.697080000000001">
    <ele>729.4900000000001</ele>
   </trkpt>
   <trkpt lat="47.20873" lon="10.697370000000001">
    <ele>729.4900000000001</ele>
   </trkpt>
   <trkpt lat="47.20881000000001" lon="10.69772">
    <ele>729.4200000000001</ele>
   </trkpt>
   <trkpt lat="47.208940000000005" lon="10.6981">
    <ele>729.14</ele>
   </trkpt>
   <trkpt lat="47.20906" lon="10.69838">
    <ele>729.0500000000001</ele>
   </trkpt>
   <trkpt lat="47.209520000000005" lon="10.699280000000002">
    <ele>728.36</ele>
   </trkpt>
   <trkpt lat="47.20975000000001" lon="10.699660000000002">
    <ele>727.98</ele>
   </trkpt>
   <trkpt lat="47.20991" lon="10.699860000000001">
    <ele>727.98</ele>
   </trkpt>
   <trkpt lat="47.210280000000004" lon="10.700650000000001">
    <ele>727.82</ele>
   </trkpt>
   <trkpt lat="47.21036" lon="10.70087">
    <ele>727.7600000000001</ele>
   </trkpt>
   <trkpt lat="47.210350000000005" lon="10.70086">
    <ele>727.7600000000001</ele>
   </trkpt>
   <trkpt lat="47.21050667419409" lon="10.701789994518883">
    <ele>725.21</ele>
   </trkpt>
   <trkpt lat="47.210663340863015" lon="10.70271999453216">
    <ele>724.65</ele>
   </trkpt>
   <trkpt lat="47.210820000000005" lon="10.703650000000001">
    <ele>724.8500000000001</ele>
   </trkpt>
   <trkpt lat="47.21081" lon="10.70391">
    <ele>724.7900000000001</ele>
   </trkpt>
   <trkpt lat="47.21072" lon="10.704170000000001">
    <ele>724.57</ele>
   </trkpt>
   <trkpt lat="47.2107" lon="10.70437">
    <ele>724.5</ele>
   </trkpt>
   <trkpt lat="47.210910000000005" lon="10.705580000000001">
    <ele>724.6100000000001</ele>
   </trkpt>
   <trkpt lat="47.210980000000006" lon="10.706140000000001">
    <ele>725.34</ele>
   </trkpt>
   <trkpt lat="47.21107000000001" lon="10.70658">
    <ele>727.6</ele>
   </trkpt>
   <trkpt lat="47.210770000000004" lon="10.70709">
    <ele>732.3000000000001</ele>
   </trkpt>
   <trkpt lat="47.21067" lon="10.70716">
    <ele>732.3000000000001</ele>
   </trkpt>
   <trkpt lat="47.210570000000004" lon="10.70719">
    <ele>733.69</ele>
   </trkpt>
   <trkpt lat="47.210260000000005" lon="10.707210000000002">
    <ele>736.2800000000001</ele>
   </trkpt>
   <trkpt lat="47.21016" lon="10.70725">
    <ele>741.83</ele>
   </trkpt>
   <trkpt lat="47.210080000000005" lon="10.707310000000001">
    <ele>741.83</ele>
   </trkpt>
   <trkpt lat="47.20987" lon="10.707630000000002">
    <ele>747.4300000000001</ele>
   </trkpt>
   <trkpt lat="47.209740000000004" lon="10.70775">
    <ele>748.7</ele>
   </trkpt>
   <trkpt lat="47.20938" lon="10.70794">
    <ele>754.97</ele>
   </trkpt>
   <trkpt lat="47.20929" lon="10.70795">
    <ele>757.24</ele>
   </trkpt>
   <trkpt lat="47.20922" lon="10.707920000000001">
    <ele>757.24</ele>
   </trkpt>
   <trkpt lat="47.209230000000005" lon="10.70804">
    <ele>757.97</ele>
   </trkpt>
   <trkpt lat="47.209250000000004" lon="10.70813">
    <ele>758.0300000000001</ele>
   </trkpt>
   <trkpt lat="47.209340000000005" lon="10.708340000000002">
    <ele>756.2</ele>
   </trkpt>
   <trkpt lat="47.20946000000001" lon="10.708490000000001">
    <ele>754.65</ele>
   </trkpt>
   <trkpt lat="47.20942" lon="10.708480000000002">
    <ele>756.0000000000001</ele>
   </trkpt>
   <trkpt lat="47.20929" lon="10.708350000000001">
    <ele>759.0100000000001</ele>
   </trkpt>
   <trkpt lat="47.2092" lon="10.708210000000001">
    <ele>760.47</ele>
   </trkpt>
   <trkpt lat="47.20908000000001" lon="10.70813">
    <ele>761.8800000000001</ele>
   </trkpt>
   <trkpt lat="47.209050000000005" lon="10.70817">
    <ele>761.8800000000001</ele>
   </trkpt>
   <trkpt lat="47.209050000000005" lon="10.708240000000002">
    <ele>764.6200000000001</ele>
   </trkpt>
   <trkpt lat="47.20926" lon="10.70865">
    <ele>768.96</ele>
   </trkpt>
   <trkpt lat="47.20931" lon="10.70883">
    <ele>772.95</ele>
   </trkpt>
   <trkpt lat="47.2094" lon="10.709990000000001">
    <ele>783.75</ele>
   </trkpt>
   <trkpt lat="47.20937000000001" lon="10.710220000000001">
    <ele>785.2</ele>
   </trkpt>
   <trkpt lat="47.20937000000001" lon="10.710510000000001">
    <ele>789.78</ele>
   </trkpt>
   <trkpt lat="47.20908000000001" lon="10.71118">
    <ele>798.33</ele>
   </trkpt>
   <trkpt lat="47.20904" lon="10.71138">
    <ele>798.33</ele>
   </trkpt>
   <trkpt lat="47.20904" lon="10.71152">
    <ele>802.76</ele>
   </trkpt>
   <trkpt lat="47.20906" lon="10.71165">
    <ele>803.45</ele>
   </trkpt>
   <trkpt lat="47.20915" lon="10.71203">
    <ele>804.74</ele>
   </trkpt>
   <trkpt lat="47.209210000000006" lon="10.71218">
    <ele>810.2600000000001</ele>
   </trkpt>
   <trkpt lat="47.2092" lon="10.71222">
    <ele>810.2600000000001</ele>
   </trkpt>
   <trkpt lat="47.20917000000001" lon="10.712230000000002">
    <ele>810.2600000000001</ele>
   </trkpt>
   <trkpt lat="47.209140000000005" lon="10.712200000000001">
    <ele>810.2600000000001</ele>
   </trkpt>
   <trkpt lat="47.20909" lon="10.712050000000001">
    <ele>811.57</ele>
   </trkpt>
   <trkpt lat="47.20882" lon="10.71157">
    <ele>817.4800000000001</ele>
   </trkpt>
   <trkpt lat="47.20873" lon="10.71136">
    <ele>821.47</ele>
   </trkpt>
   <trkpt lat="47.2087" lon="10.711110000000001">
    <ele>822.96</ele>
   </trkpt>
   <trkpt lat="47.20872000000001" lon="10.71094">
    <ele>827.22</ele>
   </trkpt>
   <trkpt lat="47.2087" lon="10.710640000000001">
    <ele>830.01</ele>
   </trkpt>
   <trkpt lat="47.20872000000001" lon="10.71048">
    <ele>830.74</ele>
   </trkpt>
   <trkpt lat="47.208800000000004" lon="10.71025">
    <ele>834.62</ele>
   </trkpt>
   <trkpt lat="47.20879" lon="10.710180000000001">
    <ele>836.1</ele>
   </trkpt>
   <trkpt lat="47.208690000000004" lon="10.709900000000001">
    <ele>838.8100000000001</ele>
   </trkpt>
   <trkpt lat="47.20862" lon="10.70983">
    <ele>840.0300000000001</ele>
   </trkpt>
   <trkpt lat="47.20859" lon="10.70982">
    <ele>840.2400000000001</ele>
   </trkpt>
   <trkpt lat="47.208560000000006" lon="10.70986">
    <ele>840.4200000000001</ele>
   </trkpt>
   <trkpt lat="47.208600000000004" lon="10.71011">
    <ele>840.7800000000001</ele>
   </trkpt>
   <trkpt lat="47.20853" lon="10.710360000000001">
    <ele>841.1800000000001</ele>
   </trkpt>
   <trkpt lat="47.20839" lon="10.71053">
    <ele>843.2600000000001</ele>
   </trkpt>
   <trkpt lat="47.208360000000006" lon="10.71067">
    <ele>844.9000000000001</ele>
   </trkpt>
   <trkpt lat="47.20834000000001" lon="10.711120000000001">
    <ele>849.62</ele>
   </trkpt>
   <trkpt lat="47.20826" lon="10.711480000000002">
    <ele>857.0600000000001</ele>
   </trkpt>
   <trkpt lat="47.208270000000006" lon="10.7116">
    <ele>857.0600000000001</ele>
   </trkpt>
   <trkpt lat="47.208360000000006" lon="10.71184">
    <ele>861.8500000000001</ele>
   </trkpt>
   <trkpt lat="47.20837" lon="10.712000000000002">
    <ele>861.8500000000001</ele>
   </trkpt>
   <trkpt lat="47.208490000000005" lon="10.712200000000001">
    <ele>865.57</ele>
   </trkpt>
   <trkpt lat="47.20857" lon="10.712290000000001">
    <ele>865.57</ele>
   </trkpt>
   <trkpt lat="47.20862" lon="10.712480000000001">
    <ele>868.32</ele>
   </trkpt>
   <trkpt lat="47.20872000000001" lon="10.712750000000002">
    <ele>871.53</ele>
   </trkpt>
   <trkpt lat="47.20875" lon="10.71301">
    <ele>873.8500000000001</ele>
   </trkpt>
   <trkpt lat="47.20872000000001" lon="10.713120000000002">
    <ele>873.8500000000001</ele>
   </trkpt>
   <trkpt lat="47.20864" lon="10.71329">
    <ele>876.2200000000001</ele>
   </trkpt>
   <trkpt lat="47.208600000000004" lon="10.713610000000001">
    <ele>878.8800000000001</ele>
   </trkpt>
   <trkpt lat="47.208600000000004" lon="10.71376">
    <ele>879.9500000000002</ele>
   </trkpt>
   <trkpt lat="47.20864" lon="10.714030000000001">
    <ele>882.1600000000001</ele>
   </trkpt>
   <trkpt lat="47.20863000000001" lon="10.714260000000001">
    <ele>884.8000000000001</ele>
   </trkpt>
   <trkpt lat="47.208670000000005" lon="10.714450000000001">
    <ele>885.9</ele>
   </trkpt>
   <trkpt lat="47.20877" lon="10.715250000000001">
    <ele>893.34</ele>
   </trkpt>
   <trkpt lat="47.208830000000006" lon="10.71559">
    <ele>895.7</ele>
   </trkpt>
   <trkpt lat="47.209" lon="10.716230000000001">
    <ele>900.72</ele>
   </trkpt>
   <trkpt lat="47.20906" lon="10.71653">
    <ele>904.4900000000001</ele>
   </trkpt>
   <trkpt lat="47.209070000000004" lon="10.716660000000001">
    <ele>904.4900000000001</ele>
   </trkpt>
   <trkpt lat="47.209050000000005" lon="10.71729">
    <ele>909.1600000000001</ele>
   </trkpt>
   <trkpt lat="47.20908000000001" lon="10.7177">
    <ele>916.2000000000002</ele>
   </trkpt>
   <trkpt lat="47.209030000000006" lon="10.71822">
    <ele>919.88</ele>
   </trkpt>
   <trkpt lat="47.20899000000001" lon="10.71832">
    <ele>920.97</ele>
   </trkpt>
   <trkpt lat="47.208960000000005" lon="10.71832">
    <ele>920.97</ele>
   </trkpt>
   <trkpt lat="47.209070000000004" lon="10.719470000000001">
    <ele>935.5300000000001</ele>
   </trkpt>
   <trkpt lat="47.20924" lon="10.7201">
    <ele>931.19</ele>
   </trkpt>
   <trkpt lat="47.20953" lon="10.72084">
    <ele>922.97</ele>
   </trkpt>
   <trkpt lat="47.20967" lon="10.721070000000001">
    <ele>919.4300000000001</ele>
   </trkpt>
   <trkpt lat="47.20972500187717" lon="10.721729999101488">
    <ele>911.27</ele>
   </trkpt>
   <trkpt lat="47.20978" lon="10.72239">
    <ele>905.24</ele>
   </trkpt>
   <trkpt lat="47.209860000000006" lon="10.722700000000001">
    <ele>901.84</ele>
   </trkpt>
   <trkpt lat="47.20982" lon="10.72305">
    <ele>897.9800000000001</ele>
   </trkpt>
   <trkpt lat="47.209920000000004" lon="10.723180000000001">
    <ele>895.6800000000001</ele>
   </trkpt>
   <trkpt lat="47.21" lon="10.723700000000001">
    <ele>886.5500000000001</ele>
   </trkpt>
   <trkpt lat="47.21011000000001" lon="10.72391">
    <ele>886.5500000000001</ele>
   </trkpt>
   <trkpt lat="47.21011000000001" lon="10.724340000000002">
    <ele>881.82</ele>
   </trkpt>
   <trkpt lat="47.210460000000005" lon="10.724820000000001">
    <ele>877.8100000000001</ele>
   </trkpt>
   <trkpt lat="47.210510000000006" lon="10.72525">
    <ele>876.7300000000001</ele>
   </trkpt>
   <trkpt lat="47.210460000000005" lon="10.725610000000001">
    <ele>876.6</ele>
   </trkpt>
   <trkpt lat="47.21058000000001" lon="10.72591">
    <ele>877.38</ele>
   </trkpt>
   <trkpt lat="47.2105" lon="10.726550000000001">
    <ele>878.83</ele>
   </trkpt>
   <trkpt lat="47.210550000000005" lon="10.72662">
    <ele>879.02</ele>
   </trkpt>
   <trkpt lat="47.21067" lon="10.726880000000001">
    <ele>878.99</ele>
   </trkpt>
   <trkpt lat="47.210710000000006" lon="10.72719">
    <ele>878.4900000000001</ele>
   </trkpt>
   <trkpt lat="47.21099" lon="10.728110000000001">
    <ele>881.1200000000001</ele>
   </trkpt>
   <trkpt lat="47.21087000000001" lon="10.72873">
    <ele>880.5500000000001</ele>
   </trkpt>
   <trkpt lat="47.210890000000006" lon="10.72896">
    <ele>880.32</ele>
   </trkpt>
   <trkpt lat="47.21119" lon="10.72929">
    <ele>878.36</ele>
   </trkpt>
   <trkpt lat="47.211180000000006" lon="10.72963">
    <ele>877.65</ele>
   </trkpt>
   <trkpt lat="47.211400000000005" lon="10.729930000000001">
    <ele>877.94</ele>
   </trkpt>
   <trkpt lat="47.211510000000004" lon="10.73032">
    <ele>877.59</ele>
   </trkpt>
   <trkpt lat="47.21163000000001" lon="10.731380000000001">
    <ele>876.6700000000001</ele>
   </trkpt>
   <trkpt lat="47.21202" lon="10.732460000000001">
    <ele>877.47</ele>
   </trkpt>
   <trkpt lat="47.212410000000006" lon="10.732840000000001">
    <ele>876.6400000000001</ele>
   </trkpt>
   <trkpt lat="47.21282" lon="10.7339">
    <ele>877.1500000000001</ele>
   </trkpt>
   <trkpt lat="47.21284000000001" lon="10.734250000000001">
    <ele>876.7600000000001</ele>
   </trkpt>
   <trkpt lat="47.212950000000006" lon="10.73488">
    <ele>874.97</ele>
   </trkpt>
   <trkpt lat="47.213010000000004" lon="10.73553">
    <ele>875.58</ele>
   </trkpt>
   <trkpt lat="47.21323" lon="10.736170000000001">
    <ele>874.5</ele>
   </trkpt>
   <trkpt lat="47.21334" lon="10.7367">
    <ele>875.09</ele>
   </trkpt>
   <trkpt lat="47.21334" lon="10.73798">
    <ele>877.46</ele>
   </trkpt>
   <trkpt lat="47.21314" lon="10.73863">
    <ele>876.5200000000001</ele>
   </trkpt>
   <trkpt lat="47.213210000000004" lon="10.73901">
    <ele>876.77</ele>
   </trkpt>
   <trkpt lat="47.213350000000005" lon="10.73942">
    <ele>876.8</ele>
   </trkpt>
   <trkpt lat="47.21307" lon="10.74038">
    <ele>876.44</ele>
   </trkpt>
   <trkpt lat="47.21298" lon="10.741520000000001">
    <ele>879.62</ele>
   </trkpt>
   <trkpt lat="47.21267" lon="10.741930000000002">
    <ele>880.58</ele>
   </trkpt>
   <trkpt lat="47.21275000000001" lon="10.742280000000001">
    <ele>881.99</ele>
   </trkpt>
   <trkpt lat="47.21255000000001" lon="10.742930000000001">
    <ele>883.8800000000001</ele>
   </trkpt>
   <trkpt lat="47.211870000000005" lon="10.74328">
    <ele>884.62</ele>
   </trkpt>
   <trkpt lat="47.21177" lon="10.743630000000001">
    <ele>885.62</ele>
   </trkpt>
   <trkpt lat="47.21190000000001" lon="10.744090000000002">
    <ele>887.62</ele>
   </trkpt>
   <trkpt lat="47.21172000000001" lon="10.74441">
    <ele>887.6100000000001</ele>
   </trkpt>
   <trkpt lat="47.211490000000005" lon="10.744570000000001">
    <ele>886.2</ele>
   </trkpt>
   <trkpt lat="47.2111" lon="10.744990000000001">
    <ele>884.99</ele>
   </trkpt>
   <trkpt lat="47.21096000000001" lon="10.74505">
    <ele>884.8900000000001</ele>
   </trkpt>
   <trkpt lat="47.21047" lon="10.74511">
    <ele>886.3900000000001</ele>
   </trkpt>
   <trkpt lat="47.210390000000004" lon="10.745180000000001">
    <ele>886.7600000000001</ele>
   </trkpt>
   <trkpt lat="47.2105" lon="10.7459">
    <ele>889.3000000000001</ele>
   </trkpt>
   <trkpt lat="47.210510000000006" lon="10.746120000000001">
    <ele>890.0400000000001</ele>
   </trkpt>
   <trkpt lat="47.21049000000001" lon="10.74634">
    <ele>891.48</ele>
   </trkpt>
   <trkpt lat="47.21041" lon="10.746450000000001">
    <ele>892.08</ele>
   </trkpt>
   <trkpt lat="47.209990000000005" lon="10.74643">
    <ele>893.96</ele>
   </trkpt>
   <trkpt lat="47.20964000000001" lon="10.74652">
    <ele>893.7600000000001</ele>
   </trkpt>
   <trkpt lat="47.20926" lon="10.746580000000002">
    <ele>893.7100000000002</ele>
   </trkpt>
   <trkpt lat="47.208980000000004" lon="10.746680000000001">
    <ele>894.29</ele>
   </trkpt>
   <trkpt lat="47.208670000000005" lon="10.747050000000002">
    <ele>895.7900000000001</ele>
   </trkpt>
   <trkpt lat="47.20862" lon="10.747280000000002">
    <ele>895.9200000000001</ele>
   </trkpt>
   <trkpt lat="47.20866" lon="10.74759">
    <ele>895.7900000000001</ele>
   </trkpt>
   <trkpt lat="47.209" lon="10.747990000000001">
    <ele>896.46</ele>
   </trkpt>
   <trkpt lat="47.20911" lon="10.748240000000001">
    <ele>897.6800000000001</ele>
   </trkpt>
   <trkpt lat="47.20918" lon="10.74871">
    <ele>898.6600000000001</ele>
   </trkpt>
   <trkpt lat="47.20964000000001" lon="10.74956">
    <ele>901.0</ele>
   </trkpt>
   <trkpt lat="47.20956" lon="10.749830000000001">
    <ele>900.57</ele>
   </trkpt>
   <trkpt lat="47.20913" lon="10.750390000000001">
    <ele>899.3100000000001</ele>
   </trkpt>
   <trkpt lat="47.2086650006495" lon="10.750820003912999">
    <ele>895.8800000000001</ele>
   </trkpt>
   <trkpt lat="47.208200000000005" lon="10.75125">
    <ele>892.09</ele>
   </trkpt>
   <trkpt lat="47.20797" lon="10.75183">
    <ele>891.8800000000001</ele>
   </trkpt>
   <trkpt lat="47.207750000000004" lon="10.75223">
    <ele>890.1600000000001</ele>
   </trkpt>
   <trkpt lat="47.20750500164761" lon="10.752850002926202">
    <ele>885.8800000000001</ele>
   </trkpt>
   <trkpt lat="47.207260000000005" lon="10.75347">
    <ele>880.4200000000001</ele>
   </trkpt>
   <trkpt lat="47.20711000000001" lon="10.753960000000001">
    <ele>879.08</ele>
   </trkpt>
   <trkpt lat="47.207060000000006" lon="10.754100000000001">
    <ele>878.8800000000001</ele>
   </trkpt>
   <trkpt lat="47.207" lon="10.754370000000002">
    <ele>877.9800000000001</ele>
   </trkpt>
   <trkpt lat="47.206970000000005" lon="10.754600000000002">
    <ele>876.82</ele>
   </trkpt>
   <trkpt lat="47.206970000000005" lon="10.75492">
    <ele>875.3100000000001</ele>
   </trkpt>
   <trkpt lat="47.207" lon="10.75506">
    <ele>875.3100000000001</ele>
   </trkpt>
   <trkpt lat="47.20702000000001" lon="10.75572">
    <ele>872.5100000000001</ele>
   </trkpt>
   <trkpt lat="47.206990000000005" lon="10.756120000000001">
    <ele>870.44</ele>
   </trkpt>
   <trkpt lat="47.207" lon="10.756620000000002">
    <ele>868.4300000000001</ele>
   </trkpt>
   <trkpt lat="47.20694" lon="10.7576">
    <ele>866.2900000000001</ele>
   </trkpt>
   <trkpt lat="47.20698" lon="10.75806">
    <ele>868.1800000000001</ele>
   </trkpt>
   <trkpt lat="47.206990000000005" lon="10.75834">
    <ele>869.9000000000001</ele>
   </trkpt>
   <trkpt lat="47.20687" lon="10.758980000000001">
    <ele>875.3100000000001</ele>
   </trkpt>
   <trkpt lat="47.206680000000006" lon="10.759670000000002">
    <ele>876.71</ele>
   </trkpt>
   <trkpt lat="47.20667" lon="10.7598">
    <ele>876.7600000000001</ele>
   </trkpt>
   <trkpt lat="47.20671" lon="10.76032">
    <ele>876.35</ele>
   </trkpt>
   <trkpt lat="47.206720000000004" lon="10.760660000000001">
    <ele>874.3400000000001</ele>
   </trkpt>
   <trkpt lat="47.206570000000006" lon="10.761370000000001">
    <ele>869.45</ele>
   </trkpt>
   <trkpt lat="47.2066" lon="10.761690000000002">
    <ele>868.3100000000001</ele>
   </trkpt>
   <trkpt lat="47.206990000000005" lon="10.761750000000001">
    <ele>864.07</ele>
   </trkpt>
   <trkpt lat="47.20736" lon="10.761700000000001">
    <ele>860.77</ele>
   </trkpt>
   <trkpt lat="47.20734" lon="10.761940000000001">
    <ele>860.2900000000001</ele>
   </trkpt>
   <trkpt lat="47.207280000000004" lon="10.762030000000001">
    <ele>860.0600000000001</ele>
   </trkpt>
   <trkpt lat="47.206990000000005" lon="10.76232">
    <ele>857.25</ele>
   </trkpt>
   <trkpt lat="47.20689" lon="10.76251">
    <ele>855.7900000000001</ele>
   </trkpt>
   <trkpt lat="47.206880000000005" lon="10.76261">
    <ele>855.7900000000001</ele>
   </trkpt>
   <trkpt lat="47.2068" lon="10.762820000000001">
    <ele>855.5300000000001</ele>
   </trkpt>
   <trkpt lat="47.206630000000004" lon="10.763150000000001">
    <ele>855.8000000000001</ele>
   </trkpt>
   <trkpt lat="47.20658" lon="10.76359">
    <ele>855.95</ele>
   </trkpt>
   <trkpt lat="47.2066" lon="10.76393">
    <ele>856.2700000000001</ele>
   </trkpt>
   <trkpt lat="47.20673000000001" lon="10.76444">
    <ele>857.5500000000001</ele>
   </trkpt>
   <trkpt lat="47.20682" lon="10.764610000000001">
    <ele>857.9100000000001</ele>
   </trkpt>
   <trkpt lat="47.206950000000006" lon="10.764790000000001">
    <ele>858.96</ele>
   </trkpt>
   <trkpt lat="47.207100000000004" lon="10.764850000000001">
    <ele>859.3600000000001</ele>
   </trkpt>
   <trkpt lat="47.207280000000004" lon="10.764840000000001">
    <ele>858.92</ele>
   </trkpt>
   <trkpt lat="47.20743" lon="10.76487">
    <ele>858.2</ele>
   </trkpt>
   <trkpt lat="47.20761" lon="10.76496">
    <ele>857.0000000000001</ele>
   </trkpt>
   <trkpt lat="47.20769000000001" lon="10.765020000000002">
    <ele>856.22</ele>
   </trkpt>
   <trkpt lat="47.207840000000004" lon="10.765270000000001">
    <ele>855.21</ele>
   </trkpt>
   <trkpt lat="47.20797" lon="10.765680000000001">
    <ele>854.1500000000001</ele>
   </trkpt>
   <trkpt lat="47.208070000000006" lon="10.76614">
    <ele>844.9000000000001</ele>
   </trkpt>
   <trkpt lat="47.20819" lon="10.766910000000001">
    <ele>835.0300000000001</ele>
   </trkpt>
   <trkpt lat="47.20835" lon="10.767380000000001">
    <ele>831.79</ele>
   </trkpt>
   <trkpt lat="47.20864" lon="10.76776">
    <ele>828.12</ele>
   </trkpt>
   <trkpt lat="47.20863000000001" lon="10.76783">
    <ele>827.0500000000001</ele>
   </trkpt>
   <trkpt lat="47.20852000000001" lon="10.767800000000001">
    <ele>822.46</ele>
   </trkpt>
   <trkpt lat="47.208420000000004" lon="10.767750000000001">
    <ele>820.24</ele>
   </trkpt>
   <trkpt lat="47.208310000000004" lon="10.76763">
    <ele>817.1100000000001</ele>
   </trkpt>
   <trkpt lat="47.208220000000004" lon="10.76759">
    <ele>817.1100000000001</ele>
   </trkpt>
   <trkpt lat="47.20803" lon="10.76736">
    <ele>811.2300000000001</ele>
   </trkpt>
   <trkpt lat="47.207770000000004" lon="10.767140000000001">
    <ele>804.48</ele>
   </trkpt>
   <trkpt lat="47.207600000000006" lon="10.766940000000002">
    <ele>801.09</ele>
   </trkpt>
   <trkpt lat="47.20712" lon="10.76664">
    <ele>795.42</ele>
   </trkpt>
   <trkpt lat="47.20707" lon="10.766630000000001">
    <ele>795.12</ele>
   </trkpt>
   <trkpt lat="47.206970000000005" lon="10.766800000000002">
    <ele>797.1400000000001</ele>
   </trkpt>
   <trkpt lat="47.206790000000005" lon="10.767000000000001">
    <ele>800.1</ele>
   </trkpt>
   <trkpt lat="47.20667" lon="10.76711">
    <ele>801.09</ele>
   </trkpt>
   <trkpt lat="47.20662" lon="10.76712">
    <ele>801.57</ele>
   </trkpt>
   <trkpt lat="47.206570000000006" lon="10.767080000000002">
    <ele>802.12</ele>
   </trkpt>
   <trkpt lat="47.20633" lon="10.766760000000001">
    <ele>808.3800000000001</ele>
   </trkpt>
   <trkpt lat="47.20590000000001" lon="10.76641">
    <ele>815.0500000000001</ele>
   </trkpt>
   <trkpt lat="47.205650000000006" lon="10.766240000000002">
    <ele>816.1400000000001</ele>
   </trkpt>
   <trkpt lat="47.20561000000001" lon="10.766340000000001">
    <ele>816.25</ele>
   </trkpt>
   <trkpt lat="47.205470000000005" lon="10.76646">
    <ele>817.33</ele>
   </trkpt>
   <trkpt lat="47.205380000000005" lon="10.7666">
    <ele>819.2800000000001</ele>
   </trkpt>
   <trkpt lat="47.20535" lon="10.766720000000001">
    <ele>819.7700000000001</ele>
   </trkpt>
   <trkpt lat="47.205360000000006" lon="10.766910000000001">
    <ele>820.76</ele>
   </trkpt>
   <trkpt lat="47.20541" lon="10.767240000000001">
    <ele>820.24</ele>
   </trkpt>
   <trkpt lat="47.20552000000001" lon="10.767520000000001">
    <ele>820.12</ele>
   </trkpt>
   <trkpt lat="47.20570000000001" lon="10.767750000000001">
    <ele>822.5500000000001</ele>
   </trkpt>
   <trkpt lat="47.20591" lon="10.767940000000001">
    <ele>822.9900000000001</ele>
   </trkpt>
   <trkpt lat="47.206120000000006" lon="10.767980000000001">
    <ele>819.84</ele>
   </trkpt>
   <trkpt lat="47.20615" lon="10.768020000000002">
    <ele>819.84</ele>
   </trkpt>
   <trkpt lat="47.20627" lon="10.76834">
    <ele>816.58</ele>
   </trkpt>
   <trkpt lat="47.20643500375338" lon="10.769264997296915">
    <ele>818.12</ele>
   </trkpt>
   <trkpt lat="47.2066" lon="10.770190000000001">
    <ele>821.2600000000001</ele>
   </trkpt>
   <trkpt lat="47.20674" lon="10.770230000000002">
    <ele>825.3600000000001</ele>
   </trkpt>
   <trkpt lat="47.20676" lon="10.77027">
    <ele>825.3600000000001</ele>
   </trkpt>
   <trkpt lat="47.206630000000004" lon="10.77039">
    <ele>829.79</ele>
   </trkpt>
   <trkpt lat="47.206630000000004" lon="10.770430000000001">
    <ele>829.79</ele>
   </trkpt>
   <trkpt lat="47.20666000000001" lon="10.77044">
    <ele>829.79</ele>
   </trkpt>
   <trkpt lat="47.206790000000005" lon="10.77041">
    <ele>832.71</ele>
   </trkpt>
   <trkpt lat="47.20691" lon="10.77044">
    <ele>835.9000000000001</ele>
   </trkpt>
   <trkpt lat="47.20709" lon="10.77045">
    <ele>837.82</ele>
   </trkpt>
   <trkpt lat="47.20721" lon="10.77053">
    <ele>841.5</ele>
   </trkpt>
   <trkpt lat="47.207350000000005" lon="10.77078">
    <ele>847.0500000000001</ele>
   </trkpt>
   <trkpt lat="47.207300000000004" lon="10.77083">
    <ele>847.89</ele>
   </trkpt>
   <trkpt lat="47.20713000000001" lon="10.770890000000001">
    <ele>850.77</ele>
   </trkpt>
   <trkpt lat="47.206830000000004" lon="10.771130000000001">
    <ele>851.3000000000001</ele>
   </trkpt>
   <trkpt lat="47.20609" lon="10.77149">
    <ele>853.7600000000001</ele>
   </trkpt>
   <trkpt lat="47.20591" lon="10.77162">
    <ele>856.35</ele>
   </trkpt>
   <trkpt lat="47.205760000000005" lon="10.771820000000002">
    <ele>859.6</ele>
   </trkpt>
   <trkpt lat="47.205690000000004" lon="10.772">
    <ele>861.4000000000001</ele>
   </trkpt>
   <trkpt lat="47.20562" lon="10.772310000000001">
    <ele>867.6800000000001</ele>
   </trkpt>
   <trkpt lat="47.20561000000001" lon="10.772780000000001">
    <ele>871.01</ele>
   </trkpt>
   <trkpt lat="47.20577" lon="10.77294">
    <ele>871.4600000000002</ele>
   </trkpt>
   <trkpt lat="47.205870000000004" lon="10.77308">
    <ele>870.3100000000001</ele>
   </trkpt>
   <trkpt lat="47.206100000000006" lon="10.77358">
    <ele>869.5200000000001</ele>
   </trkpt>
   <trkpt lat="47.206320000000005" lon="10.774830000000001">
    <ele>870.95</ele>
   </trkpt>
   <trkpt lat="47.206520000000005" lon="10.775200000000002">
    <ele>872.84</ele>
   </trkpt>
   <trkpt lat="47.206590000000006" lon="10.77574">
    <ele>874.7800000000001</ele>
   </trkpt>
   <trkpt lat="47.206990000000005" lon="10.776480000000001">
    <ele>876.62</ele>
   </trkpt>
   <trkpt lat="47.207060000000006" lon="10.77678">
    <ele>876.53</ele>
   </trkpt>
   <trkpt lat="47.207060000000006" lon="10.776900000000001">
    <ele>876.3700000000001</ele>
   </trkpt>
   <trkpt lat="47.207010000000004" lon="10.77721">
    <ele>875.5400000000001</ele>
   </trkpt>
   <trkpt lat="47.206770000000006" lon="10.777650000000001">
    <ele>873.97</ele>
   </trkpt>
   <trkpt lat="47.20676" lon="10.777750000000001">
    <ele>873.97</ele>
   </trkpt>
   <trkpt lat="47.206860000000006" lon="10.77786">
    <ele>873.5600000000001</ele>
   </trkpt>
   <trkpt lat="47.20705" lon="10.777920000000002">
    <ele>873.3100000000001</ele>
   </trkpt>
   <trkpt lat="47.20711000000001" lon="10.777980000000001">
    <ele>873.1700000000001</ele>
   </trkpt>
   <trkpt lat="47.207240000000006" lon="10.778210000000001">
    <ele>872.89</ele>
   </trkpt>
   <trkpt lat="47.20727" lon="10.778300000000002">
    <ele>872.2400000000001</ele>
   </trkpt>
   <trkpt lat="47.207530000000006" lon="10.77847">
    <ele>868.77</ele>
   </trkpt>
   <trkpt lat="47.20767000000001" lon="10.778530000000002">
    <ele>866.3100000000001</ele>
   </trkpt>
   <trkpt lat="47.20794" lon="10.778590000000001">
    <ele>863.19</ele>
   </trkpt>
   <trkpt lat="47.208200000000005" lon="10.778550000000001">
    <ele>860.95</ele>
   </trkpt>
   <trkpt lat="47.20825000000001" lon="10.77857">
    <ele>858.86</ele>
   </trkpt>
   <trkpt lat="47.20828" lon="10.778630000000001">
    <ele>858.86</ele>
   </trkpt>
   <trkpt lat="47.20828" lon="10.7787">
    <ele>858.86</ele>
   </trkpt>
   <trkpt lat="47.20803" lon="10.77908">
    <ele>853.74</ele>
   </trkpt>
   <trkpt lat="47.208020000000005" lon="10.77917">
    <ele>853.5800000000002</ele>
   </trkpt>
   <trkpt lat="47.20805000000001" lon="10.779240000000001">
    <ele>853.5800000000002</ele>
   </trkpt>
   <trkpt lat="47.20815" lon="10.77927">
    <ele>851.94</ele>
   </trkpt>
   <trkpt lat="47.20834000000001" lon="10.77927">
    <ele>849.62</ele>
   </trkpt>
   <trkpt lat="47.208600000000004" lon="10.779190000000002">
    <ele>845.07</ele>
   </trkpt>
   <trkpt lat="47.20877" lon="10.779060000000001">
    <ele>843.46</ele>
   </trkpt>
   <trkpt lat="47.208960000000005" lon="10.779000000000002">
    <ele>842.3600000000001</ele>
   </trkpt>
   <trkpt lat="47.20906" lon="10.77903">
    <ele>841.07</ele>
   </trkpt>
   <trkpt lat="47.209430000000005" lon="10.77931">
    <ele>837.61</ele>
   </trkpt>
   <trkpt lat="47.20942" lon="10.77974">
    <ele>834.3800000000001</ele>
   </trkpt>
   <trkpt lat="47.20935" lon="10.779990000000002">
    <ele>833.4</ele>
   </trkpt>
   <trkpt lat="47.2092" lon="10.78043">
    <ele>830.8000000000001</ele>
   </trkpt>
   <trkpt lat="47.20911" lon="10.780610000000001">
    <ele>830.0</ele>
   </trkpt>
   <trkpt lat="47.20902" lon="10.78073">
    <ele>829.23</ele>
   </trkpt>
   <trkpt lat="47.209270000000004" lon="10.78133">
    <ele>822.9900000000001</ele>
   </trkpt>
   <trkpt lat="47.20971" lon="10.7818">
    <ele>813.83</ele>
   </trkpt>
   <trkpt lat="47.20982" lon="10.782050000000002">
    <ele>811.0100000000001</ele>
   </trkpt>
   <trkpt lat="47.20989" lon="10.78228">
    <ele>809.33</ele>
   </trkpt>
   <trkpt lat="47.209970000000006" lon="10.78245">
    <ele>807.39</ele>
   </trkpt>
   <trkpt lat="47.21022000000001" lon="10.78242">
    <ele>805.88</ele>
   </trkpt>
   <trkpt lat="47.21040000000001" lon="10.78226">
    <ele>802.34</ele>
   </trkpt>
   <trkpt lat="47.210660000000004" lon="10.782110000000001">
    <ele>793.66</ele>
   </trkpt>
   <trkpt lat="47.21083" lon="10.78245">
    <ele>787.4000000000001</ele>
   </trkpt>
   <trkpt lat="47.211110000000005" lon="10.782530000000001">
    <ele>769.9200000000001</ele>
   </trkpt>
   <trkpt lat="47.21152000000001" lon="10.782570000000002">
    <ele>756.41</ele>
   </trkpt>
   <trkpt lat="47.211690000000004" lon="10.78278">
    <ele>749.5200000000001</ele>
   </trkpt>
   <trkpt lat="47.21163000000001" lon="10.78292">
    <ele>744.71</ele>
   </trkpt>
   <trkpt lat="47.21146" lon="10.78297">
    <ele>738.6100000000001</ele>
   </trkpt>
   <trkpt lat="47.211310000000005" lon="10.783140000000001">
    <ele>731.8500000000001</ele>
   </trkpt>
   <trkpt lat="47.21135" lon="10.78339">
    <ele>729.34</ele>
   </trkpt>
   <trkpt lat="47.211420000000004" lon="10.783600000000002">
    <ele>724.7</ele>
   </trkpt>
   <trkpt lat="47.211850000000005" lon="10.783520000000001">
    <ele>718.7</ele>
   </trkpt>
   <trkpt lat="47.212120000000006" lon="10.78353">
    <ele>716.52</ele>
   </trkpt>
   <trkpt lat="47.212120000000006" lon="10.783710000000001">
    <ele>715.73</ele>
   </trkpt>
   <trkpt lat="47.212070000000004" lon="10.783890000000001">
    <ele>715.57</ele>
   </trkpt>
   <trkpt lat="47.211630003313125" lon="10.784770007412392">
    <ele>716.3600000000001</ele>
   </trkpt>
   <trkpt lat="47.21119" lon="10.78565">
    <ele>713.9300000000001</ele>
   </trkpt>
   <trkpt lat="47.211040000000004" lon="10.786040000000002">
    <ele>714.89</ele>
   </trkpt>
   <trkpt lat="47.210860000000004" lon="10.78668">
    <ele>715.0200000000001</ele>
   </trkpt>
   <trkpt lat="47.210730000000005" lon="10.787600000000001">
    <ele>715.9200000000001</ele>
   </trkpt>
   <trkpt lat="47.21072" lon="10.788030000000001">
    <ele>715.57</ele>
   </trkpt>
   <trkpt lat="47.21074" lon="10.788440000000001">
    <ele>715.3100000000001</ele>
   </trkpt>
   <trkpt lat="47.210800000000006" lon="10.788900000000002">
    <ele>714.96</ele>
   </trkpt>
   <trkpt lat="47.21083" lon="10.789560000000002">
    <ele>715.2400000000001</ele>
   </trkpt>
   <trkpt lat="47.21081" lon="10.79025">
    <ele>715.8100000000001</ele>
   </trkpt>
   <trkpt lat="47.210820000000005" lon="10.790690000000001">
    <ele>713.96</ele>
   </trkpt>
   <trkpt lat="47.210690007756924" lon="10.791633337853552">
    <ele>711.94</ele>
   </trkpt>
   <trkpt lat="47.21056000777126" lon="10.792576671082756">
    <ele>710.7800000000001</ele>
   </trkpt>
   <trkpt lat="47.21043" lon="10.793520000000001">
    <ele>709.73</ele>
   </trkpt>
   <trkpt lat="47.210330000000006" lon="10.793830000000002">
    <ele>709.3100000000001</ele>
   </trkpt>
   <trkpt lat="47.210210000000004" lon="10.794110000000002">
    <ele>709.3100000000001</ele>
   </trkpt>
   <trkpt lat="47.21013000000001" lon="10.794270000000001">
    <ele>708.58</ele>
   </trkpt>
   <trkpt lat="47.209810000000004" lon="10.79476">
    <ele>708.38</ele>
   </trkpt>
   <trkpt lat="47.209740000000004" lon="10.79495">
    <ele>708.49</ele>
   </trkpt>
   <trkpt lat="47.20971" lon="10.79517">
    <ele>708.6600000000001</ele>
   </trkpt>
   <trkpt lat="47.20969" lon="10.795670000000001">
    <ele>709.8199999999999</ele>
   </trkpt>
   <trkpt lat="47.209590000000006" lon="10.7963">
    <ele>712.16</ele>
   </trkpt>
   <trkpt lat="47.209540000000004" lon="10.796460000000002">
    <ele>712.08</ele>
   </trkpt>
   <trkpt lat="47.20946000000001" lon="10.79662">
    <ele>712.2</ele>
   </trkpt>
   <trkpt lat="47.209340000000005" lon="10.79672">
    <ele>712.89</ele>
   </trkpt>
   <trkpt lat="47.20922" lon="10.79676">
    <ele>712.89</ele>
   </trkpt>
   <trkpt lat="47.209230000000005" lon="10.796830000000002">
    <ele>712.6</ele>
   </trkpt>
   <trkpt lat="47.20942" lon="10.79743">
    <ele>709.1</ele>
   </trkpt>
   <trkpt lat="47.20946000000001" lon="10.79747">
    <ele>708.5400000000001</ele>
   </trkpt>
   <trkpt lat="47.20955000000001" lon="10.79748">
    <ele>708.0300000000001</ele>
   </trkpt>
   <trkpt lat="47.21031000000001" lon="10.797400000000001">
    <ele>706.67</ele>
   </trkpt>
   <trkpt lat="47.210350000000005" lon="10.79742">
    <ele>706.67</ele>
   </trkpt>
   <trkpt lat="47.210370000000005" lon="10.797460000000001">
    <ele>706.67</ele>
   </trkpt>
   <trkpt lat="47.21043" lon="10.798250000000001">
    <ele>705.44</ele>
   </trkpt>
   <trkpt lat="47.210510000000006" lon="10.798770000000001">
    <ele>705.44</ele>
   </trkpt>
   <trkpt lat="47.21065" lon="10.799330000000001">
    <ele>705.2</ele>
   </trkpt>
   <trkpt lat="47.21079" lon="10.799790000000002">
    <ele>705.58</ele>
   </trkpt>
   <trkpt lat="47.210820000000005" lon="10.8">
    <ele>705.59</ele>
   </trkpt>
   <trkpt lat="47.21085" lon="10.800020000000002">
    <ele>705.59</ele>
   </trkpt>
   <trkpt lat="47.2109" lon="10.8">
    <ele>705.57</ele>
   </trkpt>
   <trkpt lat="47.21096000000001" lon="10.79996">
    <ele>705.74</ele>
   </trkpt>
   <trkpt lat="47.210980000000006" lon="10.79986">
    <ele>705.74</ele>
   </trkpt>
   <trkpt lat="47.21105000000001" lon="10.799890000000001">
    <ele>706.35</ele>
   </trkpt>
   <trkpt lat="47.21159" lon="10.799510000000001">
    <ele>706.6500000000001</ele>
   </trkpt>
   <trkpt lat="47.21162" lon="10.799510000000001">
    <ele>706.59</ele>
   </trkpt>
   <trkpt lat="47.21166" lon="10.799550000000002">
    <ele>706.5400000000001</ele>
   </trkpt>
   <trkpt lat="47.2117" lon="10.799660000000001">
    <ele>706.37</ele>
   </trkpt>
   <trkpt lat="47.21188" lon="10.800450000000001">
    <ele>705.4200000000001</ele>
   </trkpt>
   <trkpt lat="47.212" lon="10.800870000000002">
    <ele>706.3000000000001</ele>
   </trkpt>
   <trkpt lat="47.2121750024841" lon="10.801624997527254">
    <ele>706.2</ele>
   </trkpt>
   <trkpt lat="47.21235" lon="10.802380000000001">
    <ele>704.5400000000001</ele>
   </trkpt>
   <trkpt lat="47.212390000000006" lon="10.802480000000001">
    <ele>704.5400000000001</ele>
   </trkpt>
   <trkpt lat="47.21249" lon="10.80292">
    <ele>703.0400000000001</ele>
   </trkpt>
   <trkpt lat="47.21257000000001" lon="10.803370000000001">
    <ele>702.9399999999999</ele>
   </trkpt>
   <trkpt lat="47.21267" lon="10.804350000000001">
    <ele>706.85</ele>
   </trkpt>
   <trkpt lat="47.212615002571425" lon="10.805120000908786">
    <ele>708.7800000000001</ele>
   </trkpt>
   <trkpt lat="47.21256" lon="10.805890000000002">
    <ele>709.3900000000001</ele>
   </trkpt>
   <trkpt lat="47.21262" lon="10.806650000000001">
    <ele>710.84</ele>
   </trkpt>
   <trkpt lat="47.212700000000005" lon="10.80695">
    <ele>714.25</ele>
   </trkpt>
   <trkpt lat="47.212790000000005" lon="10.80714">
    <ele>715.32</ele>
   </trkpt>
   <trkpt lat="47.212790000000005" lon="10.807300000000001">
    <ele>715.35</ele>
   </trkpt>
   <trkpt lat="47.21293000000001" lon="10.80813">
    <ele>715.1</ele>
   </trkpt>
   <trkpt lat="47.212990000000005" lon="10.80817">
    <ele>714.8100000000001</ele>
   </trkpt>
   <trkpt lat="47.21340000000001" lon="10.808000000000002">
    <ele>714.19</ele>
   </trkpt>
   <trkpt lat="47.21361" lon="10.80794">
    <ele>714.11</ele>
   </trkpt>
   <trkpt lat="47.21383" lon="10.80794">
    <ele>714.1400000000001</ele>
   </trkpt>
   <trkpt lat="47.214000000000006" lon="10.807970000000001">
    <ele>714.01</ele>
   </trkpt>
   <trkpt lat="47.214130000000004" lon="10.80802">
    <ele>713.9100000000001</ele>
   </trkpt>
   <trkpt lat="47.21423" lon="10.80812">
    <ele>713.2700000000001</ele>
   </trkpt>
   <trkpt lat="47.21441" lon="10.80846">
    <ele>712.7800000000001</ele>
   </trkpt>
   <trkpt lat="47.214740000000006" lon="10.80896">
    <ele>711.85</ele>
   </trkpt>
   <trkpt lat="47.21511" lon="10.809320000000001">
    <ele>711.21</ele>
   </trkpt>
   <trkpt lat="47.21551" lon="10.810500000000001">
    <ele>710.6</ele>
   </trkpt>
   <trkpt lat="47.21569" lon="10.81085">
    <ele>710.6</ele>
   </trkpt>
   <trkpt lat="47.21585" lon="10.81108">
    <ele>710.8700000000001</ele>
   </trkpt>
   <trkpt lat="47.21632" lon="10.811520000000002">
    <ele>710.28</ele>
   </trkpt>
   <trkpt lat="47.216590000000004" lon="10.81182">
    <ele>709.4100000000001</ele>
   </trkpt>
   <trkpt lat="47.216820000000006" lon="10.812000000000001">
    <ele>708.8100000000001</ele>
   </trkpt>
   <trkpt lat="47.21697" lon="10.812090000000001">
    <ele>708.4</ele>
   </trkpt>
   <trkpt lat="47.217060000000004" lon="10.8122">
    <ele>707.98</ele>
   </trkpt>
   <trkpt lat="47.21739" lon="10.813220000000001">
    <ele>707.16</ele>
   </trkpt>
   <trkpt lat="47.21755" lon="10.81357">
    <ele>707.34</ele>
   </trkpt>
   <trkpt lat="47.21786" lon="10.814350000000001">
    <ele>707.34</ele>
   </trkpt>
   <trkpt lat="47.217870000000005" lon="10.81442">
    <ele>707.32</ele>
   </trkpt>
   <trkpt lat="47.217760000000006" lon="10.814530000000001">
    <ele>707.46</ele>
   </trkpt>
   <trkpt lat="47.21729500039894" lon="10.814820002522543">
    <ele>707.0600000000001</ele>
   </trkpt>
   <trkpt lat="47.21683" lon="10.81511">
    <ele>706.8100000000001</ele>
   </trkpt>
   <trkpt lat="47.216370000000005" lon="10.8155">
    <ele>705.99</ele>
   </trkpt>
   <trkpt lat="47.21632" lon="10.8155">
    <ele>705.83</ele>
   </trkpt>
   <trkpt lat="47.21627" lon="10.81545">
    <ele>705.64</ele>
   </trkpt>
   <trkpt lat="47.21591" lon="10.814820000000001">
    <ele>702.5600000000001</ele>
   </trkpt>
   <trkpt lat="47.21587" lon="10.814810000000001">
    <ele>702.5600000000001</ele>
   </trkpt>
   <trkpt lat="47.215360000000004" lon="10.81512">
    <ele>702.8700000000001</ele>
   </trkpt>
   <trkpt lat="47.215320000000006" lon="10.81516">
    <ele>702.88</ele>
   </trkpt>
   <trkpt lat="47.215300000000006" lon="10.815270000000002">
    <ele>702.52</ele>
   </trkpt>
   <trkpt lat="47.215430000000005" lon="10.81583">
    <ele>701.88</ele>
   </trkpt>
   <trkpt lat="47.215540000000004" lon="10.816450000000001">
    <ele>701.3600000000001</ele>
   </trkpt>
   <trkpt lat="47.21569" lon="10.816780000000001">
    <ele>702.67</ele>
   </trkpt>
   <trkpt lat="47.21576" lon="10.816960000000002">
    <ele>703.9300000000001</ele>
   </trkpt>
   <trkpt lat="47.21576" lon="10.81703">
    <ele>703.9300000000001</ele>
   </trkpt>
   <trkpt lat="47.2152" lon="10.81755">
    <ele>709.8199999999999</ele>
   </trkpt>
   <trkpt lat="47.21517" lon="10.817630000000001">
    <ele>709.8199999999999</ele>
   </trkpt>
   <trkpt lat="47.21517" lon="10.81769">
    <ele>710.0500000000001</ele>
   </trkpt>
   <trkpt lat="47.215250000000005" lon="10.81789">
    <ele>710.2400000000001</ele>
   </trkpt>
   <trkpt lat="47.21546000000001" lon="10.817670000000001">
    <ele>709.8700000000001</ele>
   </trkpt>
   <trkpt lat="47.21553" lon="10.81766">
    <ele>709.8700000000001</ele>
   </trkpt>
   <trkpt lat="47.21566000000001" lon="10.81779">
    <ele>709.77</ele>
   </trkpt>
   <trkpt lat="47.21598" lon="10.818320000000002">
    <ele>711.7500000000001</ele>
   </trkpt>
   <trkpt lat="47.21607" lon="10.81844">
    <ele>712.11</ele>
   </trkpt>
   <trkpt lat="47.21616" lon="10.818930000000002">
    <ele>716.55</ele>
   </trkpt>
   <trkpt lat="47.216440000000006" lon="10.819120000000002">
    <ele>715.65</ele>
   </trkpt>
   <trkpt lat="47.21658" lon="10.81924">
    <ele>715.3900000000001</ele>
   </trkpt>
   <trkpt lat="47.21692" lon="10.819640000000001">
    <ele>715.49</ele>
   </trkpt>
   <trkpt lat="47.217020000000005" lon="10.819680000000002">
    <ele>715.77</ele>
   </trkpt>
   <trkpt lat="47.21708" lon="10.81976">
    <ele>715.77</ele>
   </trkpt>
   <trkpt lat="47.217150000000004" lon="10.81994">
    <ele>716.25</ele>
   </trkpt>
   <trkpt lat="47.21723" lon="10.82005">
    <ele>716.48</ele>
   </trkpt>
   <trkpt lat="47.217290000000006" lon="10.82008">
    <ele>716.48</ele>
   </trkpt>
   <trkpt lat="47.21745000000001" lon="10.82009">
    <ele>717.0600000000001</ele>
   </trkpt>
   <trkpt lat="47.21748" lon="10.82014">
    <ele>717.0600000000001</ele>
   </trkpt>
   <trkpt lat="47.217600000000004" lon="10.820120000000001">
    <ele>717.22</ele>
   </trkpt>
   <trkpt lat="47.217690000000005" lon="10.82004">
    <ele>717.22</ele>
   </trkpt>
   <trkpt lat="47.21802" lon="10.819880000000001">
    <ele>714.52</ele>
   </trkpt>
   <trkpt lat="47.218230000000005" lon="10.819890000000001">
    <ele>713.72</ele>
   </trkpt>
   <trkpt lat="47.21831" lon="10.81991">
    <ele>713.6300000000001</ele>
   </trkpt>
   <trkpt lat="47.21838" lon="10.81995">
    <ele>713.72</ele>
   </trkpt>
   <trkpt lat="47.21849" lon="10.82008">
    <ele>714.1200000000001</ele>
   </trkpt>
   <trkpt lat="47.21858" lon="10.820250000000001">
    <ele>714.7</ele>
   </trkpt>
   <trkpt lat="47.21891" lon="10.82099">
    <ele>720.22</ele>
   </trkpt>
   <trkpt lat="47.21894" lon="10.82126">
    <ele>721.5600000000001</ele>
   </trkpt>
   <trkpt lat="47.218920000000004" lon="10.82174">
    <ele>724.11</ele>
   </trkpt>
   <trkpt lat="47.21896" lon="10.82201">
    <ele>725.1500000000001</ele>
   </trkpt>
   <trkpt lat="47.219030000000004" lon="10.82225">
    <ele>725.6400000000001</ele>
   </trkpt>
   <trkpt lat="47.219280000000005" lon="10.822690000000001">
    <ele>726.65</ele>
   </trkpt>
   <trkpt lat="47.219390000000004" lon="10.82286">
    <ele>726.65</ele>
   </trkpt>
   <trkpt lat="47.21931000000001" lon="10.82301">
    <ele>726.6800000000001</ele>
   </trkpt>
   <trkpt lat="47.219480000000004" lon="10.823670000000002">
    <ele>727.92</ele>
   </trkpt>
   <trkpt lat="47.219530000000006" lon="10.823780000000001">
    <ele>728.4100000000001</ele>
   </trkpt>
   <trkpt lat="47.21960000000001" lon="10.823870000000001">
    <ele>728.4100000000001</ele>
   </trkpt>
   <trkpt lat="47.219800000000006" lon="10.823910000000001">
    <ele>730.0600000000001</ele>
   </trkpt>
   <trkpt lat="47.219750000000005" lon="10.82446">
    <ele>728.2900000000001</ele>
   </trkpt>
   <trkpt lat="47.21967" lon="10.82492">
    <ele>727.9300000000001</ele>
   </trkpt>
   <trkpt lat="47.219440000000006" lon="10.825700000000001">
    <ele>727.1800000000001</ele>
   </trkpt>
   <trkpt lat="47.21941" lon="10.825880000000002">
    <ele>727.48</ele>
   </trkpt>
   <trkpt lat="47.21952" lon="10.826160000000002">
    <ele>727.58</ele>
   </trkpt>
   <trkpt lat="47.219590000000004" lon="10.82623">
    <ele>727.6300000000001</ele>
   </trkpt>
   <trkpt lat="47.21985" lon="10.826300000000002">
    <ele>728.86</ele>
   </trkpt>
   <trkpt lat="47.21998000000001" lon="10.82638">
    <ele>730.3900000000001</ele>
   </trkpt>
   <trkpt lat="47.220090000000006" lon="10.82648">
    <ele>731.33</ele>
   </trkpt>
   <trkpt lat="47.22019" lon="10.82661">
    <ele>731.75</ele>
   </trkpt>
   <trkpt lat="47.2205" lon="10.826830000000001">
    <ele>733.45</ele>
   </trkpt>
   <trkpt lat="47.220740000000006" lon="10.826960000000001">
    <ele>735.4900000000001</ele>
   </trkpt>
   <trkpt lat="47.22086" lon="10.82709">
    <ele>735.9300000000001</ele>
   </trkpt>
   <trkpt lat="47.22097" lon="10.82726">
    <ele>735.8500000000001</ele>
   </trkpt>
   <trkpt lat="47.220960000000005" lon="10.827340000000001">
    <ele>736.14</ele>
   </trkpt>
   <trkpt lat="47.22115" lon="10.828130000000002">
    <ele>737.57</ele>
   </trkpt>
   <trkpt lat="47.22129" lon="10.82829">
    <ele>737.3400000000001</ele>
   </trkpt>
   <trkpt lat="47.22131" lon="10.828380000000001">
    <ele>737.3400000000001</ele>
   </trkpt>
   <trkpt lat="47.22129" lon="10.82845">
    <ele>737.3400000000001</ele>
   </trkpt>
   <trkpt lat="47.22137000000001" lon="10.82859">
    <ele>737.6800000000001</ele>
   </trkpt>
   <trkpt lat="47.22139000000001" lon="10.82873">
    <ele>737.3100000000001</ele>
   </trkpt>
   <trkpt lat="47.221340000000005" lon="10.8291">
    <ele>735.33</ele>
   </trkpt>
   <trkpt lat="47.221210000000006" lon="10.82929">
    <ele>735.9100000000001</ele>
   </trkpt>
   <trkpt lat="47.221270000000004" lon="10.829320000000001">
    <ele>735.14</ele>
   </trkpt>
   <trkpt lat="47.221360000000004" lon="10.82967">
    <ele>730.7900000000001</ele>
   </trkpt>
   <trkpt lat="47.22138" lon="10.8299">
    <ele>728.86</ele>
   </trkpt>
   <trkpt lat="47.22131" lon="10.830160000000001">
    <ele>727.08</ele>
   </trkpt>
   <trkpt lat="47.221320000000006" lon="10.830480000000001">
    <ele>727.38</ele>
   </trkpt>
   <trkpt lat="47.22137000000001" lon="10.83064">
    <ele>728.74</ele>
   </trkpt>
   <trkpt lat="47.2214" lon="10.83094">
    <ele>730.8100000000001</ele>
   </trkpt>
   <trkpt lat="47.22153" lon="10.83145">
    <ele>733.97</ele>
   </trkpt>
   <trkpt lat="47.22176" lon="10.83163">
    <ele>731.0200000000001</ele>
   </trkpt>
   <trkpt lat="47.22193" lon="10.831850000000001">
    <ele>729.16</ele>
   </trkpt>
   <trkpt lat="47.22193" lon="10.83197">
    <ele>729.16</ele>
   </trkpt>
   <trkpt lat="47.221830000000004" lon="10.83238">
    <ele>727.58</ele>
   </trkpt>
   <trkpt lat="47.22187" lon="10.83244">
    <ele>728.0200000000001</ele>
   </trkpt>
   <trkpt lat="47.22216" lon="10.832360000000001">
    <ele>732.48</ele>
   </trkpt>
   <trkpt lat="47.22227" lon="10.83243">
    <ele>733.2</ele>
   </trkpt>
   <trkpt lat="47.222500000000004" lon="10.832350000000002">
    <ele>732.7</ele>
   </trkpt>
   <trkpt lat="47.22252" lon="10.832410000000001">
    <ele>732.0000000000001</ele>
   </trkpt>
   <trkpt lat="47.22261" lon="10.832450000000001">
    <ele>731.44</ele>
   </trkpt>
   <trkpt lat="47.22265" lon="10.832550000000001">
    <ele>731.2900000000001</ele>
   </trkpt>
   <trkpt lat="47.22285" lon="10.832740000000001">
    <ele>730.5</ele>
   </trkpt>
   <trkpt lat="47.22288" lon="10.832830000000001">
    <ele>729.77</ele>
   </trkpt>
   <trkpt lat="47.22288" lon="10.833010000000002">
    <ele>728.87</ele>
   </trkpt>
   <trkpt lat="47.2229" lon="10.833060000000001">
    <ele>726.8100000000001</ele>
   </trkpt>
   <trkpt lat="47.22307000000001" lon="10.833010000000002">
    <ele>723.33</ele>
   </trkpt>
   <trkpt lat="47.223150000000004" lon="10.833240000000002">
    <ele>717.8800000000001</ele>
   </trkpt>
   <trkpt lat="47.22314" lon="10.833350000000001">
    <ele>716.8500000000001</ele>
   </trkpt>
   <trkpt lat="47.223150000000004" lon="10.833490000000001">
    <ele>715.0600000000001</ele>
   </trkpt>
   <trkpt lat="47.22335" lon="10.83364">
    <ele>712.34</ele>
   </trkpt>
   <trkpt lat="47.223600000000005" lon="10.834000000000001">
    <ele>711.4800000000001</ele>
   </trkpt>
   <trkpt lat="47.22373" lon="10.83397">
    <ele>711.57</ele>
   </trkpt>
   <trkpt lat="47.22383000000001" lon="10.83397">
    <ele>712.13</ele>
   </trkpt>
   <trkpt lat="47.224000000000004" lon="10.83399">
    <ele>714.2700000000001</ele>
   </trkpt>
   <trkpt lat="47.22410000000001" lon="10.834050000000001">
    <ele>715.32</ele>
   </trkpt>
   <trkpt lat="47.22429" lon="10.834010000000001">
    <ele>716.04</ele>
   </trkpt>
   <trkpt lat="47.224470000000004" lon="10.83412">
    <ele>716.1700000000001</ele>
   </trkpt>
   <trkpt lat="47.224610000000006" lon="10.83427">
    <ele>717.16</ele>
   </trkpt>
   <trkpt lat="47.224650000000004" lon="10.834470000000001">
    <ele>717.0600000000001</ele>
   </trkpt>
   <trkpt lat="47.224900000000005" lon="10.834750000000001">
    <ele>715.0300000000001</ele>
   </trkpt>
   <trkpt lat="47.22525" lon="10.834990000000001">
    <ele>712.98</ele>
   </trkpt>
   <trkpt lat="47.22533000000001" lon="10.83501">
    <ele>712.46</ele>
   </trkpt>
   <trkpt lat="47.2254" lon="10.834980000000002">
    <ele>710.7500000000001</ele>
   </trkpt>
   <trkpt lat="47.22542000000001" lon="10.834890000000001">
    <ele>709.69</ele>
   </trkpt>
   <trkpt lat="47.22565" lon="10.834800000000001">
    <ele>707.52</ele>
   </trkpt>
   <trkpt lat="47.22580000000001" lon="10.83483">
    <ele>706.71</ele>
   </trkpt>
   <trkpt lat="47.225860000000004" lon="10.834930000000002">
    <ele>706.34</ele>
   </trkpt>
   <trkpt lat="47.22598000000001" lon="10.83553">
    <ele>708.25</ele>
   </trkpt>
   <trkpt lat="47.226310000000005" lon="10.83599">
    <ele>707.99</ele>
   </trkpt>
   <trkpt lat="47.226200000000006" lon="10.83618">
    <ele>708.72</ele>
   </trkpt>
   <trkpt lat="47.226470000000006" lon="10.83684">
    <ele>707.5400000000001</ele>
   </trkpt>
   <trkpt lat="47.226470000000006" lon="10.837290000000001">
    <ele>708.34</ele>
   </trkpt>
   <trkpt lat="47.2261" lon="10.83765">
    <ele>711.79</ele>
   </trkpt>
   <trkpt lat="47.226090000000006" lon="10.83779">
    <ele>711.8100000000001</ele>
   </trkpt>
   <trkpt lat="47.22617" lon="10.838140000000001">
    <ele>710.98</ele>
   </trkpt>
   <trkpt lat="47.226310000000005" lon="10.8384">
    <ele>707.0600000000001</ele>
   </trkpt>
   <trkpt lat="47.226240000000004" lon="10.83866">
    <ele>706.88</ele>
   </trkpt>
   <trkpt lat="47.226490000000005" lon="10.83927">
    <ele>718.9100000000001</ele>
   </trkpt>
   <trkpt lat="47.22668" lon="10.839550000000001">
    <ele>719.7300000000001</ele>
   </trkpt>
   <trkpt lat="47.226890000000004" lon="10.839550000000001">
    <ele>714.2700000000001</ele>
   </trkpt>
   <trkpt lat="47.22697" lon="10.839670000000002">
    <ele>713.35</ele>
   </trkpt>
   <trkpt lat="47.22695" lon="10.8399">
    <ele>712.23</ele>
   </trkpt>
   <trkpt lat="47.227050000000006" lon="10.840140000000002">
    <ele>712.98</ele>
   </trkpt>
   <trkpt lat="47.22726" lon="10.840290000000001">
    <ele>714.5600000000001</ele>
   </trkpt>
   <trkpt lat="47.227720000000005" lon="10.84008">
    <ele>710.9200000000001</ele>
   </trkpt>
   <trkpt lat="47.227810000000005" lon="10.840240000000001">
    <ele>709.55</ele>
   </trkpt>
   <trkpt lat="47.22807" lon="10.840470000000002">
    <ele>708.64</ele>
   </trkpt>
   <trkpt lat="47.22863" lon="10.840560000000002">
    <ele>710.0600000000001</ele>
   </trkpt>
   <trkpt lat="47.22858" lon="10.8407">
    <ele>710.47</ele>
   </trkpt>
   <trkpt lat="47.22858" lon="10.841130000000001">
    <ele>710.4</ele>
   </trkpt>
   <trkpt lat="47.22869000000001" lon="10.841420000000001">
    <ele>709.4800000000001</ele>
   </trkpt>
   <trkpt lat="47.22876" lon="10.84148">
    <ele>709.3600000000001</ele>
   </trkpt>
   <trkpt lat="47.22874" lon="10.84172">
    <ele>707.5400000000001</ele>
   </trkpt>
   <trkpt lat="47.22880000000001" lon="10.841740000000001">
    <ele>707.5400000000001</ele>
   </trkpt>
   <trkpt lat="47.22865" lon="10.842770000000002">
    <ele>698.74</ele>
   </trkpt>
   <trkpt lat="47.2284" lon="10.8434">
    <ele>693.44</ele>
   </trkpt>
   <trkpt lat="47.22845" lon="10.843520000000002">
    <ele>693.44</ele>
   </trkpt>
   <trkpt lat="47.22845" lon="10.84378">
    <ele>693.4800000000001</ele>
   </trkpt>
   <trkpt lat="47.22851000000001" lon="10.84449">
    <ele>693.62</ele>
   </trkpt>
   <trkpt lat="47.22861" lon="10.8451">
    <ele>694.06</ele>
   </trkpt>
   <trkpt lat="47.22862000000001" lon="10.84534">
    <ele>694.09</ele>
   </trkpt>
   <trkpt lat="47.22860000000001" lon="10.84552">
    <ele>694.09</ele>
   </trkpt>
   <trkpt lat="47.22825" lon="10.846200000000001">
    <ele>694.97</ele>
   </trkpt>
   <trkpt lat="47.2282" lon="10.84645">
    <ele>694.97</ele>
   </trkpt>
   <trkpt lat="47.22811" lon="10.84661">
    <ele>695.25</ele>
   </trkpt>
   <trkpt lat="47.227940000000004" lon="10.846770000000001">
    <ele>695.6300000000001</ele>
   </trkpt>
   <trkpt lat="47.227990000000005" lon="10.847130000000002">
    <ele>696.61</ele>
   </trkpt>
   <trkpt lat="47.228030000000004" lon="10.847660000000001">
    <ele>696.19</ele>
   </trkpt>
   <trkpt lat="47.22802" lon="10.847850000000001">
    <ele>696.19</ele>
   </trkpt>
   <trkpt lat="47.227180000000004" lon="10.848070000000002">
    <ele>697.03</ele>
   </trkpt>
   <trkpt lat="47.2272" lon="10.84824">
    <ele>697.03</ele>
   </trkpt>
   <trkpt lat="47.226820000000004" lon="10.84834">
    <ele>697.6300000000001</ele>
   </trkpt>
   <trkpt lat="47.22673" lon="10.848400000000002">
    <ele>697.6300000000001</ele>
   </trkpt>
   <trkpt lat="47.226330000000004" lon="10.84877">
    <ele>698.0</ele>
   </trkpt>
   <trkpt lat="47.22619" lon="10.849100000000002">
    <ele>698.61</ele>
   </trkpt>
   <trkpt lat="47.226130000000005" lon="10.84932">
    <ele>698.8000000000001</ele>
   </trkpt>
   <trkpt lat="47.226090000000006" lon="10.849620000000002">
    <ele>699.52</ele>
   </trkpt>
   <trkpt lat="47.226110000000006" lon="10.84979">
    <ele>699.52</ele>
   </trkpt>
   <trkpt lat="47.22625000000001" lon="10.850090000000002">
    <ele>700.7</ele>
   </trkpt>
   <trkpt lat="47.226350000000004" lon="10.850480000000001">
    <ele>700.7</ele>
   </trkpt>
   <trkpt lat="47.22637" lon="10.85078">
    <ele>701.6300000000001</ele>
   </trkpt>
   <trkpt lat="47.22648" lon="10.851270000000001">
    <ele>702.0200000000001</ele>
   </trkpt>
   <trkpt lat="47.22663000000001" lon="10.851680000000002">
    <ele>702.77</ele>
   </trkpt>
   <trkpt lat="47.22695000252168" lon="10.852439995433343">
    <ele>705.34</ele>
   </trkpt>
   <trkpt lat="47.227270000000004" lon="10.853200000000001">
    <ele>706.6800000000001</ele>
   </trkpt>
   <trkpt lat="47.227540000000005" lon="10.85402">
    <ele>707.47</ele>
   </trkpt>
   <trkpt lat="47.227610000000006" lon="10.854410000000001">
    <ele>707.79</ele>
   </trkpt>
   <trkpt lat="47.22768000000001" lon="10.854650000000001">
    <ele>708.0900000000001</ele>
   </trkpt>
   <trkpt lat="47.22771" lon="10.8549">
    <ele>708.7500000000001</ele>
   </trkpt>
   <trkpt lat="47.22771" lon="10.85543">
    <ele>711.22</ele>
   </trkpt>
   <trkpt lat="47.22775" lon="10.8556">
    <ele>712.5400000000001</ele>
   </trkpt>
   <trkpt lat="47.22791" lon="10.855770000000001">
    <ele>714.89</ele>
   </trkpt>
   <trkpt lat="47.22805" lon="10.855970000000001">
    <ele>716.23</ele>
   </trkpt>
   <trkpt lat="47.228300000000004" lon="10.85664">
    <ele>722.6700000000001</ele>
   </trkpt>
   <trkpt lat="47.22836" lon="10.85674">
    <ele>722.6700000000001</ele>
   </trkpt>
   <trkpt lat="47.22843" lon="10.85678">
    <ele>723.5600000000001</ele>
   </trkpt>
   <trkpt lat="47.228530000000006" lon="10.85678">
    <ele>724.1500000000001</ele>
   </trkpt>
   <trkpt lat="47.22867" lon="10.85669">
    <ele>724.1500000000001</ele>
   </trkpt>
   <trkpt lat="47.228680000000004" lon="10.856800000000002">
    <ele>725.59</ele>
   </trkpt>
   <trkpt lat="47.228320000000004" lon="10.857170000000002">
    <ele>728.31</ele>
   </trkpt>
   <trkpt lat="47.228500000000004" lon="10.85758">
    <ele>729.84</ele>
   </trkpt>
   <trkpt lat="47.228570000000005" lon="10.857640000000002">
    <ele>730.8100000000001</ele>
   </trkpt>
   <trkpt lat="47.22869000000001" lon="10.857700000000001">
    <ele>732.9000000000001</ele>
   </trkpt>
   <trkpt lat="47.228840000000005" lon="10.857750000000001">
    <ele>733.8</ele>
   </trkpt>
   <trkpt lat="47.228970000000004" lon="10.85776">
    <ele>734.4300000000001</ele>
   </trkpt>
   <trkpt lat="47.22898000000001" lon="10.85781">
    <ele>734.4300000000001</ele>
   </trkpt>
   <trkpt lat="47.22918000000001" lon="10.85818">
    <ele>734.7900000000001</ele>
   </trkpt>
   <trkpt lat="47.22927000000001" lon="10.85823">
    <ele>734.7900000000001</ele>
   </trkpt>
   <trkpt lat="47.229350000000004" lon="10.85818">
    <ele>734.7900000000001</ele>
   </trkpt>
   <trkpt lat="47.229420000000005" lon="10.858110000000002">
    <ele>734.53</ele>
   </trkpt>
   <trkpt lat="47.229940000000006" lon="10.85753">
    <ele>734.0600000000001</ele>
   </trkpt>
   <trkpt lat="47.230270000000004" lon="10.857140000000001">
    <ele>734.44</ele>
   </trkpt>
   <trkpt lat="47.23059000000001" lon="10.85771">
    <ele>734.4000000000001</ele>
   </trkpt>
   <trkpt lat="47.230700000000006" lon="10.85759">
    <ele>734.0000000000001</ele>
   </trkpt>
   <trkpt lat="47.23106500126599" lon="10.857075003388415">
    <ele>733.2400000000001</ele>
   </trkpt>
   <trkpt lat="47.23143" lon="10.856560000000002">
    <ele>733.02</ele>
   </trkpt>
   <trkpt lat="47.23154" lon="10.85641">
    <ele>733.04</ele>
   </trkpt>
   <trkpt lat="47.23174" lon="10.856300000000001">
    <ele>733.9100000000001</ele>
   </trkpt>
   <trkpt lat="47.23180000000001" lon="10.85626">
    <ele>733.9100000000001</ele>
   </trkpt>
   <trkpt lat="47.231910000000006" lon="10.85623">
    <ele>734.45</ele>
   </trkpt>
   <trkpt lat="47.232200000000006" lon="10.85678">
    <ele>736.25</ele>
   </trkpt>
   <trkpt lat="47.23252" lon="10.8571">
    <ele>736.53</ele>
   </trkpt>
   <trkpt lat="47.232730000000004" lon="10.857470000000001">
    <ele>735.09</ele>
   </trkpt>
   <trkpt lat="47.23283000000001" lon="10.8579">
    <ele>735.6600000000001</ele>
   </trkpt>
   <trkpt lat="47.23295" lon="10.85819">
    <ele>735.25</ele>
   </trkpt>
   <trkpt lat="47.23315" lon="10.85853">
    <ele>732.9100000000001</ele>
   </trkpt>
   <trkpt lat="47.23319" lon="10.858640000000001">
    <ele>732.9100000000001</ele>
   </trkpt>
   <trkpt lat="47.233090000000004" lon="10.8589">
    <ele>733.5200000000001</ele>
   </trkpt>
   <trkpt lat="47.232940000000006" lon="10.859350000000001">
    <ele>735.36</ele>
   </trkpt>
   <trkpt lat="47.23321000000001" lon="10.85997">
    <ele>738.7800000000001</ele>
   </trkpt>
   <trkpt lat="47.233320000000006" lon="10.86006">
    <ele>739.97</ele>
   </trkpt>
   <trkpt lat="47.233380000000004" lon="10.86021">
    <ele>740.75</ele>
   </trkpt>
   <trkpt lat="47.233610000000006" lon="10.860430000000001">
    <ele>740.59</ele>
   </trkpt>
   <trkpt lat="47.23359000000001" lon="10.861">
    <ele>741.23</ele>
   </trkpt>
   <trkpt lat="47.23359000000001" lon="10.86105">
    <ele>741.26</ele>
   </trkpt>
   <trkpt lat="47.23359000000001" lon="10.86114">
    <ele>740.5600000000001</ele>
   </trkpt>
   <trkpt lat="47.23373" lon="10.861220000000001">
    <ele>736.26</ele>
   </trkpt>
   <trkpt lat="47.23378" lon="10.861690000000001">
    <ele>729.28</ele>
   </trkpt>
   <trkpt lat="47.23373" lon="10.861870000000001">
    <ele>729.35</ele>
   </trkpt>
   <trkpt lat="47.233810000000005" lon="10.861960000000002">
    <ele>720.84</ele>
   </trkpt>
   <trkpt lat="47.233900000000006" lon="10.861910000000002">
    <ele>717.7500000000001</ele>
   </trkpt>
   <trkpt lat="47.23389" lon="10.86208">
    <ele>714.35</ele>
   </trkpt>
   <trkpt lat="47.234080000000006" lon="10.862150000000002">
    <ele>703.9200000000001</ele>
   </trkpt>
   <trkpt lat="47.234080000000006" lon="10.86214">
    <ele>704.1</ele>
   </trkpt>
   <trkpt lat="47.234010000000005" lon="10.86259">
    <ele>700.8700000000001</ele>
   </trkpt>
   <trkpt lat="47.234030000000004" lon="10.8627">
    <ele>700.0500000000001</ele>
   </trkpt>
   <trkpt lat="47.234030000000004" lon="10.86279">
    <ele>700.0500000000001</ele>
   </trkpt>
   <trkpt lat="47.234190000000005" lon="10.8632">
    <ele>697.91</ele>
   </trkpt>
   <trkpt lat="47.2343650018339" lon="10.863844997959067">
    <ele>697.8100000000001</ele>
   </trkpt>
   <trkpt lat="47.23454" lon="10.864490000000002">
    <ele>697.2600000000001</ele>
   </trkpt>
   <trkpt lat="47.23469" lon="10.865160000000001">
    <ele>696.61</ele>
   </trkpt>
   <trkpt lat="47.234770000000005" lon="10.86538">
    <ele>696.5600000000001</ele>
   </trkpt>
   <trkpt lat="47.234840000000005" lon="10.86546">
    <ele>696.58</ele>
   </trkpt>
   <trkpt lat="47.23499" lon="10.865900000000002">
    <ele>695.64</ele>
   </trkpt>
   <trkpt lat="47.23512" lon="10.866050000000001">
    <ele>695.3900000000001</ele>
   </trkpt>
   <trkpt lat="47.23525" lon="10.866280000000001">
    <ele>695.69</ele>
   </trkpt>
   <trkpt lat="47.235290000000006" lon="10.8664">
    <ele>695.71</ele>
   </trkpt>
   <trkpt lat="47.23555" lon="10.86682">
    <ele>694.82</ele>
   </trkpt>
   <trkpt lat="47.23568" lon="10.866940000000001">
    <ele>694.71</ele>
   </trkpt>
   <trkpt lat="47.23574000000001" lon="10.86719">
    <ele>694.64</ele>
   </trkpt>
   <trkpt lat="47.23584" lon="10.867370000000001">
    <ele>694.5400000000001</ele>
   </trkpt>
   <trkpt lat="47.23583000000001" lon="10.867540000000002">
    <ele>694.24</ele>
   </trkpt>
   <trkpt lat="47.235850000000006" lon="10.86771">
    <ele>694.24</ele>
   </trkpt>
   <trkpt lat="47.2359" lon="10.86785">
    <ele>693.67</ele>
   </trkpt>
   <trkpt lat="47.23599" lon="10.868030000000001">
    <ele>693.6000000000001</ele>
   </trkpt>
   <trkpt lat="47.23599" lon="10.86818">
    <ele>693.69</ele>
   </trkpt>
   <trkpt lat="47.23604" lon="10.868350000000001">
    <ele>694.0400000000001</ele>
   </trkpt>
   <trkpt lat="47.235980000000005" lon="10.86856">
    <ele>694.4300000000001</ele>
   </trkpt>
   <trkpt lat="47.23604" lon="10.86889">
    <ele>695.7800000000001</ele>
   </trkpt>
   <trkpt lat="47.236090000000004" lon="10.869050000000001">
    <ele>695.83</ele>
   </trkpt>
   <trkpt lat="47.23613" lon="10.869660000000001">
    <ele>695.57</ele>
   </trkpt>
   <trkpt lat="47.23622" lon="10.8701">
    <ele>695.28</ele>
   </trkpt>
   <trkpt lat="47.23621000000001" lon="10.870560000000001">
    <ele>694.96</ele>
   </trkpt>
   <trkpt lat="47.23617" lon="10.871070000000001">
    <ele>694.2</ele>
   </trkpt>
   <trkpt lat="47.23615" lon="10.87123">
    <ele>694.1700000000001</ele>
   </trkpt>
   <trkpt lat="47.23604" lon="10.871580000000002">
    <ele>694.12</ele>
   </trkpt>
   <trkpt lat="47.23603000000001" lon="10.87188">
    <ele>694.23</ele>
   </trkpt>
   <trkpt lat="47.23606" lon="10.87213">
    <ele>694.5</ele>
   </trkpt>
   <trkpt lat="47.236180000000004" lon="10.87241">
    <ele>695.64</ele>
   </trkpt>
   <trkpt lat="47.23628" lon="10.87296">
    <ele>696.85</ele>
   </trkpt>
   <trkpt lat="47.23628" lon="10.873230000000001">
    <ele>698.01</ele>
   </trkpt>
   <trkpt lat="47.236380000000004" lon="10.87373">
    <ele>699.07</ele>
   </trkpt>
   <trkpt lat="47.236720000000005" lon="10.87424">
    <ele>699.7</ele>
   </trkpt>
   <trkpt lat="47.23687" lon="10.87443">
    <ele>699.85</ele>
   </trkpt>
   <trkpt lat="47.236940000000004" lon="10.874490000000002">
    <ele>700.0500000000001</ele>
   </trkpt>
   <trkpt lat="47.23715000000001" lon="10.874580000000002">
    <ele>700.5</ele>
   </trkpt>
   <trkpt lat="47.237370000000006" lon="10.87475">
    <ele>699.4200000000001</ele>
   </trkpt>
   <trkpt lat="47.237590000000004" lon="10.875240000000002">
    <ele>695.76</ele>
   </trkpt>
   <trkpt lat="47.237750000000005" lon="10.875670000000001">
    <ele>694.5400000000001</ele>
   </trkpt>
   <trkpt lat="47.237970000000004" lon="10.876000000000001">
    <ele>692.6600000000001</ele>
   </trkpt>
   <trkpt lat="47.23840500376366" lon="10.876929992367685">
    <ele>692.5500000000001</ele>
   </trkpt>
   <trkpt lat="47.23884" lon="10.87786">
    <ele>690.12</ele>
   </trkpt>
   <trkpt lat="47.239200000000004" lon="10.878300000000001">
    <ele>688.44</ele>
   </trkpt>
   <trkpt lat="47.23962" lon="10.87851">
    <ele>686.5000000000001</ele>
   </trkpt>
   <trkpt lat="47.240120000080644" lon="10.878734997813831">
    <ele>685.44</ele>
   </trkpt>
   <trkpt lat="47.24062000000001" lon="10.878960000000001">
    <ele>686.71</ele>
   </trkpt>
   <trkpt lat="47.240790000000004" lon="10.87908">
    <ele>686.83</ele>
   </trkpt>
   <trkpt lat="47.24121" lon="10.87954">
    <ele>687.74</ele>
   </trkpt>
   <trkpt lat="47.241330000000005" lon="10.87949">
    <ele>687.23</ele>
   </trkpt>
   <trkpt lat="47.24173000147324" lon="10.878925004146305">
    <ele>683.36</ele>
   </trkpt>
   <trkpt lat="47.24213" lon="10.87836">
    <ele>682.9300000000001</ele>
   </trkpt>
   <trkpt lat="47.24254000203813" lon="10.879054994514492">
    <ele>682.64</ele>
   </trkpt>
   <trkpt lat="47.24295" lon="10.879750000000001">
    <ele>682.13</ele>
   </trkpt>
   <trkpt lat="47.24334500226904" lon="10.880474994562308">
    <ele>681.49</ele>
   </trkpt>
   <trkpt lat="47.24374" lon="10.881200000000002">
    <ele>681.47</ele>
   </trkpt>
   <trkpt lat="47.24382000000001" lon="10.881450000000001">
    <ele>681.64</ele>
   </trkpt>
   <trkpt lat="47.24382000000001" lon="10.881580000000001">
    <ele>682.0500000000001</ele>
   </trkpt>
   <trkpt lat="47.24378" lon="10.881810000000002">
    <ele>682.9200000000001</ele>
   </trkpt>
   <trkpt lat="47.24354" lon="10.88225">
    <ele>683.27</ele>
   </trkpt>
   <trkpt lat="47.243430000000004" lon="10.882390000000001">
    <ele>684.85</ele>
   </trkpt>
   <trkpt lat="47.243320000000004" lon="10.882480000000001">
    <ele>687.35</ele>
   </trkpt>
   <trkpt lat="47.24322" lon="10.8825">
    <ele>687.35</ele>
   </trkpt>
   <trkpt lat="47.243120000000005" lon="10.882480000000001">
    <ele>690.0500000000001</ele>
   </trkpt>
   <trkpt lat="47.243030000000005" lon="10.88244">
    <ele>691.34</ele>
   </trkpt>
   <trkpt lat="47.24237" lon="10.881860000000001">
    <ele>700.8000000000001</ele>
   </trkpt>
   <trkpt lat="47.242020000000004" lon="10.881680000000001">
    <ele>705.0600000000001</ele>
   </trkpt>
   <trkpt lat="47.2419" lon="10.881670000000002">
    <ele>706.11</ele>
   </trkpt>
   <trkpt lat="47.24183000000001" lon="10.88174">
    <ele>706.11</ele>
   </trkpt>
   <trkpt lat="47.241800000000005" lon="10.8818">
    <ele>706.11</ele>
   </trkpt>
   <trkpt lat="47.241800000000005" lon="10.881900000000002">
    <ele>707.64</ele>
   </trkpt>
   <trkpt lat="47.24186" lon="10.88199">
    <ele>707.64</ele>
   </trkpt>
   <trkpt lat="47.24221000000001" lon="10.88217">
    <ele>710.79</ele>
   </trkpt>
   <trkpt lat="47.24244" lon="10.88241">
    <ele>713.26</ele>
   </trkpt>
   <trkpt lat="47.242720000000006" lon="10.882980000000002">
    <ele>723.6700000000001</ele>
   </trkpt>
   <trkpt lat="47.24287" lon="10.88316">
    <ele>723.6700000000001</ele>
   </trkpt>
   <trkpt lat="47.24325" lon="10.883460000000001">
    <ele>727.8100000000001</ele>
   </trkpt>
   <trkpt lat="47.243390000000005" lon="10.883590000000002">
    <ele>729.97</ele>
   </trkpt>
   <trkpt lat="47.243860000000005" lon="10.88423">
    <ele>737.0500000000001</ele>
   </trkpt>
   <trkpt lat="47.24414" lon="10.884480000000002">
    <ele>740.5500000000001</ele>
   </trkpt>
   <trkpt lat="47.2443" lon="10.884720000000002">
    <ele>742.6100000000001</ele>
   </trkpt>
   <trkpt lat="47.24445" lon="10.885050000000001">
    <ele>745.82</ele>
   </trkpt>
   <trkpt lat="47.244620000000005" lon="10.885560000000002">
    <ele>751.0400000000001</ele>
   </trkpt>
   <trkpt lat="47.24475" lon="10.88635">
    <ele>758.6</ele>
   </trkpt>
   <trkpt lat="47.244800000000005" lon="10.88654">
    <ele>758.6</ele>
   </trkpt>
   <trkpt lat="47.245020000000004" lon="10.886940000000001">
    <ele>763.19</ele>
   </trkpt>
   <trkpt lat="47.245180000000005" lon="10.88715">
    <ele>766.5</ele>
   </trkpt>
   <trkpt lat="47.245380000000004" lon="10.887310000000001">
    <ele>769.46</ele>
   </trkpt>
   <trkpt lat="47.245520000000006" lon="10.88737">
    <ele>769.46</ele>
   </trkpt>
   <trkpt lat="47.24571" lon="10.88742">
    <ele>773.85</ele>
   </trkpt>
   <trkpt lat="47.246030000000005" lon="10.887440000000002">
    <ele>775.85</ele>
   </trkpt>
   <trkpt lat="47.24618" lon="10.887490000000001">
    <ele>775.85</ele>
   </trkpt>
   <trkpt lat="47.24635000000001" lon="10.8876">
    <ele>782.1600000000001</ele>
   </trkpt>
   <trkpt lat="47.246790000000004" lon="10.888060000000001">
    <ele>786.33</ele>
   </trkpt>
   <trkpt lat="47.24698" lon="10.888190000000002">
    <ele>788.32</ele>
   </trkpt>
   <trkpt lat="47.247870000000006" lon="10.88835">
    <ele>799.6500000000001</ele>
   </trkpt>
   <trkpt lat="47.24808" lon="10.888430000000001">
    <ele>802.1100000000001</ele>
   </trkpt>
   <trkpt lat="47.24821000000001" lon="10.88856">
    <ele>803.39</ele>
   </trkpt>
   <trkpt lat="47.24832000000001" lon="10.88874">
    <ele>807.37</ele>
   </trkpt>
   <trkpt lat="47.24860000147684" lon="10.889334996720422">
    <ele>813.07</ele>
   </trkpt>
   <trkpt lat="47.24888000000001" lon="10.889930000000001">
    <ele>822.64</ele>
   </trkpt>
   <trkpt lat="47.24916" lon="10.890220000000001">
    <ele>822.64</ele>
   </trkpt>
   <trkpt lat="47.24944000000001" lon="10.89061">
    <ele>831.3600000000001</ele>
   </trkpt>
   <trkpt lat="47.249520000000004" lon="10.89098">
    <ele>836.7</ele>
   </trkpt>
   <trkpt lat="47.249500000000005" lon="10.89137">
    <ele>838.0200000000001</ele>
   </trkpt>
   <trkpt lat="47.24954" lon="10.891580000000001">
    <ele>841.23</ele>
   </trkpt>
   <trkpt lat="47.24969" lon="10.89183">
    <ele>845.6500000000001</ele>
   </trkpt>
   <trkpt lat="47.249840000000006" lon="10.89217">
    <ele>845.6500000000001</ele>
   </trkpt>
   <trkpt lat="47.249930000000006" lon="10.89263">
    <ele>851.25</ele>
   </trkpt>
   <trkpt lat="47.24998" lon="10.89362">
    <ele>861.99</ele>
   </trkpt>
   <trkpt lat="47.24994" lon="10.8937">
    <ele>861.99</ele>
   </trkpt>
   <trkpt lat="47.249880000000005" lon="10.893690000000001">
    <ele>864.0300000000001</ele>
   </trkpt>
   <trkpt lat="47.249810000000004" lon="10.89356">
    <ele>864.0300000000001</ele>
   </trkpt>
   <trkpt lat="47.249520000000004" lon="10.89278">
    <ele>870.7800000000001</ele>
   </trkpt>
   <trkpt lat="47.249340000000004" lon="10.8925">
    <ele>877.4300000000001</ele>
   </trkpt>
   <trkpt lat="47.24898000093919" lon="10.892049997014324">
    <ele>886.8300000000002</ele>
   </trkpt>
   <trkpt lat="47.24862" lon="10.8916">
    <ele>886.8300000000002</ele>
   </trkpt>
   <trkpt lat="47.24848" lon="10.891470000000002">
    <ele>894.0500000000001</ele>
   </trkpt>
   <trkpt lat="47.2483" lon="10.89136">
    <ele>894.0500000000001</ele>
   </trkpt>
   <trkpt lat="47.248160000000006" lon="10.891330000000002">
    <ele>895.7900000000001</ele>
   </trkpt>
   <trkpt lat="47.24799" lon="10.89136">
    <ele>897.46</ele>
   </trkpt>
   <trkpt lat="47.24788" lon="10.8914">
    <ele>899.07</ele>
   </trkpt>
   <trkpt lat="47.24763" lon="10.89155">
    <ele>901.6800000000001</ele>
   </trkpt>
   <trkpt lat="47.24754" lon="10.891580000000001">
    <ele>901.6800000000001</ele>
   </trkpt>
   <trkpt lat="47.247220000000006" lon="10.8916">
    <ele>908.1000000000001</ele>
   </trkpt>
   <trkpt lat="47.24683" lon="10.89173">
    <ele>910.6200000000001</ele>
   </trkpt>
   <trkpt lat="47.24667" lon="10.89169">
    <ele>914.75</ele>
   </trkpt>
   <trkpt lat="47.246460000000006" lon="10.89155">
    <ele>914.75</ele>
   </trkpt>
   <trkpt lat="47.24631" lon="10.8915">
    <ele>919.19</ele>
   </trkpt>
   <trkpt lat="47.24604" lon="10.8915">
    <ele>920.7400000000001</ele>
   </trkpt>
   <trkpt lat="47.245720000000006" lon="10.89159">
    <ele>924.45</ele>
   </trkpt>
   <trkpt lat="47.24553" lon="10.891620000000001">
    <ele>927.09</ele>
   </trkpt>
   <trkpt lat="47.24513" lon="10.89151">
    <ele>932.6700000000001</ele>
   </trkpt>
   <trkpt lat="47.244960000000006" lon="10.89159">
    <ele>934.8900000000001</ele>
   </trkpt>
   <trkpt lat="47.244670000000006" lon="10.89207">
    <ele>938.76</ele>
   </trkpt>
   <trkpt lat="47.24457" lon="10.89216">
    <ele>941.09</ele>
   </trkpt>
   <trkpt lat="47.244420000000005" lon="10.89222">
    <ele>941.09</ele>
   </trkpt>
   <trkpt lat="47.24418000000001" lon="10.892180000000002">
    <ele>948.27</ele>
   </trkpt>
   <trkpt lat="47.24381" lon="10.891990000000002">
    <ele>952.3300000000002</ele>
   </trkpt>
   <trkpt lat="47.24372" lon="10.892000000000001">
    <ele>952.3300000000002</ele>
   </trkpt>
   <trkpt lat="47.243700000000004" lon="10.89211">
    <ele>952.3300000000002</ele>
   </trkpt>
   <trkpt lat="47.24371000000001" lon="10.892190000000001">
    <ele>954.8000000000001</ele>
   </trkpt>
   <trkpt lat="47.24374" lon="10.89226">
    <ele>954.8000000000001</ele>
   </trkpt>
   <trkpt lat="47.244170000000004" lon="10.89263">
    <ele>958.74</ele>
   </trkpt>
   <trkpt lat="47.244550000000004" lon="10.89314">
    <ele>967.73</ele>
   </trkpt>
   <trkpt lat="47.24475" lon="10.893510000000001">
    <ele>971.4300000000001</ele>
   </trkpt>
   <trkpt lat="47.24508" lon="10.89428">
    <ele>981.8700000000001</ele>
   </trkpt>
   <trkpt lat="47.24559000000001" lon="10.894990000000002">
    <ele>988.6600000000001</ele>
   </trkpt>
   <trkpt lat="47.24578" lon="10.895180000000002">
    <ele>992.5400000000001</ele>
   </trkpt>
   <trkpt lat="47.245960000000004" lon="10.895320000000002">
    <ele>995.13</ele>
   </trkpt>
   <trkpt lat="47.24631" lon="10.894440000000001">
    <ele>991.5200000000001</ele>
   </trkpt>
   <trkpt lat="47.24654" lon="10.89418">
    <ele>987.1400000000001</ele>
   </trkpt>
   <trkpt lat="47.24673000000001" lon="10.89409">
    <ele>984.65</ele>
   </trkpt>
   <trkpt lat="47.247060000000005" lon="10.89413">
    <ele>979.49</ele>
   </trkpt>
   <trkpt lat="47.247350000000004" lon="10.894290000000002">
    <ele>972.23</ele>
   </trkpt>
   <trkpt lat="47.247460000000004" lon="10.894480000000001">
    <ele>970.7900000000001</ele>
   </trkpt>
   <trkpt lat="47.247550000000004" lon="10.8948">
    <ele>968.84</ele>
   </trkpt>
   <trkpt lat="47.247580000000006" lon="10.89512">
    <ele>966.7700000000001</ele>
   </trkpt>
   <trkpt lat="47.247640000000004" lon="10.89526">
    <ele>965.9900000000001</ele>
   </trkpt>
   <trkpt lat="47.24795" lon="10.89563">
    <ele>962.4</ele>
   </trkpt>
   <trkpt lat="47.248160000000006" lon="10.895930000000002">
    <ele>960.0400000000001</ele>
   </trkpt>
   <trkpt lat="47.248430000000006" lon="10.89643">
    <ele>957.32</ele>
   </trkpt>
   <trkpt lat="47.24871" lon="10.896840000000001">
    <ele>956.19</ele>
   </trkpt>
   <trkpt lat="47.24873" lon="10.896920000000001">
    <ele>955.13</ele>
   </trkpt>
   <trkpt lat="47.24877" lon="10.89741">
    <ele>954.7200000000001</ele>
   </trkpt>
   <trkpt lat="47.24898000189421" lon="10.898064997490353">
    <ele>958.35</ele>
   </trkpt>
   <trkpt lat="47.249190000000006" lon="10.89872">
    <ele>964.3300000000002</ele>
   </trkpt>
   <trkpt lat="47.249210000000005" lon="10.89901">
    <ele>964.84</ele>
   </trkpt>
   <trkpt lat="47.24929" lon="10.898990000000001">
    <ele>964.45</ele>
   </trkpt>
   <trkpt lat="47.249340000000004" lon="10.898810000000001">
    <ele>963.0200000000001</ele>
   </trkpt>
   <trkpt lat="47.249390000000005" lon="10.898800000000001">
    <ele>961.91</ele>
   </trkpt>
   <trkpt lat="47.24945" lon="10.89883">
    <ele>961.7</ele>
   </trkpt>
   <trkpt lat="47.249550000000006" lon="10.89886">
    <ele>961.0</ele>
   </trkpt>
   <trkpt lat="47.24965" lon="10.898980000000002">
    <ele>958.6600000000001</ele>
   </trkpt>
   <trkpt lat="47.249750000000006" lon="10.898890000000002">
    <ele>955.22</ele>
   </trkpt>
   <trkpt lat="47.249790000000004" lon="10.898900000000001">
    <ele>955.22</ele>
   </trkpt>
   <trkpt lat="47.24989" lon="10.8991">
    <ele>951.95</ele>
   </trkpt>
   <trkpt lat="47.24989" lon="10.899270000000001">
    <ele>948.59</ele>
   </trkpt>
   <trkpt lat="47.24992" lon="10.89947">
    <ele>942.47</ele>
   </trkpt>
   <trkpt lat="47.25007" lon="10.899890000000001">
    <ele>936.98</ele>
   </trkpt>
   <trkpt lat="47.25027" lon="10.900780000000001">
    <ele>928.4300000000001</ele>
   </trkpt>
   <trkpt lat="47.25019" lon="10.901440000000001">
    <ele>924.48</ele>
   </trkpt>
   <trkpt lat="47.25014" lon="10.901620000000001">
    <ele>923.44</ele>
   </trkpt>
   <trkpt lat="47.25007" lon="10.90177">
    <ele>922.72</ele>
   </trkpt>
   <trkpt lat="47.250060000000005" lon="10.90187">
    <ele>921.2300000000001</ele>
   </trkpt>
   <trkpt lat="47.250130000000006" lon="10.902330000000001">
    <ele>910.88</ele>
   </trkpt>
   <trkpt lat="47.25014" lon="10.90267">
    <ele>902.75</ele>
   </trkpt>
   <trkpt lat="47.250220000000006" lon="10.903400000000001">
    <ele>891.57</ele>
   </trkpt>
   <trkpt lat="47.250330000000005" lon="10.903920000000001">
    <ele>875.5200000000001</ele>
   </trkpt>
   <trkpt lat="47.25047000000001" lon="10.90441">
    <ele>866.38</ele>
   </trkpt>
   <trkpt lat="47.250490000000006" lon="10.904620000000001">
    <ele>869.71</ele>
   </trkpt>
   <trkpt lat="47.25066" lon="10.90456">
    <ele>866.0000000000001</ele>
   </trkpt>
   <trkpt lat="47.250840000000004" lon="10.904430000000001">
    <ele>858.53</ele>
   </trkpt>
   <trkpt lat="47.25104" lon="10.90455">
    <ele>853.0000000000001</ele>
   </trkpt>
   <trkpt lat="47.251180000000005" lon="10.90474">
    <ele>848.08</ele>
   </trkpt>
   <trkpt lat="47.251270000000005" lon="10.904910000000001">
    <ele>842.9700000000001</ele>
   </trkpt>
   <trkpt lat="47.251380000000005" lon="10.905180000000001">
    <ele>837.19</ele>
   </trkpt>
   <trkpt lat="47.25159500190923" lon="10.90583499747206">
    <ele>829.73</ele>
   </trkpt>
   <trkpt lat="47.251810000000006" lon="10.906490000000002">
    <ele>824.5500000000001</ele>
   </trkpt>
   <trkpt lat="47.25191" lon="10.906630000000002">
    <ele>822.8000000000001</ele>
   </trkpt>
   <trkpt lat="47.252" lon="10.906690000000001">
    <ele>822.03</ele>
   </trkpt>
   <trkpt lat="47.252050000000004" lon="10.906780000000001">
    <ele>819.52</ele>
   </trkpt>
   <trkpt lat="47.25206000000001" lon="10.907020000000001">
    <ele>817.36</ele>
   </trkpt>
   <trkpt lat="47.252370000000006" lon="10.90775">
    <ele>807.3100000000001</ele>
   </trkpt>
   <trkpt lat="47.25244000000001" lon="10.907860000000001">
    <ele>806.2900000000001</ele>
   </trkpt>
   <trkpt lat="47.25245" lon="10.908050000000001">
    <ele>805.21</ele>
   </trkpt>
   <trkpt lat="47.25254" lon="10.90831">
    <ele>803.97</ele>
   </trkpt>
   <trkpt lat="47.25256" lon="10.90844">
    <ele>802.94</ele>
   </trkpt>
   <trkpt lat="47.25265" lon="10.90848">
    <ele>802.27</ele>
   </trkpt>
   <trkpt lat="47.252700000000004" lon="10.90844">
    <ele>799.21</ele>
   </trkpt>
   <trkpt lat="47.25273000000001" lon="10.9085">
    <ele>799.21</ele>
   </trkpt>
   <trkpt lat="47.252750000000006" lon="10.90864">
    <ele>800.2900000000001</ele>
   </trkpt>
   <trkpt lat="47.252900000000004" lon="10.90897">
    <ele>800.94</ele>
   </trkpt>
   <trkpt lat="47.252900000000004" lon="10.908380000000001">
    <ele>794.37</ele>
   </trkpt>
   <trkpt lat="47.253040000000006" lon="10.90751">
    <ele>787.72</ele>
   </trkpt>
   <trkpt lat="47.253170000000004" lon="10.907110000000001">
    <ele>781.97</ele>
   </trkpt>
   <trkpt lat="47.25321" lon="10.9068">
    <ele>780.99</ele>
   </trkpt>
   <trkpt lat="47.25316" lon="10.90629">
    <ele>778.6500000000001</ele>
   </trkpt>
   <trkpt lat="47.253060000000005" lon="10.906">
    <ele>776.2800000000001</ele>
   </trkpt>
   <trkpt lat="47.25311000000001" lon="10.90592">
    <ele>776.2800000000001</ele>
   </trkpt>
   <trkpt lat="47.253170000000004" lon="10.90595">
    <ele>773.17</ele>
   </trkpt>
   <trkpt lat="47.25343" lon="10.906600000000001">
    <ele>766.66</ele>
   </trkpt>
   <trkpt lat="47.25356000000001" lon="10.90699">
    <ele>763.1300000000001</ele>
   </trkpt>
   <trkpt lat="47.253620000000005" lon="10.90755">
    <ele>758.7600000000001</ele>
   </trkpt>
   <trkpt lat="47.25372" lon="10.90807">
    <ele>754.69</ele>
   </trkpt>
   <trkpt lat="47.253840000000004" lon="10.908330000000001">
    <ele>749.4200000000001</ele>
   </trkpt>
   <trkpt lat="47.2539" lon="10.90863">
    <ele>749.4200000000001</ele>
   </trkpt>
   <trkpt lat="47.254020000000004" lon="10.90892">
    <ele>747.6600000000001</ele>
   </trkpt>
   <trkpt lat="47.2541" lon="10.90919">
    <ele>745.33</ele>
   </trkpt>
   <trkpt lat="47.25417" lon="10.909510000000001">
    <ele>743.29</ele>
   </trkpt>
   <trkpt lat="47.25419" lon="10.909870000000002">
    <ele>741.3700000000001</ele>
   </trkpt>
   <trkpt lat="47.254450000000006" lon="10.91051">
    <ele>734.94</ele>
   </trkpt>
   <trkpt lat="47.25461000000001" lon="10.911150000000001">
    <ele>730.96</ele>
   </trkpt>
   <trkpt lat="47.254650000000005" lon="10.91121">
    <ele>730.96</ele>
   </trkpt>
   <trkpt lat="47.25475" lon="10.91122">
    <ele>730.99</ele>
   </trkpt>
   <trkpt lat="47.25484" lon="10.91172">
    <ele>731.5200000000001</ele>
   </trkpt>
   <trkpt lat="47.25491" lon="10.91192">
    <ele>731.5200000000001</ele>
   </trkpt>
   <trkpt lat="47.254960000000004" lon="10.91286">
    <ele>736.26</ele>
   </trkpt>
   <trkpt lat="47.25491" lon="10.9135">
    <ele>740.83</ele>
   </trkpt>
   <trkpt lat="47.254920000000006" lon="10.91379">
    <ele>742.85</ele>
   </trkpt>
   <trkpt lat="47.25489" lon="10.914060000000001">
    <ele>744.2500000000001</ele>
   </trkpt>
   <trkpt lat="47.254830000000005" lon="10.914370000000002">
    <ele>747.14</ele>
   </trkpt>
   <trkpt lat="47.25470000000001" lon="10.914760000000001">
    <ele>751.85</ele>
   </trkpt>
   <trkpt lat="47.25471" lon="10.914800000000001">
    <ele>751.85</ele>
   </trkpt>
   <trkpt lat="47.25493" lon="10.914850000000001">
    <ele>753.87</ele>
   </trkpt>
   <trkpt lat="47.25504" lon="10.914900000000001">
    <ele>754.26</ele>
   </trkpt>
   <trkpt lat="47.255120000000005" lon="10.91506">
    <ele>755.74</ele>
   </trkpt>
   <trkpt lat="47.25522" lon="10.915460000000001">
    <ele>758.8000000000001</ele>
   </trkpt>
   <trkpt lat="47.2554" lon="10.9158">
    <ele>762.4900000000001</ele>
   </trkpt>
   <trkpt lat="47.255590000000005" lon="10.916360000000001">
    <ele>767.8100000000001</ele>
   </trkpt>
   <trkpt lat="47.255610000000004" lon="10.91651">
    <ele>768.75</ele>
   </trkpt>
   <trkpt lat="47.255610000000004" lon="10.91671">
    <ele>770.94</ele>
   </trkpt>
   <trkpt lat="47.25555000000001" lon="10.91698">
    <ele>772.32</ele>
   </trkpt>
   <trkpt lat="47.25567" lon="10.91773">
    <ele>778.22</ele>
   </trkpt>
   <trkpt lat="47.25587" lon="10.918270000000001">
    <ele>781.5900000000001</ele>
   </trkpt>
   <trkpt lat="47.25594" lon="10.91859">
    <ele>783.37</ele>
   </trkpt>
   <trkpt lat="47.255970000000005" lon="10.918830000000002">
    <ele>784.11</ele>
   </trkpt>
   <trkpt lat="47.2561" lon="10.9192">
    <ele>785.21</ele>
   </trkpt>
   <trkpt lat="47.25625" lon="10.91981">
    <ele>787.49</ele>
   </trkpt>
   <trkpt lat="47.256280000000004" lon="10.920100000000001">
    <ele>788.76</ele>
   </trkpt>
   <trkpt lat="47.25625" lon="10.92097">
    <ele>790.6700000000001</ele>
   </trkpt>
   <trkpt lat="47.256260000000005" lon="10.92129">
    <ele>789.84</ele>
   </trkpt>
   <trkpt lat="47.256280000000004" lon="10.921470000000001">
    <ele>788.54</ele>
   </trkpt>
   <trkpt lat="47.256330000000005" lon="10.921660000000001">
    <ele>787.4100000000001</ele>
   </trkpt>
   <trkpt lat="47.25636" lon="10.92192">
    <ele>785.94</ele>
   </trkpt>
   <trkpt lat="47.256400000000006" lon="10.92206">
    <ele>785.94</ele>
   </trkpt>
   <trkpt lat="47.256400000000006" lon="10.92219">
    <ele>785.36</ele>
   </trkpt>
   <trkpt lat="47.25645" lon="10.92228">
    <ele>785.36</ele>
   </trkpt>
   <trkpt lat="47.256460000000004" lon="10.922350000000002">
    <ele>784.34</ele>
   </trkpt>
   <trkpt lat="47.25645" lon="10.92243">
    <ele>784.02</ele>
   </trkpt>
   <trkpt lat="47.256350000000005" lon="10.92261">
    <ele>783.2300000000001</ele>
   </trkpt>
   <trkpt lat="47.25627" lon="10.922930000000001">
    <ele>782.5900000000001</ele>
   </trkpt>
   <trkpt lat="47.256280000000004" lon="10.923300000000001">
    <ele>781.33</ele>
   </trkpt>
   <trkpt lat="47.256350000000005" lon="10.92359">
    <ele>780.88</ele>
   </trkpt>
   <trkpt lat="47.25639" lon="10.924000000000001">
    <ele>779.5200000000001</ele>
   </trkpt>
   <trkpt lat="47.25649000000001" lon="10.9244">
    <ele>778.14</ele>
   </trkpt>
   <trkpt lat="47.25654" lon="10.92448">
    <ele>778.14</ele>
   </trkpt>
   <trkpt lat="47.25663" lon="10.924980000000001">
    <ele>776.2500000000001</ele>
   </trkpt>
   <trkpt lat="47.256660000000004" lon="10.92524">
    <ele>775.1800000000001</ele>
   </trkpt>
   <trkpt lat="47.256660000000004" lon="10.925460000000001">
    <ele>773.69</ele>
   </trkpt>
   <trkpt lat="47.25663" lon="10.92566">
    <ele>772.8100000000001</ele>
   </trkpt>
   <trkpt lat="47.25667000000001" lon="10.92595">
    <ele>770.5400000000001</ele>
   </trkpt>
   <trkpt lat="47.256710000000005" lon="10.926100000000002">
    <ele>769.5</ele>
   </trkpt>
   <trkpt lat="47.256710000000005" lon="10.92637">
    <ele>768.78</ele>
   </trkpt>
   <trkpt lat="47.256750000000004" lon="10.92678">
    <ele>768.87</ele>
   </trkpt>
   <trkpt lat="47.25672" lon="10.92706">
    <ele>769.7900000000001</ele>
   </trkpt>
   <trkpt lat="47.25677" lon="10.92716">
    <ele>769.7900000000001</ele>
   </trkpt>
   <trkpt lat="47.25686" lon="10.92763">
    <ele>768.9300000000001</ele>
   </trkpt>
   <trkpt lat="47.25685000000001" lon="10.927790000000002">
    <ele>768.5400000000001</ele>
   </trkpt>
   <trkpt lat="47.25695" lon="10.927980000000002">
    <ele>767.34</ele>
   </trkpt>
   <trkpt lat="47.25699" lon="10.92843">
    <ele>764.78</ele>
   </trkpt>
   <trkpt lat="47.25697" lon="10.92861">
    <ele>761.82</ele>
   </trkpt>
   <trkpt lat="47.25712" lon="10.92951">
    <ele>753.19</ele>
   </trkpt>
   <trkpt lat="47.2573" lon="10.92988">
    <ele>751.73</ele>
   </trkpt>
   <trkpt lat="47.25743000000001" lon="10.93003">
    <ele>750.26</ele>
   </trkpt>
   <trkpt lat="47.257630000000006" lon="10.930140000000002">
    <ele>740.97</ele>
   </trkpt>
   <trkpt lat="47.257780000000004" lon="10.93044">
    <ele>736.1899999999999</ele>
   </trkpt>
   <trkpt lat="47.25786" lon="10.93083">
    <ele>733.2400000000001</ele>
   </trkpt>
   <trkpt lat="47.25815" lon="10.93087">
    <ele>729.89</ele>
   </trkpt>
   <trkpt lat="47.25827" lon="10.93116">
    <ele>725.9300000000001</ele>
   </trkpt>
   <trkpt lat="47.25824" lon="10.931400000000002">
    <ele>722.5400000000001</ele>
   </trkpt>
   <trkpt lat="47.25827" lon="10.93149">
    <ele>716.8100000000001</ele>
   </trkpt>
   <trkpt lat="47.258410000000005" lon="10.931600000000001">
    <ele>712.52</ele>
   </trkpt>
   <trkpt lat="47.25871500138334" lon="10.932149996953537">
    <ele>701.49</ele>
   </trkpt>
   <trkpt lat="47.25902000000001" lon="10.9327">
    <ele>692.6000000000001</ele>
   </trkpt>
   <trkpt lat="47.25914" lon="10.932810000000002">
    <ele>689.34</ele>
   </trkpt>
   <trkpt lat="47.25932" lon="10.93289">
    <ele>682.42</ele>
   </trkpt>
   <trkpt lat="47.25952" lon="10.933050000000001">
    <ele>677.73</ele>
   </trkpt>
   <trkpt lat="47.25984500140472" lon="10.933624996411291">
    <ele>673.0</ele>
   </trkpt>
   <trkpt lat="47.26017" lon="10.9342">
    <ele>668.5600000000001</ele>
   </trkpt>
   <trkpt lat="47.260290000000005" lon="10.934270000000001">
    <ele>665.9600000000002</ele>
   </trkpt>
   <trkpt lat="47.260400000000004" lon="10.934180000000001">
    <ele>663.1800000000001</ele>
   </trkpt>
   <trkpt lat="47.26053" lon="10.93401">
    <ele>661.76</ele>
   </trkpt>
   <trkpt lat="47.2608" lon="10.933900000000001">
    <ele>659.84</ele>
   </trkpt>
   <trkpt lat="47.26152000073151" lon="10.933465005971199">
    <ele>655.49</ele>
   </trkpt>
   <trkpt lat="47.262240000000006" lon="10.93303">
    <ele>654.72</ele>
   </trkpt>
   <trkpt lat="47.26281000062603" lon="10.932660003963925">
    <ele>654.03</ele>
   </trkpt>
   <trkpt lat="47.263380000000005" lon="10.93229">
    <ele>653.51</ele>
   </trkpt>
   <trkpt lat="47.26366500350874" lon="10.933189995108842">
    <ele>652.69</ele>
   </trkpt>
   <trkpt lat="47.26395" lon="10.934090000000001">
    <ele>652.14</ele>
   </trkpt>
   <trkpt lat="47.263940000000005" lon="10.934080000000002">
    <ele>652.14</ele>
   </trkpt>
   <trkpt lat="47.264160000000004" lon="10.934830000000002">
    <ele>651.63</ele>
   </trkpt>
   <trkpt lat="47.2643550024993" lon="10.93558999714943">
    <ele>651.49</ele>
   </trkpt>
   <trkpt lat="47.26455000000001" lon="10.936350000000001">
    <ele>651.66</ele>
   </trkpt>
   <trkpt lat="47.264660000000006" lon="10.936910000000001">
    <ele>651.76</ele>
   </trkpt>
   <trkpt lat="47.264720000000004" lon="10.937560000000001">
    <ele>651.46</ele>
   </trkpt>
   <trkpt lat="47.264740003070145" lon="10.938399999724506">
    <ele>651.36</ele>
   </trkpt>
   <trkpt lat="47.26476" lon="10.939240000000002">
    <ele>650.5500000000001</ele>
   </trkpt>
   <trkpt lat="47.26490500677057" lon="10.9404899963533">
    <ele>649.84</ele>
   </trkpt>
   <trkpt lat="47.26505" lon="10.941740000000001">
    <ele>649.9200000000001</ele>
   </trkpt>
   <trkpt lat="47.265080000000005" lon="10.9419">
    <ele>649.9200000000001</ele>
   </trkpt>
   <trkpt lat="47.26527" lon="10.942450000000001">
    <ele>649.8900000000001</ele>
   </trkpt>
   <trkpt lat="47.26572" lon="10.943320000000002">
    <ele>649.9</ele>
   </trkpt>
   <trkpt lat="47.26594" lon="10.943950000000001">
    <ele>650.12</ele>
   </trkpt>
   <trkpt lat="47.26615000916804" lon="10.944976658513495">
    <ele>650.42</ele>
   </trkpt>
   <trkpt lat="47.26636000916663" lon="10.946003325173173">
    <ele>649.88</ele>
   </trkpt>
   <trkpt lat="47.26657" lon="10.947030000000002">
    <ele>649.6200000000001</ele>
   </trkpt>
   <trkpt lat="47.2666600032596" lon="10.947894998577967">
    <ele>649.3800000000001</ele>
   </trkpt>
   <trkpt lat="47.26675" lon="10.94876">
    <ele>649.36</ele>
   </trkpt>
   <trkpt lat="47.26675" lon="10.949340000000001">
    <ele>649.5200000000001</ele>
   </trkpt>
   <trkpt lat="47.26670000000001" lon="10.950180000000001">
    <ele>649.58</ele>
   </trkpt>
   <trkpt lat="47.26671" lon="10.950460000000001">
    <ele>649.6400000000001</ele>
   </trkpt>
   <trkpt lat="47.2668" lon="10.951410000000001">
    <ele>649.58</ele>
   </trkpt>
   <trkpt lat="47.26684" lon="10.951500000000001">
    <ele>649.58</ele>
   </trkpt>
   <trkpt lat="47.26690000000001" lon="10.951530000000002">
    <ele>649.3500000000001</ele>
   </trkpt>
   <trkpt lat="47.26776" lon="10.9512">
    <ele>649.48</ele>
   </trkpt>
   <trkpt lat="47.26778" lon="10.951680000000001">
    <ele>649.6</ele>
   </trkpt>
   <trkpt lat="47.26775000000001" lon="10.952150000000001">
    <ele>649.7700000000001</ele>
   </trkpt>
   <trkpt lat="47.26775000000001" lon="10.952760000000001">
    <ele>649.73</ele>
   </trkpt>
   <trkpt lat="47.267700000000005" lon="10.953800000000001">
    <ele>649.4300000000001</ele>
   </trkpt>
   <trkpt lat="47.26769" lon="10.95442">
    <ele>648.98</ele>
   </trkpt>
   <trkpt lat="47.26762" lon="10.955530000000001">
    <ele>648.33</ele>
   </trkpt>
   <trkpt lat="47.26762" lon="10.955990000000002">
    <ele>647.9200000000001</ele>
   </trkpt>
   <trkpt lat="47.267720000000004" lon="10.95663">
    <ele>647.76</ele>
   </trkpt>
   <trkpt lat="47.26789" lon="10.9572">
    <ele>648.1300000000001</ele>
   </trkpt>
   <trkpt lat="47.26796" lon="10.957590000000001">
    <ele>648.98</ele>
   </trkpt>
   <trkpt lat="47.26795000360409" lon="10.958499999977503">
    <ele>648.45</ele>
   </trkpt>
   <trkpt lat="47.26794" lon="10.95941">
    <ele>647.15</ele>
   </trkpt>
   <trkpt lat="47.26802000000001" lon="10.96034">
    <ele>644.84</ele>
   </trkpt>
   <trkpt lat="47.268150000000006" lon="10.96155">
    <ele>644.1300000000001</ele>
   </trkpt>
   <trkpt lat="47.268170002123306" lon="10.962249999454926">
    <ele>643.78</ele>
   </trkpt>
   <trkpt lat="47.268190000000004" lon="10.962950000000001">
    <ele>643.4000000000001</ele>
   </trkpt>
   <trkpt lat="47.26822000000001" lon="10.96349">
    <ele>643.4300000000001</ele>
   </trkpt>
   <trkpt lat="47.268280000000004" lon="10.964030000000001">
    <ele>643.29</ele>
   </trkpt>
   <trkpt lat="47.26847" lon="10.96522">
    <ele>642.96</ele>
   </trkpt>
   <trkpt lat="47.26847" lon="10.96537">
    <ele>642.99</ele>
   </trkpt>
   <trkpt lat="47.268390000000004" lon="10.965940000000002">
    <ele>643.39</ele>
   </trkpt>
   <trkpt lat="47.26840000000001" lon="10.966230000000001">
    <ele>643.9</ele>
   </trkpt>
   <trkpt lat="47.268500002377515" lon="10.966969998569706">
    <ele>647.1800000000001</ele>
   </trkpt>
   <trkpt lat="47.268600000000006" lon="10.96771">
    <ele>648.07</ele>
   </trkpt>
   <trkpt lat="47.268750000000004" lon="10.96854">
    <ele>647.95</ele>
   </trkpt>
   <trkpt lat="47.269360000000006" lon="10.96915">
    <ele>645.15</ele>
   </trkpt>
   <trkpt lat="47.269540000000006" lon="10.9693">
    <ele>644.84</ele>
   </trkpt>
   <trkpt lat="47.269830000000006" lon="10.969740000000002">
    <ele>643.5900000000001</ele>
   </trkpt>
   <trkpt lat="47.27032000963935" lon="10.97079331380238">
    <ele>641.1600000000001</ele>
   </trkpt>
   <trkpt lat="47.27081000962696" lon="10.971846647108727">
    <ele>641.87</ele>
   </trkpt>
   <trkpt lat="47.271300000000004" lon="10.972900000000001">
    <ele>642.5600000000001</ele>
   </trkpt>
   <trkpt lat="47.271390000000004" lon="10.973">
    <ele>642.4200000000001</ele>
   </trkpt>
   <trkpt lat="47.27216000000001" lon="10.973170000000001">
    <ele>641.09</ele>
   </trkpt>
   <trkpt lat="47.27282" lon="10.972990000000001">
    <ele>641.12</ele>
   </trkpt>
   <trkpt lat="47.27315" lon="10.972750000000001">
    <ele>641.1600000000001</ele>
   </trkpt>
   <trkpt lat="47.273730000143644" lon="10.972610001520309">
    <ele>641.33</ele>
   </trkpt>
   <trkpt lat="47.27431000000001" lon="10.972470000000001">
    <ele>641.6500000000001</ele>
   </trkpt>
   <trkpt lat="47.27438" lon="10.972850000000001">
    <ele>641.69</ele>
   </trkpt>
   <trkpt lat="47.27467" lon="10.973980000000001">
    <ele>644.78</ele>
   </trkpt>
   <trkpt lat="47.27488000156548" lon="10.974584997522514">
    <ele>647.71</ele>
   </trkpt>
   <trkpt lat="47.275090000000006" lon="10.975190000000001">
    <ele>652.97</ele>
   </trkpt>
   <trkpt lat="47.2753" lon="10.97549">
    <ele>654.21</ele>
   </trkpt>
   <trkpt lat="47.27548" lon="10.97606">
    <ele>654.2300000000001</ele>
   </trkpt>
   <trkpt lat="47.27562" lon="10.976600000000001">
    <ele>655.46</ele>
   </trkpt>
   <trkpt lat="47.27564" lon="10.976790000000001">
    <ele>656.21</ele>
   </trkpt>
   <trkpt lat="47.275650000000006" lon="10.97761">
    <ele>657.6800000000001</ele>
   </trkpt>
   <trkpt lat="47.27563000000001" lon="10.977900000000002">
    <ele>658.6</ele>
   </trkpt>
   <trkpt lat="47.275650000000006" lon="10.97816">
    <ele>660.5500000000001</ele>
   </trkpt>
   <trkpt lat="47.27573" lon="10.978580000000001">
    <ele>664.0</ele>
   </trkpt>
   <trkpt lat="47.27597" lon="10.979310000000002">
    <ele>666.33</ele>
   </trkpt>
   <trkpt lat="47.27591" lon="10.979410000000001">
    <ele>667.07</ele>
   </trkpt>
   <trkpt lat="47.27571500311498" lon="10.980260003252551">
    <ele>671.25</ele>
   </trkpt>
   <trkpt lat="47.27552000000001" lon="10.981110000000001">
    <ele>677.48</ele>
   </trkpt>
   <trkpt lat="47.27548" lon="10.98137">
    <ele>678.76</ele>
   </trkpt>
   <trkpt lat="47.27572000000001" lon="10.98182">
    <ele>678.51</ele>
   </trkpt>
   <trkpt lat="47.275940000000006" lon="10.982360000000002">
    <ele>677.73</ele>
   </trkpt>
   <trkpt lat="47.27584" lon="10.98245">
    <ele>677.97</ele>
   </trkpt>
   <trkpt lat="47.27581000000001" lon="10.982550000000002">
    <ele>677.8000000000001</ele>
   </trkpt>
   <trkpt lat="47.27588" lon="10.983160000000002">
    <ele>677.91</ele>
   </trkpt>
   <trkpt lat="47.275760000000005" lon="10.98323">
    <ele>678.2600000000001</ele>
   </trkpt>
   <trkpt lat="47.275560000000006" lon="10.98282">
    <ele>684.2600000000001</ele>
   </trkpt>
   <trkpt lat="47.275490000000005" lon="10.98277">
    <ele>684.2600000000001</ele>
   </trkpt>
   <trkpt lat="47.27506" lon="10.98262">
    <ele>689.12</ele>
   </trkpt>
   <trkpt lat="47.27472" lon="10.98258">
    <ele>693.74</ele>
   </trkpt>
   <trkpt lat="47.27441" lon="10.98277">
    <ele>699.07</ele>
   </trkpt>
   <trkpt lat="47.273990000000005" lon="10.982970000000002">
    <ele>705.0300000000001</ele>
   </trkpt>
   <trkpt lat="47.273740000000004" lon="10.98319">
    <ele>708.83</ele>
   </trkpt>
   <trkpt lat="47.273720000000004" lon="10.98329">
    <ele>711.22</ele>
   </trkpt>
   <trkpt lat="47.27356" lon="10.98357">
    <ele>715.46</ele>
   </trkpt>
   <trkpt lat="47.273250000000004" lon="10.98398">
    <ele>720.19</ele>
   </trkpt>
   <trkpt lat="47.273" lon="10.984150000000001">
    <ele>728.48</ele>
   </trkpt>
   <trkpt lat="47.27226" lon="10.984470000000002">
    <ele>741.4900000000001</ele>
   </trkpt>
   <trkpt lat="47.27205000000001" lon="10.984580000000001">
    <ele>745.7600000000001</ele>
   </trkpt>
   <trkpt lat="47.27174" lon="10.98483">
    <ele>751.6</ele>
   </trkpt>
   <trkpt lat="47.27154" lon="10.984950000000001">
    <ele>756.48</ele>
   </trkpt>
   <trkpt lat="47.271390000000004" lon="10.98501">
    <ele>760.6400000000001</ele>
   </trkpt>
   <trkpt lat="47.270990000000005" lon="10.985100000000001">
    <ele>771.9100000000001</ele>
   </trkpt>
   <trkpt lat="47.27089" lon="10.985100000000001">
    <ele>771.9100000000001</ele>
   </trkpt>
   <trkpt lat="47.27078" lon="10.98507">
    <ele>774.4700000000001</ele>
   </trkpt>
   <trkpt lat="47.27044" lon="10.984910000000001">
    <ele>778.6500000000001</ele>
   </trkpt>
   <trkpt lat="47.269960000000005" lon="10.984710000000002">
    <ele>791.1</ele>
   </trkpt>
   <trkpt lat="47.269830000000006" lon="10.98469">
    <ele>791.1</ele>
   </trkpt>
   <trkpt lat="47.26979" lon="10.984720000000001">
    <ele>791.1</ele>
   </trkpt>
   <trkpt lat="47.26975" lon="10.984810000000001">
    <ele>795.12</ele>
   </trkpt>
   <trkpt lat="47.26971" lon="10.985080000000002">
    <ele>799.2300000000001</ele>
   </trkpt>
   <trkpt lat="47.269560000000006" lon="10.98562">
    <ele>806.27</ele>
   </trkpt>
   <trkpt lat="47.26959" lon="10.98587">
    <ele>810.64</ele>
   </trkpt>
   <trkpt lat="47.269690000000004" lon="10.98606">
    <ele>810.64</ele>
   </trkpt>
   <trkpt lat="47.26991" lon="10.98628">
    <ele>817.8100000000001</ele>
   </trkpt>
   <trkpt lat="47.27006" lon="10.986360000000001">
    <ele>819.3900000000001</ele>
   </trkpt>
   <trkpt lat="47.270210000000006" lon="10.986410000000001">
    <ele>823.1700000000001</ele>
   </trkpt>
   <trkpt lat="47.27075000000001" lon="10.986410000000001">
    <ele>833.61</ele>
   </trkpt>
   <trkpt lat="47.270830000000004" lon="10.986440000000002">
    <ele>835.32</ele>
   </trkpt>
   <trkpt lat="47.270900000000005" lon="10.986490000000002">
    <ele>836.1400000000001</ele>
   </trkpt>
   <trkpt lat="47.270970000000005" lon="10.98672">
    <ele>838.49</ele>
   </trkpt>
   <trkpt lat="47.271010000000004" lon="10.987200000000001">
    <ele>843.83</ele>
   </trkpt>
   <trkpt lat="47.271300000000004" lon="10.98808">
    <ele>856.6</ele>
   </trkpt>
   <trkpt lat="47.271390000000004" lon="10.98841">
    <ele>860.8000000000001</ele>
   </trkpt>
   <trkpt lat="47.27143" lon="10.98863">
    <ele>865.13</ele>
   </trkpt>
   <trkpt lat="47.271440000000005" lon="10.98914">
    <ele>870.6100000000001</ele>
   </trkpt>
   <trkpt lat="47.271300000000004" lon="10.98967">
    <ele>876.4300000000001</ele>
   </trkpt>
   <trkpt lat="47.27129" lon="10.99089">
    <ele>891.6800000000001</ele>
   </trkpt>
   <trkpt lat="47.27127" lon="10.991060000000001">
    <ele>893.63</ele>
   </trkpt>
   <trkpt lat="47.27112" lon="10.991560000000002">
    <ele>897.8600000000001</ele>
   </trkpt>
   <trkpt lat="47.271080000000005" lon="10.991790000000002">
    <ele>900.5900000000001</ele>
   </trkpt>
   <trkpt lat="47.27111000000001" lon="10.99191">
    <ele>900.5900000000001</ele>
   </trkpt>
   <trkpt lat="47.271190000000004" lon="10.992">
    <ele>902.63</ele>
   </trkpt>
   <trkpt lat="47.27132" lon="10.9921">
    <ele>904.07</ele>
   </trkpt>
   <trkpt lat="47.271370000000005" lon="10.99219">
    <ele>905.36</ele>
   </trkpt>
   <trkpt lat="47.2715" lon="10.992930000000001">
    <ele>909.7900000000001</ele>
   </trkpt>
   <trkpt lat="47.27152" lon="10.99332">
    <ele>912.6</ele>
   </trkpt>
   <trkpt lat="47.2715" lon="10.99366">
    <ele>914.8000000000001</ele>
   </trkpt>
   <trkpt lat="47.271530000000006" lon="10.993730000000001">
    <ele>915.84</ele>
   </trkpt>
   <trkpt lat="47.27163" lon="10.993820000000001">
    <ele>916.83</ele>
   </trkpt>
   <trkpt lat="47.271750000000004" lon="10.99403">
    <ele>918.72</ele>
   </trkpt>
   <trkpt lat="47.27205000000001" lon="10.99478">
    <ele>920.0200000000001</ele>
   </trkpt>
   <trkpt lat="47.27214000000001" lon="10.995080000000002">
    <ele>920.46</ele>
   </trkpt>
   <trkpt lat="47.272220000000004" lon="10.995590000000002">
    <ele>922.6800000000001</ele>
   </trkpt>
   <trkpt lat="47.2723" lon="10.995890000000001">
    <ele>926.2300000000001</ele>
   </trkpt>
   <trkpt lat="47.272360000000006" lon="10.996490000000001">
    <ele>933.21</ele>
   </trkpt>
   <trkpt lat="47.27235" lon="10.99676">
    <ele>934.4300000000001</ele>
   </trkpt>
   <trkpt lat="47.272310000000004" lon="10.997050000000002">
    <ele>937.83</ele>
   </trkpt>
   <trkpt lat="47.272270000000006" lon="10.99717">
    <ele>937.83</ele>
   </trkpt>
   <trkpt lat="47.27226" lon="10.997670000000001">
    <ele>943.21</ele>
   </trkpt>
   <trkpt lat="47.27221500220271" lon="10.998380000444838">
    <ele>951.2800000000001</ele>
   </trkpt>
   <trkpt lat="47.27217" lon="10.99909">
    <ele>959.2600000000001</ele>
   </trkpt>
   <trkpt lat="47.2721" lon="10.999390000000002">
    <ele>962.32</ele>
   </trkpt>
   <trkpt lat="47.272110000000005" lon="10.99956">
    <ele>963.79</ele>
   </trkpt>
   <trkpt lat="47.27217" lon="10.999780000000001">
    <ele>966.47</ele>
   </trkpt>
   <trkpt lat="47.272200000000005" lon="11.00004">
    <ele>969.64</ele>
   </trkpt>
   <trkpt lat="47.27219" lon="11.0005">
    <ele>974.3600000000001</ele>
   </trkpt>
   <trkpt lat="47.272270000000006" lon="11.000960000000001">
    <ele>977.71</ele>
   </trkpt>
   <trkpt lat="47.272200000000005" lon="11.001180000000002">
    <ele>973.61</ele>
   </trkpt>
   <trkpt lat="47.27212" lon="11.001280000000001">
    <ele>973.61</ele>
   </trkpt>
   <trkpt lat="47.27219" lon="11.00139">
    <ele>971.6500000000001</ele>
   </trkpt>
   <trkpt lat="47.27246" lon="11.001710000000001">
    <ele>965.82</ele>
   </trkpt>
   <trkpt lat="47.272510000000004" lon="11.001520000000001">
    <ele>960.97</ele>
   </trkpt>
   <trkpt lat="47.272710000000004" lon="11.00162">
    <ele>958.9900000000001</ele>
   </trkpt>
   <trkpt lat="47.272850000000005" lon="11.00196">
    <ele>955.47</ele>
   </trkpt>
   <trkpt lat="47.273" lon="11.00219">
    <ele>952.4</ele>
   </trkpt>
   <trkpt lat="47.273" lon="11.00201">
    <ele>947.6300000000001</ele>
   </trkpt>
   <trkpt lat="47.27310000000001" lon="11.002210000000002">
    <ele>944.98</ele>
   </trkpt>
   <trkpt lat="47.273160000000004" lon="11.00195">
    <ele>942.0100000000001</ele>
   </trkpt>
   <trkpt lat="47.27335" lon="11.00195">
    <ele>939.3</ele>
   </trkpt>
   <trkpt lat="47.27324" lon="11.002160000000002">
    <ele>939.0600000000001</ele>
   </trkpt>
   <trkpt lat="47.273300000000006" lon="11.002300000000002">
    <ele>938.9600000000002</ele>
   </trkpt>
   <trkpt lat="47.273250000000004" lon="11.002600000000001">
    <ele>938.69</ele>
   </trkpt>
   <trkpt lat="47.273300000000006" lon="11.002780000000001">
    <ele>939.25</ele>
   </trkpt>
   <trkpt lat="47.273230000000005" lon="11.00294">
    <ele>939.22</ele>
   </trkpt>
   <trkpt lat="47.273120000000006" lon="11.003070000000001">
    <ele>938.7800000000001</ele>
   </trkpt>
   <trkpt lat="47.27309" lon="11.00318">
    <ele>938.76</ele>
   </trkpt>
   <trkpt lat="47.27317" lon="11.00327">
    <ele>938.8700000000001</ele>
   </trkpt>
   <trkpt lat="47.27337000000001" lon="11.003400000000001">
    <ele>939.0500000000001</ele>
   </trkpt>
   <trkpt lat="47.27346000000001" lon="11.003480000000001">
    <ele>938.6500000000001</ele>
   </trkpt>
   <trkpt lat="47.27346000000001" lon="11.003570000000002">
    <ele>938.07</ele>
   </trkpt>
   <trkpt lat="47.273410000000005" lon="11.003720000000001">
    <ele>937.8100000000001</ele>
   </trkpt>
   <trkpt lat="47.27335" lon="11.003770000000001">
    <ele>937.3500000000001</ele>
   </trkpt>
   <trkpt lat="47.27324" lon="11.003820000000001">
    <ele>936.95</ele>
   </trkpt>
   <trkpt lat="47.2732" lon="11.00393">
    <ele>937.15</ele>
   </trkpt>
   <trkpt lat="47.273320000000005" lon="11.004180000000002">
    <ele>937.4000000000001</ele>
   </trkpt>
   <trkpt lat="47.27346000000001" lon="11.004270000000002">
    <ele>936.22</ele>
   </trkpt>
   <trkpt lat="47.27371" lon="11.00487">
    <ele>931.5300000000001</ele>
   </trkpt>
   <trkpt lat="47.27367" lon="11.00497">
    <ele>932.6</ele>
   </trkpt>
   <trkpt lat="47.273410000000005" lon="11.005320000000001">
    <ele>937.34</ele>
   </trkpt>
   <trkpt lat="47.27297" lon="11.00605">
    <ele>944.47</ele>
   </trkpt>
   <trkpt lat="47.272650000000006" lon="11.00652">
    <ele>947.5500000000001</ele>
   </trkpt>
   <trkpt lat="47.27255" lon="11.00674">
    <ele>948.74</ele>
   </trkpt>
   <trkpt lat="47.27252000000001" lon="11.00694">
    <ele>947.0</ele>
   </trkpt>
   <trkpt lat="47.272670000000005" lon="11.006960000000001">
    <ele>942.5500000000001</ele>
   </trkpt>
   <trkpt lat="47.27302" lon="11.006780000000001">
    <ele>929.95</ele>
   </trkpt>
   <trkpt lat="47.27349" lon="11.00675">
    <ele>923.9300000000001</ele>
   </trkpt>
   <trkpt lat="47.27369" lon="11.006860000000001">
    <ele>923.5000000000001</ele>
   </trkpt>
   <trkpt lat="47.27376" lon="11.006960000000001">
    <ele>923.6700000000001</ele>
   </trkpt>
   <trkpt lat="47.274100000000004" lon="11.006960000000001">
    <ele>919.0600000000001</ele>
   </trkpt>
   <trkpt lat="47.2742" lon="11.00707">
    <ele>916.32</ele>
   </trkpt>
   <trkpt lat="47.27418" lon="11.007290000000001">
    <ele>912.73</ele>
   </trkpt>
   <trkpt lat="47.274010000000004" lon="11.007510000000002">
    <ele>904.9</ele>
   </trkpt>
   <trkpt lat="47.273790000000005" lon="11.007670000000001">
    <ele>901.0500000000001</ele>
   </trkpt>
   <trkpt lat="47.27376" lon="11.00786">
    <ele>899.26</ele>
   </trkpt>
   <trkpt lat="47.27364" lon="11.007900000000001">
    <ele>898.5000000000001</ele>
   </trkpt>
   <trkpt lat="47.27353" lon="11.00806">
    <ele>897.7600000000001</ele>
   </trkpt>
   <trkpt lat="47.273270000000004" lon="11.008600000000001">
    <ele>889.3000000000001</ele>
   </trkpt>
   <trkpt lat="47.27317" lon="11.008970000000001">
    <ele>879.2900000000001</ele>
   </trkpt>
   <trkpt lat="47.273140000000005" lon="11.009120000000001">
    <ele>877.7600000000001</ele>
   </trkpt>
   <trkpt lat="47.2732" lon="11.009390000000002">
    <ele>876.4300000000001</ele>
   </trkpt>
   <trkpt lat="47.273360000000004" lon="11.00979">
    <ele>870.1600000000001</ele>
   </trkpt>
   <trkpt lat="47.27356" lon="11.01016">
    <ele>864.89</ele>
   </trkpt>
   <trkpt lat="47.273610000000005" lon="11.010200000000001">
    <ele>864.89</ele>
   </trkpt>
   <trkpt lat="47.27364" lon="11.01016">
    <ele>864.89</ele>
   </trkpt>
   <trkpt lat="47.27365" lon="11.01007">
    <ele>861.11</ele>
   </trkpt>
   <trkpt lat="47.273610000000005" lon="11.00979">
    <ele>857.57</ele>
   </trkpt>
   <trkpt lat="47.27371" lon="11.009300000000001">
    <ele>852.23</ele>
   </trkpt>
   <trkpt lat="47.27378" lon="11.00908">
    <ele>850.33</ele>
   </trkpt>
   <trkpt lat="47.273920000000004" lon="11.008890000000001">
    <ele>847.58</ele>
   </trkpt>
   <trkpt lat="47.27398" lon="11.00868">
    <ele>844.6600000000001</ele>
   </trkpt>
   <trkpt lat="47.27403" lon="11.00867">
    <ele>844.6600000000001</ele>
   </trkpt>
   <trkpt lat="47.27407" lon="11.008740000000001">
    <ele>841.0600000000001</ele>
   </trkpt>
   <trkpt lat="47.274080000000005" lon="11.008880000000001">
    <ele>841.0600000000001</ele>
   </trkpt>
   <trkpt lat="47.27407" lon="11.009110000000002">
    <ele>836.9200000000001</ele>
   </trkpt>
   <trkpt lat="47.274150000000006" lon="11.00928">
    <ele>835.5600000000001</ele>
   </trkpt>
   <trkpt lat="47.27434" lon="11.009780000000001">
    <ele>832.1</ele>
   </trkpt>
   <trkpt lat="47.274460000000005" lon="11.009950000000002">
    <ele>833.19</ele>
   </trkpt>
   <trkpt lat="47.274890000000006" lon="11.01013">
    <ele>837.38</ele>
   </trkpt>
   <trkpt lat="47.27501" lon="11.010250000000001">
    <ele>838.44</ele>
   </trkpt>
   <trkpt lat="47.27512" lon="11.01041">
    <ele>839.13</ele>
   </trkpt>
   <trkpt lat="47.275240000000004" lon="11.010530000000001">
    <ele>840.0900000000001</ele>
   </trkpt>
   <trkpt lat="47.275360000000006" lon="11.010570000000001">
    <ele>841.44</ele>
   </trkpt>
   <trkpt lat="47.27546" lon="11.010560000000002">
    <ele>842.72</ele>
   </trkpt>
   <trkpt lat="47.27562" lon="11.01051">
    <ele>846.4800000000001</ele>
   </trkpt>
   <trkpt lat="47.275780000000005" lon="11.01051">
    <ele>848.9700000000001</ele>
   </trkpt>
   <trkpt lat="47.275870000000005" lon="11.01055">
    <ele>850.33</ele>
   </trkpt>
   <trkpt lat="47.275940000000006" lon="11.010530000000001">
    <ele>851.1200000000001</ele>
   </trkpt>
   <trkpt lat="47.276" lon="11.010560000000002">
    <ele>851.35</ele>
   </trkpt>
   <trkpt lat="47.27610000000001" lon="11.010710000000001">
    <ele>852.08</ele>
   </trkpt>
   <trkpt lat="47.276180000000004" lon="11.01088">
    <ele>852.3600000000001</ele>
   </trkpt>
   <trkpt lat="47.276210000000006" lon="11.011080000000002">
    <ele>852.62</ele>
   </trkpt>
   <trkpt lat="47.27619000000001" lon="11.011330000000001">
    <ele>853.1</ele>
   </trkpt>
   <trkpt lat="47.27624" lon="11.01143">
    <ele>853.6100000000001</ele>
   </trkpt>
   <trkpt lat="47.27629" lon="11.011650000000001">
    <ele>854.7300000000001</ele>
   </trkpt>
   <trkpt lat="47.276320000000005" lon="11.011980000000001">
    <ele>855.6700000000001</ele>
   </trkpt>
   <trkpt lat="47.276320000000005" lon="11.012070000000001">
    <ele>856.0000000000001</ele>
   </trkpt>
   <trkpt lat="47.276230000000005" lon="11.012260000000001">
    <ele>856.2400000000001</ele>
   </trkpt>
   <trkpt lat="47.276250000000005" lon="11.01234">
    <ele>856.2400000000001</ele>
   </trkpt>
   <trkpt lat="47.27629" lon="11.01237">
    <ele>856.09</ele>
   </trkpt>
   <trkpt lat="47.27633" lon="11.012450000000001">
    <ele>856.0600000000001</ele>
   </trkpt>
   <trkpt lat="47.276320000000005" lon="11.01252">
    <ele>856.04</ele>
   </trkpt>
   <trkpt lat="47.27611" lon="11.01274">
    <ele>855.6100000000001</ele>
   </trkpt>
   <trkpt lat="47.27610000000001" lon="11.01279">
    <ele>855.22</ele>
   </trkpt>
   <trkpt lat="47.276140000000005" lon="11.01295">
    <ele>855.1500000000001</ele>
   </trkpt>
   <trkpt lat="47.276140000000005" lon="11.013060000000001">
    <ele>855.46</ele>
   </trkpt>
   <trkpt lat="47.27606" lon="11.013250000000001">
    <ele>857.6</ele>
   </trkpt>
   <trkpt lat="47.27606" lon="11.013390000000001">
    <ele>858.0300000000001</ele>
   </trkpt>
   <trkpt lat="47.27608" lon="11.013470000000002">
    <ele>858.0600000000001</ele>
   </trkpt>
   <trkpt lat="47.27609" lon="11.01365">
    <ele>858.25</ele>
   </trkpt>
   <trkpt lat="47.276160000000004" lon="11.013890000000002">
    <ele>857.77</ele>
   </trkpt>
   <trkpt lat="47.27637000000001" lon="11.01431">
    <ele>850.5400000000001</ele>
   </trkpt>
   <trkpt lat="47.276410000000006" lon="11.014930000000001">
    <ele>845.6500000000001</ele>
   </trkpt>
   <trkpt lat="47.27648000000001" lon="11.01509">
    <ele>843.35</ele>
   </trkpt>
   <trkpt lat="47.27687" lon="11.01561">
    <ele>835.9300000000001</ele>
   </trkpt>
   <trkpt lat="47.27723" lon="11.015920000000001">
    <ele>832.1700000000001</ele>
   </trkpt>
   <trkpt lat="47.27731000000001" lon="11.01594">
    <ele>830.6800000000001</ele>
   </trkpt>
   <trkpt lat="47.277390000000004" lon="11.015870000000001">
    <ele>829.76</ele>
   </trkpt>
   <trkpt lat="47.277460000000005" lon="11.015550000000001">
    <ele>828.6300000000001</ele>
   </trkpt>
   <trkpt lat="47.27801" lon="11.016290000000001">
    <ele>829.5300000000001</ele>
   </trkpt>
   <trkpt lat="47.278240000000004" lon="11.016670000000001">
    <ele>829.08</ele>
   </trkpt>
   <trkpt lat="47.278490000000005" lon="11.01739">
    <ele>830.73</ele>
   </trkpt>
   <trkpt lat="47.278870000000005" lon="11.018210000000002">
    <ele>824.71</ele>
   </trkpt>
   <trkpt lat="47.27906" lon="11.018790000000001">
    <ele>823.61</ele>
   </trkpt>
   <trkpt lat="47.27928000000001" lon="11.01932">
    <ele>820.9000000000001</ele>
   </trkpt>
   <trkpt lat="47.27938" lon="11.01964">
    <ele>819.47</ele>
   </trkpt>
   <trkpt lat="47.279450000000004" lon="11.02008">
    <ele>817.64</ele>
   </trkpt>
   <trkpt lat="47.279610000000005" lon="11.020290000000001">
    <ele>815.8700000000001</ele>
   </trkpt>
   <trkpt lat="47.279990000000005" lon="11.02077">
    <ele>810.15</ele>
   </trkpt>
   <trkpt lat="47.279450000000004" lon="11.021590000000002">
    <ele>822.45</ele>
   </trkpt>
   <trkpt lat="47.27957000000001" lon="11.021740000000001">
    <ele>819.6800000000001</ele>
   </trkpt>
   <trkpt lat="47.279790000000006" lon="11.02214">
    <ele>815.5600000000001</ele>
   </trkpt>
   <trkpt lat="47.28005" lon="11.02238">
    <ele>812.73</ele>
   </trkpt>
   <trkpt lat="47.280210000000004" lon="11.023290000000001">
    <ele>803.6500000000001</ele>
   </trkpt>
   <trkpt lat="47.28038" lon="11.02391">
    <ele>797.4000000000001</ele>
   </trkpt>
   <trkpt lat="47.28051000000001" lon="11.024260000000002">
    <ele>795.03</ele>
   </trkpt>
   <trkpt lat="47.280570000000004" lon="11.024600000000001">
    <ele>790.1300000000001</ele>
   </trkpt>
   <trkpt lat="47.28083" lon="11.02551">
    <ele>781.51</ele>
   </trkpt>
   <trkpt lat="47.28083" lon="11.02565">
    <ele>780.76</ele>
   </trkpt>
   <trkpt lat="47.28087000000001" lon="11.02574">
    <ele>778.3500000000001</ele>
   </trkpt>
   <trkpt lat="47.280840000000005" lon="11.025820000000001">
    <ele>778.5900000000001</ele>
   </trkpt>
   <trkpt lat="47.28081" lon="11.026200000000001">
    <ele>779.4100000000001</ele>
   </trkpt>
   <trkpt lat="47.28060000000001" lon="11.026700000000002">
    <ele>780.9200000000001</ele>
   </trkpt>
   <trkpt lat="47.280530000000006" lon="11.026850000000001">
    <ele>779.6800000000001</ele>
   </trkpt>
   <trkpt lat="47.27991" lon="11.027740000000001">
    <ele>776.6400000000001</ele>
   </trkpt>
   <trkpt lat="47.279860000000006" lon="11.02785">
    <ele>777.4000000000001</ele>
   </trkpt>
   <trkpt lat="47.27982" lon="11.028">
    <ele>777.7700000000001</ele>
   </trkpt>
   <trkpt lat="47.279680000000006" lon="11.0289">
    <ele>777.0300000000001</ele>
   </trkpt>
   <trkpt lat="47.27967" lon="11.029280000000002">
    <ele>776.94</ele>
   </trkpt>
   <trkpt lat="47.279610000000005" lon="11.02965">
    <ele>777.0100000000001</ele>
   </trkpt>
   <trkpt lat="47.279630000000004" lon="11.029800000000002">
    <ele>777.08</ele>
   </trkpt>
   <trkpt lat="47.279720000000005" lon="11.03006">
    <ele>777.83</ele>
   </trkpt>
   <trkpt lat="47.279740000000004" lon="11.030180000000001">
    <ele>778.48</ele>
   </trkpt>
   <trkpt lat="47.27971" lon="11.03039">
    <ele>779.5300000000001</ele>
   </trkpt>
   <trkpt lat="47.27948000000001" lon="11.03106">
    <ele>784.83</ele>
   </trkpt>
   <trkpt lat="47.27944" lon="11.03137">
    <ele>787.2</ele>
   </trkpt>
   <trkpt lat="47.27947" lon="11.031490000000002">
    <ele>787.6500000000001</ele>
   </trkpt>
   <trkpt lat="47.27946000000001" lon="11.03148">
    <ele>787.61</ele>
   </trkpt>
   <trkpt lat="47.279770000000006" lon="11.032290000000001">
    <ele>791.7</ele>
   </trkpt>
   <trkpt lat="47.27989" lon="11.03242">
    <ele>794.34</ele>
   </trkpt>
   <trkpt lat="47.280060000000006" lon="11.032540000000001">
    <ele>792.78</ele>
   </trkpt>
   <trkpt lat="47.280240000000006" lon="11.03259">
    <ele>788.82</ele>
   </trkpt>
   <trkpt lat="47.28034" lon="11.032580000000001">
    <ele>787.15</ele>
   </trkpt>
   <trkpt lat="47.280390000000004" lon="11.03255">
    <ele>785.39</ele>
   </trkpt>
   <trkpt lat="47.28045" lon="11.03245">
    <ele>783.4700000000001</ele>
   </trkpt>
   <trkpt lat="47.28054" lon="11.03237">
    <ele>783.4700000000001</ele>
   </trkpt>
   <trkpt lat="47.280620000000006" lon="11.03236">
    <ele>780.9800000000001</ele>
   </trkpt>
   <trkpt lat="47.2807" lon="11.032380000000002">
    <ele>779.78</ele>
   </trkpt>
   <trkpt lat="47.28092" lon="11.0325">
    <ele>778.23</ele>
   </trkpt>
   <trkpt lat="47.281130000000005" lon="11.032800000000002">
    <ele>774.5300000000001</ele>
   </trkpt>
   <trkpt lat="47.281180000000006" lon="11.03284">
    <ele>773.6800000000001</ele>
   </trkpt>
   <trkpt lat="47.28132" lon="11.03307">
    <ele>771.34</ele>
   </trkpt>
   <trkpt lat="47.28136000000001" lon="11.03311">
    <ele>771.34</ele>
   </trkpt>
   <trkpt lat="47.28137" lon="11.033320000000002">
    <ele>772.0400000000001</ele>
   </trkpt>
   <trkpt lat="47.281420000000004" lon="11.033700000000001">
    <ele>773.3700000000001</ele>
   </trkpt>
   <trkpt lat="47.281470000000006" lon="11.033930000000002">
    <ele>774.27</ele>
   </trkpt>
   <trkpt lat="47.28173" lon="11.03409">
    <ele>778.0300000000001</ele>
   </trkpt>
   <trkpt lat="47.28192000000001" lon="11.034160000000002">
    <ele>780.1</ele>
   </trkpt>
   <trkpt lat="47.282050000000005" lon="11.034180000000001">
    <ele>782.8000000000001</ele>
   </trkpt>
   <trkpt lat="47.28238" lon="11.03415">
    <ele>782.39</ele>
   </trkpt>
   <trkpt lat="47.28244" lon="11.034170000000001">
    <ele>782.14</ele>
   </trkpt>
   <trkpt lat="47.28246" lon="11.03425">
    <ele>781.4300000000001</ele>
   </trkpt>
   <trkpt lat="47.28244" lon="11.03439">
    <ele>786.97</ele>
   </trkpt>
   <trkpt lat="47.282360000000004" lon="11.034450000000001">
    <ele>786.97</ele>
   </trkpt>
   <trkpt lat="47.28237000000001" lon="11.034640000000001">
    <ele>786.97</ele>
   </trkpt>
   <trkpt lat="47.28233" lon="11.034830000000001">
    <ele>788.61</ele>
   </trkpt>
   <trkpt lat="47.282120000000006" lon="11.03494">
    <ele>788.73</ele>
   </trkpt>
   <trkpt lat="47.281940000000006" lon="11.035160000000001">
    <ele>785.6700000000001</ele>
   </trkpt>
   <trkpt lat="47.28208" lon="11.035530000000001">
    <ele>780.76</ele>
   </trkpt>
   <trkpt lat="47.282070000000004" lon="11.03616">
    <ele>773.23</ele>
   </trkpt>
   <trkpt lat="47.28197" lon="11.03658">
    <ele>767.61</ele>
   </trkpt>
   <trkpt lat="47.281890000000004" lon="11.03714">
    <ele>758.4200000000001</ele>
   </trkpt>
   <trkpt lat="47.281960000000005" lon="11.037210000000002">
    <ele>755.0500000000001</ele>
   </trkpt>
   <trkpt lat="47.28202" lon="11.037450000000002">
    <ele>752.1300000000001</ele>
   </trkpt>
   <trkpt lat="47.282320000000006" lon="11.03762">
    <ele>743.7600000000001</ele>
   </trkpt>
   <trkpt lat="47.282770000000006" lon="11.037560000000001">
    <ele>735.6</ele>
   </trkpt>
   <trkpt lat="47.283120000000004" lon="11.03749">
    <ele>728.25</ele>
   </trkpt>
   <trkpt lat="47.28347" lon="11.03747">
    <ele>720.3900000000001</ele>
   </trkpt>
   <trkpt lat="47.283840000000005" lon="11.03738">
    <ele>715.1400000000001</ele>
   </trkpt>
   <trkpt lat="47.28428" lon="11.03739">
    <ele>708.35</ele>
   </trkpt>
   <trkpt lat="47.284380000000006" lon="11.03771">
    <ele>707.71</ele>
   </trkpt>
   <trkpt lat="47.28443" lon="11.038260000000001">
    <ele>707.07</ele>
   </trkpt>
   <trkpt lat="47.284380000000006" lon="11.03861">
    <ele>706.96</ele>
   </trkpt>
   <trkpt lat="47.284220000000005" lon="11.038860000000001">
    <ele>705.85</ele>
   </trkpt>
   <trkpt lat="47.28412" lon="11.03889">
    <ele>705.1500000000001</ele>
   </trkpt>
   <trkpt lat="47.28372" lon="11.039340000000001">
    <ele>705.2600000000001</ele>
   </trkpt>
   <trkpt lat="47.28376" lon="11.039660000000001">
    <ele>705.95</ele>
   </trkpt>
   <trkpt lat="47.284020000000005" lon="11.039990000000001">
    <ele>705.1</ele>
   </trkpt>
   <trkpt lat="47.284060000000004" lon="11.040000000000001">
    <ele>705.33</ele>
   </trkpt>
   <trkpt lat="47.284200000000006" lon="11.040180000000001">
    <ele>705.9300000000001</ele>
   </trkpt>
   <trkpt lat="47.284330000000004" lon="11.04024">
    <ele>706.13</ele>
   </trkpt>
   <trkpt lat="47.284400000000005" lon="11.040370000000001">
    <ele>706.58</ele>
   </trkpt>
   <trkpt lat="47.28448" lon="11.04043">
    <ele>707.4800000000001</ele>
   </trkpt>
   <trkpt lat="47.28457" lon="11.04043">
    <ele>708.0600000000001</ele>
   </trkpt>
   <trkpt lat="47.28461" lon="11.04053">
    <ele>707.8700000000001</ele>
   </trkpt>
   <trkpt lat="47.284580000000005" lon="11.040600000000001">
    <ele>707.62</ele>
   </trkpt>
   <trkpt lat="47.28452" lon="11.04072">
    <ele>705.6800000000001</ele>
   </trkpt>
   <trkpt lat="47.28452" lon="11.0409">
    <ele>703.3100000000001</ele>
   </trkpt>
   <trkpt lat="47.28441" lon="11.04113">
    <ele>699.9200000000001</ele>
   </trkpt>
   <trkpt lat="47.284400000000005" lon="11.041200000000002">
    <ele>699.4100000000001</ele>
   </trkpt>
   <trkpt lat="47.284470000000006" lon="11.041440000000001">
    <ele>697.85</ele>
   </trkpt>
   <trkpt lat="47.284530000000004" lon="11.041480000000002">
    <ele>697.2600000000001</ele>
   </trkpt>
   <trkpt lat="47.284600000000005" lon="11.041490000000001">
    <ele>695.6600000000001</ele>
   </trkpt>
   <trkpt lat="47.28472000000001" lon="11.041390000000002">
    <ele>692.8100000000001</ele>
   </trkpt>
   <trkpt lat="47.284670000000006" lon="11.04152">
    <ele>694.4</ele>
   </trkpt>
   <trkpt lat="47.284650000000006" lon="11.041690000000001">
    <ele>696.6300000000001</ele>
   </trkpt>
   <trkpt lat="47.284670000000006" lon="11.04199">
    <ele>702.1500000000001</ele>
   </trkpt>
   <trkpt lat="47.28466" lon="11.04269">
    <ele>709.1800000000001</ele>
   </trkpt>
   <trkpt lat="47.284670000000006" lon="11.043560000000001">
    <ele>716.9300000000001</ele>
   </trkpt>
   <trkpt lat="47.284800000000004" lon="11.044130000000001">
    <ele>726.3000000000001</ele>
   </trkpt>
   <trkpt lat="47.28497" lon="11.044360000000001">
    <ele>728.35</ele>
   </trkpt>
   <trkpt lat="47.285140000000006" lon="11.044390000000002">
    <ele>730.4900000000001</ele>
   </trkpt>
   <trkpt lat="47.285250000000005" lon="11.04448">
    <ele>730.4900000000001</ele>
   </trkpt>
   <trkpt lat="47.28528000000001" lon="11.044580000000002">
    <ele>733.25</ele>
   </trkpt>
   <trkpt lat="47.285250000000005" lon="11.044690000000001">
    <ele>733.7800000000001</ele>
   </trkpt>
   <trkpt lat="47.28510000000001" lon="11.044820000000001">
    <ele>735.53</ele>
   </trkpt>
   <trkpt lat="47.285050000000005" lon="11.044960000000001">
    <ele>735.86</ele>
   </trkpt>
   <trkpt lat="47.285030000000006" lon="11.045150000000001">
    <ele>737.65</ele>
   </trkpt>
   <trkpt lat="47.285050000000005" lon="11.04559">
    <ele>738.94</ele>
   </trkpt>
   <trkpt lat="47.285320000000006" lon="11.046360000000002">
    <ele>741.71</ele>
   </trkpt>
   <trkpt lat="47.285320000000006" lon="11.046560000000001">
    <ele>742.2200000000001</ele>
   </trkpt>
   <trkpt lat="47.28555" lon="11.047130000000001">
    <ele>745.24</ele>
   </trkpt>
   <trkpt lat="47.28591" lon="11.047690000000001">
    <ele>752.14</ele>
   </trkpt>
   <trkpt lat="47.286350000000006" lon="11.04823">
    <ele>760.78</ele>
   </trkpt>
   <trkpt lat="47.286660000000005" lon="11.04865">
    <ele>766.9100000000001</ele>
   </trkpt>
   <trkpt lat="47.286930000000005" lon="11.04912">
    <ele>773.5200000000001</ele>
   </trkpt>
   <trkpt lat="47.28712" lon="11.049410000000002">
    <ele>777.96</ele>
   </trkpt>
   <trkpt lat="47.287060000000004" lon="11.050320000000001">
    <ele>784.3100000000001</ele>
   </trkpt>
   <trkpt lat="47.28712" lon="11.051200000000001">
    <ele>795.0500000000001</ele>
   </trkpt>
   <trkpt lat="47.287150000000004" lon="11.051960000000001">
    <ele>805.27</ele>
   </trkpt>
   <trkpt lat="47.287060000000004" lon="11.05244">
    <ele>809.36</ele>
   </trkpt>
   <trkpt lat="47.28741" lon="11.053270000000001">
    <ele>817.82</ele>
   </trkpt>
   <trkpt lat="47.287420000000004" lon="11.054060000000002">
    <ele>827.6000000000001</ele>
   </trkpt>
   <trkpt lat="47.287440000000004" lon="11.054310000000001">
    <ele>830.22</ele>
   </trkpt>
   <trkpt lat="47.28792000000001" lon="11.05419">
    <ele>810.83</ele>
   </trkpt>
   <trkpt lat="47.28797" lon="11.054490000000001">
    <ele>810.83</ele>
   </trkpt>
   <trkpt lat="47.28813" lon="11.054680000000001">
    <ele>810.83</ele>
   </trkpt>
   <trkpt lat="47.288430000000005" lon="11.05578">
    <ele>821.61</ele>
   </trkpt>
   <trkpt lat="47.288430000000005" lon="11.056230000000001">
    <ele>822.01</ele>
   </trkpt>
   <trkpt lat="47.28849" lon="11.05663">
    <ele>821.03</ele>
   </trkpt>
   <trkpt lat="47.28858" lon="11.0569">
    <ele>819.7</ele>
   </trkpt>
   <trkpt lat="47.288700000000006" lon="11.05715">
    <ele>818.85</ele>
   </trkpt>
   <trkpt lat="47.28878" lon="11.057250000000002">
    <ele>818.96</ele>
   </trkpt>
   <trkpt lat="47.288880000000006" lon="11.0576">
    <ele>818.5400000000001</ele>
   </trkpt>
   <trkpt lat="47.289060000000006" lon="11.058090000000002">
    <ele>817.71</ele>
   </trkpt>
   <trkpt lat="47.28913000000001" lon="11.058150000000001">
    <ele>817.7500000000001</ele>
   </trkpt>
   <trkpt lat="47.289300000000004" lon="11.058700000000002">
    <ele>817.13</ele>
   </trkpt>
   <trkpt lat="47.289440000000006" lon="11.058860000000001">
    <ele>818.0400000000001</ele>
   </trkpt>
   <trkpt lat="47.28971000000001" lon="11.05944">
    <ele>813.69</ele>
   </trkpt>
   <trkpt lat="47.29012" lon="11.059790000000001">
    <ele>802.63</ele>
   </trkpt>
   <trkpt lat="47.290240000000004" lon="11.05995">
    <ele>797.72</ele>
   </trkpt>
   <trkpt lat="47.290350000000004" lon="11.06018">
    <ele>793.7700000000001</ele>
   </trkpt>
   <trkpt lat="47.290580000000006" lon="11.06033">
    <ele>784.15</ele>
   </trkpt>
   <trkpt lat="47.29064" lon="11.06052">
    <ele>781.05</ele>
   </trkpt>
   <trkpt lat="47.291000000000004" lon="11.06094">
    <ele>770.26</ele>
   </trkpt>
   <trkpt lat="47.29122" lon="11.061340000000001">
    <ele>764.0600000000001</ele>
   </trkpt>
   <trkpt lat="47.29157000000001" lon="11.06169">
    <ele>754.8600000000001</ele>
   </trkpt>
   <trkpt lat="47.29175" lon="11.061950000000001">
    <ele>744.85</ele>
   </trkpt>
   <trkpt lat="47.292" lon="11.06216">
    <ele>737.4000000000001</ele>
   </trkpt>
   <trkpt lat="47.29213000000001" lon="11.06239">
    <ele>733.01</ele>
   </trkpt>
   <trkpt lat="47.2924" lon="11.06272">
    <ele>726.43</ele>
   </trkpt>
   <trkpt lat="47.29267" lon="11.06319">
    <ele>720.0600000000001</ele>
   </trkpt>
   <trkpt lat="47.29298000000001" lon="11.063590000000001">
    <ele>712.84</ele>
   </trkpt>
   <trkpt lat="47.29325" lon="11.06389">
    <ele>707.2900000000001</ele>
   </trkpt>
   <trkpt lat="47.293580000000006" lon="11.064490000000001">
    <ele>696.98</ele>
   </trkpt>
   <trkpt lat="47.29368" lon="11.06441">
    <ele>694.35</ele>
   </trkpt>
   <trkpt lat="47.29403000000001" lon="11.064940000000002">
    <ele>683.4</ele>
   </trkpt>
   <trkpt lat="47.294270000000004" lon="11.06549">
    <ele>680.1700000000001</ele>
   </trkpt>
   <trkpt lat="47.29417" lon="11.065650000000002">
    <ele>684.48</ele>
   </trkpt>
   <trkpt lat="47.29410000000001" lon="11.065750000000001">
    <ele>686.5500000000001</ele>
   </trkpt>
   <trkpt lat="47.294250000000005" lon="11.06596">
    <ele>676.1100000000001</ele>
   </trkpt>
   <trkpt lat="47.294380000000004" lon="11.065840000000001">
    <ele>675.36</ele>
   </trkpt>
   <trkpt lat="47.29448000000001" lon="11.066020000000002">
    <ele>677.2300000000001</ele>
   </trkpt>
   <trkpt lat="47.29457000000001" lon="11.066070000000002">
    <ele>676.25</ele>
   </trkpt>
   <trkpt lat="47.294850000000004" lon="11.06658">
    <ele>669.57</ele>
   </trkpt>
   <trkpt lat="47.294940000000004" lon="11.0667">
    <ele>667.94</ele>
   </trkpt>
   <trkpt lat="47.29505" lon="11.066780000000001">
    <ele>665.64</ele>
   </trkpt>
   <trkpt lat="47.29556" lon="11.066820000000002">
    <ele>656.4100000000001</ele>
   </trkpt>
   <trkpt lat="47.29574" lon="11.066820000000002">
    <ele>654.1600000000001</ele>
   </trkpt>
   <trkpt lat="47.295910000000006" lon="11.06685">
    <ele>651.14</ele>
   </trkpt>
   <trkpt lat="47.295930000000006" lon="11.06709">
    <ele>650.5000000000001</ele>
   </trkpt>
   <trkpt lat="47.29607000000001" lon="11.067160000000001">
    <ele>647.87</ele>
   </trkpt>
   <trkpt lat="47.29619" lon="11.06727">
    <ele>645.48</ele>
   </trkpt>
   <trkpt lat="47.2963" lon="11.067440000000001">
    <ele>643.21</ele>
   </trkpt>
   <trkpt lat="47.29645000000001" lon="11.06746">
    <ele>641.4300000000001</ele>
   </trkpt>
   <trkpt lat="47.29657" lon="11.06733">
    <ele>639.9200000000001</ele>
   </trkpt>
   <trkpt lat="47.296690000000005" lon="11.066960000000002">
    <ele>638.24</ele>
   </trkpt>
   <trkpt lat="47.29679" lon="11.06695">
    <ele>635.4399999999999</ele>
   </trkpt>
   <trkpt lat="47.296960000000006" lon="11.0668">
    <ele>633.5</ele>
   </trkpt>
   <trkpt lat="47.29695" lon="11.066790000000001">
    <ele>630.02</ele>
   </trkpt>
   <trkpt lat="47.297000000000004" lon="11.06691">
    <ele>630.02</ele>
   </trkpt>
   <trkpt lat="47.29751" lon="11.067110000000001">
    <ele>628.6400000000001</ele>
   </trkpt>
   <trkpt lat="47.29759000000001" lon="11.067060000000001">
    <ele>628.6400000000001</ele>
   </trkpt>
   <trkpt lat="47.29787" lon="11.067120000000001">
    <ele>628.6400000000001</ele>
   </trkpt>
   <trkpt lat="47.29789" lon="11.067250000000001">
    <ele>627.73</ele>
   </trkpt>
   <trkpt lat="47.29797000000001" lon="11.06747">
    <ele>626.87</ele>
   </trkpt>
   <trkpt lat="47.29824000000001" lon="11.067860000000001">
    <ele>624.6</ele>
   </trkpt>
   <trkpt lat="47.298350000000006" lon="11.06788">
    <ele>624.2500000000001</ele>
   </trkpt>
   <trkpt lat="47.29844000000001" lon="11.06784">
    <ele>623.9800000000001</ele>
   </trkpt>
   <trkpt lat="47.29853000000001" lon="11.06783">
    <ele>623.84</ele>
   </trkpt>
   <trkpt lat="47.29928" lon="11.06798">
    <ele>625.0600000000001</ele>
   </trkpt>
   <trkpt lat="47.299640000000004" lon="11.06788">
    <ele>625.2</ele>
   </trkpt>
   <trkpt lat="47.299800006987915" lon="11.068776661207112">
    <ele>625.07</ele>
   </trkpt>
   <trkpt lat="47.29996000698215" lon="11.06967332784133">
    <ele>624.5</ele>
   </trkpt>
   <trkpt lat="47.30012000000001" lon="11.07057">
    <ele>624.2</ele>
   </trkpt>
   <trkpt lat="47.30030000000001" lon="11.07173">
    <ele>624.0600000000001</ele>
   </trkpt>
   <trkpt lat="47.300360000000005" lon="11.07262">
    <ele>624.0</ele>
   </trkpt>
   <trkpt lat="47.30035" lon="11.07309">
    <ele>624.0400000000001</ele>
   </trkpt>
   <trkpt lat="47.30028" lon="11.07356">
    <ele>623.9100000000001</ele>
   </trkpt>
   <trkpt lat="47.300340000000006" lon="11.073590000000001">
    <ele>623.9100000000001</ele>
   </trkpt>
   <trkpt lat="47.30041000000001" lon="11.073260000000001">
    <ele>622.78</ele>
   </trkpt>
   <trkpt lat="47.30041000000001" lon="11.07318">
    <ele>622.35</ele>
   </trkpt>
   <trkpt lat="47.300430000000006" lon="11.07314">
    <ele>622.35</ele>
   </trkpt>
   <trkpt lat="47.30066" lon="11.07309">
    <ele>622.8100000000001</ele>
   </trkpt>
   <trkpt lat="47.300720000000005" lon="11.07407">
    <ele>623.7</ele>
   </trkpt>
   <trkpt lat="47.3014900000259" lon="11.074000001019101">
    <ele>626.0400000000001</ele>
   </trkpt>
   <trkpt lat="47.302260000000004" lon="11.07393">
    <ele>625.33</ele>
   </trkpt>
   <trkpt lat="47.30272500049387" lon="11.073635002521566">
    <ele>624.9100000000001</ele>
   </trkpt>
   <trkpt lat="47.30319" lon="11.073340000000002">
    <ele>624.8100000000001</ele>
   </trkpt>
   <trkpt lat="47.30400500271847" lon="11.072882521167056">
    <ele>624.71</ele>
   </trkpt>
   <trkpt lat="47.30482000361641" lon="11.072425028227928">
    <ele>624.1000000000001</ele>
   </trkpt>
   <trkpt lat="47.30563500269372" lon="11.071967521181815">
    <ele>625.97</ele>
   </trkpt>
   <trkpt lat="47.306450000000005" lon="11.071510000000002">
    <ele>628.8100000000001</ele>
   </trkpt>
   <trkpt lat="47.30664" lon="11.07196">
    <ele>628.71</ele>
   </trkpt>
   <trkpt lat="47.3068900045228" lon="11.072979995167225">
    <ele>627.2700000000001</ele>
   </trkpt>
   <trkpt lat="47.307140000000004" lon="11.074000000000002">
    <ele>626.36</ele>
   </trkpt>
   <trkpt lat="47.30751" lon="11.074990000000001">
    <ele>625.83</ele>
   </trkpt>
   <trkpt lat="47.3076" lon="11.075560000000001">
    <ele>625.9800000000001</ele>
   </trkpt>
   <trkpt lat="47.30765" lon="11.075550000000002">
    <ele>625.9800000000001</ele>
   </trkpt>
   <trkpt lat="47.30773000000001" lon="11.075610000000001">
    <ele>626.8900000000001</ele>
   </trkpt>
   <trkpt lat="47.30787" lon="11.07586">
    <ele>627.51</ele>
   </trkpt>
   <trkpt lat="47.30794" lon="11.07595">
    <ele>627.51</ele>
   </trkpt>
   <trkpt lat="47.308080000000004" lon="11.076070000000001">
    <ele>628.21</ele>
   </trkpt>
   <trkpt lat="47.3087699999962" lon="11.07615499888602">
    <ele>634.1300000000001</ele>
   </trkpt>
   <trkpt lat="47.30946" lon="11.07624">
    <ele>637.61</ele>
   </trkpt>
   <trkpt lat="47.309720000000006" lon="11.07624">
    <ele>638.3000000000001</ele>
   </trkpt>
   <trkpt lat="47.31016" lon="11.07619">
    <ele>641.26</ele>
   </trkpt>
   <trkpt lat="47.31026000000001" lon="11.076220000000001">
    <ele>641.26</ele>
   </trkpt>
   <trkpt lat="47.31035000000001" lon="11.07628">
    <ele>641.26</ele>
   </trkpt>
   <trkpt lat="47.310430000000004" lon="11.076360000000001">
    <ele>641.78</ele>
   </trkpt>
   <trkpt lat="47.31049" lon="11.07646">
    <ele>641.78</ele>
   </trkpt>
   <trkpt lat="47.31054" lon="11.076590000000001">
    <ele>642.3700000000001</ele>
   </trkpt>
   <trkpt lat="47.31058" lon="11.076740000000001">
    <ele>642.3700000000001</ele>
   </trkpt>
   <trkpt lat="47.310610000000004" lon="11.07707">
    <ele>643.11</ele>
   </trkpt>
   <trkpt lat="47.31064000000001" lon="11.077520000000002">
    <ele>644.05</ele>
   </trkpt>
   <trkpt lat="47.31069" lon="11.07792">
    <ele>645.4300000000001</ele>
   </trkpt>
   <trkpt lat="47.310770000000005" lon="11.07812">
    <ele>646.93</ele>
   </trkpt>
   <trkpt lat="47.310840000000006" lon="11.078230000000001">
    <ele>646.93</ele>
   </trkpt>
   <trkpt lat="47.31107" lon="11.078360000000002">
    <ele>649.33</ele>
   </trkpt>
   <trkpt lat="47.311150000000005" lon="11.078370000000001">
    <ele>649.33</ele>
   </trkpt>
   <trkpt lat="47.31181" lon="11.078330000000001">
    <ele>654.64</ele>
   </trkpt>
   <trkpt lat="47.31213" lon="11.07835">
    <ele>657.15</ele>
   </trkpt>
   <trkpt lat="47.31232000000001" lon="11.078420000000001">
    <ele>658.86</ele>
   </trkpt>
   <trkpt lat="47.312430000000006" lon="11.078520000000001">
    <ele>658.9100000000001</ele>
   </trkpt>
   <trkpt lat="47.31255" lon="11.07867">
    <ele>660.5300000000001</ele>
   </trkpt>
   <trkpt lat="47.312670000000004" lon="11.07886">
    <ele>661.19</ele>
   </trkpt>
   <trkpt lat="47.312810000000006" lon="11.079160000000002">
    <ele>662.03</ele>
   </trkpt>
   <trkpt lat="47.3132" lon="11.08028">
    <ele>663.45</ele>
   </trkpt>
   <trkpt lat="47.31352500455125" lon="11.081299993810045">
    <ele>662.81</ele>
   </trkpt>
   <trkpt lat="47.31385" lon="11.082320000000001">
    <ele>662.47</ele>
   </trkpt>
   <trkpt lat="47.31409000000001" lon="11.08319">
    <ele>661.98</ele>
   </trkpt>
   <trkpt lat="47.3143" lon="11.08411">
    <ele>661.03</ele>
   </trkpt>
   <trkpt lat="47.314460004057" lon="11.08507499712055">
    <ele>659.86</ele>
   </trkpt>
   <trkpt lat="47.314620000000005" lon="11.08604">
    <ele>658.08</ele>
   </trkpt>
   <trkpt lat="47.31494000000001" lon="11.087230000000002">
    <ele>655.86</ele>
   </trkpt>
   <trkpt lat="47.31515000172211" lon="11.0878399978774">
    <ele>654.1</ele>
   </trkpt>
   <trkpt lat="47.315360000000005" lon="11.088450000000002">
    <ele>653.32</ele>
   </trkpt>
   <trkpt lat="47.315540000000006" lon="11.089350000000001">
    <ele>649.93</ele>
   </trkpt>
   <trkpt lat="47.31564" lon="11.089690000000001">
    <ele>649.2500000000001</ele>
   </trkpt>
   <trkpt lat="47.31593" lon="11.09031">
    <ele>648.26</ele>
   </trkpt>
   <trkpt lat="47.316190000000006" lon="11.09111">
    <ele>647.8000000000001</ele>
   </trkpt>
   <trkpt lat="47.31613" lon="11.091180000000001">
    <ele>647.8000000000001</ele>
   </trkpt>
   <trkpt lat="47.31613" lon="11.09135">
    <ele>644.66</ele>
   </trkpt>
   <trkpt lat="47.3162" lon="11.09143">
    <ele>645.7</ele>
   </trkpt>
   <trkpt lat="47.31627" lon="11.09154">
    <ele>645.7</ele>
   </trkpt>
   <trkpt lat="47.31631" lon="11.09168">
    <ele>647.05</ele>
   </trkpt>
   <trkpt lat="47.31636" lon="11.091750000000001">
    <ele>647.05</ele>
   </trkpt>
   <trkpt lat="47.31654" lon="11.09233">
    <ele>647.57</ele>
   </trkpt>
   <trkpt lat="47.31694" lon="11.093160000000001">
    <ele>649.58</ele>
   </trkpt>
   <trkpt lat="47.31723" lon="11.09355">
    <ele>653.48</ele>
   </trkpt>
   <trkpt lat="47.317530000000005" lon="11.09389">
    <ele>657.05</ele>
   </trkpt>
   <trkpt lat="47.3179" lon="11.09417">
    <ele>659.5500000000001</ele>
   </trkpt>
   <trkpt lat="47.318400000000004" lon="11.09449">
    <ele>662.8900000000001</ele>
   </trkpt>
   <trkpt lat="47.31862" lon="11.094690000000002">
    <ele>666.57</ele>
   </trkpt>
   <trkpt lat="47.31875" lon="11.09487">
    <ele>667.52</ele>
   </trkpt>
   <trkpt lat="47.31929" lon="11.0957">
    <ele>672.95</ele>
   </trkpt>
   <trkpt lat="47.31981000011585" lon="11.09577999922617">
    <ele>678.1600000000001</ele>
   </trkpt>
   <trkpt lat="47.320330000000006" lon="11.09586">
    <ele>683.6700000000001</ele>
   </trkpt>
   <trkpt lat="47.32038000000001" lon="11.095880000000001">
    <ele>683.6700000000001</ele>
   </trkpt>
   <trkpt lat="47.32047000000001" lon="11.09603">
    <ele>685.12</ele>
   </trkpt>
   <trkpt lat="47.320510000000006" lon="11.096050000000002">
    <ele>687.03</ele>
   </trkpt>
   <trkpt lat="47.321160000000006" lon="11.095910000000002">
    <ele>692.64</ele>
   </trkpt>
   <trkpt lat="47.32143000000001" lon="11.095930000000001">
    <ele>696.6000000000001</ele>
   </trkpt>
   <trkpt lat="47.3218" lon="11.09604">
    <ele>700.64</ele>
   </trkpt>
   <trkpt lat="47.321960000000004" lon="11.09617">
    <ele>703.8000000000001</ele>
   </trkpt>
   <trkpt lat="47.322120000000005" lon="11.09641">
    <ele>706.2400000000001</ele>
   </trkpt>
   <trkpt lat="47.322520000000004" lon="11.096760000000002">
    <ele>715.87</ele>
   </trkpt>
   <trkpt lat="47.32291000000001" lon="11.096990000000002">
    <ele>721.9700000000001</ele>
   </trkpt>
   <trkpt lat="47.323" lon="11.09708">
    <ele>723.59</ele>
   </trkpt>
   <trkpt lat="47.323240000000006" lon="11.09753">
    <ele>731.16</ele>
   </trkpt>
   <trkpt lat="47.32325" lon="11.09764">
    <ele>731.16</ele>
   </trkpt>
   <trkpt lat="47.32325" lon="11.097650000000002">
    <ele>731.2900000000001</ele>
   </trkpt>
   <trkpt lat="47.32323" lon="11.09782">
    <ele>733.6700000000001</ele>
   </trkpt>
   <trkpt lat="47.323170000000005" lon="11.09797">
    <ele>737.2700000000001</ele>
   </trkpt>
   <trkpt lat="47.32311000000001" lon="11.098040000000001">
    <ele>737.2700000000001</ele>
   </trkpt>
   <trkpt lat="47.322950000000006" lon="11.098120000000002">
    <ele>743.19</ele>
   </trkpt>
   <trkpt lat="47.322335000087094" lon="11.097999998607833">
    <ele>754.21</ele>
   </trkpt>
   <trkpt lat="47.321720000000006" lon="11.097880000000002">
    <ele>766.82</ele>
   </trkpt>
   <trkpt lat="47.321540000000006" lon="11.098080000000001">
    <ele>771.48</ele>
   </trkpt>
   <trkpt lat="47.32168" lon="11.098460000000001">
    <ele>776.9100000000001</ele>
   </trkpt>
   <trkpt lat="47.321920000000006" lon="11.098980000000001">
    <ele>784.08</ele>
   </trkpt>
   <trkpt lat="47.32199000000001" lon="11.099210000000001">
    <ele>786.27</ele>
   </trkpt>
   <trkpt lat="47.322" lon="11.099450000000001">
    <ele>787.2500000000001</ele>
   </trkpt>
   <trkpt lat="47.32193" lon="11.09999">
    <ele>791.85</ele>
   </trkpt>
   <trkpt lat="47.32184" lon="11.100340000000001">
    <ele>794.3500000000001</ele>
   </trkpt>
   <trkpt lat="47.321690000000004" lon="11.10063">
    <ele>796.33</ele>
   </trkpt>
   <trkpt lat="47.32126" lon="11.10088">
    <ele>802.19</ele>
   </trkpt>
   <trkpt lat="47.3211" lon="11.101090000000001">
    <ele>806.7700000000001</ele>
   </trkpt>
   <trkpt lat="47.320800000000006" lon="11.10134">
    <ele>811.27</ele>
   </trkpt>
   <trkpt lat="47.320620000000005" lon="11.101700000000001">
    <ele>817.64</ele>
   </trkpt>
   <trkpt lat="47.320530000000005" lon="11.10194">
    <ele>820.9200000000001</ele>
   </trkpt>
   <trkpt lat="47.3205" lon="11.10275">
    <ele>830.2600000000001</ele>
   </trkpt>
   <trkpt lat="47.32043" lon="11.10318">
    <ele>835.73</ele>
   </trkpt>
   <trkpt lat="47.320460000000004" lon="11.10407">
    <ele>849.44</ele>
   </trkpt>
   <trkpt lat="47.32027" lon="11.10449">
    <ele>852.69</ele>
   </trkpt>
   <trkpt lat="47.32003" lon="11.10495">
    <ele>857.0000000000001</ele>
   </trkpt>
   <trkpt lat="47.31992" lon="11.105360000000001">
    <ele>861.4600000000002</ele>
   </trkpt>
   <trkpt lat="47.319970000000005" lon="11.105670000000002">
    <ele>865.8500000000001</ele>
   </trkpt>
   <trkpt lat="47.319950000000006" lon="11.106010000000001">
    <ele>870.35</ele>
   </trkpt>
   <trkpt lat="47.31996" lon="11.106090000000002">
    <ele>871.3900000000001</ele>
   </trkpt>
   <trkpt lat="47.320240000000005" lon="11.10593">
    <ele>876.0700000000002</ele>
   </trkpt>
   <trkpt lat="47.32020000000001" lon="11.106330000000002">
    <ele>880.6100000000001</ele>
   </trkpt>
   <trkpt lat="47.32003" lon="11.107220000000002">
    <ele>883.5500000000001</ele>
   </trkpt>
   <trkpt lat="47.32002000000001" lon="11.107510000000001">
    <ele>885.32</ele>
   </trkpt>
   <trkpt lat="47.31987" lon="11.107840000000001">
    <ele>888.9300000000001</ele>
   </trkpt>
   <trkpt lat="47.31974" lon="11.108220000000001">
    <ele>891.1800000000001</ele>
   </trkpt>
   <trkpt lat="47.31983" lon="11.109290000000001">
    <ele>891.1300000000001</ele>
   </trkpt>
   <trkpt lat="47.319750000000006" lon="11.10936">
    <ele>891.2</ele>
   </trkpt>
   <trkpt lat="47.31951" lon="11.10932">
    <ele>892.17</ele>
   </trkpt>
   <trkpt lat="47.31926000000001" lon="11.109720000000001">
    <ele>889.02</ele>
   </trkpt>
   <trkpt lat="47.31915" lon="11.110220000000002">
    <ele>885.5400000000001</ele>
   </trkpt>
   <trkpt lat="47.319120000000005" lon="11.11072">
    <ele>884.5600000000001</ele>
   </trkpt>
   <trkpt lat="47.318776673976295" lon="11.111636678577632">
    <ele>880.1200000000001</ele>
   </trkpt>
   <trkpt lat="47.31843334064367" lon="11.112553345242201">
    <ele>880.2700000000001</ele>
   </trkpt>
   <trkpt lat="47.318090000000005" lon="11.113470000000001">
    <ele>876.6</ele>
   </trkpt>
   <trkpt lat="47.31794000000001" lon="11.11406">
    <ele>879.4200000000001</ele>
   </trkpt>
   <trkpt lat="47.31783" lon="11.11467">
    <ele>881.0300000000001</ele>
   </trkpt>
   <trkpt lat="47.31765" lon="11.11532">
    <ele>883.4000000000001</ele>
   </trkpt>
   <trkpt lat="47.317530000000005" lon="11.115950000000002">
    <ele>886.3000000000001</ele>
   </trkpt>
   <trkpt lat="47.31752" lon="11.11622">
    <ele>886.85</ele>
   </trkpt>
   <trkpt lat="47.31747000000001" lon="11.11645">
    <ele>886.7</ele>
   </trkpt>
   <trkpt lat="47.31707" lon="11.11729">
    <ele>883.1200000000001</ele>
   </trkpt>
   <trkpt lat="47.316950000000006" lon="11.11777">
    <ele>883.23</ele>
   </trkpt>
   <trkpt lat="47.316970000000005" lon="11.118020000000001">
    <ele>883.0300000000001</ele>
   </trkpt>
   <trkpt lat="47.316950000000006" lon="11.118210000000001">
    <ele>881.9500000000002</ele>
   </trkpt>
   <trkpt lat="47.31678" lon="11.11894">
    <ele>877.6</ele>
   </trkpt>
   <trkpt lat="47.316810000000004" lon="11.119000000000002">
    <ele>878.02</ele>
   </trkpt>
   <trkpt lat="47.31682000000001" lon="11.11917">
    <ele>878.5</ele>
   </trkpt>
   <trkpt lat="47.316720000000004" lon="11.119570000000001">
    <ele>880.35</ele>
   </trkpt>
   <trkpt lat="47.31671" lon="11.11979">
    <ele>880.97</ele>
   </trkpt>
   <trkpt lat="47.31682000000001" lon="11.12054">
    <ele>885.46</ele>
   </trkpt>
   <trkpt lat="47.31682000000001" lon="11.121120000000001">
    <ele>888.69</ele>
   </trkpt>
   <trkpt lat="47.316770000000005" lon="11.121390000000002">
    <ele>890.87</ele>
   </trkpt>
   <trkpt lat="47.31658" lon="11.12189">
    <ele>896.08</ele>
   </trkpt>
   <trkpt lat="47.31602" lon="11.12283">
    <ele>903.7</ele>
   </trkpt>
   <trkpt lat="47.31541000000001" lon="11.123780000000002">
    <ele>912.97</ele>
   </trkpt>
   <trkpt lat="47.31526" lon="11.1241">
    <ele>914.3700000000001</ele>
   </trkpt>
   <trkpt lat="47.3151" lon="11.124390000000002">
    <ele>917.7900000000001</ele>
   </trkpt>
   <trkpt lat="47.3145200032658" lon="11.125255009476506">
    <ele>927.6800000000001</ele>
   </trkpt>
   <trkpt lat="47.31394" lon="11.12612">
    <ele>936.3500000000001</ele>
   </trkpt>
   <trkpt lat="47.31352000045448" lon="11.126440002536274">
    <ele>942.7900000000001</ele>
   </trkpt>
   <trkpt lat="47.313100000000006" lon="11.12676">
    <ele>947.4800000000001</ele>
   </trkpt>
   <trkpt lat="47.312990000000006" lon="11.126880000000002">
    <ele>948.4500000000002</ele>
   </trkpt>
   <trkpt lat="47.312900000000006" lon="11.127030000000001">
    <ele>949.86</ele>
   </trkpt>
   <trkpt lat="47.31279000000001" lon="11.127260000000001">
    <ele>949.86</ele>
   </trkpt>
   <trkpt lat="47.31273" lon="11.127490000000002">
    <ele>956.2900000000001</ele>
   </trkpt>
   <trkpt lat="47.31258000214461" lon="11.128185001769355">
    <ele>956.2900000000001</ele>
   </trkpt>
   <trkpt lat="47.312430000000006" lon="11.12888">
    <ele>963.44</ele>
   </trkpt>
   <trkpt lat="47.31209000540617" lon="11.129995007175848">
    <ele>973.46</ele>
   </trkpt>
   <trkpt lat="47.31175" lon="11.131110000000001">
    <ele>980.95</ele>
   </trkpt>
   <trkpt lat="47.311620000000005" lon="11.13146">
    <ele>983.34</ele>
   </trkpt>
   <trkpt lat="47.311060000000005" lon="11.13235">
    <ele>994.96</ele>
   </trkpt>
   <trkpt lat="47.31069" lon="11.13272">
    <ele>999.04</ele>
   </trkpt>
   <trkpt lat="47.31054" lon="11.133040000000001">
    <ele>1001.1600000000001</ele>
   </trkpt>
   <trkpt lat="47.31036" lon="11.133260000000002">
    <ele>1003.4500000000002</ele>
   </trkpt>
   <trkpt lat="47.310300000000005" lon="11.133370000000001">
    <ele>1006.5200000000001</ele>
   </trkpt>
   <trkpt lat="47.31029" lon="11.13349">
    <ele>1007.1100000000001</ele>
   </trkpt>
   <trkpt lat="47.310320000000004" lon="11.133560000000001">
    <ele>1007.6400000000001</ele>
   </trkpt>
   <trkpt lat="47.310390000000005" lon="11.133600000000001">
    <ele>1008.5000000000001</ele>
   </trkpt>
   <trkpt lat="47.31045" lon="11.13358">
    <ele>1008.8400000000001</ele>
   </trkpt>
   <trkpt lat="47.310500000000005" lon="11.133540000000002">
    <ele>1009.12</ele>
   </trkpt>
   <trkpt lat="47.31072" lon="11.133220000000001">
    <ele>1010.9300000000001</ele>
   </trkpt>
   <trkpt lat="47.31126500090139" lon="11.13274500496791">
    <ele>1015.2400000000001</ele>
   </trkpt>
   <trkpt lat="47.31181" lon="11.13227">
    <ele>1025.7</ele>
   </trkpt>
   <trkpt lat="47.312160000000006" lon="11.131670000000002">
    <ele>1026.65</ele>
   </trkpt>
   <trkpt lat="47.31253" lon="11.131300000000001">
    <ele>1032.74</ele>
   </trkpt>
   <trkpt lat="47.312920000000005" lon="11.130960000000002">
    <ele>1037.38</ele>
   </trkpt>
   <trkpt lat="47.313610000000004" lon="11.13043">
    <ele>1044.7000000000003</ele>
   </trkpt>
   <trkpt lat="47.31389" lon="11.13019">
    <ele>1047.53</ele>
   </trkpt>
   <trkpt lat="47.31409000000001" lon="11.129990000000001">
    <ele>1055.0900000000001</ele>
   </trkpt>
   <trkpt lat="47.31445" lon="11.12958">
    <ele>1056.43</ele>
   </trkpt>
   <trkpt lat="47.315000000000005" lon="11.128810000000001">
    <ele>1066.3100000000002</ele>
   </trkpt>
   <trkpt lat="47.31524" lon="11.128440000000001">
    <ele>1068.89</ele>
   </trkpt>
   <trkpt lat="47.31541000000001" lon="11.12809">
    <ele>1071.04</ele>
   </trkpt>
   <trkpt lat="47.315470000000005" lon="11.128060000000001">
    <ele>1071.3300000000002</ele>
   </trkpt>
   <trkpt lat="47.31553" lon="11.128070000000001">
    <ele>1071.8700000000001</ele>
   </trkpt>
   <trkpt lat="47.31561000000001" lon="11.128160000000001">
    <ele>1072.36</ele>
   </trkpt>
   <trkpt lat="47.315630000000006" lon="11.128250000000001">
    <ele>1072.36</ele>
   </trkpt>
   <trkpt lat="47.31561000000001" lon="11.128350000000001">
    <ele>1073.71</ele>
   </trkpt>
   <trkpt lat="47.315580000000004" lon="11.128400000000001">
    <ele>1073.71</ele>
   </trkpt>
   <trkpt lat="47.31548" lon="11.128490000000001">
    <ele>1073.71</ele>
   </trkpt>
   <trkpt lat="47.315400000000004" lon="11.12855">
    <ele>1073.9</ele>
   </trkpt>
   <trkpt lat="47.315310000000004" lon="11.128680000000001">
    <ele>1074.09</ele>
   </trkpt>
   <trkpt lat="47.31521" lon="11.12892">
    <ele>1076.89</ele>
   </trkpt>
   <trkpt lat="47.314870000000006" lon="11.129840000000002">
    <ele>1082.69</ele>
   </trkpt>
   <trkpt lat="47.314710000000005" lon="11.13062">
    <ele>1088.0500000000002</ele>
   </trkpt>
   <trkpt lat="47.31459" lon="11.13109">
    <ele>1091.9500000000003</ele>
   </trkpt>
   <trkpt lat="47.314280000000004" lon="11.131580000000001">
    <ele>1097.0000000000002</ele>
   </trkpt>
   <trkpt lat="47.313925001207906" lon="11.132100003446478">
    <ele>1101.63</ele>
   </trkpt>
   <trkpt lat="47.313570000000006" lon="11.132620000000001">
    <ele>1106.33</ele>
   </trkpt>
   <trkpt lat="47.31315000000001" lon="11.133070000000002">
    <ele>1113.0600000000002</ele>
   </trkpt>
   <trkpt lat="47.31302" lon="11.133280000000001">
    <ele>1115.78</ele>
   </trkpt>
   <trkpt lat="47.31291" lon="11.13353">
    <ele>1116.65</ele>
   </trkpt>
   <trkpt lat="47.312830000000005" lon="11.1338">
    <ele>1118.74</ele>
   </trkpt>
   <trkpt lat="47.312780000000004" lon="11.13409">
    <ele>1120.9600000000003</ele>
   </trkpt>
   <trkpt lat="47.312740000000005" lon="11.134540000000001">
    <ele>1124.68</ele>
   </trkpt>
   <trkpt lat="47.312780000000004" lon="11.135520000000001">
    <ele>1130.33</ele>
   </trkpt>
   <trkpt lat="47.31270000000001" lon="11.136410000000001">
    <ele>1136.5700000000002</ele>
   </trkpt>
   <trkpt lat="47.31271" lon="11.137110000000002">
    <ele>1143.16</ele>
   </trkpt>
   <trkpt lat="47.31270000000001" lon="11.137390000000002">
    <ele>1145.96</ele>
   </trkpt>
   <trkpt lat="47.31266" lon="11.13761">
    <ele>1145.96</ele>
   </trkpt>
   <trkpt lat="47.31262" lon="11.1377">
    <ele>1148.6100000000001</ele>
   </trkpt>
   <trkpt lat="47.31251" lon="11.137860000000002">
    <ele>1150.1100000000001</ele>
   </trkpt>
   <trkpt lat="47.312250000000006" lon="11.13818">
    <ele>1152.56</ele>
   </trkpt>
   <trkpt lat="47.3121" lon="11.138420000000002">
    <ele>1156.4</ele>
   </trkpt>
   <trkpt lat="47.311980000000005" lon="11.1387">
    <ele>1156.4</ele>
   </trkpt>
   <trkpt lat="47.311840000000004" lon="11.139100000000001">
    <ele>1159.27</ele>
   </trkpt>
   <trkpt lat="47.31175" lon="11.13953">
    <ele>1160.56</ele>
   </trkpt>
   <trkpt lat="47.31167000473898" lon="11.140575001717554">
    <ele>1165.58</ele>
   </trkpt>
   <trkpt lat="47.31159" lon="11.141620000000001">
    <ele>1174.69</ele>
   </trkpt>
   <trkpt lat="47.311580000000006" lon="11.142080000000002">
    <ele>1176.11</ele>
   </trkpt>
   <trkpt lat="47.31161" lon="11.1423">
    <ele>1182.53</ele>
   </trkpt>
   <trkpt lat="47.31161" lon="11.142510000000001">
    <ele>1182.53</ele>
   </trkpt>
   <trkpt lat="47.311580000000006" lon="11.14287">
    <ele>1183.95</ele>
   </trkpt>
   <trkpt lat="47.31147000000001" lon="11.14348">
    <ele>1188.63</ele>
   </trkpt>
   <trkpt lat="47.31145" lon="11.14367">
    <ele>1188.63</ele>
   </trkpt>
   <trkpt lat="47.31157" lon="11.144730000000001">
    <ele>1198.92</ele>
   </trkpt>
   <trkpt lat="47.31157" lon="11.145100000000001">
    <ele>1202.76</ele>
   </trkpt>
   <trkpt lat="47.311530000000005" lon="11.14578">
    <ele>1206.53</ele>
   </trkpt>
   <trkpt lat="47.311440000000005" lon="11.146180000000001">
    <ele>1207.2900000000002</ele>
   </trkpt>
   <trkpt lat="47.3113" lon="11.146600000000001">
    <ele>1209.6200000000001</ele>
   </trkpt>
   <trkpt lat="47.31119" lon="11.14685">
    <ele>1211.3500000000001</ele>
   </trkpt>
   <trkpt lat="47.311080000000004" lon="11.14732">
    <ele>1216.49</ele>
   </trkpt>
   <trkpt lat="47.31107" lon="11.147760000000002">
    <ele>1216.49</ele>
   </trkpt>
   <trkpt lat="47.31109000000001" lon="11.14797">
    <ele>1222.0000000000002</ele>
   </trkpt>
   <trkpt lat="47.311400000000006" lon="11.1492">
    <ele>1231.57</ele>
   </trkpt>
   <trkpt lat="47.31145" lon="11.14943">
    <ele>1232.42</ele>
   </trkpt>
   <trkpt lat="47.31148" lon="11.150060000000002">
    <ele>1233.97</ele>
   </trkpt>
   <trkpt lat="47.31143" lon="11.15056">
    <ele>1234.3500000000001</ele>
   </trkpt>
   <trkpt lat="47.311370000000004" lon="11.150860000000002">
    <ele>1234.63</ele>
   </trkpt>
   <trkpt lat="47.31118000000001" lon="11.15151">
    <ele>1235.0400000000002</ele>
   </trkpt>
   <trkpt lat="47.3109500023553" lon="11.152240003057384">
    <ele>1238.94</ele>
   </trkpt>
   <trkpt lat="47.31072" lon="11.152970000000002">
    <ele>1244.8600000000001</ele>
   </trkpt>
   <trkpt lat="47.31038" lon="11.15399">
    <ele>1249.15</ele>
   </trkpt>
   <trkpt lat="47.31036" lon="11.154380000000002">
    <ele>1248.3000000000002</ele>
   </trkpt>
   <trkpt lat="47.310390000000005" lon="11.154530000000001">
    <ele>1247.8700000000001</ele>
   </trkpt>
   <trkpt lat="47.31045" lon="11.1547">
    <ele>1250.13</ele>
   </trkpt>
   <trkpt lat="47.310370000000006" lon="11.15516">
    <ele>1249.3100000000002</ele>
   </trkpt>
   <trkpt lat="47.31022" lon="11.15521">
    <ele>1248.82</ele>
   </trkpt>
   <trkpt lat="47.310030000000005" lon="11.15521">
    <ele>1248.3700000000001</ele>
   </trkpt>
   <trkpt lat="47.30942" lon="11.15548">
    <ele>1245.33</ele>
   </trkpt>
   <trkpt lat="47.30922" lon="11.155790000000001">
    <ele>1247.91</ele>
   </trkpt>
   <trkpt lat="47.30908" lon="11.156160000000002">
    <ele>1252.5600000000002</ele>
   </trkpt>
   <trkpt lat="47.309070000000006" lon="11.156270000000001">
    <ele>1252.5600000000002</ele>
   </trkpt>
   <trkpt lat="47.309140000000006" lon="11.15651">
    <ele>1253.9600000000003</ele>
   </trkpt>
   <trkpt lat="47.309140000000006" lon="11.156590000000001">
    <ele>1253.9600000000003</ele>
   </trkpt>
   <trkpt lat="47.3091" lon="11.156720000000002">
    <ele>1260.39</ele>
   </trkpt>
   <trkpt lat="47.30886" lon="11.156830000000001">
    <ele>1261.9</ele>
   </trkpt>
   <trkpt lat="47.30868" lon="11.15685">
    <ele>1266.63</ele>
   </trkpt>
   <trkpt lat="47.30857" lon="11.156920000000001">
    <ele>1266.63</ele>
   </trkpt>
   <trkpt lat="47.30848" lon="11.157020000000001">
    <ele>1268.89</ele>
   </trkpt>
   <trkpt lat="47.308420000000005" lon="11.157210000000001">
    <ele>1272.8400000000001</ele>
   </trkpt>
   <trkpt lat="47.308440000000004" lon="11.15742">
    <ele>1273.53</ele>
   </trkpt>
   <trkpt lat="47.308690000000006" lon="11.157670000000001">
    <ele>1278.51</ele>
   </trkpt>
   <trkpt lat="47.308710000000005" lon="11.15774">
    <ele>1278.51</ele>
   </trkpt>
   <trkpt lat="47.308690000000006" lon="11.157820000000001">
    <ele>1283.83</ele>
   </trkpt>
   <trkpt lat="47.308080000000004" lon="11.15878">
    <ele>1291.0900000000001</ele>
   </trkpt>
   <trkpt lat="47.30796" lon="11.15919">
    <ele>1294.8000000000002</ele>
   </trkpt>
   <trkpt lat="47.30796" lon="11.159500000000001">
    <ele>1299.6100000000001</ele>
   </trkpt>
   <trkpt lat="47.30787" lon="11.159970000000001">
    <ele>1303.08</ele>
   </trkpt>
   <trkpt lat="47.30780000000001" lon="11.160070000000001">
    <ele>1306.3200000000002</ele>
   </trkpt>
   <trkpt lat="47.30772" lon="11.16014">
    <ele>1307.0900000000001</ele>
   </trkpt>
   <trkpt lat="47.30735000000001" lon="11.160900000000002">
    <ele>1312.68</ele>
   </trkpt>
   <trkpt lat="47.30731" lon="11.16092">
    <ele>1312.68</ele>
   </trkpt>
   <trkpt lat="47.30716" lon="11.16112">
    <ele>1310.03</ele>
   </trkpt>
   <trkpt lat="47.307080000000006" lon="11.161180000000002">
    <ele>1308.8200000000002</ele>
   </trkpt>
   <trkpt lat="47.306670000000004" lon="11.161200000000001">
    <ele>1305.0300000000002</ele>
   </trkpt>
   <trkpt lat="47.306540000000005" lon="11.161280000000001">
    <ele>1304.72</ele>
   </trkpt>
   <trkpt lat="47.30637" lon="11.161470000000001">
    <ele>1304.7900000000002</ele>
   </trkpt>
   <trkpt lat="47.306250000000006" lon="11.161570000000001">
    <ele>1304.5900000000001</ele>
   </trkpt>
   <trkpt lat="47.306160000000006" lon="11.16167">
    <ele>1304.16</ele>
   </trkpt>
   <trkpt lat="47.306090000000005" lon="11.16182">
    <ele>1303.25</ele>
   </trkpt>
   <trkpt lat="47.306020000000004" lon="11.16228">
    <ele>1301.45</ele>
   </trkpt>
   <trkpt lat="47.30594000000001" lon="11.162490000000002">
    <ele>1302.2</ele>
   </trkpt>
   <trkpt lat="47.305620000000005" lon="11.16285">
    <ele>1304.25</ele>
   </trkpt>
   <trkpt lat="47.305490000000006" lon="11.16313">
    <ele>1302.8300000000002</ele>
   </trkpt>
   <trkpt lat="47.305350000000004" lon="11.16337">
    <ele>1300.7000000000003</ele>
   </trkpt>
   <trkpt lat="47.30519" lon="11.16399">
    <ele>1300.6700000000003</ele>
   </trkpt>
   <trkpt lat="47.30496" lon="11.16446">
    <ele>1301.17</ele>
   </trkpt>
   <trkpt lat="47.304840000000006" lon="11.164990000000001">
    <ele>1300.69</ele>
   </trkpt>
   <trkpt lat="47.304790000000004" lon="11.165310000000002">
    <ele>1303.1000000000001</ele>
   </trkpt>
   <trkpt lat="47.304790000000004" lon="11.165450000000002">
    <ele>1305.3400000000001</ele>
   </trkpt>
   <trkpt lat="47.30482000000001" lon="11.16558">
    <ele>1305.3400000000001</ele>
   </trkpt>
   <trkpt lat="47.30489" lon="11.16577">
    <ele>1309.2700000000002</ele>
   </trkpt>
   <trkpt lat="47.3049" lon="11.16586">
    <ele>1310.0</ele>
   </trkpt>
   <trkpt lat="47.30487" lon="11.16595">
    <ele>1312.1100000000001</ele>
   </trkpt>
   <trkpt lat="47.30449" lon="11.166070000000001">
    <ele>1318.74</ele>
   </trkpt>
   <trkpt lat="47.304370000000006" lon="11.166160000000001">
    <ele>1320.2800000000002</ele>
   </trkpt>
   <trkpt lat="47.304320000000004" lon="11.16641">
    <ele>1323.21</ele>
   </trkpt>
   <trkpt lat="47.30433000000001" lon="11.16688">
    <ele>1328.64</ele>
   </trkpt>
   <trkpt lat="47.30431" lon="11.167060000000001">
    <ele>1330.2500000000002</ele>
   </trkpt>
   <trkpt lat="47.30431" lon="11.16782">
    <ele>1334.95</ele>
   </trkpt>
   <trkpt lat="47.30434" lon="11.16815">
    <ele>1336.65</ele>
   </trkpt>
   <trkpt lat="47.304460000000006" lon="11.16854">
    <ele>1339.69</ele>
   </trkpt>
   <trkpt lat="47.304520000000004" lon="11.16886">
    <ele>1341.3700000000001</ele>
   </trkpt>
   <trkpt lat="47.30456" lon="11.168970000000002">
    <ele>1341.79</ele>
   </trkpt>
   <trkpt lat="47.30463" lon="11.16948">
    <ele>1343.7800000000002</ele>
   </trkpt>
   <trkpt lat="47.304590000000005" lon="11.16971">
    <ele>1343.7400000000002</ele>
   </trkpt>
   <trkpt lat="47.304500000000004" lon="11.16999">
    <ele>1342.87</ele>
   </trkpt>
   <trkpt lat="47.30436" lon="11.17017">
    <ele>1342.5500000000002</ele>
   </trkpt>
   <trkpt lat="47.30422" lon="11.170300000000001">
    <ele>1341.93</ele>
   </trkpt>
   <trkpt lat="47.304080000000006" lon="11.1704">
    <ele>1340.13</ele>
   </trkpt>
   <trkpt lat="47.30393" lon="11.17055">
    <ele>1338.0500000000002</ele>
   </trkpt>
   <trkpt lat="47.303810000000006" lon="11.17079">
    <ele>1334.23</ele>
   </trkpt>
   <trkpt lat="47.30371" lon="11.17116">
    <ele>1329.5</ele>
   </trkpt>
   <trkpt lat="47.303670000000004" lon="11.17172">
    <ele>1324.3700000000001</ele>
   </trkpt>
   <trkpt lat="47.30369" lon="11.172500000000001">
    <ele>1324.57</ele>
   </trkpt>
   <trkpt lat="47.303760000000004" lon="11.17275">
    <ele>1324.4300000000003</ele>
   </trkpt>
   <trkpt lat="47.303790000000006" lon="11.173050000000002">
    <ele>1323.45</ele>
   </trkpt>
   <trkpt lat="47.303740000000005" lon="11.1737">
    <ele>1322.48</ele>
   </trkpt>
   <trkpt lat="47.303790000000006" lon="11.17402">
    <ele>1322.99</ele>
   </trkpt>
   <trkpt lat="47.30378" lon="11.174280000000001">
    <ele>1322.2800000000002</ele>
   </trkpt>
   <trkpt lat="47.3038" lon="11.17454">
    <ele>1321.8200000000002</ele>
   </trkpt>
   <trkpt lat="47.303850000000004" lon="11.174690000000002">
    <ele>1321.79</ele>
   </trkpt>
   <trkpt lat="47.30406000000001" lon="11.174930000000002">
    <ele>1321.83</ele>
   </trkpt>
   <trkpt lat="47.304170000000006" lon="11.17511">
    <ele>1322.91</ele>
   </trkpt>
   <trkpt lat="47.30429" lon="11.17533">
    <ele>1325.2400000000002</ele>
   </trkpt>
   <trkpt lat="47.30433000000001" lon="11.175450000000001">
    <ele>1325.71</ele>
   </trkpt>
   <trkpt lat="47.30435000000001" lon="11.17561">
    <ele>1325.8400000000001</ele>
   </trkpt>
   <trkpt lat="47.30435000000001" lon="11.176020000000001">
    <ele>1324.3700000000001</ele>
   </trkpt>
   <trkpt lat="47.3044" lon="11.17637">
    <ele>1323.2400000000002</ele>
   </trkpt>
   <trkpt lat="47.30443" lon="11.176520000000002">
    <ele>1322.47</ele>
   </trkpt>
   <trkpt lat="47.304550000000006" lon="11.17692">
    <ele>1320.38</ele>
   </trkpt>
   <trkpt lat="47.30474" lon="11.17731">
    <ele>1317.13</ele>
   </trkpt>
   <trkpt lat="47.304860000000005" lon="11.177620000000001">
    <ele>1314.24</ele>
   </trkpt>
   <trkpt lat="47.3053" lon="11.178210000000002">
    <ele>1305.66</ele>
   </trkpt>
   <trkpt lat="47.30537" lon="11.178270000000001">
    <ele>1302.2600000000002</ele>
   </trkpt>
   <trkpt lat="47.30543" lon="11.17829">
    <ele>1302.2600000000002</ele>
   </trkpt>
   <trkpt lat="47.30548" lon="11.178360000000001">
    <ele>1299.88</ele>
   </trkpt>
   <trkpt lat="47.305490000000006" lon="11.17844">
    <ele>1297.4</ele>
   </trkpt>
   <trkpt lat="47.305440000000004" lon="11.17853">
    <ele>1297.4</ele>
   </trkpt>
   <trkpt lat="47.30545" lon="11.179">
    <ele>1288.48</ele>
   </trkpt>
   <trkpt lat="47.305400000000006" lon="11.179570000000002">
    <ele>1276.6399999999999</ele>
   </trkpt>
   <trkpt lat="47.30534" lon="11.179920000000001">
    <ele>1271.91</ele>
   </trkpt>
   <trkpt lat="47.30534" lon="11.18008">
    <ele>1269.77</ele>
   </trkpt>
   <trkpt lat="47.30538000000001" lon="11.180290000000001">
    <ele>1268.43</ele>
   </trkpt>
   <trkpt lat="47.30548" lon="11.180520000000001">
    <ele>1268.49</ele>
   </trkpt>
   <trkpt lat="47.30548" lon="11.1806">
    <ele>1268.8000000000002</ele>
   </trkpt>
   <trkpt lat="47.305420000000005" lon="11.18064">
    <ele>1268.91</ele>
   </trkpt>
   <trkpt lat="47.30529000000001" lon="11.18064">
    <ele>1268.65</ele>
   </trkpt>
   <trkpt lat="47.30518000000001" lon="11.180660000000001">
    <ele>1268.04</ele>
   </trkpt>
   <trkpt lat="47.305130000000005" lon="11.18072">
    <ele>1266.9</ele>
   </trkpt>
   <trkpt lat="47.30512" lon="11.180760000000001">
    <ele>1266.9</ele>
   </trkpt>
   <trkpt lat="47.305150000000005" lon="11.18093">
    <ele>1265.6200000000001</ele>
   </trkpt>
   <trkpt lat="47.305310000000006" lon="11.18148">
    <ele>1263.0700000000002</ele>
   </trkpt>
   <trkpt lat="47.305350000000004" lon="11.181690000000001">
    <ele>1260.93</ele>
   </trkpt>
   <trkpt lat="47.305420000000005" lon="11.182310000000001">
    <ele>1257.8</ele>
   </trkpt>
   <trkpt lat="47.305460000000004" lon="11.183430000000001">
    <ele>1258.89</ele>
   </trkpt>
   <trkpt lat="47.305600000000005" lon="11.18382">
    <ele>1258.3500000000001</ele>
   </trkpt>
   <trkpt lat="47.305670000000006" lon="11.183950000000001">
    <ele>1258.3500000000001</ele>
   </trkpt>
   <trkpt lat="47.305870000000006" lon="11.184190000000001">
    <ele>1256.78</ele>
   </trkpt>
   <trkpt lat="47.3059" lon="11.184190000000001">
    <ele>1256.2000000000003</ele>
   </trkpt>
   <trkpt lat="47.305980000000005" lon="11.184130000000001">
    <ele>1254.8000000000002</ele>
   </trkpt>
   <trkpt lat="47.30612000000001" lon="11.18397">
    <ele>1251.8</ele>
   </trkpt>
   <trkpt lat="47.306160000000006" lon="11.184000000000001">
    <ele>1251.5500000000002</ele>
   </trkpt>
   <trkpt lat="47.30622" lon="11.184280000000001">
    <ele>1251.15</ele>
   </trkpt>
   <trkpt lat="47.306270000000005" lon="11.18438">
    <ele>1251.45</ele>
   </trkpt>
   <trkpt lat="47.306360000000005" lon="11.184500000000002">
    <ele>1252.6000000000001</ele>
   </trkpt>
   <trkpt lat="47.3066" lon="11.184700000000001">
    <ele>1253.69</ele>
   </trkpt>
   <trkpt lat="47.306650000000005" lon="11.18477">
    <ele>1253.7600000000002</ele>
   </trkpt>
   <trkpt lat="47.30669" lon="11.18487">
    <ele>1253.43</ele>
   </trkpt>
   <trkpt lat="47.306720000000006" lon="11.18505">
    <ele>1252.61</ele>
   </trkpt>
   <trkpt lat="47.306700000000006" lon="11.185410000000001">
    <ele>1251.4900000000002</ele>
   </trkpt>
   <trkpt lat="47.306720000000006" lon="11.185550000000001">
    <ele>1250.49</ele>
   </trkpt>
   <trkpt lat="47.30682" lon="11.185870000000001">
    <ele>1248.7</ele>
   </trkpt>
   <trkpt lat="47.307050000000004" lon="11.186280000000002">
    <ele>1247.5500000000002</ele>
   </trkpt>
   <trkpt lat="47.30711" lon="11.186520000000002">
    <ele>1247.43</ele>
   </trkpt>
   <trkpt lat="47.30677000000001" lon="11.186620000000001">
    <ele>1240.72</ele>
   </trkpt>
   <trkpt lat="47.3066" lon="11.18674">
    <ele>1238.75</ele>
   </trkpt>
   <trkpt lat="47.30644" lon="11.186890000000002">
    <ele>1237.3200000000002</ele>
   </trkpt>
   <trkpt lat="47.30641000000001" lon="11.186960000000001">
    <ele>1234.2900000000002</ele>
   </trkpt>
   <trkpt lat="47.30631" lon="11.187550000000002">
    <ele>1228.96</ele>
   </trkpt>
   <trkpt lat="47.30628" lon="11.187830000000002">
    <ele>1226.22</ele>
   </trkpt>
   <trkpt lat="47.30626" lon="11.18884">
    <ele>1214.15</ele>
   </trkpt>
   <trkpt lat="47.30621000000001" lon="11.189100000000002">
    <ele>1212.7800000000002</ele>
   </trkpt>
   <trkpt lat="47.30615" lon="11.189290000000002">
    <ele>1211.16</ele>
   </trkpt>
   <trkpt lat="47.30595" lon="11.189670000000001">
    <ele>1206.26</ele>
   </trkpt>
   <trkpt lat="47.30581" lon="11.190600000000002">
    <ele>1196.63</ele>
   </trkpt>
   <trkpt lat="47.30588" lon="11.191400000000002">
    <ele>1186.3700000000001</ele>
   </trkpt>
   <trkpt lat="47.305930000000004" lon="11.191650000000001">
    <ele>1184.98</ele>
   </trkpt>
   <trkpt lat="47.306090000000005" lon="11.19199">
    <ele>1181.0</ele>
   </trkpt>
   <trkpt lat="47.306340000000006" lon="11.19219">
    <ele>1175.5500000000002</ele>
   </trkpt>
   <trkpt lat="47.306430000000006" lon="11.19223">
    <ele>1175.5500000000002</ele>
   </trkpt>
   <trkpt lat="47.306610000000006" lon="11.192260000000001">
    <ele>1171.38</ele>
   </trkpt>
   <trkpt lat="47.30664" lon="11.192290000000002">
    <ele>1171.38</ele>
   </trkpt>
   <trkpt lat="47.306670000000004" lon="11.19236">
    <ele>1171.38</ele>
   </trkpt>
   <trkpt lat="47.30669" lon="11.192720000000001">
    <ele>1168.22</ele>
   </trkpt>
   <trkpt lat="47.30671" lon="11.1928">
    <ele>1164.1000000000001</ele>
   </trkpt>
   <trkpt lat="47.30727" lon="11.19353">
    <ele>1153.97</ele>
   </trkpt>
   <trkpt lat="47.30731" lon="11.19364">
    <ele>1153.97</ele>
   </trkpt>
   <trkpt lat="47.3074" lon="11.194270000000001">
    <ele>1146.59</ele>
   </trkpt>
   <trkpt lat="47.307840000000006" lon="11.195210000000001">
    <ele>1136.41</ele>
   </trkpt>
   <trkpt lat="47.307900000000004" lon="11.19547">
    <ele>1130.83</ele>
   </trkpt>
   <trkpt lat="47.307930000000006" lon="11.1957">
    <ele>1127.71</ele>
   </trkpt>
   <trkpt lat="47.307970000000005" lon="11.196240000000001">
    <ele>1125.19</ele>
   </trkpt>
   <trkpt lat="47.308330000000005" lon="11.196650000000002">
    <ele>1122.95</ele>
   </trkpt>
   <trkpt lat="47.30829000000001" lon="11.196800000000001">
    <ele>1122.5</ele>
   </trkpt>
   <trkpt lat="47.308310000000006" lon="11.19768">
    <ele>1115.0</ele>
   </trkpt>
   <trkpt lat="47.30834" lon="11.197890000000001">
    <ele>1113.64</ele>
   </trkpt>
   <trkpt lat="47.30856000000001" lon="11.198450000000001">
    <ele>1111.18</ele>
   </trkpt>
   <trkpt lat="47.308730000000004" lon="11.198620000000002">
    <ele>1110.3700000000001</ele>
   </trkpt>
   <trkpt lat="47.30886" lon="11.198780000000001">
    <ele>1110.17</ele>
   </trkpt>
   <trkpt lat="47.309290000000004" lon="11.19987">
    <ele>1109.94</ele>
   </trkpt>
   <trkpt lat="47.309290000000004" lon="11.19988">
    <ele>1109.95</ele>
   </trkpt>
   <trkpt lat="47.308930000000004" lon="11.199900000000001">
    <ele>1107.2900000000002</ele>
   </trkpt>
   <trkpt lat="47.308460000000004" lon="11.19982">
    <ele>1107.89</ele>
   </trkpt>
   <trkpt lat="47.308060000000005" lon="11.199800000000002">
    <ele>1108.3700000000001</ele>
   </trkpt>
   <trkpt lat="47.30769" lon="11.199840000000002">
    <ele>1109.39</ele>
   </trkpt>
   <trkpt lat="47.30688000000001" lon="11.199990000000001">
    <ele>1112.36</ele>
   </trkpt>
   <trkpt lat="47.306540000000005" lon="11.19998">
    <ele>1114.22</ele>
   </trkpt>
   <trkpt lat="47.30621000000001" lon="11.199890000000002">
    <ele>1115.7100000000003</ele>
   </trkpt>
   <trkpt lat="47.30572" lon="11.199700000000002">
    <ele>1117.44</ele>
   </trkpt>
   <trkpt lat="47.30529000000001" lon="11.199380000000001">
    <ele>1116.7600000000002</ele>
   </trkpt>
   <trkpt lat="47.304880000000004" lon="11.19899">
    <ele>1115.8600000000001</ele>
   </trkpt>
   <trkpt lat="47.30472" lon="11.19889">
    <ele>1112.56</ele>
   </trkpt>
   <trkpt lat="47.304610000000004" lon="11.198870000000001">
    <ele>1112.56</ele>
   </trkpt>
   <trkpt lat="47.30445" lon="11.19889">
    <ele>1112.56</ele>
   </trkpt>
   <trkpt lat="47.304320000000004" lon="11.198950000000002">
    <ele>1111.55</ele>
   </trkpt>
   <trkpt lat="47.304170000000006" lon="11.199060000000001">
    <ele>1111.21</ele>
   </trkpt>
   <trkpt lat="47.30402" lon="11.199280000000002">
    <ele>1110.87</ele>
   </trkpt>
   <trkpt lat="47.30388000000001" lon="11.199440000000001">
    <ele>1111.0900000000001</ele>
   </trkpt>
   <trkpt lat="47.303430000000006" lon="11.19968">
    <ele>1113.13</ele>
   </trkpt>
   <trkpt lat="47.30322" lon="11.199850000000001">
    <ele>1114.1100000000001</ele>
   </trkpt>
   <trkpt lat="47.303020000000004" lon="11.200090000000001">
    <ele>1118.48</ele>
   </trkpt>
   <trkpt lat="47.30281" lon="11.200370000000001">
    <ele>1118.48</ele>
   </trkpt>
   <trkpt lat="47.302640000000004" lon="11.20057">
    <ele>1119.43</ele>
   </trkpt>
   <trkpt lat="47.30241" lon="11.200700000000001">
    <ele>1120.43</ele>
   </trkpt>
   <trkpt lat="47.302260000000004" lon="11.20073">
    <ele>1121.65</ele>
   </trkpt>
   <trkpt lat="47.30187" lon="11.20071">
    <ele>1124.16</ele>
   </trkpt>
   <trkpt lat="47.30176" lon="11.20073">
    <ele>1124.69</ele>
   </trkpt>
   <trkpt lat="47.30165" lon="11.200780000000002">
    <ele>1125.16</ele>
   </trkpt>
   <trkpt lat="47.301460000000006" lon="11.200920000000002">
    <ele>1125.92</ele>
   </trkpt>
   <trkpt lat="47.30111" lon="11.201250000000002">
    <ele>1126.67</ele>
   </trkpt>
   <trkpt lat="47.300560000967" lon="11.201730005023993">
    <ele>1126.67</ele>
   </trkpt>
   <trkpt lat="47.30001" lon="11.202210000000001">
    <ele>1126.17</ele>
   </trkpt>
   <trkpt lat="47.29968" lon="11.20255">
    <ele>1124.94</ele>
   </trkpt>
   <trkpt lat="47.29956000000001" lon="11.202750000000002">
    <ele>1124.94</ele>
   </trkpt>
   <trkpt lat="47.29939" lon="11.20316">
    <ele>1124.94</ele>
   </trkpt>
   <trkpt lat="47.2993" lon="11.20334">
    <ele>1124.64</ele>
   </trkpt>
   <trkpt lat="47.298970000000004" lon="11.20373">
    <ele>1125.3000000000002</ele>
   </trkpt>
   <trkpt lat="47.29883" lon="11.203930000000001">
    <ele>1125.73</ele>
   </trkpt>
   <trkpt lat="47.29853000000001" lon="11.204590000000001">
    <ele>1128.91</ele>
   </trkpt>
   <trkpt lat="47.29820500137373" lon="11.205165003648005">
    <ele>1128.02</ele>
   </trkpt>
   <trkpt lat="47.297880000000006" lon="11.20574">
    <ele>1127.91</ele>
   </trkpt>
   <trkpt lat="47.297790000000006" lon="11.205940000000002">
    <ele>1127.78</ele>
   </trkpt>
   <trkpt lat="47.29773" lon="11.20617">
    <ele>1127.13</ele>
   </trkpt>
   <trkpt lat="47.29771" lon="11.206560000000001">
    <ele>1125.97</ele>
   </trkpt>
   <trkpt lat="47.29775" lon="11.206740000000002">
    <ele>1123.8799999999999</ele>
   </trkpt>
   <trkpt lat="47.29789" lon="11.20706">
    <ele>1121.9800000000002</ele>
   </trkpt>
   <trkpt lat="47.297920000000005" lon="11.207230000000001">
    <ele>1121.48</ele>
   </trkpt>
   <trkpt lat="47.29791" lon="11.207350000000002">
    <ele>1121.1100000000001</ele>
   </trkpt>
   <trkpt lat="47.29787" lon="11.20743">
    <ele>1120.83</ele>
   </trkpt>
   <trkpt lat="47.2978" lon="11.207500000000001">
    <ele>1120.6100000000001</ele>
   </trkpt>
   <trkpt lat="47.29766" lon="11.207550000000001">
    <ele>1120.45</ele>
   </trkpt>
   <trkpt lat="47.297200000000004" lon="11.20752">
    <ele>1120.14</ele>
   </trkpt>
   <trkpt lat="47.29693" lon="11.20753">
    <ele>1118.21</ele>
   </trkpt>
   <trkpt lat="47.296710000000004" lon="11.207600000000001">
    <ele>1116.72</ele>
   </trkpt>
   <trkpt lat="47.29668" lon="11.20771">
    <ele>1117.0500000000002</ele>
   </trkpt>
   <trkpt lat="47.29648" lon="11.207960000000002">
    <ele>1118.43</ele>
   </trkpt>
   <trkpt lat="47.296350000000004" lon="11.20822">
    <ele>1119.22</ele>
   </trkpt>
   <trkpt lat="47.29628" lon="11.208530000000001">
    <ele>1117.9</ele>
   </trkpt>
   <trkpt lat="47.296240000000004" lon="11.208580000000001">
    <ele>1116.6</ele>
   </trkpt>
   <trkpt lat="47.29603" lon="11.208620000000002">
    <ele>1114.6599999999999</ele>
   </trkpt>
   <trkpt lat="47.29600000000001" lon="11.20864">
    <ele>1114.6599999999999</ele>
   </trkpt>
   <trkpt lat="47.29598000000001" lon="11.208680000000001">
    <ele>1114.6599999999999</ele>
   </trkpt>
   <trkpt lat="47.29599" lon="11.2088">
    <ele>1124.46</ele>
   </trkpt>
   <trkpt lat="47.2961" lon="11.20921">
    <ele>1126.9</ele>
   </trkpt>
   <trkpt lat="47.29608" lon="11.209290000000001">
    <ele>1126.9</ele>
   </trkpt>
   <trkpt lat="47.29600000000001" lon="11.209480000000001">
    <ele>1126.91</ele>
   </trkpt>
   <trkpt lat="47.295750000000005" lon="11.209800000000001">
    <ele>1128.13</ele>
   </trkpt>
   <trkpt lat="47.29551000000001" lon="11.210310000000002">
    <ele>1132.6100000000001</ele>
   </trkpt>
   <trkpt lat="47.29513" lon="11.211310000000001">
    <ele>1144.98</ele>
   </trkpt>
   <trkpt lat="47.295030000000004" lon="11.21166">
    <ele>1147.81</ele>
   </trkpt>
   <trkpt lat="47.295" lon="11.212050000000001">
    <ele>1152.3700000000001</ele>
   </trkpt>
   <trkpt lat="47.294900000000005" lon="11.212330000000001">
    <ele>1154.86</ele>
   </trkpt>
   <trkpt lat="47.29482" lon="11.21292">
    <ele>1160.5500000000002</ele>
   </trkpt>
   <trkpt lat="47.29482" lon="11.213170000000002">
    <ele>1160.5500000000002</ele>
   </trkpt>
   <trkpt lat="47.29486000000001" lon="11.213510000000001">
    <ele>1166.29</ele>
   </trkpt>
   <trkpt lat="47.294850000000004" lon="11.21362">
    <ele>1166.29</ele>
   </trkpt>
   <trkpt lat="47.294560000000004" lon="11.21461">
    <ele>1176.79</ele>
   </trkpt>
   <trkpt lat="47.294450000000005" lon="11.215240000000001">
    <ele>1182.41</ele>
   </trkpt>
   <trkpt lat="47.294410000000006" lon="11.215250000000001">
    <ele>1178.5400000000002</ele>
   </trkpt>
   <trkpt lat="47.29411" lon="11.215570000000001">
    <ele>1171.1100000000001</ele>
   </trkpt>
   <trkpt lat="47.293850000000006" lon="11.21596">
    <ele>1159.0</ele>
   </trkpt>
   <trkpt lat="47.29356000000001" lon="11.216270000000002">
    <ele>1153.3</ele>
   </trkpt>
   <trkpt lat="47.293240000000004" lon="11.21704">
    <ele>1146.56</ele>
   </trkpt>
   <trkpt lat="47.29299" lon="11.217450000000001">
    <ele>1142.7500000000002</ele>
   </trkpt>
   <trkpt lat="47.292730000000006" lon="11.218000000000002">
    <ele>1136.76</ele>
   </trkpt>
   <trkpt lat="47.292410000000004" lon="11.219100000000001">
    <ele>1120.74</ele>
   </trkpt>
   <trkpt lat="47.292370000000005" lon="11.21944">
    <ele>1112.84</ele>
   </trkpt>
   <trkpt lat="47.29204000000001" lon="11.219890000000001">
    <ele>1101.41</ele>
   </trkpt>
   <trkpt lat="47.291830000000004" lon="11.220220000000001">
    <ele>1094.0500000000002</ele>
   </trkpt>
   <trkpt lat="47.29159000000001" lon="11.220400000000001">
    <ele>1087.76</ele>
   </trkpt>
   <trkpt lat="47.291430000000005" lon="11.220440000000002">
    <ele>1083.35</ele>
   </trkpt>
   <trkpt lat="47.29142" lon="11.22056">
    <ele>1083.3000000000002</ele>
   </trkpt>
   <trkpt lat="47.291430000000005" lon="11.220780000000001">
    <ele>1082.94</ele>
   </trkpt>
   <trkpt lat="47.291500000000006" lon="11.22098">
    <ele>1081.46</ele>
   </trkpt>
   <trkpt lat="47.291500000000006" lon="11.22108">
    <ele>1080.51</ele>
   </trkpt>
   <trkpt lat="47.291160000000005" lon="11.221820000000001">
    <ele>1073.18</ele>
   </trkpt>
   <trkpt lat="47.290890000000005" lon="11.222570000000001">
    <ele>1067.8500000000001</ele>
   </trkpt>
   <trkpt lat="47.29074000000001" lon="11.223320000000001">
    <ele>1064.14</ele>
   </trkpt>
   <trkpt lat="47.29063000000001" lon="11.22362">
    <ele>1061.04</ele>
   </trkpt>
   <trkpt lat="47.290290000000006" lon="11.223980000000001">
    <ele>1058.8300000000002</ele>
   </trkpt>
   <trkpt lat="47.29018000000001" lon="11.22404">
    <ele>1058.3600000000001</ele>
   </trkpt>
   <trkpt lat="47.29018000000001" lon="11.22403">
    <ele>1058.3</ele>
   </trkpt>
   <trkpt lat="47.29016000000001" lon="11.223970000000001">
    <ele>1057.01</ele>
   </trkpt>
   <trkpt lat="47.29018000000001" lon="11.223870000000002">
    <ele>1057.01</ele>
   </trkpt>
   <trkpt lat="47.29041" lon="11.22325">
    <ele>1047.8100000000002</ele>
   </trkpt>
   <trkpt lat="47.290420000000005" lon="11.223180000000001">
    <ele>1047.8100000000002</ele>
   </trkpt>
   <trkpt lat="47.2903" lon="11.22283">
    <ele>1045.22</ele>
   </trkpt>
   <trkpt lat="47.290260002257725" lon="11.222109999509415">
    <ele>1039.41</ele>
   </trkpt>
   <trkpt lat="47.290220000000005" lon="11.221390000000001">
    <ele>1030.71</ele>
   </trkpt>
   <trkpt lat="47.2901" lon="11.22108">
    <ele>1026.66</ele>
   </trkpt>
   <trkpt lat="47.289950000000005" lon="11.220780000000001">
    <ele>1025.0900000000001</ele>
   </trkpt>
   <trkpt lat="47.28983" lon="11.220400000000001">
    <ele>1022.45</ele>
   </trkpt>
   <trkpt lat="47.28981" lon="11.22024">
    <ele>1021.18</ele>
   </trkpt>
   <trkpt lat="47.289820000000006" lon="11.22006">
    <ele>1019.1600000000001</ele>
   </trkpt>
   <trkpt lat="47.29005" lon="11.21948">
    <ele>1014.69</ele>
   </trkpt>
   <trkpt lat="47.28999" lon="11.21944">
    <ele>1014.69</ele>
   </trkpt>
   <trkpt lat="47.28980000000001" lon="11.21982">
    <ele>1013.25</ele>
   </trkpt>
   <trkpt lat="47.289660000000005" lon="11.21959">
    <ele>1014.6300000000001</ele>
   </trkpt>
   <trkpt lat="47.289640000000006" lon="11.219500000000002">
    <ele>1015.09</ele>
   </trkpt>
   <trkpt lat="47.28958" lon="11.219040000000001">
    <ele>1014.1500000000001</ele>
   </trkpt>
   <trkpt lat="47.289590000000004" lon="11.218800000000002">
    <ele>1013.7</ele>
   </trkpt>
   <trkpt lat="47.289680000000004" lon="11.21808">
    <ele>1011.12</ele>
   </trkpt>
   <trkpt lat="47.28971000000001" lon="11.21743">
    <ele>1009.6400000000001</ele>
   </trkpt>
   <trkpt lat="47.28969000000001" lon="11.21696">
    <ele>1008.4200000000001</ele>
   </trkpt>
   <trkpt lat="47.29003" lon="11.21584">
    <ele>1008.21</ele>
   </trkpt>
   <trkpt lat="47.290240000000004" lon="11.215110000000001">
    <ele>1011.2100000000002</ele>
   </trkpt>
   <trkpt lat="47.290440000000004" lon="11.214480000000002">
    <ele>1016.35</ele>
   </trkpt>
   <trkpt lat="47.29063000000001" lon="11.21353">
    <ele>1019.7</ele>
   </trkpt>
   <trkpt lat="47.290800000000004" lon="11.21305">
    <ele>1020.3100000000001</ele>
   </trkpt>
   <trkpt lat="47.29073" lon="11.213000000000001">
    <ele>1016.8000000000002</ele>
   </trkpt>
   <trkpt lat="47.29061" lon="11.21279">
    <ele>1013.0100000000002</ele>
   </trkpt>
   <trkpt lat="47.29057" lon="11.212570000000001">
    <ele>1010.8400000000001</ele>
   </trkpt>
   <trkpt lat="47.29016000000001" lon="11.21218">
    <ele>1003.1400000000001</ele>
   </trkpt>
   <trkpt lat="47.29018000000001" lon="11.21193">
    <ele>1003.1100000000001</ele>
   </trkpt>
   <trkpt lat="47.290200000000006" lon="11.211530000000002">
    <ele>1001.1800000000002</ele>
   </trkpt>
   <trkpt lat="47.29018000000001" lon="11.21113">
    <ele>1000.7600000000001</ele>
   </trkpt>
   <trkpt lat="47.290090000000006" lon="11.210700000000001">
    <ele>1002.27</ele>
   </trkpt>
   <trkpt lat="47.289970000000004" lon="11.210410000000001">
    <ele>1002.27</ele>
   </trkpt>
   <trkpt lat="47.289550000000006" lon="11.20973">
    <ele>998.33</ele>
   </trkpt>
   <trkpt lat="47.289320000000004" lon="11.208870000000001">
    <ele>991.84</ele>
   </trkpt>
   <trkpt lat="47.28931" lon="11.20875">
    <ele>991.5300000000001</ele>
   </trkpt>
   <trkpt lat="47.28933000000001" lon="11.208620000000002">
    <ele>990.69</ele>
   </trkpt>
   <trkpt lat="47.289410000000004" lon="11.20833">
    <ele>989.11</ele>
   </trkpt>
   <trkpt lat="47.28951000000001" lon="11.20781">
    <ele>985.4300000000001</ele>
   </trkpt>
   <trkpt lat="47.289460000000005" lon="11.20775">
    <ele>983.33</ele>
   </trkpt>
   <trkpt lat="47.2894" lon="11.20772">
    <ele>981.07</ele>
   </trkpt>
   <trkpt lat="47.28936" lon="11.207730000000002">
    <ele>981.07</ele>
   </trkpt>
   <trkpt lat="47.28933000000001" lon="11.20771">
    <ele>981.07</ele>
   </trkpt>
   <trkpt lat="47.28931" lon="11.207640000000001">
    <ele>978.9200000000001</ele>
   </trkpt>
   <trkpt lat="47.28922000000001" lon="11.207690000000001">
    <ele>976.0900000000001</ele>
   </trkpt>
   <trkpt lat="47.28887" lon="11.20794">
    <ele>969.8500000000001</ele>
   </trkpt>
   <trkpt lat="47.288810000000005" lon="11.20795">
    <ele>969.0600000000001</ele>
   </trkpt>
   <trkpt lat="47.288740000000004" lon="11.208">
    <ele>967.2600000000001</ele>
   </trkpt>
   <trkpt lat="47.28868000000001" lon="11.208100000000002">
    <ele>964.2</ele>
   </trkpt>
   <trkpt lat="47.288430000000005" lon="11.20836">
    <ele>958.71</ele>
   </trkpt>
   <trkpt lat="47.28817" lon="11.208430000000002">
    <ele>951.6500000000001</ele>
   </trkpt>
   <trkpt lat="47.28813" lon="11.20847">
    <ele>948.5100000000001</ele>
   </trkpt>
   <trkpt lat="47.28806" lon="11.208810000000001">
    <ele>944.86</ele>
   </trkpt>
   <trkpt lat="47.28795" lon="11.20908">
    <ele>942.6500000000001</ele>
   </trkpt>
   <trkpt lat="47.28781" lon="11.209340000000001">
    <ele>939.8700000000001</ele>
   </trkpt>
   <trkpt lat="47.287800000000004" lon="11.20939">
    <ele>939.8700000000001</ele>
   </trkpt>
   <trkpt lat="47.2877" lon="11.20955">
    <ele>936.59</ele>
   </trkpt>
   <trkpt lat="47.2875" lon="11.20973">
    <ele>933.49</ele>
   </trkpt>
   <trkpt lat="47.28741" lon="11.20992">
    <ele>926.9200000000001</ele>
   </trkpt>
   <trkpt lat="47.2873" lon="11.21029">
    <ele>922.39</ele>
   </trkpt>
   <trkpt lat="47.287310000000005" lon="11.21035">
    <ele>922.39</ele>
   </trkpt>
   <trkpt lat="47.2871" lon="11.21095">
    <ele>911.5500000000001</ele>
   </trkpt>
   <trkpt lat="47.287060000000004" lon="11.210970000000001">
    <ele>911.5500000000001</ele>
   </trkpt>
   <trkpt lat="47.28705" lon="11.211020000000001">
    <ele>911.05</ele>
   </trkpt>
   <trkpt lat="47.287060000000004" lon="11.21124">
    <ele>908.5500000000001</ele>
   </trkpt>
   <trkpt lat="47.28703" lon="11.211300000000001">
    <ele>907.69</ele>
   </trkpt>
   <trkpt lat="47.28680000000001" lon="11.211400000000001">
    <ele>905.6</ele>
   </trkpt>
   <trkpt lat="47.286730000000006" lon="11.21151">
    <ele>904.5000000000001</ele>
   </trkpt>
   <trkpt lat="47.28667" lon="11.21152">
    <ele>903.8800000000001</ele>
   </trkpt>
   <trkpt lat="47.28629" lon="11.21179">
    <ele>897.38</ele>
   </trkpt>
   <trkpt lat="47.286" lon="11.21193">
    <ele>893.8800000000001</ele>
   </trkpt>
   <trkpt lat="47.28589" lon="11.212060000000001">
    <ele>892.6400000000001</ele>
   </trkpt>
   <trkpt lat="47.28582" lon="11.212200000000001">
    <ele>891.7400000000001</ele>
   </trkpt>
   <trkpt lat="47.28578" lon="11.2124">
    <ele>891.0000000000001</ele>
   </trkpt>
   <trkpt lat="47.28575000000001" lon="11.212430000000001">
    <ele>890.57</ele>
   </trkpt>
   <trkpt lat="47.285700000000006" lon="11.212420000000002">
    <ele>890.57</ele>
   </trkpt>
   <trkpt lat="47.28567" lon="11.21245">
    <ele>889.1800000000001</ele>
   </trkpt>
   <trkpt lat="47.28551" lon="11.212800000000001">
    <ele>886.72</ele>
   </trkpt>
   <trkpt lat="47.285470000000004" lon="11.212980000000002">
    <ele>885.02</ele>
   </trkpt>
   <trkpt lat="47.285410000000006" lon="11.213090000000001">
    <ele>884.0000000000001</ele>
   </trkpt>
   <trkpt lat="47.28538" lon="11.21343">
    <ele>882.5400000000001</ele>
   </trkpt>
   <trkpt lat="47.28530000000001" lon="11.213730000000002">
    <ele>880.6600000000001</ele>
   </trkpt>
   <trkpt lat="47.284940000000006" lon="11.21475">
    <ele>871.8100000000001</ele>
   </trkpt>
   <trkpt lat="47.28483000000001" lon="11.215000000000002">
    <ele>867.82</ele>
   </trkpt>
   <trkpt lat="47.284780000000005" lon="11.21521">
    <ele>867.09</ele>
   </trkpt>
   <trkpt lat="47.28468" lon="11.215420000000002">
    <ele>866.2700000000001</ele>
   </trkpt>
   <trkpt lat="47.284650000000006" lon="11.21568">
    <ele>865.48</ele>
   </trkpt>
   <trkpt lat="47.284580000000005" lon="11.215720000000001">
    <ele>865.07</ele>
   </trkpt>
   <trkpt lat="47.28452" lon="11.21596">
    <ele>863.35</ele>
   </trkpt>
   <trkpt lat="47.28446" lon="11.216030000000002">
    <ele>862.34</ele>
   </trkpt>
   <trkpt lat="47.284400000000005" lon="11.216180000000001">
    <ele>860.4600000000002</ele>
   </trkpt>
   <trkpt lat="47.284400000000005" lon="11.21626">
    <ele>859.86</ele>
   </trkpt>
   <trkpt lat="47.28428" lon="11.21672">
    <ele>857.37</ele>
   </trkpt>
   <trkpt lat="47.28417" lon="11.217020000000002">
    <ele>856.2700000000001</ele>
   </trkpt>
   <trkpt lat="47.284110000000005" lon="11.21732">
    <ele>856.11</ele>
   </trkpt>
   <trkpt lat="47.28394" lon="11.21771">
    <ele>856.33</ele>
   </trkpt>
   <trkpt lat="47.28387000000001" lon="11.218020000000001">
    <ele>855.37</ele>
   </trkpt>
   <trkpt lat="47.28380000000001" lon="11.218200000000001">
    <ele>853.8800000000001</ele>
   </trkpt>
   <trkpt lat="47.28369000000001" lon="11.218350000000001">
    <ele>852.89</ele>
   </trkpt>
   <trkpt lat="47.283550000000005" lon="11.21869">
    <ele>851.28</ele>
   </trkpt>
   <trkpt lat="47.28352" lon="11.218860000000001">
    <ele>850.89</ele>
   </trkpt>
   <trkpt lat="47.28352" lon="11.21898">
    <ele>850.58</ele>
   </trkpt>
   <trkpt lat="47.28347" lon="11.219220000000002">
    <ele>849.94</ele>
   </trkpt>
   <trkpt lat="47.28347" lon="11.21954">
    <ele>848.2700000000001</ele>
   </trkpt>
   <trkpt lat="47.28338" lon="11.219710000000001">
    <ele>847.7300000000001</ele>
   </trkpt>
   <trkpt lat="47.28332" lon="11.21978">
    <ele>847.59</ele>
   </trkpt>
   <trkpt lat="47.28329" lon="11.21987">
    <ele>847.46</ele>
   </trkpt>
   <trkpt lat="47.283280000000005" lon="11.220080000000001">
    <ele>846.58</ele>
   </trkpt>
   <trkpt lat="47.283260000000006" lon="11.220130000000001">
    <ele>845.7800000000001</ele>
   </trkpt>
   <trkpt lat="47.283190000000005" lon="11.220210000000002">
    <ele>845.01</ele>
   </trkpt>
   <trkpt lat="47.28316" lon="11.22029">
    <ele>844.59</ele>
   </trkpt>
   <trkpt lat="47.283120000000004" lon="11.22052">
    <ele>843.1200000000001</ele>
   </trkpt>
   <trkpt lat="47.28302" lon="11.22071">
    <ele>841.99</ele>
   </trkpt>
   <trkpt lat="47.282990000000005" lon="11.2209">
    <ele>840.6800000000001</ele>
   </trkpt>
   <trkpt lat="47.28295000000001" lon="11.22095">
    <ele>840.6800000000001</ele>
   </trkpt>
   <trkpt lat="47.28293" lon="11.22109">
    <ele>839.37</ele>
   </trkpt>
   <trkpt lat="47.28282" lon="11.221290000000002">
    <ele>838.83</ele>
   </trkpt>
   <trkpt lat="47.28271" lon="11.22189">
    <ele>837.5100000000001</ele>
   </trkpt>
   <trkpt lat="47.28253" lon="11.222380000000001">
    <ele>833.11</ele>
   </trkpt>
   <trkpt lat="47.282250000000005" lon="11.22287">
    <ele>828.6000000000001</ele>
   </trkpt>
   <trkpt lat="47.28179" lon="11.223840000000001">
    <ele>816.58</ele>
   </trkpt>
   <trkpt lat="47.281530000000004" lon="11.22423">
    <ele>810.6500000000001</ele>
   </trkpt>
   <trkpt lat="47.281560000000006" lon="11.224110000000001">
    <ele>808.82</ele>
   </trkpt>
   <trkpt lat="47.281560000000006" lon="11.22391">
    <ele>807.24</ele>
   </trkpt>
   <trkpt lat="47.28164" lon="11.223410000000001">
    <ele>804.19</ele>
   </trkpt>
   <trkpt lat="47.281690000000005" lon="11.222900000000001">
    <ele>802.46</ele>
   </trkpt>
   <trkpt lat="47.28175" lon="11.22272">
    <ele>801.9300000000001</ele>
   </trkpt>
   <trkpt lat="47.28192000000001" lon="11.222370000000002">
    <ele>801.0100000000001</ele>
   </trkpt>
   <trkpt lat="47.28215" lon="11.221770000000001">
    <ele>796.7</ele>
   </trkpt>
   <trkpt lat="47.282250000000005" lon="11.221300000000001">
    <ele>794.94</ele>
   </trkpt>
   <trkpt lat="47.282360000000004" lon="11.22033">
    <ele>787.34</ele>
   </trkpt>
   <trkpt lat="47.2824" lon="11.220170000000001">
    <ele>785.78</ele>
   </trkpt>
   <trkpt lat="47.28244" lon="11.21976">
    <ele>783.87</ele>
   </trkpt>
   <trkpt lat="47.28249" lon="11.21958">
    <ele>783.2900000000001</ele>
   </trkpt>
   <trkpt lat="47.28247" lon="11.219240000000001">
    <ele>781.33</ele>
   </trkpt>
   <trkpt lat="47.28248000000001" lon="11.21911">
    <ele>779.95</ele>
   </trkpt>
   <trkpt lat="47.282520000000005" lon="11.21898">
    <ele>779.95</ele>
   </trkpt>
   <trkpt lat="47.282560000000004" lon="11.218380000000002">
    <ele>774.99</ele>
   </trkpt>
   <trkpt lat="47.28271" lon="11.217960000000001">
    <ele>772.95</ele>
   </trkpt>
   <trkpt lat="47.28275000000001" lon="11.217780000000001">
    <ele>772.57</ele>
   </trkpt>
   <trkpt lat="47.28282" lon="11.217580000000002">
    <ele>772.36</ele>
   </trkpt>
   <trkpt lat="47.28298" lon="11.216920000000002">
    <ele>769.9300000000001</ele>
   </trkpt>
   <trkpt lat="47.282970000000006" lon="11.216830000000002">
    <ele>769.73</ele>
   </trkpt>
   <trkpt lat="47.283010000000004" lon="11.21621">
    <ele>766.9800000000001</ele>
   </trkpt>
   <trkpt lat="47.282990000000005" lon="11.21597">
    <ele>767.24</ele>
   </trkpt>
   <trkpt lat="47.282990000000005" lon="11.215660000000002">
    <ele>767.82</ele>
   </trkpt>
   <trkpt lat="47.28302" lon="11.21541">
    <ele>768.72</ele>
   </trkpt>
   <trkpt lat="47.282990000000005" lon="11.21531">
    <ele>768.7700000000001</ele>
   </trkpt>
   <trkpt lat="47.282990000000005" lon="11.21521">
    <ele>768.48</ele>
   </trkpt>
   <trkpt lat="47.283030000000004" lon="11.214830000000001">
    <ele>766.2</ele>
   </trkpt>
   <trkpt lat="47.283030000000004" lon="11.214630000000001">
    <ele>764.17</ele>
   </trkpt>
   <trkpt lat="47.283100000000005" lon="11.214340000000002">
    <ele>762.7700000000001</ele>
   </trkpt>
   <trkpt lat="47.283170000000005" lon="11.21418">
    <ele>761.5500000000001</ele>
   </trkpt>
   <trkpt lat="47.28318" lon="11.21399">
    <ele>760.0</ele>
   </trkpt>
   <trkpt lat="47.28322000000001" lon="11.213790000000001">
    <ele>757.9</ele>
   </trkpt>
   <trkpt lat="47.283300000000004" lon="11.213610000000001">
    <ele>756.71</ele>
   </trkpt>
   <trkpt lat="47.283300000000004" lon="11.213550000000001">
    <ele>755.2500000000001</ele>
   </trkpt>
   <trkpt lat="47.28334" lon="11.21344">
    <ele>754.72</ele>
   </trkpt>
   <trkpt lat="47.28336" lon="11.21321">
    <ele>752.48</ele>
   </trkpt>
   <trkpt lat="47.28343" lon="11.212950000000001">
    <ele>750.57</ele>
   </trkpt>
   <trkpt lat="47.28347" lon="11.212860000000001">
    <ele>750.12</ele>
   </trkpt>
   <trkpt lat="47.28351000000001" lon="11.212650000000002">
    <ele>748.4200000000001</ele>
   </trkpt>
   <trkpt lat="47.28356" lon="11.212530000000001">
    <ele>746.89</ele>
   </trkpt>
   <trkpt lat="47.283570000000005" lon="11.21245">
    <ele>746.89</ele>
   </trkpt>
   <trkpt lat="47.28361" lon="11.212420000000002">
    <ele>746.44</ele>
   </trkpt>
   <trkpt lat="47.283680000000004" lon="11.212100000000001">
    <ele>745.75</ele>
   </trkpt>
   <trkpt lat="47.283770000000004" lon="11.21189">
    <ele>746.94</ele>
   </trkpt>
   <trkpt lat="47.283910000000006" lon="11.2118">
    <ele>747.53</ele>
   </trkpt>
   <trkpt lat="47.283930000000005" lon="11.21175">
    <ele>747.53</ele>
   </trkpt>
   <trkpt lat="47.283930000000005" lon="11.21165">
    <ele>747.57</ele>
   </trkpt>
   <trkpt lat="47.28401" lon="11.211250000000001">
    <ele>748.24</ele>
   </trkpt>
   <trkpt lat="47.284150000000004" lon="11.21086">
    <ele>752.09</ele>
   </trkpt>
   <trkpt lat="47.284220000000005" lon="11.21077">
    <ele>752.99</ele>
   </trkpt>
   <trkpt lat="47.284330000000004" lon="11.21033">
    <ele>756.4200000000001</ele>
   </trkpt>
   <trkpt lat="47.284310000000005" lon="11.20992">
    <ele>758.72</ele>
   </trkpt>
   <trkpt lat="47.28428" lon="11.20982">
    <ele>758.72</ele>
   </trkpt>
   <trkpt lat="47.284220000000005" lon="11.209750000000001">
    <ele>759.5</ele>
   </trkpt>
   <trkpt lat="47.28412" lon="11.20973">
    <ele>759.5</ele>
   </trkpt>
   <trkpt lat="47.284040000000005" lon="11.209670000000001">
    <ele>754.0100000000001</ele>
   </trkpt>
   <trkpt lat="47.283930000000005" lon="11.20955">
    <ele>740.8100000000001</ele>
   </trkpt>
   <trkpt lat="47.283860000000004" lon="11.209430000000001">
    <ele>740.8100000000001</ele>
   </trkpt>
   <trkpt lat="47.283860000000004" lon="11.20926">
    <ele>737.58</ele>
   </trkpt>
   <trkpt lat="47.28389000000001" lon="11.20902">
    <ele>734.5400000000001</ele>
   </trkpt>
   <trkpt lat="47.283860000000004" lon="11.20832">
    <ele>727.94</ele>
   </trkpt>
   <trkpt lat="47.28388" lon="11.20785">
    <ele>722.74</ele>
   </trkpt>
   <trkpt lat="47.2839" lon="11.20756">
    <ele>717.9000000000001</ele>
   </trkpt>
   <trkpt lat="47.284000000000006" lon="11.20695">
    <ele>711.1400000000001</ele>
   </trkpt>
   <trkpt lat="47.28401" lon="11.20658">
    <ele>707.08</ele>
   </trkpt>
   <trkpt lat="47.28399" lon="11.206040000000002">
    <ele>703.2</ele>
   </trkpt>
   <trkpt lat="47.28387000000001" lon="11.20561">
    <ele>699.73</ele>
   </trkpt>
   <trkpt lat="47.28376" lon="11.20537">
    <ele>695.8000000000001</ele>
   </trkpt>
   <trkpt lat="47.28336500400676" lon="11.206335007311791">
    <ele>681.74</ele>
   </trkpt>
   <trkpt lat="47.282970000000006" lon="11.2073">
    <ele>673.6200000000001</ele>
   </trkpt>
   <trkpt lat="47.28285" lon="11.20744">
    <ele>670.21</ele>
   </trkpt>
   <trkpt lat="47.282700000000006" lon="11.207730000000002">
    <ele>666.22</ele>
   </trkpt>
   <trkpt lat="47.28267" lon="11.207730000000002">
    <ele>666.22</ele>
   </trkpt>
   <trkpt lat="47.28257000000001" lon="11.20795">
    <ele>666.1400000000001</ele>
   </trkpt>
   <trkpt lat="47.28242" lon="11.208150000000002">
    <ele>665.52</ele>
   </trkpt>
   <trkpt lat="47.282180000000004" lon="11.208400000000001">
    <ele>664.32</ele>
   </trkpt>
   <trkpt lat="47.28197" lon="11.208580000000001">
    <ele>664.6500000000001</ele>
   </trkpt>
   <trkpt lat="47.28175" lon="11.20888">
    <ele>662.87</ele>
   </trkpt>
   <trkpt lat="47.28137" lon="11.20955">
    <ele>662.1400000000001</ele>
   </trkpt>
   <trkpt lat="47.281290000000006" lon="11.209950000000001">
    <ele>662.12</ele>
   </trkpt>
   <trkpt lat="47.28128" lon="11.2102">
    <ele>661.45</ele>
   </trkpt>
   <trkpt lat="47.2813" lon="11.210540000000002">
    <ele>661.0600000000001</ele>
   </trkpt>
   <trkpt lat="47.28145000000001" lon="11.21127">
    <ele>661.49</ele>
   </trkpt>
   <trkpt lat="47.281580000000005" lon="11.211670000000002">
    <ele>660.7400000000001</ele>
   </trkpt>
   <trkpt lat="47.281600000000005" lon="11.21184">
    <ele>660.6800000000001</ele>
   </trkpt>
   <trkpt lat="47.281600000000005" lon="11.21246">
    <ele>657.57</ele>
   </trkpt>
   <trkpt lat="47.281420000000004" lon="11.212890000000002">
    <ele>654.69</ele>
   </trkpt>
   <trkpt lat="47.28128" lon="11.21305">
    <ele>655.0400000000001</ele>
   </trkpt>
   <trkpt lat="47.281130000000005" lon="11.21338">
    <ele>654.87</ele>
   </trkpt>
   <trkpt lat="47.28098000000001" lon="11.214020000000001">
    <ele>653.4300000000001</ele>
   </trkpt>
   <trkpt lat="47.280860000000004" lon="11.21429">
    <ele>653.07</ele>
   </trkpt>
   <trkpt lat="47.280800000000006" lon="11.21457">
    <ele>651.6200000000001</ele>
   </trkpt>
   <trkpt lat="47.28081" lon="11.215110000000001">
    <ele>650.9100000000001</ele>
   </trkpt>
   <trkpt lat="47.28078000000001" lon="11.215440000000001">
    <ele>646.83</ele>
   </trkpt>
   <trkpt lat="47.28076" lon="11.2163">
    <ele>642.7400000000001</ele>
   </trkpt>
   <trkpt lat="47.28063" lon="11.21701">
    <ele>635.82</ele>
   </trkpt>
   <trkpt lat="47.28032" lon="11.218060000000001">
    <ele>625.8100000000001</ele>
   </trkpt>
   <trkpt lat="47.28018" lon="11.2187">
    <ele>620.2200000000001</ele>
   </trkpt>
   <trkpt lat="47.27994" lon="11.219420000000001">
    <ele>615.77</ele>
   </trkpt>
   <trkpt lat="47.27984000000001" lon="11.220030000000001">
    <ele>613.53</ele>
   </trkpt>
   <trkpt lat="47.279680000000006" lon="11.220650000000001">
    <ele>610.0600000000001</ele>
   </trkpt>
   <trkpt lat="47.279520000000005" lon="11.22141">
    <ele>610.1500000000001</ele>
   </trkpt>
   <trkpt lat="47.27923667332912" lon="11.222283342601783">
    <ele>609.71</ele>
   </trkpt>
   <trkpt lat="47.27895334002333" lon="11.223156675850126">
    <ele>608.96</ele>
   </trkpt>
   <trkpt lat="47.278670000000005" lon="11.22403">
    <ele>608.6700000000001</ele>
   </trkpt>
   <trkpt lat="47.27835" lon="11.22478">
    <ele>607.63</ele>
   </trkpt>
   <trkpt lat="47.27825000000001" lon="11.22516">
    <ele>607.63</ele>
   </trkpt>
   <trkpt lat="47.27810000338409" lon="11.226045002642064">
    <ele>606.8</ele>
   </trkpt>
   <trkpt lat="47.277950000000004" lon="11.226930000000001">
    <ele>606.2700000000001</ele>
   </trkpt>
   <trkpt lat="47.27792" lon="11.22737">
    <ele>606.2700000000001</ele>
   </trkpt>
   <trkpt lat="47.2779" lon="11.228330000000001">
    <ele>605.71</ele>
   </trkpt>
   <trkpt lat="47.277820000000006" lon="11.228890000000002">
    <ele>605.14</ele>
   </trkpt>
   <trkpt lat="47.27766500228404" lon="11.229620002297873">
    <ele>605.08</ele>
   </trkpt>
   <trkpt lat="47.27751000000001" lon="11.230350000000001">
    <ele>605.74</ele>
   </trkpt>
   <trkpt lat="47.277420000000006" lon="11.23027">
    <ele>605.5</ele>
   </trkpt>
   <trkpt lat="47.27741" lon="11.230170000000001">
    <ele>605.2</ele>
   </trkpt>
   <trkpt lat="47.277620000000006" lon="11.229120000000002">
    <ele>599.0500000000001</ele>
   </trkpt>
   <trkpt lat="47.27774" lon="11.228290000000001">
    <ele>599.02</ele>
   </trkpt>
   <trkpt lat="47.277710000000006" lon="11.228230000000002">
    <ele>599.02</ele>
   </trkpt>
   <trkpt lat="47.27751000000001" lon="11.22808">
    <ele>598.6800000000001</ele>
   </trkpt>
   <trkpt lat="47.276830000000004" lon="11.2277">
    <ele>596.7900000000001</ele>
   </trkpt>
   <trkpt lat="47.27606" lon="11.22724">
    <ele>597.2700000000001</ele>
   </trkpt>
   <trkpt lat="47.276030000000006" lon="11.227260000000001">
    <ele>597.2700000000001</ele>
   </trkpt>
   <trkpt lat="47.275960000000005" lon="11.227350000000001">
    <ele>597.2700000000001</ele>
   </trkpt>
   <trkpt lat="47.275760000000005" lon="11.22864">
    <ele>596.8500000000001</ele>
   </trkpt>
   <trkpt lat="47.27573" lon="11.22873">
    <ele>596.83</ele>
   </trkpt>
   <trkpt lat="47.275670000000005" lon="11.228760000000001">
    <ele>596.6100000000001</ele>
   </trkpt>
   <trkpt lat="47.27512499993728" lon="11.228659998950599">
    <ele>596.3900000000001</ele>
   </trkpt>
   <trkpt lat="47.27458000000001" lon="11.228560000000002">
    <ele>598.5200000000001</ele>
   </trkpt>
   <trkpt lat="47.274330000000006" lon="11.22925">
    <ele>598.43</ele>
   </trkpt>
   <trkpt lat="47.274060000000006" lon="11.2299">
    <ele>598.57</ele>
   </trkpt>
   <trkpt lat="47.273760001749686" lon="11.230520003354208">
    <ele>598.8</ele>
   </trkpt>
   <trkpt lat="47.27346000000001" lon="11.231140000000002">
    <ele>598.83</ele>
   </trkpt>
   <trkpt lat="47.27302500177332" lon="11.231795005523658">
    <ele>598.6800000000001</ele>
   </trkpt>
   <trkpt lat="47.27259" lon="11.23245">
    <ele>598.33</ele>
   </trkpt>
   <trkpt lat="47.272040000000004" lon="11.23309">
    <ele>598.07</ele>
   </trkpt>
   <trkpt lat="47.27197" lon="11.233220000000001">
    <ele>598.25</ele>
   </trkpt>
   <trkpt lat="47.271710000000006" lon="11.23352">
    <ele>597.97</ele>
   </trkpt>
   <trkpt lat="47.27143" lon="11.23398">
    <ele>596.74</ele>
   </trkpt>
   <trkpt lat="47.271190000000004" lon="11.2345">
    <ele>596.7800000000001</ele>
   </trkpt>
   <trkpt lat="47.27093000000001" lon="11.235130000000002">
    <ele>596.63</ele>
   </trkpt>
   <trkpt lat="47.270880000000005" lon="11.235190000000001">
    <ele>596.0000000000001</ele>
   </trkpt>
   <trkpt lat="47.27075000000001" lon="11.235270000000002">
    <ele>595.71</ele>
   </trkpt>
   <trkpt lat="47.27069" lon="11.235330000000001">
    <ele>595.62</ele>
   </trkpt>
   <trkpt lat="47.270540000000004" lon="11.23562">
    <ele>595.9000000000001</ele>
   </trkpt>
   <trkpt lat="47.270410000000005" lon="11.235710000000001">
    <ele>596.0000000000001</ele>
   </trkpt>
   <trkpt lat="47.27028000000001" lon="11.23577">
    <ele>596.07</ele>
   </trkpt>
   <trkpt lat="47.27018" lon="11.23576">
    <ele>596.16</ele>
   </trkpt>
   <trkpt lat="47.27011" lon="11.235790000000001">
    <ele>596.34</ele>
   </trkpt>
   <trkpt lat="47.26993" lon="11.236310000000001">
    <ele>597.6800000000001</ele>
   </trkpt>
   <trkpt lat="47.269940000000005" lon="11.23648">
    <ele>598.34</ele>
   </trkpt>
   <trkpt lat="47.27" lon="11.23672">
    <ele>599.5</ele>
   </trkpt>
   <trkpt lat="47.269600000000004" lon="11.236790000000001">
    <ele>597.33</ele>
   </trkpt>
   <trkpt lat="47.2695" lon="11.23685">
    <ele>598.83</ele>
   </trkpt>
   <trkpt lat="47.269400000000005" lon="11.236960000000002">
    <ele>598.46</ele>
   </trkpt>
   <trkpt lat="47.269180000000006" lon="11.23728">
    <ele>598.62</ele>
   </trkpt>
   <trkpt lat="47.26892" lon="11.2377">
    <ele>599.26</ele>
   </trkpt>
   <trkpt lat="47.26876" lon="11.23722">
    <ele>598.6800000000001</ele>
   </trkpt>
   <trkpt lat="47.26846000475378" lon="11.23617499409044">
    <ele>599.1500000000001</ele>
   </trkpt>
   <trkpt lat="47.26816" lon="11.235130000000002">
    <ele>597.95</ele>
   </trkpt>
   <trkpt lat="47.26794" lon="11.235230000000001">
    <ele>596.99</ele>
   </trkpt>
   <trkpt lat="47.26774" lon="11.23525">
    <ele>596.65</ele>
   </trkpt>
   <trkpt lat="47.26703000020816" lon="11.23543000239737">
    <ele>596.2</ele>
   </trkpt>
   <trkpt lat="47.26632" lon="11.235610000000001">
    <ele>596.1800000000001</ele>
   </trkpt>
   <trkpt lat="47.265750000000004" lon="11.235790000000001">
    <ele>596.32</ele>
   </trkpt>
   <trkpt lat="47.265270000135615" lon="11.235985001780293">
    <ele>596.58</ele>
   </trkpt>
   <trkpt lat="47.264790000000005" lon="11.236180000000001">
    <ele>596.6</ele>
   </trkpt>
   <trkpt lat="47.264480000000006" lon="11.236410000000001">
    <ele>596.4200000000001</ele>
   </trkpt>
   <trkpt lat="47.26426000000001" lon="11.236650000000001">
    <ele>596.5</ele>
   </trkpt>
   <trkpt lat="47.26406" lon="11.237020000000001">
    <ele>597.31</ele>
   </trkpt>
   <trkpt lat="47.264050000000005" lon="11.23714">
    <ele>597.36</ele>
   </trkpt>
   <trkpt lat="47.264070000000004" lon="11.23723">
    <ele>597.37</ele>
   </trkpt>
   <trkpt lat="47.264190000000006" lon="11.23751">
    <ele>597.1</ele>
   </trkpt>
   <trkpt lat="47.264210000000006" lon="11.23773">
    <ele>597.0000000000001</ele>
   </trkpt>
   <trkpt lat="47.26418" lon="11.237810000000001">
    <ele>596.7600000000001</ele>
   </trkpt>
   <trkpt lat="47.26370000000001" lon="11.23854">
    <ele>596.63</ele>
   </trkpt>
   <trkpt lat="47.263490000000004" lon="11.23891">
    <ele>596.4200000000001</ele>
   </trkpt>
   <trkpt lat="47.263250000000006" lon="11.23939">
    <ele>596.2</ele>
   </trkpt>
   <trkpt lat="47.26286" lon="11.240290000000002">
    <ele>596.16</ele>
   </trkpt>
   <trkpt lat="47.262600000000006" lon="11.24098">
    <ele>596.5100000000001</ele>
   </trkpt>
   <trkpt lat="47.26238000000001" lon="11.241800000000001">
    <ele>595.94</ele>
   </trkpt>
   <trkpt lat="47.262220002160326" lon="11.24251000228948">
    <ele>595.84</ele>
   </trkpt>
   <trkpt lat="47.262060000000005" lon="11.24322">
    <ele>595.6700000000001</ele>
   </trkpt>
   <trkpt lat="47.26196500193205" lon="11.243890001347205">
    <ele>595.41</ele>
   </trkpt>
   <trkpt lat="47.26187" lon="11.244560000000002">
    <ele>595.33</ele>
   </trkpt>
   <trkpt lat="47.26180500226994" lon="11.245285001073022">
    <ele>595.02</ele>
   </trkpt>
   <trkpt lat="47.26174" lon="11.24601">
    <ele>595.02</ele>
   </trkpt>
   <trkpt lat="47.26174" lon="11.246970000000001">
    <ele>594.9100000000001</ele>
   </trkpt>
   <trkpt lat="47.2618" lon="11.24792">
    <ele>594.6700000000001</ele>
   </trkpt>
   <trkpt lat="47.26189" lon="11.24871">
    <ele>594.58</ele>
   </trkpt>
   <trkpt lat="47.26203500249339" lon="11.249459998187284">
    <ele>594.5600000000001</ele>
   </trkpt>
   <trkpt lat="47.26218" lon="11.250210000000001">
    <ele>594.69</ele>
   </trkpt>
   <trkpt lat="47.262460000000004" lon="11.25125">
    <ele>594.49</ele>
   </trkpt>
   <trkpt lat="47.262550000000005" lon="11.251800000000001">
    <ele>594.16</ele>
   </trkpt>
   <trkpt lat="47.26283" lon="11.252600000000001">
    <ele>593.7600000000001</ele>
   </trkpt>
   <trkpt lat="47.26318667425256" lon="11.25353332077727">
    <ele>593.26</ele>
   </trkpt>
   <trkpt lat="47.26354334092703" lon="11.254466654130855">
    <ele>592.7800000000001</ele>
   </trkpt>
   <trkpt lat="47.26390000000001" lon="11.255400000000002">
    <ele>593.5400000000001</ele>
   </trkpt>
   <trkpt lat="47.26397" lon="11.255410000000001">
    <ele>593.7</ele>
   </trkpt>
   <trkpt lat="47.264010000000006" lon="11.25547">
    <ele>593.7</ele>
   </trkpt>
   <trkpt lat="47.26409" lon="11.255780000000001">
    <ele>594.1</ele>
   </trkpt>
   <trkpt lat="47.2642" lon="11.256070000000001">
    <ele>592.98</ele>
   </trkpt>
   <trkpt lat="47.26431" lon="11.256310000000001">
    <ele>592.47</ele>
   </trkpt>
   <trkpt lat="47.26453" lon="11.256710000000002">
    <ele>592.28</ele>
   </trkpt>
   <trkpt lat="47.2646" lon="11.25689">
    <ele>592.1200000000001</ele>
   </trkpt>
   <trkpt lat="47.264920000000004" lon="11.25791">
    <ele>592.38</ele>
   </trkpt>
   <trkpt lat="47.26503" lon="11.258360000000001">
    <ele>592.2900000000001</ele>
   </trkpt>
   <trkpt lat="47.265155002817075" lon="11.259169997849021">
    <ele>591.89</ele>
   </trkpt>
   <trkpt lat="47.265280000000004" lon="11.25998">
    <ele>592.23</ele>
   </trkpt>
   <trkpt lat="47.26545" lon="11.26036">
    <ele>592.7800000000001</ele>
   </trkpt>
   <trkpt lat="47.26561" lon="11.260480000000001">
    <ele>592.7800000000001</ele>
   </trkpt>
   <trkpt lat="47.2659" lon="11.260560000000002">
    <ele>593.1899999999999</ele>
   </trkpt>
   <trkpt lat="47.26597" lon="11.26065">
    <ele>593.38</ele>
   </trkpt>
   <trkpt lat="47.266200000000005" lon="11.26125">
    <ele>593.09</ele>
   </trkpt>
   <trkpt lat="47.266420000000004" lon="11.261920000000002">
    <ele>593.37</ele>
   </trkpt>
   <trkpt lat="47.26644" lon="11.262070000000001">
    <ele>593.4</ele>
   </trkpt>
   <trkpt lat="47.26644" lon="11.262830000000001">
    <ele>593.2700000000001</ele>
   </trkpt>
   <trkpt lat="47.26641" lon="11.2636">
    <ele>592.92</ele>
   </trkpt>
   <trkpt lat="47.26635" lon="11.263860000000001">
    <ele>592.7800000000001</ele>
   </trkpt>
   <trkpt lat="47.26620000328355" lon="11.264730002515964">
    <ele>592.86</ele>
   </trkpt>
   <trkpt lat="47.26605000000001" lon="11.265600000000001">
    <ele>593.62</ele>
   </trkpt>
   <trkpt lat="47.26585" lon="11.26594">
    <ele>594.25</ele>
   </trkpt>
   <trkpt lat="47.26577" lon="11.266160000000001">
    <ele>594.14</ele>
   </trkpt>
   <trkpt lat="47.26558667346303" lon="11.26704333941144">
    <ele>592.57</ele>
   </trkpt>
   <trkpt lat="47.26540334013805" lon="11.267926672704332">
    <ele>592.2700000000001</ele>
   </trkpt>
   <trkpt lat="47.26522000000001" lon="11.26881">
    <ele>592.48</ele>
   </trkpt>
   <trkpt lat="47.26518" lon="11.26975">
    <ele>592.21</ele>
   </trkpt>
   <trkpt lat="47.26520667446236" lon="11.270696665694643">
    <ele>591.8800000000001</ele>
   </trkpt>
   <trkpt lat="47.265233341128514" lon="11.27164333234321">
    <ele>591.92</ele>
   </trkpt>
   <trkpt lat="47.265260000000005" lon="11.272590000000001">
    <ele>591.97</ele>
   </trkpt>
   <trkpt lat="47.26535667858194" lon="11.273759995807964">
    <ele>591.95</ele>
   </trkpt>
   <trkpt lat="47.26545334525534" lon="11.274929995889336">
    <ele>591.7300000000001</ele>
   </trkpt>
   <trkpt lat="47.265550000000005" lon="11.276100000000001">
    <ele>591.6</ele>
   </trkpt>
   <trkpt lat="47.2656100055538" lon="11.277229998713317">
    <ele>591.37</ele>
   </trkpt>
   <trkpt lat="47.26567000000001" lon="11.278360000000001">
    <ele>591.3000000000001</ele>
   </trkpt>
   <trkpt lat="47.26567000000001" lon="11.27893">
    <ele>591.3000000000001</ele>
   </trkpt>
   <trkpt lat="47.26563334463841" lon="11.280070001599034">
    <ele>590.46</ele>
   </trkpt>
   <trkpt lat="47.26559667797109" lon="11.281210001619003">
    <ele>589.01</ele>
   </trkpt>
   <trkpt lat="47.26556" lon="11.282350000000001">
    <ele>589.08</ele>
   </trkpt>
   <trkpt lat="47.265530000000005" lon="11.28251">
    <ele>589.0500000000001</ele>
   </trkpt>
   <trkpt lat="47.265390000000004" lon="11.282850000000002">
    <ele>588.9300000000001</ele>
   </trkpt>
   <trkpt lat="47.265330000000006" lon="11.283050000000001">
    <ele>588.9300000000001</ele>
   </trkpt>
   <trkpt lat="47.26523" lon="11.28335">
    <ele>588.8000000000001</ele>
   </trkpt>
   <trkpt lat="47.264915002458686" lon="11.284110004651986">
    <ele>588.64</ele>
   </trkpt>
   <trkpt lat="47.2646" lon="11.284870000000002">
    <ele>590.2700000000001</ele>
   </trkpt>
   <trkpt lat="47.2642" lon="11.28597">
    <ele>590.37</ele>
   </trkpt>
   <trkpt lat="47.263830000000006" lon="11.2871">
    <ele>590.11</ele>
   </trkpt>
   <trkpt lat="47.26361000000001" lon="11.287970000000001">
    <ele>589.8100000000001</ele>
   </trkpt>
   <trkpt lat="47.26346" lon="11.288680000000001">
    <ele>589.77</ele>
   </trkpt>
   <trkpt lat="47.263310000000004" lon="11.28958">
    <ele>589.43</ele>
   </trkpt>
   <trkpt lat="47.26324000199424" lon="11.290255000773008">
    <ele>589.3900000000001</ele>
   </trkpt>
   <trkpt lat="47.26317" lon="11.290930000000001">
    <ele>589.26</ele>
   </trkpt>
   <trkpt lat="47.263130000000004" lon="11.29179">
    <ele>589.22</ele>
   </trkpt>
   <trkpt lat="47.26312" lon="11.29288">
    <ele>589.0500000000001</ele>
   </trkpt>
   <trkpt lat="47.263145002285654" lon="11.29360499963805">
    <ele>588.95</ele>
   </trkpt>
   <trkpt lat="47.26317" lon="11.29433">
    <ele>588.71</ele>
   </trkpt>
   <trkpt lat="47.26324751809094" lon="11.295507494801846">
    <ele>588.6600000000001</ele>
   </trkpt>
   <trkpt lat="47.26332502412014" lon="11.29668499305181">
    <ele>588.61</ele>
   </trkpt>
   <trkpt lat="47.263402518087524" lon="11.29786249474938">
    <ele>588.33</ele>
   </trkpt>
   <trkpt lat="47.26348" lon="11.299040000000002">
    <ele>588.19</ele>
   </trkpt>
   <trkpt lat="47.26357129776459" lon="11.300292484878403">
    <ele>588.07</ele>
   </trkpt>
   <trkpt lat="47.263662581882215" lon="11.30154497407656">
    <ele>587.9000000000001</ele>
   </trkpt>
   <trkpt lat="47.26375385235274" lon="11.302797467593855">
    <ele>587.73</ele>
   </trkpt>
   <trkpt lat="47.2638451091761" lon="11.304049965429675">
    <ele>587.6300000000001</ele>
   </trkpt>
   <trkpt lat="47.263936352352204" lon="11.305302467583395">
    <ele>587.49</ele>
   </trkpt>
   <trkpt lat="47.26402758188096" lon="11.306554974054407">
    <ele>587.3900000000001</ele>
   </trkpt>
   <trkpt lat="47.26411879776227" lon="11.307807484842087">
    <ele>587.26</ele>
   </trkpt>
   <trkpt lat="47.264210000000006" lon="11.30906">
    <ele>587.26</ele>
   </trkpt>
   <trkpt lat="47.26433" lon="11.310300000000002">
    <ele>587.14</ele>
   </trkpt>
   <trkpt lat="47.264460006143885" lon="11.311489996933615">
    <ele>586.26</ele>
   </trkpt>
   <trkpt lat="47.264590000000005" lon="11.31268">
    <ele>585.99</ele>
   </trkpt>
   <trkpt lat="47.26465" lon="11.31352">
    <ele>585.8100000000001</ele>
   </trkpt>
   <trkpt lat="47.26465" lon="11.314060000000001">
    <ele>585.6300000000001</ele>
   </trkpt>
   <trkpt lat="47.26456" lon="11.314910000000001">
    <ele>585.6300000000001</ele>
   </trkpt>
   <trkpt lat="47.264570000000006" lon="11.31601">
    <ele>585.1200000000001</ele>
   </trkpt>
   <trkpt lat="47.264480000000006" lon="11.31689">
    <ele>584.2400000000001</ele>
   </trkpt>
   <trkpt lat="47.264410000000005" lon="11.317390000000001">
    <ele>584.2400000000001</ele>
   </trkpt>
   <trkpt lat="47.26424" lon="11.31836">
    <ele>584.16</ele>
   </trkpt>
   <trkpt lat="47.264030000000005" lon="11.319210000000002">
    <ele>583.99</ele>
   </trkpt>
   <trkpt lat="47.2638" lon="11.32">
    <ele>583.7500000000001</ele>
   </trkpt>
   <trkpt lat="47.26355" lon="11.320760000000002">
    <ele>583.5600000000001</ele>
   </trkpt>
   <trkpt lat="47.2633" lon="11.3214">
    <ele>583.45</ele>
   </trkpt>
   <trkpt lat="47.26298000191821" lon="11.322065004030796">
    <ele>583.38</ele>
   </trkpt>
   <trkpt lat="47.262660000000004" lon="11.322730000000002">
    <ele>583.77</ele>
   </trkpt>
   <trkpt lat="47.26243" lon="11.32295">
    <ele>583.6300000000001</ele>
   </trkpt>
   <trkpt lat="47.26187" lon="11.32375">
    <ele>583.5100000000001</ele>
   </trkpt>
   <trkpt lat="47.2616" lon="11.324050000000002">
    <ele>583.67</ele>
   </trkpt>
   <trkpt lat="47.261390000000006" lon="11.324200000000001">
    <ele>583.9300000000001</ele>
   </trkpt>
   <trkpt lat="47.261230000000005" lon="11.32426">
    <ele>584.0000000000001</ele>
   </trkpt>
   <trkpt lat="47.261160000000004" lon="11.32441">
    <ele>584.0000000000001</ele>
   </trkpt>
   <trkpt lat="47.261140000000005" lon="11.324570000000001">
    <ele>584.23</ele>
   </trkpt>
   <trkpt lat="47.26122" lon="11.324990000000001">
    <ele>584.38</ele>
   </trkpt>
   <trkpt lat="47.261190000000006" lon="11.32511">
    <ele>584.45</ele>
   </trkpt>
   <trkpt lat="47.26090000000001" lon="11.325420000000001">
    <ele>584.1500000000001</ele>
   </trkpt>
   <trkpt lat="47.260740000000006" lon="11.325080000000002">
    <ele>583.79</ele>
   </trkpt>
   <trkpt lat="47.260780000000004" lon="11.324990000000001">
    <ele>584.64</ele>
   </trkpt>
   <trkpt lat="47.260720000000006" lon="11.324710000000001">
    <ele>585.59</ele>
   </trkpt>
   <trkpt lat="47.26066" lon="11.3246">
    <ele>586.13</ele>
   </trkpt>
   <trkpt lat="47.26052000000001" lon="11.324420000000002">
    <ele>586.13</ele>
   </trkpt>
   <trkpt lat="47.260450000000006" lon="11.32422">
    <ele>588.75</ele>
   </trkpt>
   <trkpt lat="47.260450000000006" lon="11.32407">
    <ele>588.75</ele>
   </trkpt>
   <trkpt lat="47.26052000000001" lon="11.32379">
    <ele>589.69</ele>
   </trkpt>
   <trkpt lat="47.260490000000004" lon="11.32357">
    <ele>591.6600000000001</ele>
   </trkpt>
   <trkpt lat="47.260540000000006" lon="11.32351">
    <ele>591.71</ele>
   </trkpt>
   <trkpt lat="47.26059" lon="11.323670000000002">
    <ele>591.7300000000001</ele>
   </trkpt>
   <trkpt lat="47.260600000000004" lon="11.3238">
    <ele>591.7300000000001</ele>
   </trkpt>
   <trkpt lat="47.260540000000006" lon="11.324050000000002">
    <ele>591.6700000000001</ele>
   </trkpt>
   <trkpt lat="47.26055" lon="11.324200000000001">
    <ele>591.6800000000001</ele>
   </trkpt>
   <trkpt lat="47.260630000000006" lon="11.32435">
    <ele>591.77</ele>
   </trkpt>
   <trkpt lat="47.26075" lon="11.324430000000001">
    <ele>591.77</ele>
   </trkpt>
   <trkpt lat="47.26079000000001" lon="11.324480000000001">
    <ele>591.95</ele>
   </trkpt>
   <trkpt lat="47.26086" lon="11.32464">
    <ele>592.0200000000001</ele>
   </trkpt>
   <trkpt lat="47.26105500198959" lon="11.325314997540632">
    <ele>591.87</ele>
   </trkpt>
   <trkpt lat="47.261250000000004" lon="11.325990000000001">
    <ele>591.1899999999999</ele>
   </trkpt>
   <trkpt lat="47.261430000000004" lon="11.326690000000001">
    <ele>590.5</ele>
   </trkpt>
   <trkpt lat="47.26156" lon="11.32745">
    <ele>588.62</ele>
   </trkpt>
   <trkpt lat="47.26162" lon="11.328190000000001">
    <ele>586.98</ele>
   </trkpt>
   <trkpt lat="47.26158" lon="11.328740000000002">
    <ele>587.3900000000001</ele>
   </trkpt>
   <trkpt lat="47.26136" lon="11.32882">
    <ele>588.5</ele>
   </trkpt>
   <trkpt lat="47.261480000000006" lon="11.32891">
    <ele>590.5400000000001</ele>
   </trkpt>
   <trkpt lat="47.26164000000001" lon="11.328980000000001">
    <ele>591.2700000000001</ele>
   </trkpt>
   <trkpt lat="47.261860000000006" lon="11.32901">
    <ele>591.92</ele>
   </trkpt>
   <trkpt lat="47.262060000000005" lon="11.32901">
    <ele>593.6600000000001</ele>
   </trkpt>
   <trkpt lat="47.26225" lon="11.328940000000001">
    <ele>596.14</ele>
   </trkpt>
   <trkpt lat="47.26232" lon="11.328850000000001">
    <ele>596.14</ele>
   </trkpt>
   <trkpt lat="47.26239" lon="11.328610000000001">
    <ele>599.28</ele>
   </trkpt>
   <trkpt lat="47.262510000000006" lon="11.328700000000001">
    <ele>599.33</ele>
   </trkpt>
   <trkpt lat="47.262570000000004" lon="11.32892">
    <ele>600.87</ele>
   </trkpt>
   <trkpt lat="47.262600000000006" lon="11.328930000000001">
    <ele>600.87</ele>
   </trkpt>
   <trkpt lat="47.26263" lon="11.328980000000001">
    <ele>600.87</ele>
   </trkpt>
   <trkpt lat="47.262660000000004" lon="11.329180000000001">
    <ele>602.1</ele>
   </trkpt>
   <trkpt lat="47.26268" lon="11.32924">
    <ele>602.1</ele>
   </trkpt>
   <trkpt lat="47.26278000000001" lon="11.329130000000001">
    <ele>603.1500000000001</ele>
   </trkpt>
   <trkpt lat="47.26288" lon="11.32909">
    <ele>604.2700000000001</ele>
   </trkpt>
   <trkpt lat="47.26297" lon="11.3291">
    <ele>605.08</ele>
   </trkpt>
   <trkpt lat="47.26312" lon="11.329180000000001">
    <ele>606.34</ele>
   </trkpt>
   <trkpt lat="47.263360000000006" lon="11.329350000000002">
    <ele>608.24</ele>
   </trkpt>
   <trkpt lat="47.26364" lon="11.32951">
    <ele>611.96</ele>
   </trkpt>
   <trkpt lat="47.264190000000006" lon="11.329690000000001">
    <ele>617.63</ele>
   </trkpt>
   <trkpt lat="47.26436" lon="11.329580000000002">
    <ele>620.08</ele>
   </trkpt>
   <trkpt lat="47.26469" lon="11.32947">
    <ele>625.0</ele>
   </trkpt>
   <trkpt lat="47.264950000000006" lon="11.329460000000001">
    <ele>627.6400000000001</ele>
   </trkpt>
   <trkpt lat="47.265530000000005" lon="11.32948">
    <ele>635.9300000000001</ele>
   </trkpt>
   <trkpt lat="47.26565" lon="11.329540000000001">
    <ele>636.6200000000001</ele>
   </trkpt>
   <trkpt lat="47.265980000000006" lon="11.3299">
    <ele>639.47</ele>
   </trkpt>
   <trkpt lat="47.266070000000006" lon="11.32995">
    <ele>642.6700000000001</ele>
   </trkpt>
   <trkpt lat="47.26655" lon="11.32998">
    <ele>647.6</ele>
   </trkpt>
   <trkpt lat="47.266780000000004" lon="11.33003">
    <ele>649.1800000000001</ele>
   </trkpt>
   <trkpt lat="47.267070000000004" lon="11.33017">
    <ele>652.82</ele>
   </trkpt>
   <trkpt lat="47.26747" lon="11.330480000000001">
    <ele>658.86</ele>
   </trkpt>
   <trkpt lat="47.267570000000006" lon="11.330530000000001">
    <ele>660.5200000000001</ele>
   </trkpt>
   <trkpt lat="47.26765" lon="11.330530000000001">
    <ele>660.5200000000001</ele>
   </trkpt>
   <trkpt lat="47.267770000000006" lon="11.33041">
    <ele>661.98</ele>
   </trkpt>
   <trkpt lat="47.267790000000005" lon="11.33027">
    <ele>663.44</ele>
   </trkpt>
   <trkpt lat="47.267790000000005" lon="11.32995">
    <ele>665.48</ele>
   </trkpt>
   <trkpt lat="47.26785" lon="11.329640000000001">
    <ele>666.97</ele>
   </trkpt>
   <trkpt lat="47.26811000000001" lon="11.328880000000002">
    <ele>672.0100000000001</ele>
   </trkpt>
   <trkpt lat="47.268260000000005" lon="11.328510000000001">
    <ele>674.51</ele>
   </trkpt>
   <trkpt lat="47.26843" lon="11.328240000000001">
    <ele>677.54</ele>
   </trkpt>
   <trkpt lat="47.26861" lon="11.328040000000001">
    <ele>679.35</ele>
   </trkpt>
   <trkpt lat="47.26903" lon="11.32773">
    <ele>683.8100000000001</ele>
   </trkpt>
   <trkpt lat="47.26925000000001" lon="11.327610000000002">
    <ele>688.1700000000001</ele>
   </trkpt>
   <trkpt lat="47.26937" lon="11.3276">
    <ele>690.33</ele>
   </trkpt>
   <trkpt lat="47.269470000000005" lon="11.327620000000001">
    <ele>690.33</ele>
   </trkpt>
   <trkpt lat="47.269650000000006" lon="11.3277">
    <ele>694.4100000000001</ele>
   </trkpt>
   <trkpt lat="47.26997" lon="11.32783">
    <ele>697.49</ele>
   </trkpt>
   <trkpt lat="47.270070000000004" lon="11.327950000000001">
    <ele>699.67</ele>
   </trkpt>
   <trkpt lat="47.27029" lon="11.328460000000002">
    <ele>703.1400000000001</ele>
   </trkpt>
   <trkpt lat="47.27069" lon="11.32881">
    <ele>707.7800000000001</ele>
   </trkpt>
   <trkpt lat="47.27087" lon="11.329">
    <ele>709.79</ele>
   </trkpt>
   <trkpt lat="47.270950000000006" lon="11.32906">
    <ele>710.94</ele>
   </trkpt>
   <trkpt lat="47.27102000000001" lon="11.329080000000001">
    <ele>713.34</ele>
   </trkpt>
   <trkpt lat="47.271170000000005" lon="11.329030000000001">
    <ele>714.46</ele>
   </trkpt>
   <trkpt lat="47.27131000000001" lon="11.328830000000002">
    <ele>716.2700000000001</ele>
   </trkpt>
   <trkpt lat="47.27149000000001" lon="11.32873">
    <ele>720.3000000000001</ele>
   </trkpt>
   <trkpt lat="47.271570000000004" lon="11.32873">
    <ele>720.3000000000001</ele>
   </trkpt>
   <trkpt lat="47.271660000000004" lon="11.32877">
    <ele>723.21</ele>
   </trkpt>
   <trkpt lat="47.271800000000006" lon="11.328740000000002">
    <ele>723.21</ele>
   </trkpt>
   <trkpt lat="47.27197" lon="11.328660000000001">
    <ele>727.38</ele>
   </trkpt>
   <trkpt lat="47.27207000000001" lon="11.32859">
    <ele>729.5100000000001</ele>
   </trkpt>
   <trkpt lat="47.272420000000004" lon="11.32826">
    <ele>736.07</ele>
   </trkpt>
   <trkpt lat="47.27264" lon="11.32801">
    <ele>740.59</ele>
   </trkpt>
   <trkpt lat="47.273070000000004" lon="11.327760000000001">
    <ele>749.3700000000001</ele>
   </trkpt>
   <trkpt lat="47.27315" lon="11.327770000000001">
    <ele>750.62</ele>
   </trkpt>
   <trkpt lat="47.27317" lon="11.32784">
    <ele>750.62</ele>
   </trkpt>
   <trkpt lat="47.27315" lon="11.327890000000002">
    <ele>751.8100000000001</ele>
   </trkpt>
   <trkpt lat="47.272980000000004" lon="11.328000000000001">
    <ele>752.48</ele>
   </trkpt>
   <trkpt lat="47.27295" lon="11.32806">
    <ele>753.2200000000001</ele>
   </trkpt>
   <trkpt lat="47.27286" lon="11.328420000000001">
    <ele>755.59</ele>
   </trkpt>
   <trkpt lat="47.272710000000004" lon="11.32868">
    <ele>756.71</ele>
   </trkpt>
   <trkpt lat="47.27264" lon="11.32876">
    <ele>762.12</ele>
   </trkpt>
   <trkpt lat="47.272540000000006" lon="11.32892">
    <ele>762.12</ele>
   </trkpt>
   <trkpt lat="47.272360000000006" lon="11.329120000000001">
    <ele>766.05</ele>
   </trkpt>
   <trkpt lat="47.272200000000005" lon="11.32937">
    <ele>767.21</ele>
   </trkpt>
   <trkpt lat="47.271950000000004" lon="11.32966">
    <ele>771.4200000000001</ele>
   </trkpt>
   <trkpt lat="47.27188" lon="11.329780000000001">
    <ele>774.6</ele>
   </trkpt>
   <trkpt lat="47.271750000000004" lon="11.33036">
    <ele>779.9200000000001</ele>
   </trkpt>
   <trkpt lat="47.27176" lon="11.33042">
    <ele>779.9200000000001</ele>
   </trkpt>
   <trkpt lat="47.27181" lon="11.33047">
    <ele>779.9200000000001</ele>
   </trkpt>
   <trkpt lat="47.271910000000005" lon="11.33046">
    <ele>782.61</ele>
   </trkpt>
   <trkpt lat="47.27203" lon="11.33036">
    <ele>784.2800000000001</ele>
   </trkpt>
   <trkpt lat="47.2721" lon="11.33026">
    <ele>784.2800000000001</ele>
   </trkpt>
   <trkpt lat="47.27221" lon="11.32989">
    <ele>788.4700000000001</ele>
   </trkpt>
   <trkpt lat="47.27226" lon="11.32985">
    <ele>789.4100000000001</ele>
   </trkpt>
   <trkpt lat="47.272310000000004" lon="11.32985">
    <ele>789.4100000000001</ele>
   </trkpt>
   <trkpt lat="47.27235" lon="11.32989">
    <ele>790.7400000000001</ele>
   </trkpt>
   <trkpt lat="47.272380000000005" lon="11.329970000000001">
    <ele>790.7400000000001</ele>
   </trkpt>
   <trkpt lat="47.272380000000005" lon="11.330110000000001">
    <ele>791.6800000000001</ele>
   </trkpt>
   <trkpt lat="47.27232" lon="11.330300000000001">
    <ele>792.2</ele>
   </trkpt>
   <trkpt lat="47.272180000000006" lon="11.33061">
    <ele>794.9900000000001</ele>
   </trkpt>
   <trkpt lat="47.27208" lon="11.33074">
    <ele>798.61</ele>
   </trkpt>
   <trkpt lat="47.27194" lon="11.330860000000001">
    <ele>801.4000000000001</ele>
   </trkpt>
   <trkpt lat="47.27149000000001" lon="11.33106">
    <ele>805.03</ele>
   </trkpt>
   <trkpt lat="47.271820000000005" lon="11.33107">
    <ele>808.24</ele>
   </trkpt>
   <trkpt lat="47.27206" lon="11.33111">
    <ele>814.33</ele>
   </trkpt>
   <trkpt lat="47.27225000000001" lon="11.33117">
    <ele>817.0</ele>
   </trkpt>
   <trkpt lat="47.27252000000001" lon="11.33135">
    <ele>820.58</ele>
   </trkpt>
   <trkpt lat="47.27275" lon="11.33169">
    <ele>823.7200000000001</ele>
   </trkpt>
   <trkpt lat="47.27304" lon="11.332370000000001">
    <ele>832.1400000000001</ele>
   </trkpt>
   <trkpt lat="47.273250000000004" lon="11.332590000000001">
    <ele>831.0200000000001</ele>
   </trkpt>
   <trkpt lat="47.27331" lon="11.33308">
    <ele>830.34</ele>
   </trkpt>
   <trkpt lat="47.2732" lon="11.3338">
    <ele>828.46</ele>
   </trkpt>
   <trkpt lat="47.27324" lon="11.33444">
    <ele>830.19</ele>
   </trkpt>
   <trkpt lat="47.27319000000001" lon="11.33464">
    <ele>831.1800000000001</ele>
   </trkpt>
   <trkpt lat="47.2732" lon="11.334710000000001">
    <ele>831.2</ele>
   </trkpt>
   <trkpt lat="47.27326" lon="11.33477">
    <ele>831.1200000000001</ele>
   </trkpt>
   <trkpt lat="47.273320000000005" lon="11.3353">
    <ele>832.2400000000001</ele>
   </trkpt>
   <trkpt lat="47.27331" lon="11.335600000000001">
    <ele>836.3800000000001</ele>
   </trkpt>
   <trkpt lat="47.273270000000004" lon="11.33581">
    <ele>837.28</ele>
   </trkpt>
   <trkpt lat="47.27328000000001" lon="11.335870000000002">
    <ele>837.33</ele>
   </trkpt>
   <trkpt lat="47.2734" lon="11.33594">
    <ele>837.49</ele>
   </trkpt>
   <trkpt lat="47.27349" lon="11.336110000000001">
    <ele>838.82</ele>
   </trkpt>
   <trkpt lat="47.273520000000005" lon="11.33627">
    <ele>840.96</ele>
   </trkpt>
   <trkpt lat="47.273500000000006" lon="11.33646">
    <ele>841.73</ele>
   </trkpt>
   <trkpt lat="47.273520000000005" lon="11.33651">
    <ele>841.72</ele>
   </trkpt>
   <trkpt lat="47.273610000000005" lon="11.3366">
    <ele>841.1700000000001</ele>
   </trkpt>
   <trkpt lat="47.27369" lon="11.336760000000002">
    <ele>840.01</ele>
   </trkpt>
   <trkpt lat="47.273700000000005" lon="11.33688">
    <ele>840.3100000000001</ele>
   </trkpt>
   <trkpt lat="47.273680000000006" lon="11.337090000000002">
    <ele>841.4300000000001</ele>
   </trkpt>
   <trkpt lat="47.27376" lon="11.33726">
    <ele>842.28</ele>
   </trkpt>
   <trkpt lat="47.27376" lon="11.33736">
    <ele>842.6800000000001</ele>
   </trkpt>
   <trkpt lat="47.2738" lon="11.33746">
    <ele>842.9000000000001</ele>
   </trkpt>
   <trkpt lat="47.2738" lon="11.33749">
    <ele>843.1700000000001</ele>
   </trkpt>
   <trkpt lat="47.27376" lon="11.33755">
    <ele>843.1700000000001</ele>
   </trkpt>
   <trkpt lat="47.27384000000001" lon="11.337670000000001">
    <ele>844.01</ele>
   </trkpt>
   <trkpt lat="47.27391" lon="11.33773">
    <ele>844.23</ele>
   </trkpt>
   <trkpt lat="47.273990000000005" lon="11.337890000000002">
    <ele>844.3900000000001</ele>
   </trkpt>
   <trkpt lat="47.274060000000006" lon="11.33792">
    <ele>844.9000000000001</ele>
   </trkpt>
   <trkpt lat="47.27407" lon="11.337940000000001">
    <ele>844.9000000000001</ele>
   </trkpt>
   <trkpt lat="47.274060000000006" lon="11.337980000000002">
    <ele>845.34</ele>
   </trkpt>
   <trkpt lat="47.274" lon="11.33802">
    <ele>845.8800000000001</ele>
   </trkpt>
   <trkpt lat="47.27394" lon="11.338040000000001">
    <ele>847.01</ele>
   </trkpt>
   <trkpt lat="47.273880000000005" lon="11.33802">
    <ele>847.5100000000001</ele>
   </trkpt>
   <trkpt lat="47.273860000000006" lon="11.338030000000002">
    <ele>847.5100000000001</ele>
   </trkpt>
   <trkpt lat="47.27385" lon="11.338080000000001">
    <ele>847.5100000000001</ele>
   </trkpt>
   <trkpt lat="47.27387" lon="11.338140000000001">
    <ele>849.25</ele>
   </trkpt>
   <trkpt lat="47.27391" lon="11.33815">
    <ele>849.25</ele>
   </trkpt>
   <trkpt lat="47.27398" lon="11.338270000000001">
    <ele>849.25</ele>
   </trkpt>
   <trkpt lat="47.273950000000006" lon="11.338400000000002">
    <ele>851.6</ele>
   </trkpt>
   <trkpt lat="47.27394" lon="11.33858">
    <ele>852.0300000000001</ele>
   </trkpt>
   <trkpt lat="47.273970000000006" lon="11.33867">
    <ele>852.74</ele>
   </trkpt>
   <trkpt lat="47.27398" lon="11.33882">
    <ele>853.28</ele>
   </trkpt>
   <trkpt lat="47.27403" lon="11.3389">
    <ele>853.49</ele>
   </trkpt>
   <trkpt lat="47.27405" lon="11.33924">
    <ele>856.0000000000001</ele>
   </trkpt>
   <trkpt lat="47.27412" lon="11.339480000000002">
    <ele>857.22</ele>
   </trkpt>
   <trkpt lat="47.274240000000006" lon="11.339580000000002">
    <ele>858.19</ele>
   </trkpt>
   <trkpt lat="47.27422000000001" lon="11.339730000000001">
    <ele>858.19</ele>
   </trkpt>
   <trkpt lat="47.27429" lon="11.339860000000002">
    <ele>858.89</ele>
   </trkpt>
   <trkpt lat="47.274300000000004" lon="11.340190000000002">
    <ele>860.26</ele>
   </trkpt>
   <trkpt lat="47.274370000000005" lon="11.340430000000001">
    <ele>862.09</ele>
   </trkpt>
   <trkpt lat="47.27447" lon="11.340560000000002">
    <ele>864.2800000000001</ele>
   </trkpt>
   <trkpt lat="47.2745" lon="11.340710000000001">
    <ele>865.62</ele>
   </trkpt>
   <trkpt lat="47.27449000000001" lon="11.340890000000002">
    <ele>866.6</ele>
   </trkpt>
   <trkpt lat="47.27460000000001" lon="11.341130000000001">
    <ele>866.6</ele>
   </trkpt>
   <trkpt lat="47.27461" lon="11.341320000000001">
    <ele>866.87</ele>
   </trkpt>
   <trkpt lat="47.274680000000004" lon="11.34149">
    <ele>866.35</ele>
   </trkpt>
   <trkpt lat="47.27479" lon="11.341640000000002">
    <ele>866.2400000000001</ele>
   </trkpt>
   <trkpt lat="47.274890000000006" lon="11.341830000000002">
    <ele>867.09</ele>
   </trkpt>
   <trkpt lat="47.274890000000006" lon="11.34196">
    <ele>868.04</ele>
   </trkpt>
   <trkpt lat="47.27487000000001" lon="11.34204">
    <ele>868.4100000000001</ele>
   </trkpt>
   <trkpt lat="47.27488" lon="11.34209">
    <ele>868.58</ele>
   </trkpt>
   <trkpt lat="47.275040000000004" lon="11.342360000000001">
    <ele>866.98</ele>
   </trkpt>
   <trkpt lat="47.27505000000001" lon="11.34246">
    <ele>866.5600000000001</ele>
   </trkpt>
   <trkpt lat="47.27503" lon="11.342910000000002">
    <ele>864.0000000000001</ele>
   </trkpt>
   <trkpt lat="47.2751" lon="11.343140000000002">
    <ele>861.4600000000002</ele>
   </trkpt>
   <trkpt lat="47.2751" lon="11.343240000000002">
    <ele>860.75</ele>
   </trkpt>
   <trkpt lat="47.275130000000004" lon="11.343340000000001">
    <ele>860.33</ele>
   </trkpt>
   <trkpt lat="47.275130000000004" lon="11.3437">
    <ele>858.53</ele>
   </trkpt>
   <trkpt lat="47.27517" lon="11.34384">
    <ele>858.8500000000001</ele>
   </trkpt>
   <trkpt lat="47.27517" lon="11.344100000000001">
    <ele>860.1800000000001</ele>
   </trkpt>
   <trkpt lat="47.27534000000001" lon="11.344330000000001">
    <ele>860.5600000000001</ele>
   </trkpt>
   <trkpt lat="47.27534000000001" lon="11.344370000000001">
    <ele>861.1200000000001</ele>
   </trkpt>
   <trkpt lat="47.275290000000005" lon="11.34444">
    <ele>861.32</ele>
   </trkpt>
   <trkpt lat="47.27528" lon="11.34472">
    <ele>861.6800000000001</ele>
   </trkpt>
   <trkpt lat="47.2753" lon="11.344790000000001">
    <ele>861.84</ele>
   </trkpt>
   <trkpt lat="47.27528" lon="11.34491">
    <ele>862.0000000000001</ele>
   </trkpt>
   <trkpt lat="47.275290000000005" lon="11.344980000000001">
    <ele>861.9100000000001</ele>
   </trkpt>
   <trkpt lat="47.275380000000006" lon="11.345120000000001">
    <ele>861.5600000000001</ele>
   </trkpt>
   <trkpt lat="47.275380000000006" lon="11.34528">
    <ele>861.6400000000001</ele>
   </trkpt>
   <trkpt lat="47.275400000000005" lon="11.34538">
    <ele>861.9100000000001</ele>
   </trkpt>
   <trkpt lat="47.2755" lon="11.345540000000002">
    <ele>862.22</ele>
   </trkpt>
   <trkpt lat="47.27548" lon="11.345790000000001">
    <ele>861.9300000000001</ele>
   </trkpt>
   <trkpt lat="47.27563000000001" lon="11.34614">
    <ele>859.6400000000001</ele>
   </trkpt>
   <trkpt lat="47.27564" lon="11.346490000000001">
    <ele>861.09</ele>
   </trkpt>
   <trkpt lat="47.27581000000001" lon="11.347100000000001">
    <ele>855.2900000000001</ele>
   </trkpt>
   <trkpt lat="47.27584" lon="11.347430000000001">
    <ele>854.6800000000001</ele>
   </trkpt>
   <trkpt lat="47.27586" lon="11.348370000000001">
    <ele>848.0500000000001</ele>
   </trkpt>
   <trkpt lat="47.275890000000004" lon="11.348490000000002">
    <ele>848.0000000000001</ele>
   </trkpt>
   <trkpt lat="47.27584" lon="11.348840000000001">
    <ele>848.8800000000001</ele>
   </trkpt>
   <trkpt lat="47.275800000000004" lon="11.34903">
    <ele>848.83</ele>
   </trkpt>
   <trkpt lat="47.275760000000005" lon="11.34905">
    <ele>848.83</ele>
   </trkpt>
   <trkpt lat="47.27575" lon="11.34908">
    <ele>848.6300000000001</ele>
   </trkpt>
   <trkpt lat="47.27572000000001" lon="11.349260000000001">
    <ele>847.33</ele>
   </trkpt>
   <trkpt lat="47.27572000000001" lon="11.349490000000001">
    <ele>845.47</ele>
   </trkpt>
   <trkpt lat="47.275600000000004" lon="11.350060000000001">
    <ele>842.3900000000001</ele>
   </trkpt>
   <trkpt lat="47.275580000000005" lon="11.350340000000001">
    <ele>840.6500000000001</ele>
   </trkpt>
   <trkpt lat="47.27559" lon="11.35069">
    <ele>837.2100000000002</ele>
   </trkpt>
   <trkpt lat="47.275600000000004" lon="11.35073">
    <ele>837.2100000000002</ele>
   </trkpt>
   <trkpt lat="47.27577" lon="11.350950000000001">
    <ele>834.76</ele>
   </trkpt>
   <trkpt lat="47.27579" lon="11.351070000000002">
    <ele>834.3600000000001</ele>
   </trkpt>
   <trkpt lat="47.27579" lon="11.351220000000001">
    <ele>833.08</ele>
   </trkpt>
   <trkpt lat="47.27566" lon="11.351780000000002">
    <ele>835.07</ele>
   </trkpt>
   <trkpt lat="47.27566" lon="11.351840000000001">
    <ele>835.2400000000001</ele>
   </trkpt>
   <trkpt lat="47.27568" lon="11.351880000000001">
    <ele>835.2100000000002</ele>
   </trkpt>
   <trkpt lat="47.275760000000005" lon="11.35194">
    <ele>835.0400000000001</ele>
   </trkpt>
   <trkpt lat="47.27584" lon="11.35204">
    <ele>834.3600000000001</ele>
   </trkpt>
   <trkpt lat="47.275890000000004" lon="11.35214">
    <ele>834.2400000000001</ele>
   </trkpt>
   <trkpt lat="47.27593" lon="11.352300000000001">
    <ele>834.23</ele>
   </trkpt>
   <trkpt lat="47.275920000000006" lon="11.35247">
    <ele>834.23</ele>
   </trkpt>
   <trkpt lat="47.27584" lon="11.35274">
    <ele>834.46</ele>
   </trkpt>
   <trkpt lat="47.275850000000005" lon="11.35289">
    <ele>834.4800000000001</ele>
   </trkpt>
   <trkpt lat="47.275940000000006" lon="11.353280000000002">
    <ele>834.37</ele>
   </trkpt>
   <trkpt lat="47.276" lon="11.3534">
    <ele>836.98</ele>
   </trkpt>
   <trkpt lat="47.27601000000001" lon="11.35355">
    <ele>838.33</ele>
   </trkpt>
   <trkpt lat="47.27595" lon="11.353670000000001">
    <ele>839.76</ele>
   </trkpt>
   <trkpt lat="47.275740000000006" lon="11.35382">
    <ele>843.9100000000001</ele>
   </trkpt>
   <trkpt lat="47.27572000000001" lon="11.353890000000002">
    <ele>844.44</ele>
   </trkpt>
   <trkpt lat="47.27572000000001" lon="11.353980000000002">
    <ele>844.89</ele>
   </trkpt>
   <trkpt lat="47.27588" lon="11.354180000000001">
    <ele>846.13</ele>
   </trkpt>
   <trkpt lat="47.27602" lon="11.354410000000001">
    <ele>844.2700000000001</ele>
   </trkpt>
   <trkpt lat="47.27617" lon="11.354890000000001">
    <ele>841.23</ele>
   </trkpt>
   <trkpt lat="47.276250000000005" lon="11.35499">
    <ele>840.1</ele>
   </trkpt>
   <trkpt lat="47.276430000000005" lon="11.355110000000002">
    <ele>838.7500000000001</ele>
   </trkpt>
   <trkpt lat="47.27647" lon="11.35519">
    <ele>838.1700000000001</ele>
   </trkpt>
   <trkpt lat="47.27649" lon="11.355310000000001">
    <ele>837.35</ele>
   </trkpt>
   <trkpt lat="47.276500000000006" lon="11.355920000000001">
    <ele>834.0400000000001</ele>
   </trkpt>
   <trkpt lat="47.27653" lon="11.35626">
    <ele>832.85</ele>
   </trkpt>
   <trkpt lat="47.27651" lon="11.35641">
    <ele>832.6500000000001</ele>
   </trkpt>
   <trkpt lat="47.276410000000006" lon="11.356610000000002">
    <ele>832.82</ele>
   </trkpt>
   <trkpt lat="47.276410000000006" lon="11.356670000000001">
    <ele>833.91</ele>
   </trkpt>
   <trkpt lat="47.2766" lon="11.35665">
    <ele>835.19</ele>
   </trkpt>
   <trkpt lat="47.27673" lon="11.356720000000001">
    <ele>836.25</ele>
   </trkpt>
   <trkpt lat="47.276790000000005" lon="11.356860000000001">
    <ele>837.22</ele>
   </trkpt>
   <trkpt lat="47.276880000000006" lon="11.35721">
    <ele>840.62</ele>
   </trkpt>
   <trkpt lat="47.277" lon="11.357310000000002">
    <ele>841.86</ele>
   </trkpt>
   <trkpt lat="47.277" lon="11.35745">
    <ele>843.4800000000001</ele>
   </trkpt>
   <trkpt lat="47.27705" lon="11.357520000000001">
    <ele>843.95</ele>
   </trkpt>
   <trkpt lat="47.277060000000006" lon="11.357690000000002">
    <ele>844.6300000000001</ele>
   </trkpt>
   <trkpt lat="47.277300000000004" lon="11.35829">
    <ele>845.45</ele>
   </trkpt>
   <trkpt lat="47.277330000000006" lon="11.358540000000001">
    <ele>845.6800000000001</ele>
   </trkpt>
   <trkpt lat="47.277330000000006" lon="11.358960000000002">
    <ele>847.4800000000001</ele>
   </trkpt>
   <trkpt lat="47.277370000000005" lon="11.359110000000001">
    <ele>848.23</ele>
   </trkpt>
   <trkpt lat="47.27738" lon="11.35928">
    <ele>849.57</ele>
   </trkpt>
   <trkpt lat="47.277480000000004" lon="11.35951">
    <ele>850.33</ele>
   </trkpt>
   <trkpt lat="47.27751000000001" lon="11.35968">
    <ele>849.98</ele>
   </trkpt>
   <trkpt lat="47.27754" lon="11.35973">
    <ele>849.98</ele>
   </trkpt>
   <trkpt lat="47.27751000000001" lon="11.35993">
    <ele>849.1</ele>
   </trkpt>
   <trkpt lat="47.277530000000006" lon="11.360280000000001">
    <ele>849.5400000000001</ele>
   </trkpt>
   <trkpt lat="47.27761" lon="11.36039">
    <ele>849.77</ele>
   </trkpt>
   <trkpt lat="47.277660000000004" lon="11.360570000000001">
    <ele>849.9000000000001</ele>
   </trkpt>
   <trkpt lat="47.27760000000001" lon="11.36064">
    <ele>849.84</ele>
   </trkpt>
   <trkpt lat="47.27769000000001" lon="11.36111">
    <ele>847.22</ele>
   </trkpt>
   <trkpt lat="47.277680000000004" lon="11.36153">
    <ele>847.25</ele>
   </trkpt>
   <trkpt lat="47.277660000000004" lon="11.361830000000001">
    <ele>848.7300000000001</ele>
   </trkpt>
   <trkpt lat="47.277570000000004" lon="11.362110000000001">
    <ele>851.58</ele>
   </trkpt>
   <trkpt lat="47.27749000000001" lon="11.362200000000001">
    <ele>852.8000000000001</ele>
   </trkpt>
   <trkpt lat="47.27740000000001" lon="11.362240000000002">
    <ele>854.5500000000001</ele>
   </trkpt>
   <trkpt lat="47.27736" lon="11.362340000000001">
    <ele>855.08</ele>
   </trkpt>
   <trkpt lat="47.277370000000005" lon="11.362440000000001">
    <ele>855.5600000000001</ele>
   </trkpt>
   <trkpt lat="47.277570000000004" lon="11.36261">
    <ele>855.72</ele>
   </trkpt>
   <trkpt lat="47.2779" lon="11.36307">
    <ele>855.95</ele>
   </trkpt>
   <trkpt lat="47.27803" lon="11.36317">
    <ele>856.0000000000001</ele>
   </trkpt>
   <trkpt lat="47.27852" lon="11.3633">
    <ele>856.8100000000001</ele>
   </trkpt>
   <trkpt lat="47.27857" lon="11.36335">
    <ele>857.0300000000001</ele>
   </trkpt>
   <trkpt lat="47.278600000000004" lon="11.363410000000002">
    <ele>857.0300000000001</ele>
   </trkpt>
   <trkpt lat="47.27861" lon="11.363550000000002">
    <ele>857.32</ele>
   </trkpt>
   <trkpt lat="47.278600000000004" lon="11.363660000000001">
    <ele>857.95</ele>
   </trkpt>
   <trkpt lat="47.27857" lon="11.363760000000001">
    <ele>857.95</ele>
   </trkpt>
   <trkpt lat="47.278420000000004" lon="11.364">
    <ele>858.8800000000001</ele>
   </trkpt>
   <trkpt lat="47.27826" lon="11.364210000000002">
    <ele>859.13</ele>
   </trkpt>
   <trkpt lat="47.27825000000001" lon="11.364310000000001">
    <ele>859.2</ele>
   </trkpt>
   <trkpt lat="47.278290000000005" lon="11.364410000000001">
    <ele>859.2</ele>
   </trkpt>
   <trkpt lat="47.27846" lon="11.36452">
    <ele>859.2</ele>
   </trkpt>
   <trkpt lat="47.27868" lon="11.364590000000002">
    <ele>859.4900000000001</ele>
   </trkpt>
   <trkpt lat="47.278830000000006" lon="11.36461">
    <ele>859.53</ele>
   </trkpt>
   <trkpt lat="47.27890000000001" lon="11.364640000000001">
    <ele>859.53</ele>
   </trkpt>
   <trkpt lat="47.278960000000005" lon="11.36471">
    <ele>859.5400000000001</ele>
   </trkpt>
   <trkpt lat="47.27899000000001" lon="11.364790000000001">
    <ele>859.6600000000001</ele>
   </trkpt>
   <trkpt lat="47.278980000000004" lon="11.3649">
    <ele>859.86</ele>
   </trkpt>
   <trkpt lat="47.27893" lon="11.365070000000001">
    <ele>860.01</ele>
   </trkpt>
   <trkpt lat="47.278760000000005" lon="11.365300000000001">
    <ele>860.25</ele>
   </trkpt>
   <trkpt lat="47.2787" lon="11.36542">
    <ele>860.3000000000001</ele>
   </trkpt>
   <trkpt lat="47.278670000000005" lon="11.365540000000001">
    <ele>860.44</ele>
   </trkpt>
   <trkpt lat="47.2787" lon="11.36566">
    <ele>860.5400000000001</ele>
   </trkpt>
   <trkpt lat="47.278740000000006" lon="11.365680000000001">
    <ele>860.5400000000001</ele>
   </trkpt>
   <trkpt lat="47.279270000000004" lon="11.365570000000002">
    <ele>861.33</ele>
   </trkpt>
   <trkpt lat="47.279360000000004" lon="11.36561">
    <ele>861.45</ele>
   </trkpt>
   <trkpt lat="47.2794" lon="11.36569">
    <ele>861.74</ele>
   </trkpt>
   <trkpt lat="47.2794" lon="11.365920000000001">
    <ele>862.22</ele>
   </trkpt>
   <trkpt lat="47.279430000000005" lon="11.366010000000001">
    <ele>862.7300000000001</ele>
   </trkpt>
   <trkpt lat="47.279500000000006" lon="11.366090000000002">
    <ele>862.7300000000001</ele>
   </trkpt>
   <trkpt lat="47.27953" lon="11.36617">
    <ele>862.8800000000001</ele>
   </trkpt>
   <trkpt lat="47.27953" lon="11.36631">
    <ele>863.0600000000001</ele>
   </trkpt>
   <trkpt lat="47.27942" lon="11.366700000000002">
    <ele>864.5500000000001</ele>
   </trkpt>
   <trkpt lat="47.27944" lon="11.366810000000001">
    <ele>864.74</ele>
   </trkpt>
   <trkpt lat="47.27949" lon="11.36686">
    <ele>864.74</ele>
   </trkpt>
   <trkpt lat="47.279720000000005" lon="11.366810000000001">
    <ele>863.86</ele>
   </trkpt>
   <trkpt lat="47.279770000000006" lon="11.36683">
    <ele>863.83</ele>
   </trkpt>
   <trkpt lat="47.27982" lon="11.36692">
    <ele>863.87</ele>
   </trkpt>
   <trkpt lat="47.27984000000001" lon="11.367090000000001">
    <ele>864.1500000000001</ele>
   </trkpt>
   <trkpt lat="47.27982" lon="11.36725">
    <ele>864.19</ele>
   </trkpt>
   <trkpt lat="47.27984000000001" lon="11.367690000000001">
    <ele>863.98</ele>
   </trkpt>
   <trkpt lat="47.279740000000004" lon="11.36795">
    <ele>864.1800000000001</ele>
   </trkpt>
   <trkpt lat="47.27976" lon="11.36804">
    <ele>864.1700000000001</ele>
   </trkpt>
   <trkpt lat="47.279830000000004" lon="11.36813">
    <ele>863.89</ele>
   </trkpt>
   <trkpt lat="47.27989" lon="11.36833">
    <ele>863.69</ele>
   </trkpt>
   <trkpt lat="47.279810000000005" lon="11.36856">
    <ele>863.45</ele>
   </trkpt>
   <trkpt lat="47.279680000000006" lon="11.36875">
    <ele>863.4300000000001</ele>
   </trkpt>
   <trkpt lat="47.27967" lon="11.36883">
    <ele>863.4300000000001</ele>
   </trkpt>
   <trkpt lat="47.279700000000005" lon="11.368910000000001">
    <ele>863.4100000000001</ele>
   </trkpt>
   <trkpt lat="47.279790000000006" lon="11.368960000000001">
    <ele>863.28</ele>
   </trkpt>
   <trkpt lat="47.280120000000004" lon="11.369050000000001">
    <ele>863.21</ele>
   </trkpt>
   <trkpt lat="47.280170000000005" lon="11.369140000000002">
    <ele>863.22</ele>
   </trkpt>
   <trkpt lat="47.280280000000005" lon="11.36926">
    <ele>863.3100000000001</ele>
   </trkpt>
   <trkpt lat="47.28031000000001" lon="11.36935">
    <ele>863.3100000000001</ele>
   </trkpt>
   <trkpt lat="47.28031000000001" lon="11.36941">
    <ele>863.28</ele>
   </trkpt>
   <trkpt lat="47.28011" lon="11.369760000000001">
    <ele>863.2700000000001</ele>
   </trkpt>
   <trkpt lat="47.279990000000005" lon="11.36987">
    <ele>863.3700000000001</ele>
   </trkpt>
   <trkpt lat="47.27995000000001" lon="11.36996">
    <ele>863.3700000000001</ele>
   </trkpt>
   <trkpt lat="47.27991" lon="11.37024">
    <ele>863.33</ele>
   </trkpt>
   <trkpt lat="47.279860000000006" lon="11.370320000000001">
    <ele>863.13</ele>
   </trkpt>
   <trkpt lat="47.279650000000004" lon="11.37043">
    <ele>862.86</ele>
   </trkpt>
   <trkpt lat="47.27955" lon="11.370600000000001">
    <ele>862.5800000000002</ele>
   </trkpt>
   <trkpt lat="47.27947" lon="11.37068">
    <ele>862.45</ele>
   </trkpt>
   <trkpt lat="47.279320000000006" lon="11.370730000000002">
    <ele>862.34</ele>
   </trkpt>
   <trkpt lat="47.27906" lon="11.370750000000001">
    <ele>862.28</ele>
   </trkpt>
   <trkpt lat="47.278980000000004" lon="11.37085">
    <ele>861.99</ele>
   </trkpt>
   <trkpt lat="47.27893" lon="11.370980000000001">
    <ele>861.99</ele>
   </trkpt>
   <trkpt lat="47.278830000000006" lon="11.371060000000002">
    <ele>861.8800000000001</ele>
   </trkpt>
   <trkpt lat="47.2787" lon="11.371080000000001">
    <ele>861.9300000000001</ele>
   </trkpt>
   <trkpt lat="47.27857" lon="11.37101">
    <ele>861.92</ele>
   </trkpt>
   <trkpt lat="47.278490000000005" lon="11.37101">
    <ele>861.7900000000001</ele>
   </trkpt>
   <trkpt lat="47.278400000000005" lon="11.371060000000002">
    <ele>861.5600000000001</ele>
   </trkpt>
   <trkpt lat="47.278470000000006" lon="11.3711">
    <ele>861.86</ele>
   </trkpt>
   <trkpt lat="47.278620000000004" lon="11.371340000000002">
    <ele>865.6</ele>
   </trkpt>
   <trkpt lat="47.278690000000005" lon="11.371410000000001">
    <ele>866.8000000000001</ele>
   </trkpt>
   <trkpt lat="47.278760000000005" lon="11.371440000000002">
    <ele>866.8000000000001</ele>
   </trkpt>
   <trkpt lat="47.279210000000006" lon="11.371400000000001">
    <ele>871.26</ele>
   </trkpt>
   <trkpt lat="47.27947" lon="11.371450000000001">
    <ele>876.44</ele>
   </trkpt>
   <trkpt lat="47.27991" lon="11.37133">
    <ele>882.83</ele>
   </trkpt>
   <trkpt lat="47.28034" lon="11.37115">
    <ele>889.8300000000002</ele>
   </trkpt>
   <trkpt lat="47.28029" lon="11.371310000000001">
    <ele>888.0400000000001</ele>
   </trkpt>
   <trkpt lat="47.28016" lon="11.37203">
    <ele>881.9</ele>
   </trkpt>
   <trkpt lat="47.280080000000005" lon="11.37208">
    <ele>880.32</ele>
   </trkpt>
   <trkpt lat="47.27969" lon="11.37185">
    <ele>872.71</ele>
   </trkpt>
   <trkpt lat="47.279410000000006" lon="11.37193">
    <ele>870.44</ele>
   </trkpt>
   <trkpt lat="47.279160000000005" lon="11.372060000000001">
    <ele>867.7900000000001</ele>
   </trkpt>
   <trkpt lat="47.278890000000004" lon="11.37203">
    <ele>862.4600000000002</ele>
   </trkpt>
   <trkpt lat="47.278620000000004" lon="11.372250000000001">
    <ele>855.99</ele>
   </trkpt>
   <trkpt lat="47.27834000000001" lon="11.372670000000001">
    <ele>851.0200000000001</ele>
   </trkpt>
   <trkpt lat="47.27803" lon="11.37334">
    <ele>845.7900000000001</ele>
   </trkpt>
   <trkpt lat="47.27783" lon="11.373310000000002">
    <ele>845.3000000000001</ele>
   </trkpt>
   <trkpt lat="47.27761" lon="11.3734">
    <ele>846.2700000000001</ele>
   </trkpt>
   <trkpt lat="47.2775" lon="11.373320000000001">
    <ele>845.95</ele>
   </trkpt>
   <trkpt lat="47.277440000000006" lon="11.373130000000002">
    <ele>843.44</ele>
   </trkpt>
   <trkpt lat="47.27747" lon="11.373000000000001">
    <ele>842.69</ele>
   </trkpt>
   <trkpt lat="47.277460000000005" lon="11.372940000000002">
    <ele>841.8700000000001</ele>
   </trkpt>
   <trkpt lat="47.277420000000006" lon="11.372940000000002">
    <ele>841.8700000000001</ele>
   </trkpt>
   <trkpt lat="47.277390000000004" lon="11.373040000000001">
    <ele>839.2</ele>
   </trkpt>
   <trkpt lat="47.27722000000001" lon="11.373190000000001">
    <ele>834.11</ele>
   </trkpt>
   <trkpt lat="47.27714" lon="11.3734">
    <ele>832.64</ele>
   </trkpt>
   <trkpt lat="47.277100000000004" lon="11.373640000000002">
    <ele>831.11</ele>
   </trkpt>
   <trkpt lat="47.277080000000005" lon="11.373940000000001">
    <ele>829.1600000000001</ele>
   </trkpt>
   <trkpt lat="47.276860000000006" lon="11.37438">
    <ele>822.8700000000001</ele>
   </trkpt>
   <trkpt lat="47.27682" lon="11.37429">
    <ele>822.23</ele>
   </trkpt>
   <trkpt lat="47.27678" lon="11.374260000000001">
    <ele>821.7</ele>
   </trkpt>
   <trkpt lat="47.27671" lon="11.374260000000001">
    <ele>820.95</ele>
   </trkpt>
   <trkpt lat="47.276650000000004" lon="11.374310000000001">
    <ele>820.7200000000001</ele>
   </trkpt>
   <trkpt lat="47.2766" lon="11.37432">
    <ele>820.5500000000001</ele>
   </trkpt>
   <trkpt lat="47.27656" lon="11.374260000000001">
    <ele>820.23</ele>
   </trkpt>
   <trkpt lat="47.2764" lon="11.37419">
    <ele>818.96</ele>
   </trkpt>
   <trkpt lat="47.276300000000006" lon="11.374110000000002">
    <ele>818.62</ele>
   </trkpt>
   <trkpt lat="47.27624" lon="11.37401">
    <ele>818.62</ele>
   </trkpt>
   <trkpt lat="47.27611" lon="11.3739">
    <ele>816.8000000000001</ele>
   </trkpt>
   <trkpt lat="47.27601000000001" lon="11.373650000000001">
    <ele>815.3800000000001</ele>
   </trkpt>
   <trkpt lat="47.27599000000001" lon="11.373520000000001">
    <ele>815.1</ele>
   </trkpt>
   <trkpt lat="47.27593" lon="11.373460000000001">
    <ele>814.1600000000001</ele>
   </trkpt>
   <trkpt lat="47.27590000000001" lon="11.373790000000001">
    <ele>811.21</ele>
   </trkpt>
   <trkpt lat="47.275850000000005" lon="11.373750000000001">
    <ele>810.6800000000001</ele>
   </trkpt>
   <trkpt lat="47.275780000000005" lon="11.37357">
    <ele>809.1700000000001</ele>
   </trkpt>
   <trkpt lat="47.275690000000004" lon="11.37344">
    <ele>808.6300000000001</ele>
   </trkpt>
   <trkpt lat="47.27564" lon="11.37343">
    <ele>808.6300000000001</ele>
   </trkpt>
   <trkpt lat="47.27552000000001" lon="11.373330000000001">
    <ele>807.27</ele>
   </trkpt>
   <trkpt lat="47.275510000000004" lon="11.373190000000001">
    <ele>806.1800000000001</ele>
   </trkpt>
   <trkpt lat="47.27546" lon="11.37312">
    <ele>806.1800000000001</ele>
   </trkpt>
   <trkpt lat="47.275420000000004" lon="11.373240000000001">
    <ele>803.7400000000001</ele>
   </trkpt>
   <trkpt lat="47.275360000000006" lon="11.37371">
    <ele>800.15</ele>
   </trkpt>
   <trkpt lat="47.275290000000005" lon="11.37372">
    <ele>799.45</ele>
   </trkpt>
   <trkpt lat="47.27523" lon="11.37362">
    <ele>797.9600000000002</ele>
   </trkpt>
   <trkpt lat="47.27521" lon="11.373510000000001">
    <ele>797.1600000000001</ele>
   </trkpt>
   <trkpt lat="47.27512" lon="11.3733">
    <ele>795.49</ele>
   </trkpt>
   <trkpt lat="47.275040000000004" lon="11.373330000000001">
    <ele>793.71</ele>
   </trkpt>
   <trkpt lat="47.27497" lon="11.37395">
    <ele>791.6700000000001</ele>
   </trkpt>
   <trkpt lat="47.27497" lon="11.37424">
    <ele>791.37</ele>
   </trkpt>
   <trkpt lat="47.27492" lon="11.374270000000001">
    <ele>791.37</ele>
   </trkpt>
   <trkpt lat="47.274860000000004" lon="11.374070000000001">
    <ele>789.71</ele>
   </trkpt>
   <trkpt lat="47.274890000000006" lon="11.37349">
    <ele>787.4000000000001</ele>
   </trkpt>
   <trkpt lat="47.27487000000001" lon="11.37329">
    <ele>787.1</ele>
   </trkpt>
   <trkpt lat="47.27476" lon="11.37307">
    <ele>787.2900000000001</ele>
   </trkpt>
   <trkpt lat="47.274730000000005" lon="11.372720000000001">
    <ele>786.51</ele>
   </trkpt>
   <trkpt lat="47.274620000000006" lon="11.372520000000002">
    <ele>783.7400000000001</ele>
   </trkpt>
   <trkpt lat="47.27461" lon="11.372100000000001">
    <ele>780.54</ele>
   </trkpt>
   <trkpt lat="47.27454" lon="11.371960000000001">
    <ele>778.88</ele>
   </trkpt>
   <trkpt lat="47.27434" lon="11.371860000000002">
    <ele>776.95</ele>
   </trkpt>
   <trkpt lat="47.2742" lon="11.371530000000002">
    <ele>772.7400000000001</ele>
   </trkpt>
   <trkpt lat="47.274100000000004" lon="11.3716">
    <ele>769.58</ele>
   </trkpt>
   <trkpt lat="47.273860000000006" lon="11.37132">
    <ele>764.0600000000001</ele>
   </trkpt>
   <trkpt lat="47.27389" lon="11.371080000000001">
    <ele>764.0600000000001</ele>
   </trkpt>
   <trkpt lat="47.274350000000005" lon="11.37085">
    <ele>757.3700000000001</ele>
   </trkpt>
   <trkpt lat="47.27472" lon="11.3703">
    <ele>749.9</ele>
   </trkpt>
   <trkpt lat="47.274710000000006" lon="11.37024">
    <ele>749.9300000000001</ele>
   </trkpt>
   <trkpt lat="47.27485" lon="11.369940000000001">
    <ele>754.58</ele>
   </trkpt>
   <trkpt lat="47.274910000000006" lon="11.369890000000002">
    <ele>754.58</ele>
   </trkpt>
   <trkpt lat="47.27512" lon="11.36954">
    <ele>760.96</ele>
   </trkpt>
   <trkpt lat="47.275090000000006" lon="11.369480000000001">
    <ele>760.96</ele>
   </trkpt>
   <trkpt lat="47.274390000000004" lon="11.36959">
    <ele>769.2800000000001</ele>
   </trkpt>
   <trkpt lat="47.274330000000006" lon="11.369470000000002">
    <ele>770.99</ele>
   </trkpt>
   <trkpt lat="47.27441" lon="11.368620000000002">
    <ele>764.78</ele>
   </trkpt>
   <trkpt lat="47.27412" lon="11.36822">
    <ele>761.72</ele>
   </trkpt>
   <trkpt lat="47.27369" lon="11.36832">
    <ele>761.22</ele>
   </trkpt>
   <trkpt lat="47.2734" lon="11.368">
    <ele>759.5500000000001</ele>
   </trkpt>
   <trkpt lat="47.27313" lon="11.36799">
    <ele>759.21</ele>
   </trkpt>
   <trkpt lat="47.27290000000001" lon="11.367650000000001">
    <ele>756.77</ele>
   </trkpt>
   <trkpt lat="47.27244" lon="11.367510000000001">
    <ele>748.68</ele>
   </trkpt>
   <trkpt lat="47.272240000000004" lon="11.36702">
    <ele>742.9000000000001</ele>
   </trkpt>
   <trkpt lat="47.27185" lon="11.36659">
    <ele>740.01</ele>
   </trkpt>
   <trkpt lat="47.271820000000005" lon="11.366480000000001">
    <ele>739.7800000000001</ele>
   </trkpt>
   <trkpt lat="47.27203" lon="11.366060000000001">
    <ele>735.0500000000001</ele>
   </trkpt>
   <trkpt lat="47.272020000000005" lon="11.36598">
    <ele>734.07</ele>
   </trkpt>
   <trkpt lat="47.27156" lon="11.366000000000001">
    <ele>723.83</ele>
   </trkpt>
   <trkpt lat="47.27129" lon="11.3658">
    <ele>715.45</ele>
   </trkpt>
   <trkpt lat="47.27114" lon="11.36588">
    <ele>709.96</ele>
   </trkpt>
   <trkpt lat="47.27107" lon="11.366000000000001">
    <ele>709.96</ele>
   </trkpt>
   <trkpt lat="47.271040000000006" lon="11.36616">
    <ele>710.37</ele>
   </trkpt>
   <trkpt lat="47.271060000000006" lon="11.36635">
    <ele>712.35</ele>
   </trkpt>
   <trkpt lat="47.27112" lon="11.366520000000001">
    <ele>715.0200000000001</ele>
   </trkpt>
   <trkpt lat="47.271240000000006" lon="11.36664">
    <ele>715.0200000000001</ele>
   </trkpt>
   <trkpt lat="47.271710000000006" lon="11.36697">
    <ele>721.74</ele>
   </trkpt>
   <trkpt lat="47.27183" lon="11.36715">
    <ele>724.82</ele>
   </trkpt>
   <trkpt lat="47.272020000000005" lon="11.36766">
    <ele>728.6600000000001</ele>
   </trkpt>
   <trkpt lat="47.27206" lon="11.367730000000002">
    <ele>728.6600000000001</ele>
   </trkpt>
   <trkpt lat="47.272130000000004" lon="11.36791">
    <ele>727.2900000000001</ele>
   </trkpt>
   <trkpt lat="47.2723" lon="11.36809">
    <ele>724.4200000000001</ele>
   </trkpt>
   <trkpt lat="47.272380000000005" lon="11.36822">
    <ele>724.33</ele>
   </trkpt>
   <trkpt lat="47.272400000000005" lon="11.36832">
    <ele>724.52</ele>
   </trkpt>
   <trkpt lat="47.272400000000005" lon="11.36852">
    <ele>725.53</ele>
   </trkpt>
   <trkpt lat="47.27243000000001" lon="11.368640000000001">
    <ele>725.19</ele>
   </trkpt>
   <trkpt lat="47.272470000000006" lon="11.36869">
    <ele>724.69</ele>
   </trkpt>
   <trkpt lat="47.272560000000006" lon="11.368720000000001">
    <ele>724.0300000000001</ele>
   </trkpt>
   <trkpt lat="47.27263000000001" lon="11.368780000000001">
    <ele>721.0600000000001</ele>
   </trkpt>
   <trkpt lat="47.272670000000005" lon="11.368860000000002">
    <ele>721.0600000000001</ele>
   </trkpt>
   <trkpt lat="47.27268" lon="11.368970000000001">
    <ele>719.47</ele>
   </trkpt>
   <trkpt lat="47.27241" lon="11.36922">
    <ele>711.8800000000001</ele>
   </trkpt>
   <trkpt lat="47.272310000000004" lon="11.3694">
    <ele>709.22</ele>
   </trkpt>
   <trkpt lat="47.27235" lon="11.369800000000001">
    <ele>708.0500000000001</ele>
   </trkpt>
   <trkpt lat="47.272270000000006" lon="11.36977">
    <ele>705.25</ele>
   </trkpt>
   <trkpt lat="47.27215" lon="11.36979">
    <ele>705.25</ele>
   </trkpt>
   <trkpt lat="47.27170000002301" lon="11.36980500012681">
    <ele>697.74</ele>
   </trkpt>
   <trkpt lat="47.27125" lon="11.36982">
    <ele>693.0</ele>
   </trkpt>
   <trkpt lat="47.27118" lon="11.37005">
    <ele>696.03</ele>
   </trkpt>
   <trkpt lat="47.27089" lon="11.3704">
    <ele>703.5</ele>
   </trkpt>
   <trkpt lat="47.27066000000001" lon="11.370740000000001">
    <ele>706.1400000000001</ele>
   </trkpt>
   <trkpt lat="47.27056" lon="11.37101">
    <ele>706.85</ele>
   </trkpt>
   <trkpt lat="47.27037000000001" lon="11.371350000000001">
    <ele>705.9200000000001</ele>
   </trkpt>
   <trkpt lat="47.270430000000005" lon="11.37147">
    <ele>704.37</ele>
   </trkpt>
   <trkpt lat="47.27055000000001" lon="11.3716">
    <ele>703.03</ele>
   </trkpt>
   <trkpt lat="47.27069" lon="11.3717">
    <ele>702.11</ele>
   </trkpt>
   <trkpt lat="47.27076" lon="11.371780000000001">
    <ele>701.5</ele>
   </trkpt>
   <trkpt lat="47.270790000000005" lon="11.37188">
    <ele>700.6800000000001</ele>
   </trkpt>
   <trkpt lat="47.27082" lon="11.372090000000002">
    <ele>700.23</ele>
   </trkpt>
   <trkpt lat="47.270880000000005" lon="11.37218">
    <ele>697.84</ele>
   </trkpt>
   <trkpt lat="47.27093000000001" lon="11.372300000000001">
    <ele>697.84</ele>
   </trkpt>
   <trkpt lat="47.270680000000006" lon="11.37245">
    <ele>686.9000000000001</ele>
   </trkpt>
   <trkpt lat="47.270590000000006" lon="11.37246">
    <ele>685.1</ele>
   </trkpt>
   <trkpt lat="47.27056" lon="11.37249">
    <ele>685.1</ele>
   </trkpt>
   <trkpt lat="47.27051" lon="11.37264">
    <ele>683.6800000000001</ele>
   </trkpt>
   <trkpt lat="47.27037000000001" lon="11.37335">
    <ele>681.0600000000001</ele>
   </trkpt>
   <trkpt lat="47.27018" lon="11.373750000000001">
    <ele>679.8700000000001</ele>
   </trkpt>
   <trkpt lat="47.270120000000006" lon="11.373940000000001">
    <ele>679.7200000000001</ele>
   </trkpt>
   <trkpt lat="47.27009" lon="11.37415">
    <ele>680.33</ele>
   </trkpt>
   <trkpt lat="47.27008000000001" lon="11.37443">
    <ele>678.32</ele>
   </trkpt>
   <trkpt lat="47.270140000000005" lon="11.374530000000002">
    <ele>678.32</ele>
   </trkpt>
   <trkpt lat="47.270210000000006" lon="11.37461">
    <ele>675.63</ele>
   </trkpt>
   <trkpt lat="47.27031" lon="11.37466">
    <ele>674.0100000000001</ele>
   </trkpt>
   <trkpt lat="47.270590000000006" lon="11.374740000000001">
    <ele>669.64</ele>
   </trkpt>
   <trkpt lat="47.27067" lon="11.374820000000001">
    <ele>668.08</ele>
   </trkpt>
   <trkpt lat="47.270680000000006" lon="11.37489">
    <ele>668.08</ele>
   </trkpt>
   <trkpt lat="47.27067" lon="11.37498">
    <ele>665.59</ele>
   </trkpt>
   <trkpt lat="47.27042" lon="11.375340000000001">
    <ele>660.37</ele>
   </trkpt>
   <trkpt lat="47.27019000000001" lon="11.37574">
    <ele>655.33</ele>
   </trkpt>
   <trkpt lat="47.270070000000004" lon="11.37601">
    <ele>652.0100000000001</ele>
   </trkpt>
   <trkpt lat="47.27" lon="11.376290000000001">
    <ele>650.4100000000001</ele>
   </trkpt>
   <trkpt lat="47.270010000000006" lon="11.376470000000001">
    <ele>649.96</ele>
   </trkpt>
   <trkpt lat="47.27009" lon="11.377040000000001">
    <ele>649.5300000000001</ele>
   </trkpt>
   <trkpt lat="47.27009" lon="11.37705">
    <ele>649.5300000000001</ele>
   </trkpt>
   <trkpt lat="47.270210000000006" lon="11.377400000000002">
    <ele>649.69</ele>
   </trkpt>
   <trkpt lat="47.270360000000004" lon="11.377790000000001">
    <ele>649.76</ele>
   </trkpt>
   <trkpt lat="47.27066000000001" lon="11.378950000000001">
    <ele>650.7700000000001</ele>
   </trkpt>
   <trkpt lat="47.27080500165737" lon="11.37957999797419">
    <ele>649.75</ele>
   </trkpt>
   <trkpt lat="47.270950000000006" lon="11.380210000000002">
    <ele>647.57</ele>
   </trkpt>
   <trkpt lat="47.27116" lon="11.38076">
    <ele>645.93</ele>
   </trkpt>
   <trkpt lat="47.271390000000004" lon="11.38114">
    <ele>644.71</ele>
   </trkpt>
   <trkpt lat="47.27158000000001" lon="11.381340000000002">
    <ele>643.58</ele>
   </trkpt>
   <trkpt lat="47.2719" lon="11.381590000000001">
    <ele>641.82</ele>
   </trkpt>
   <trkpt lat="47.2717" lon="11.38207">
    <ele>636.69</ele>
   </trkpt>
   <trkpt lat="47.271660000000004" lon="11.382330000000001">
    <ele>633.17</ele>
   </trkpt>
   <trkpt lat="47.271660000000004" lon="11.382810000000001">
    <ele>630.5</ele>
   </trkpt>
   <trkpt lat="47.271710000000006" lon="11.38283">
    <ele>630.53</ele>
   </trkpt>
   <trkpt lat="47.271800000000006" lon="11.382930000000002">
    <ele>630.45</ele>
   </trkpt>
   <trkpt lat="47.27183" lon="11.382940000000001">
    <ele>630.45</ele>
   </trkpt>
   <trkpt lat="47.27205000000001" lon="11.383170000000002">
    <ele>629.57</ele>
   </trkpt>
   <trkpt lat="47.27212" lon="11.38319">
    <ele>629.57</ele>
   </trkpt>
   <trkpt lat="47.27228" lon="11.383220000000001">
    <ele>629.95</ele>
   </trkpt>
   <trkpt lat="47.272310000000004" lon="11.383260000000002">
    <ele>629.95</ele>
   </trkpt>
   <trkpt lat="47.272330000000004" lon="11.383360000000001">
    <ele>630.0300000000001</ele>
   </trkpt>
   <trkpt lat="47.2723" lon="11.383890000000001">
    <ele>635.49</ele>
   </trkpt>
   <trkpt lat="47.27255" lon="11.38385">
    <ele>641.3000000000001</ele>
   </trkpt>
   <trkpt lat="47.27262" lon="11.383870000000002">
    <ele>641.3000000000001</ele>
   </trkpt>
   <trkpt lat="47.272760000000005" lon="11.38396">
    <ele>643.71</ele>
   </trkpt>
   <trkpt lat="47.272940000000006" lon="11.384160000000001">
    <ele>647.45</ele>
   </trkpt>
   <trkpt lat="47.27311" lon="11.38441">
    <ele>652.96</ele>
   </trkpt>
   <trkpt lat="47.27344" lon="11.38541">
    <ele>665.0400000000001</ele>
   </trkpt>
   <trkpt lat="47.27358" lon="11.38563">
    <ele>666.6899999999999</ele>
   </trkpt>
   <trkpt lat="47.273740000000004" lon="11.385810000000001">
    <ele>670.3</ele>
   </trkpt>
   <trkpt lat="47.27396" lon="11.385990000000001">
    <ele>673.0100000000001</ele>
   </trkpt>
   <trkpt lat="47.274060000000006" lon="11.386090000000001">
    <ele>673.7800000000001</ele>
   </trkpt>
   <trkpt lat="47.274680000000004" lon="11.386470000000001">
    <ele>681.49</ele>
   </trkpt>
   <trkpt lat="47.274710000000006" lon="11.386370000000001">
    <ele>681.49</ele>
   </trkpt>
   <trkpt lat="47.27479" lon="11.386310000000002">
    <ele>683.19</ele>
   </trkpt>
   <trkpt lat="47.274840000000005" lon="11.386320000000001">
    <ele>683.19</ele>
   </trkpt>
   <trkpt lat="47.27487000000001" lon="11.38635">
    <ele>683.19</ele>
   </trkpt>
   <trkpt lat="47.27506" lon="11.386800000000001">
    <ele>685.46</ele>
   </trkpt>
   <trkpt lat="47.275180000000006" lon="11.386940000000001">
    <ele>686.45</ele>
   </trkpt>
   <trkpt lat="47.27541" lon="11.38709">
    <ele>688.46</ele>
   </trkpt>
   <trkpt lat="47.27557" lon="11.38714">
    <ele>690.11</ele>
   </trkpt>
   <trkpt lat="47.275650000000006" lon="11.38713">
    <ele>690.11</ele>
   </trkpt>
   <trkpt lat="47.275760000000005" lon="11.38709">
    <ele>690.11</ele>
   </trkpt>
   <trkpt lat="47.275890000000004" lon="11.386980000000001">
    <ele>691.6500000000001</ele>
   </trkpt>
   <trkpt lat="47.276120000000006" lon="11.38654">
    <ele>696.13</ele>
   </trkpt>
   <trkpt lat="47.27624" lon="11.38638">
    <ele>696.13</ele>
   </trkpt>
   <trkpt lat="47.27629" lon="11.38635">
    <ele>696.35</ele>
   </trkpt>
   <trkpt lat="47.2764" lon="11.38635">
    <ele>696.35</ele>
   </trkpt>
   <trkpt lat="47.27648000000001" lon="11.38638">
    <ele>696.35</ele>
   </trkpt>
   <trkpt lat="47.276590000000006" lon="11.386510000000001">
    <ele>698.11</ele>
   </trkpt>
   <trkpt lat="47.276650000000004" lon="11.38676">
    <ele>698.83</ele>
   </trkpt>
   <trkpt lat="47.27669" lon="11.387270000000001">
    <ele>701.22</ele>
   </trkpt>
   <trkpt lat="47.276720000000005" lon="11.387400000000001">
    <ele>702.35</ele>
   </trkpt>
   <trkpt lat="47.276790000000005" lon="11.38756">
    <ele>702.35</ele>
   </trkpt>
   <trkpt lat="47.276860000000006" lon="11.387670000000002">
    <ele>704.28</ele>
   </trkpt>
   <trkpt lat="47.27703" lon="11.387860000000002">
    <ele>705.74</ele>
   </trkpt>
   <trkpt lat="47.27723" lon="11.388020000000001">
    <ele>705.74</ele>
   </trkpt>
   <trkpt lat="47.277420000000006" lon="11.38812">
    <ele>710.2700000000001</ele>
   </trkpt>
   <trkpt lat="47.277660000000004" lon="11.38818">
    <ele>712.77</ele>
   </trkpt>
   <trkpt lat="47.277820000000006" lon="11.38818">
    <ele>712.77</ele>
   </trkpt>
   <trkpt lat="47.27805" lon="11.38812">
    <ele>715.37</ele>
   </trkpt>
   <trkpt lat="47.27832" lon="11.38793">
    <ele>717.7</ele>
   </trkpt>
   <trkpt lat="47.27857" lon="11.387720000000002">
    <ele>720.3000000000001</ele>
   </trkpt>
   <trkpt lat="47.27875" lon="11.387640000000001">
    <ele>721.6800000000001</ele>
   </trkpt>
   <trkpt lat="47.27899000000001" lon="11.38761">
    <ele>723.98</ele>
   </trkpt>
   <trkpt lat="47.279120000000006" lon="11.38766">
    <ele>723.98</ele>
   </trkpt>
   <trkpt lat="47.279250000000005" lon="11.38774">
    <ele>726.1800000000001</ele>
   </trkpt>
   <trkpt lat="47.27942" lon="11.387910000000002">
    <ele>727.5600000000001</ele>
   </trkpt>
   <trkpt lat="47.27958" lon="11.388100000000001">
    <ele>730.5600000000001</ele>
   </trkpt>
   <trkpt lat="47.27975000000001" lon="11.38836">
    <ele>732.5</ele>
   </trkpt>
   <trkpt lat="47.279900000000005" lon="11.388620000000001">
    <ele>733.09</ele>
   </trkpt>
   <trkpt lat="47.28005" lon="11.38898">
    <ele>736.3100000000001</ele>
   </trkpt>
   <trkpt lat="47.28013000000001" lon="11.38921">
    <ele>737.48</ele>
   </trkpt>
   <trkpt lat="47.28025" lon="11.38967">
    <ele>741.0500000000001</ele>
   </trkpt>
   <trkpt lat="47.28027" lon="11.38992">
    <ele>741.9000000000001</ele>
   </trkpt>
   <trkpt lat="47.28025" lon="11.390170000000001">
    <ele>741.9000000000001</ele>
   </trkpt>
   <trkpt lat="47.280190000000005" lon="11.390440000000002">
    <ele>745.5200000000001</ele>
   </trkpt>
   <trkpt lat="47.28005" lon="11.390770000000002">
    <ele>747.6100000000001</ele>
   </trkpt>
   <trkpt lat="47.27996" lon="11.391100000000002">
    <ele>749.9</ele>
   </trkpt>
   <trkpt lat="47.279920000000004" lon="11.39137">
    <ele>749.9</ele>
   </trkpt>
   <trkpt lat="47.279900000000005" lon="11.39173">
    <ele>753.4300000000001</ele>
   </trkpt>
   <trkpt lat="47.27994" lon="11.391940000000002">
    <ele>753.4300000000001</ele>
   </trkpt>
   <trkpt lat="47.28" lon="11.39211">
    <ele>755.02</ele>
   </trkpt>
   <trkpt lat="47.280100000000004" lon="11.392240000000001">
    <ele>756.56</ele>
   </trkpt>
   <trkpt lat="47.28025" lon="11.39234">
    <ele>757.2800000000001</ele>
   </trkpt>
   <trkpt lat="47.28083" lon="11.392570000000001">
    <ele>762.58</ele>
   </trkpt>
   <trkpt lat="47.28094" lon="11.39267">
    <ele>762.58</ele>
   </trkpt>
   <trkpt lat="47.28121" lon="11.393070000000002">
    <ele>766.8900000000001</ele>
   </trkpt>
   <trkpt lat="47.28143000000001" lon="11.393260000000001">
    <ele>768.78</ele>
   </trkpt>
   <trkpt lat="47.281600000000005" lon="11.393350000000002">
    <ele>768.78</ele>
   </trkpt>
   <trkpt lat="47.281710000000004" lon="11.39337">
    <ele>772.95</ele>
   </trkpt>
   <trkpt lat="47.281870000000005" lon="11.393320000000001">
    <ele>772.95</ele>
   </trkpt>
   <trkpt lat="47.28193" lon="11.393260000000001">
    <ele>772.95</ele>
   </trkpt>
   <trkpt lat="47.28201000000001" lon="11.39306">
    <ele>777.71</ele>
   </trkpt>
   <trkpt lat="47.28199" lon="11.39282">
    <ele>777.71</ele>
   </trkpt>
   <trkpt lat="47.281890000000004" lon="11.39262">
    <ele>779.96</ele>
   </trkpt>
   <trkpt lat="47.28181000000001" lon="11.392570000000001">
    <ele>779.96</ele>
   </trkpt>
   <trkpt lat="47.28172000000001" lon="11.392550000000002">
    <ele>779.96</ele>
   </trkpt>
   <trkpt lat="47.28143000000001" lon="11.392610000000001">
    <ele>783.93</ele>
   </trkpt>
   <trkpt lat="47.281330000000004" lon="11.392570000000001">
    <ele>784.78</ele>
   </trkpt>
   <trkpt lat="47.281290000000006" lon="11.392520000000001">
    <ele>784.78</ele>
   </trkpt>
   <trkpt lat="47.281240000000004" lon="11.392370000000001">
    <ele>785.58</ele>
   </trkpt>
   <trkpt lat="47.28121" lon="11.391910000000001">
    <ele>790.2900000000001</ele>
   </trkpt>
   <trkpt lat="47.28123" lon="11.391530000000001">
    <ele>791.0200000000001</ele>
   </trkpt>
   <trkpt lat="47.28126" lon="11.39132">
    <ele>791.78</ele>
   </trkpt>
   <trkpt lat="47.281290000000006" lon="11.39122">
    <ele>792.58</ele>
   </trkpt>
   <trkpt lat="47.28141" lon="11.390960000000002">
    <ele>793.87</ele>
   </trkpt>
   <trkpt lat="47.281620000000004" lon="11.390630000000002">
    <ele>797.4300000000001</ele>
   </trkpt>
   <trkpt lat="47.281690000000005" lon="11.39048">
    <ele>799.7400000000001</ele>
   </trkpt>
   <trkpt lat="47.281800000000004" lon="11.390070000000001">
    <ele>801.37</ele>
   </trkpt>
   <trkpt lat="47.28186" lon="11.39">
    <ele>801.37</ele>
   </trkpt>
   <trkpt lat="47.281960000000005" lon="11.39">
    <ele>803.0</ele>
   </trkpt>
   <trkpt lat="47.282030000000006" lon="11.39005">
    <ele>803.9200000000001</ele>
   </trkpt>
   <trkpt lat="47.28206" lon="11.390130000000001">
    <ele>803.9200000000001</ele>
   </trkpt>
   <trkpt lat="47.282070000000004" lon="11.390300000000002">
    <ele>805.0200000000001</ele>
   </trkpt>
   <trkpt lat="47.28192000000001" lon="11.390870000000001">
    <ele>807.24</ele>
   </trkpt>
   <trkpt lat="47.28190000000001" lon="11.39113">
    <ele>808.51</ele>
   </trkpt>
   <trkpt lat="47.28191" lon="11.39137">
    <ele>809.8700000000001</ele>
   </trkpt>
   <trkpt lat="47.28195" lon="11.39164">
    <ele>813.6300000000001</ele>
   </trkpt>
   <trkpt lat="47.282070000000004" lon="11.39198">
    <ele>814.8100000000001</ele>
   </trkpt>
   <trkpt lat="47.28226" lon="11.392290000000001">
    <ele>816.59</ele>
   </trkpt>
   <trkpt lat="47.2828225097673" lon="11.393154972414434">
    <ele>823.9900000000001</ele>
   </trkpt>
   <trkpt lat="47.28338501302607" lon="11.394019963223261">
    <ele>830.8100000000001</ele>
   </trkpt>
   <trkpt lat="47.28394750977609" lon="11.394884972427024">
    <ele>836.45</ele>
   </trkpt>
   <trkpt lat="47.284510000000004" lon="11.395750000000001">
    <ele>843.16</ele>
   </trkpt>
   <trkpt lat="47.284580000000005" lon="11.395900000000001">
    <ele>843.44</ele>
   </trkpt>
   <trkpt lat="47.28472000000001" lon="11.396320000000001">
    <ele>846.46</ele>
   </trkpt>
   <trkpt lat="47.2849" lon="11.39691">
    <ele>849.74</ele>
   </trkpt>
   <trkpt lat="47.285030000000006" lon="11.397200000000002">
    <ele>853.1400000000001</ele>
   </trkpt>
   <trkpt lat="47.28544" lon="11.397820000000001">
    <ele>857.89</ele>
   </trkpt>
   <trkpt lat="47.28553" lon="11.39797">
    <ele>858.7</ele>
   </trkpt>
   <trkpt lat="47.285590000000006" lon="11.39813">
    <ele>859.0300000000001</ele>
   </trkpt>
   <trkpt lat="47.28566000000001" lon="11.39811">
    <ele>859.0300000000001</ele>
   </trkpt>
   <trkpt lat="47.28571" lon="11.398060000000001">
    <ele>861.3600000000001</ele>
   </trkpt>
   <trkpt lat="47.28586000000001" lon="11.39769">
    <ele>863.5800000000002</ele>
   </trkpt>
   <trkpt lat="47.286085001498456" lon="11.397105002462444">
    <ele>866.47</ele>
   </trkpt>
   <trkpt lat="47.28631000000001" lon="11.39652">
    <ele>869.9300000000001</ele>
   </trkpt>
   <trkpt lat="47.286550000000005" lon="11.39639">
    <ele>873.7</ele>
   </trkpt>
   <trkpt lat="47.28661" lon="11.396400000000002">
    <ele>874.3100000000001</ele>
   </trkpt>
   <trkpt lat="47.286640000000006" lon="11.39643">
    <ele>874.3100000000001</ele>
   </trkpt>
   <trkpt lat="47.28672" lon="11.396680000000002">
    <ele>875.9000000000001</ele>
   </trkpt>
   <trkpt lat="47.28678000000001" lon="11.396820000000002">
    <ele>876.94</ele>
   </trkpt>
   <trkpt lat="47.287040000000005" lon="11.397110000000001">
    <ele>880.84</ele>
   </trkpt>
   <trkpt lat="47.28714" lon="11.397250000000001">
    <ele>881.48</ele>
   </trkpt>
   <trkpt lat="47.28741" lon="11.39788">
    <ele>885.71</ele>
   </trkpt>
   <trkpt lat="47.287530000000004" lon="11.39811">
    <ele>887.4000000000001</ele>
   </trkpt>
   <trkpt lat="47.28763000000001" lon="11.398430000000001">
    <ele>889.2800000000001</ele>
   </trkpt>
   <trkpt lat="47.28768" lon="11.398560000000002">
    <ele>891.0000000000001</ele>
   </trkpt>
   <trkpt lat="47.28775" lon="11.39868">
    <ele>891.9800000000001</ele>
   </trkpt>
   <trkpt lat="47.28817" lon="11.399120000000002">
    <ele>898.6</ele>
   </trkpt>
   <trkpt lat="47.28837" lon="11.399230000000001">
    <ele>900.73</ele>
   </trkpt>
   <trkpt lat="47.288450000000005" lon="11.39934">
    <ele>902.8600000000001</ele>
   </trkpt>
   <trkpt lat="47.28848000000001" lon="11.39949">
    <ele>904.0100000000001</ele>
   </trkpt>
   <trkpt lat="47.28849" lon="11.399790000000001">
    <ele>906.45</ele>
   </trkpt>
   <trkpt lat="47.288520000000005" lon="11.399870000000002">
    <ele>906.45</ele>
   </trkpt>
   <trkpt lat="47.288560000000004" lon="11.39991">
    <ele>909.8000000000001</ele>
   </trkpt>
   <trkpt lat="47.28866000000001" lon="11.39995">
    <ele>909.8000000000001</ele>
   </trkpt>
   <trkpt lat="47.28887" lon="11.39996">
    <ele>912.5900000000001</ele>
   </trkpt>
   <trkpt lat="47.289" lon="11.399930000000001">
    <ele>913.5200000000001</ele>
   </trkpt>
   <trkpt lat="47.289" lon="11.399310000000002">
    <ele>919.36</ele>
   </trkpt>
   <trkpt lat="47.289060000000006" lon="11.39878">
    <ele>923.3000000000001</ele>
   </trkpt>
   <trkpt lat="47.289220002133824" lon="11.398075002255789">
    <ele>928.61</ele>
   </trkpt>
   <trkpt lat="47.28938" lon="11.39737">
    <ele>934.94</ele>
   </trkpt>
   <trkpt lat="47.28947" lon="11.396830000000001">
    <ele>938.19</ele>
   </trkpt>
   <trkpt lat="47.289530000000006" lon="11.396690000000001">
    <ele>939.2900000000001</ele>
   </trkpt>
   <trkpt lat="47.28967" lon="11.396510000000001">
    <ele>940.5300000000001</ele>
   </trkpt>
   <trkpt lat="47.289820000000006" lon="11.39615">
    <ele>942.32</ele>
   </trkpt>
   <trkpt lat="47.29019" lon="11.395930000000002">
    <ele>949.3100000000001</ele>
   </trkpt>
   <trkpt lat="47.29028" lon="11.39597">
    <ele>952.0500000000001</ele>
   </trkpt>
   <trkpt lat="47.29064" lon="11.39648">
    <ele>960.2600000000001</ele>
   </trkpt>
   <trkpt lat="47.29079" lon="11.396640000000001">
    <ele>962.7500000000001</ele>
   </trkpt>
   <trkpt lat="47.29095" lon="11.397480000000002">
    <ele>968.4</ele>
   </trkpt>
   <trkpt lat="47.29095" lon="11.3978">
    <ele>969.2400000000001</ele>
   </trkpt>
   <trkpt lat="47.29099" lon="11.398000000000001">
    <ele>970.4</ele>
   </trkpt>
   <trkpt lat="47.29117" lon="11.39835">
    <ele>973.83</ele>
   </trkpt>
   <trkpt lat="47.29124" lon="11.398670000000001">
    <ele>977.6</ele>
   </trkpt>
   <trkpt lat="47.29167" lon="11.39957">
    <ele>983.6</ele>
   </trkpt>
   <trkpt lat="47.29186000000001" lon="11.400060000000002">
    <ele>986.82</ele>
   </trkpt>
   <trkpt lat="47.29218" lon="11.40057">
    <ele>991.74</ele>
   </trkpt>
   <trkpt lat="47.29256" lon="11.40084">
    <ele>994.2</ele>
   </trkpt>
   <trkpt lat="47.292350000000006" lon="11.40094">
    <ele>988.0900000000001</ele>
   </trkpt>
   <trkpt lat="47.292210000000004" lon="11.40108">
    <ele>985.6700000000001</ele>
   </trkpt>
   <trkpt lat="47.29236" lon="11.401330000000002">
    <ele>987.71</ele>
   </trkpt>
   <trkpt lat="47.29258" lon="11.40154">
    <ele>988.21</ele>
   </trkpt>
   <trkpt lat="47.2927" lon="11.40173">
    <ele>989.5800000000002</ele>
   </trkpt>
   <trkpt lat="47.292930000000005" lon="11.402360000000002">
    <ele>992.16</ele>
   </trkpt>
   <trkpt lat="47.29299" lon="11.402330000000001">
    <ele>992.4200000000001</ele>
   </trkpt>
   <trkpt lat="47.29308" lon="11.402230000000001">
    <ele>992.4200000000001</ele>
   </trkpt>
   <trkpt lat="47.29312" lon="11.40221">
    <ele>993.0500000000001</ele>
   </trkpt>
   <trkpt lat="47.29314" lon="11.402230000000001">
    <ele>993.0500000000001</ele>
   </trkpt>
   <trkpt lat="47.293150000000004" lon="11.402270000000001">
    <ele>993.0500000000001</ele>
   </trkpt>
   <trkpt lat="47.2931" lon="11.402780000000002">
    <ele>995.08</ele>
   </trkpt>
   <trkpt lat="47.29312" lon="11.40287">
    <ele>995.2</ele>
   </trkpt>
   <trkpt lat="47.29314" lon="11.4029">
    <ele>995.2700000000001</ele>
   </trkpt>
   <trkpt lat="47.293200000000006" lon="11.402920000000002">
    <ele>995.2700000000001</ele>
   </trkpt>
   <trkpt lat="47.293420000000005" lon="11.402830000000002">
    <ele>995.6300000000001</ele>
   </trkpt>
   <trkpt lat="47.2935" lon="11.40285">
    <ele>996.0300000000001</ele>
   </trkpt>
   <trkpt lat="47.29359" lon="11.402930000000001">
    <ele>996.7900000000001</ele>
   </trkpt>
   <trkpt lat="47.29361" lon="11.403120000000001">
    <ele>997.1600000000001</ele>
   </trkpt>
   <trkpt lat="47.293580000000006" lon="11.403440000000002">
    <ele>997.84</ele>
   </trkpt>
   <trkpt lat="47.29368" lon="11.40346">
    <ele>997.84</ele>
   </trkpt>
   <trkpt lat="47.29377" lon="11.40352">
    <ele>998.1900000000002</ele>
   </trkpt>
   <trkpt lat="47.29383000000001" lon="11.403640000000001">
    <ele>998.5100000000001</ele>
   </trkpt>
   <trkpt lat="47.29386" lon="11.4038">
    <ele>999.3600000000001</ele>
   </trkpt>
   <trkpt lat="47.293870000000005" lon="11.404010000000001">
    <ele>1000.1900000000002</ele>
   </trkpt>
   <trkpt lat="47.29399" lon="11.404240000000001">
    <ele>1000.7400000000001</ele>
   </trkpt>
   <trkpt lat="47.29413" lon="11.404570000000001">
    <ele>1001.7500000000001</ele>
   </trkpt>
   <trkpt lat="47.29419" lon="11.404670000000001">
    <ele>1001.7500000000001</ele>
   </trkpt>
   <trkpt lat="47.294290000000004" lon="11.40473">
    <ele>1002.21</ele>
   </trkpt>
   <trkpt lat="47.294500000000006" lon="11.40478">
    <ele>1002.8000000000001</ele>
   </trkpt>
   <trkpt lat="47.29477000000001" lon="11.404720000000001">
    <ele>1003.39</ele>
   </trkpt>
   <trkpt lat="47.29493" lon="11.40478">
    <ele>1004.45</ele>
   </trkpt>
   <trkpt lat="47.29513" lon="11.404750000000002">
    <ele>1005.4300000000001</ele>
   </trkpt>
   <trkpt lat="47.295170000000006" lon="11.404760000000001">
    <ele>1005.4300000000001</ele>
   </trkpt>
   <trkpt lat="47.29522" lon="11.404800000000002">
    <ele>1005.4300000000001</ele>
   </trkpt>
   <trkpt lat="47.29529" lon="11.405050000000001">
    <ele>1005.2400000000001</ele>
   </trkpt>
   <trkpt lat="47.295350000000006" lon="11.405500000000002">
    <ele>1006.9000000000001</ele>
   </trkpt>
   <trkpt lat="47.2954" lon="11.405600000000002">
    <ele>1007.15</ele>
   </trkpt>
   <trkpt lat="47.295500000000004" lon="11.40567">
    <ele>1007.6</ele>
   </trkpt>
   <trkpt lat="47.29569" lon="11.405710000000001">
    <ele>1008.1900000000002</ele>
   </trkpt>
   <trkpt lat="47.295750000000005" lon="11.405750000000001">
    <ele>1009.0600000000001</ele>
   </trkpt>
   <trkpt lat="47.29603" lon="11.40623">
    <ele>1010.3</ele>
   </trkpt>
   <trkpt lat="47.29607000000001" lon="11.40638">
    <ele>1011.09</ele>
   </trkpt>
   <trkpt lat="47.296060000000004" lon="11.40651">
    <ele>1011.4000000000001</ele>
   </trkpt>
   <trkpt lat="47.29598000000001" lon="11.40679">
    <ele>1013.6200000000001</ele>
   </trkpt>
   <trkpt lat="47.29589000000001" lon="11.40694">
    <ele>1014.1900000000002</ele>
   </trkpt>
   <trkpt lat="47.295700000000004" lon="11.40722">
    <ele>1014.8700000000001</ele>
   </trkpt>
   <trkpt lat="47.296130000000005" lon="11.40831">
    <ele>1016.6700000000002</ele>
   </trkpt>
   <trkpt lat="47.296400000000006" lon="11.408840000000001">
    <ele>1018.0500000000001</ele>
   </trkpt>
   <trkpt lat="47.29661" lon="11.409120000000001">
    <ele>1018.7900000000001</ele>
   </trkpt>
   <trkpt lat="47.296870000000006" lon="11.40911">
    <ele>1020.99</ele>
   </trkpt>
   <trkpt lat="47.29693" lon="11.409180000000001">
    <ele>1020.99</ele>
   </trkpt>
   <trkpt lat="47.296960000000006" lon="11.409590000000001">
    <ele>1024.7</ele>
   </trkpt>
   <trkpt lat="47.29708" lon="11.409880000000001">
    <ele>1025.93</ele>
   </trkpt>
   <trkpt lat="47.29737" lon="11.410730000000001">
    <ele>1028.78</ele>
   </trkpt>
   <trkpt lat="47.29742" lon="11.410760000000002">
    <ele>1028.78</ele>
   </trkpt>
   <trkpt lat="47.297430000000006" lon="11.41046">
    <ele>1031.6000000000001</ele>
   </trkpt>
   <trkpt lat="47.29748000000001" lon="11.41014">
    <ele>1036.5300000000002</ele>
   </trkpt>
   <trkpt lat="47.297630000000005" lon="11.409600000000001">
    <ele>1039.92</ele>
   </trkpt>
   <trkpt lat="47.29769" lon="11.40911">
    <ele>1047.35</ele>
   </trkpt>
   <trkpt lat="47.29775" lon="11.408900000000001">
    <ele>1049.68</ele>
   </trkpt>
   <trkpt lat="47.297920000000005" lon="11.408560000000001">
    <ele>1053.66</ele>
   </trkpt>
   <trkpt lat="47.29793" lon="11.40848">
    <ele>1053.66</ele>
   </trkpt>
   <trkpt lat="47.29793" lon="11.408460000000002">
    <ele>1053.83</ele>
   </trkpt>
   <trkpt lat="47.297920000000005" lon="11.40817">
    <ele>1058.63</ele>
   </trkpt>
   <trkpt lat="47.29786000000001" lon="11.40788">
    <ele>1058.63</ele>
   </trkpt>
   <trkpt lat="47.29771" lon="11.40746">
    <ele>1067.63</ele>
   </trkpt>
   <trkpt lat="47.297610000000006" lon="11.406730000000001">
    <ele>1072.26</ele>
   </trkpt>
   <trkpt lat="47.297470000000004" lon="11.40619">
    <ele>1078.5200000000002</ele>
   </trkpt>
   <trkpt lat="47.29757" lon="11.40562">
    <ele>1078.74</ele>
   </trkpt>
   <trkpt lat="47.297520000000006" lon="11.405650000000001">
    <ele>1078.2900000000002</ele>
   </trkpt>
   <trkpt lat="47.29749" lon="11.405690000000002">
    <ele>1077.79</ele>
   </trkpt>
   <trkpt lat="47.297450000000005" lon="11.40587">
    <ele>1076.57</ele>
   </trkpt>
   <trkpt lat="47.29746" lon="11.405650000000001">
    <ele>1073.76</ele>
   </trkpt>
   <trkpt lat="47.29751" lon="11.4054">
    <ele>1072.1100000000001</ele>
   </trkpt>
   <trkpt lat="47.29749" lon="11.405240000000001">
    <ele>1070.27</ele>
   </trkpt>
   <trkpt lat="47.29755" lon="11.405090000000001">
    <ele>1069.16</ele>
   </trkpt>
   <trkpt lat="47.29753" lon="11.40506">
    <ele>1068.4900000000002</ele>
   </trkpt>
   <trkpt lat="47.29751" lon="11.40506">
    <ele>1068.4900000000002</ele>
   </trkpt>
   <trkpt lat="47.297430000000006" lon="11.405170000000002">
    <ele>1066.3100000000002</ele>
   </trkpt>
   <trkpt lat="47.29733" lon="11.405610000000001">
    <ele>1062.2800000000002</ele>
   </trkpt>
   <trkpt lat="47.29724" lon="11.405830000000002">
    <ele>1059.8100000000002</ele>
   </trkpt>
   <trkpt lat="47.29701000000001" lon="11.40618">
    <ele>1054.92</ele>
   </trkpt>
   <trkpt lat="47.297000000000004" lon="11.40628">
    <ele>1054.33</ele>
   </trkpt>
   <trkpt lat="47.29693" lon="11.40643">
    <ele>1052.0900000000001</ele>
   </trkpt>
   <trkpt lat="47.296890000000005" lon="11.40642">
    <ele>1051.3700000000001</ele>
   </trkpt>
   <trkpt lat="47.29688" lon="11.406390000000002">
    <ele>1051.3700000000001</ele>
   </trkpt>
   <trkpt lat="47.29693" lon="11.406160000000002">
    <ele>1047.74</ele>
   </trkpt>
   <trkpt lat="47.29692000000001" lon="11.406">
    <ele>1046.14</ele>
   </trkpt>
   <trkpt lat="47.296960000000006" lon="11.4059">
    <ele>1044.7000000000003</ele>
   </trkpt>
   <trkpt lat="47.29693" lon="11.40586">
    <ele>1043.92</ele>
   </trkpt>
   <trkpt lat="47.2969" lon="11.40587">
    <ele>1043.92</ele>
   </trkpt>
   <trkpt lat="47.29688" lon="11.4059">
    <ele>1043.92</ele>
   </trkpt>
   <trkpt lat="47.29686" lon="11.406030000000001">
    <ele>1041.47</ele>
   </trkpt>
   <trkpt lat="47.29672" lon="11.406260000000001">
    <ele>1038.31</ele>
   </trkpt>
   <trkpt lat="47.29665000000001" lon="11.406300000000002">
    <ele>1037.0700000000002</ele>
   </trkpt>
   <trkpt lat="47.29656000000001" lon="11.406440000000002">
    <ele>1034.84</ele>
   </trkpt>
   <trkpt lat="47.29648" lon="11.40661">
    <ele>1032.3600000000001</ele>
   </trkpt>
   <trkpt lat="47.29623" lon="11.406830000000001">
    <ele>1028.1</ele>
   </trkpt>
   <trkpt lat="47.29623" lon="11.406770000000002">
    <ele>1028.1</ele>
   </trkpt>
   <trkpt lat="47.29634" lon="11.40652">
    <ele>1023.5100000000001</ele>
   </trkpt>
   <trkpt lat="47.29634" lon="11.406490000000002">
    <ele>1023.5100000000001</ele>
   </trkpt>
   <trkpt lat="47.29632" lon="11.40647">
    <ele>1023.5100000000001</ele>
   </trkpt>
   <trkpt lat="47.296020000000006" lon="11.40684">
    <ele>1016.69</ele>
   </trkpt>
   <trkpt lat="47.2959" lon="11.406960000000002">
    <ele>1014.1900000000002</ele>
   </trkpt>
   <trkpt lat="47.29594" lon="11.40685">
    <ele>1013.6200000000001</ele>
   </trkpt>
   <trkpt lat="47.29583" lon="11.406880000000001">
    <ele>1011.23</ele>
   </trkpt>
   <trkpt lat="47.295730000000006" lon="11.40694">
    <ele>1010.4600000000002</ele>
   </trkpt>
   <trkpt lat="47.295550000000006" lon="11.40714">
    <ele>1007.1000000000001</ele>
   </trkpt>
   <trkpt lat="47.29496" lon="11.4075">
    <ele>998.01</ele>
   </trkpt>
   <trkpt lat="47.294940000000004" lon="11.407490000000001">
    <ele>998.01</ele>
   </trkpt>
   <trkpt lat="47.294940000000004" lon="11.407440000000001">
    <ele>996.99</ele>
   </trkpt>
   <trkpt lat="47.29498" lon="11.407350000000001">
    <ele>994.7300000000001</ele>
   </trkpt>
   <trkpt lat="47.29513" lon="11.407240000000002">
    <ele>991.95</ele>
   </trkpt>
   <trkpt lat="47.295190000000005" lon="11.40717">
    <ele>990.1500000000001</ele>
   </trkpt>
   <trkpt lat="47.295230000000004" lon="11.407070000000001">
    <ele>989.5400000000001</ele>
   </trkpt>
   <trkpt lat="47.29524000000001" lon="11.407020000000001">
    <ele>988.83</ele>
   </trkpt>
   <trkpt lat="47.29522" lon="11.40698">
    <ele>988.83</ele>
   </trkpt>
   <trkpt lat="47.29518" lon="11.40695">
    <ele>988.04</ele>
   </trkpt>
   <trkpt lat="47.29514" lon="11.406960000000002">
    <ele>986.33</ele>
   </trkpt>
   <trkpt lat="47.294850000000004" lon="11.407150000000001">
    <ele>980.1200000000001</ele>
   </trkpt>
   <trkpt lat="47.29466" lon="11.40732">
    <ele>976.98</ele>
   </trkpt>
   <trkpt lat="47.294520000000006" lon="11.407480000000001">
    <ele>975.01</ele>
   </trkpt>
   <trkpt lat="47.29439000000001" lon="11.407570000000002">
    <ele>973.7800000000001</ele>
   </trkpt>
   <trkpt lat="47.29404" lon="11.407940000000002">
    <ele>970.6000000000001</ele>
   </trkpt>
   <trkpt lat="47.29397" lon="11.40798">
    <ele>969.25</ele>
   </trkpt>
   <trkpt lat="47.293910000000004" lon="11.407940000000002">
    <ele>968.4100000000001</ele>
   </trkpt>
   <trkpt lat="47.293710000000004" lon="11.4075">
    <ele>962.3100000000001</ele>
   </trkpt>
   <trkpt lat="47.29361" lon="11.407150000000001">
    <ele>961.0600000000001</ele>
   </trkpt>
   <trkpt lat="47.29356000000001" lon="11.40709">
    <ele>955.96</ele>
   </trkpt>
   <trkpt lat="47.29343" lon="11.4067">
    <ele>954.5300000000001</ele>
   </trkpt>
   <trkpt lat="47.293380000000006" lon="11.406490000000002">
    <ele>953.62</ele>
   </trkpt>
   <trkpt lat="47.29328" lon="11.406210000000002">
    <ele>952.6300000000001</ele>
   </trkpt>
   <trkpt lat="47.29325" lon="11.406020000000002">
    <ele>952.44</ele>
   </trkpt>
   <trkpt lat="47.29317" lon="11.40586">
    <ele>952.09</ele>
   </trkpt>
   <trkpt lat="47.29314" lon="11.405990000000001">
    <ele>950.52</ele>
   </trkpt>
   <trkpt lat="47.29309000000001" lon="11.406110000000002">
    <ele>948.59</ele>
   </trkpt>
   <trkpt lat="47.29309000000001" lon="11.40629">
    <ele>946.3800000000001</ele>
   </trkpt>
   <trkpt lat="47.29314" lon="11.406460000000001">
    <ele>943.61</ele>
   </trkpt>
   <trkpt lat="47.29312" lon="11.40651">
    <ele>942.8900000000001</ele>
   </trkpt>
   <trkpt lat="47.29303" lon="11.40652">
    <ele>940.9200000000001</ele>
   </trkpt>
   <trkpt lat="47.293020000000006" lon="11.40656">
    <ele>940.9200000000001</ele>
   </trkpt>
   <trkpt lat="47.29303" lon="11.406600000000001">
    <ele>940.9200000000001</ele>
   </trkpt>
   <trkpt lat="47.29308" lon="11.406630000000002">
    <ele>939.36</ele>
   </trkpt>
   <trkpt lat="47.29309000000001" lon="11.40666">
    <ele>939.36</ele>
   </trkpt>
   <trkpt lat="47.29308" lon="11.4067">
    <ele>938.4300000000001</ele>
   </trkpt>
   <trkpt lat="47.292790000000004" lon="11.4069">
    <ele>931.33</ele>
   </trkpt>
   <trkpt lat="47.292750000000005" lon="11.406960000000002">
    <ele>929.94</ele>
   </trkpt>
   <trkpt lat="47.29274" lon="11.407020000000001">
    <ele>929.94</ele>
   </trkpt>
   <trkpt lat="47.292880000000004" lon="11.407190000000002">
    <ele>924.24</ele>
   </trkpt>
   <trkpt lat="47.29285" lon="11.40727">
    <ele>924.24</ele>
   </trkpt>
   <trkpt lat="47.29278" lon="11.40731">
    <ele>923.19</ele>
   </trkpt>
   <trkpt lat="47.29276" lon="11.40737">
    <ele>922.0600000000001</ele>
   </trkpt>
   <trkpt lat="47.29296" lon="11.407540000000001">
    <ele>913.72</ele>
   </trkpt>
   <trkpt lat="47.29301" lon="11.40775">
    <ele>908.1800000000001</ele>
   </trkpt>
   <trkpt lat="47.29298000000001" lon="11.407910000000001">
    <ele>905.9200000000001</ele>
   </trkpt>
   <trkpt lat="47.292880000000004" lon="11.408090000000001">
    <ele>903.2500000000001</ele>
   </trkpt>
   <trkpt lat="47.292680000000004" lon="11.408320000000002">
    <ele>898.4000000000001</ele>
   </trkpt>
   <trkpt lat="47.29249" lon="11.408470000000001">
    <ele>895.4300000000001</ele>
   </trkpt>
   <trkpt lat="47.292280000000005" lon="11.408600000000002">
    <ele>891.3700000000001</ele>
   </trkpt>
   <trkpt lat="47.292060000000006" lon="11.40867">
    <ele>889.0100000000001</ele>
   </trkpt>
   <trkpt lat="47.292" lon="11.40872">
    <ele>888.62</ele>
   </trkpt>
   <trkpt lat="47.291940000000004" lon="11.408840000000001">
    <ele>888.0000000000001</ele>
   </trkpt>
   <trkpt lat="47.291900000000005" lon="11.40886">
    <ele>887.47</ele>
   </trkpt>
   <trkpt lat="47.291830000000004" lon="11.40872">
    <ele>885.9500000000002</ele>
   </trkpt>
   <trkpt lat="47.291790000000006" lon="11.408740000000002">
    <ele>884.99</ele>
   </trkpt>
   <trkpt lat="47.291790000000006" lon="11.408990000000001">
    <ele>880.3900000000001</ele>
   </trkpt>
   <trkpt lat="47.291760000000004" lon="11.40906">
    <ele>880.3900000000001</ele>
   </trkpt>
   <trkpt lat="47.29169" lon="11.408980000000001">
    <ele>876.99</ele>
   </trkpt>
   <trkpt lat="47.29166000000001" lon="11.40887">
    <ele>874.83</ele>
   </trkpt>
   <trkpt lat="47.29158" lon="11.408800000000001">
    <ele>871.6700000000001</ele>
   </trkpt>
   <trkpt lat="47.291450000000005" lon="11.408740000000002">
    <ele>871.6700000000001</ele>
   </trkpt>
   <trkpt lat="47.291250000000005" lon="11.408880000000002">
    <ele>865.47</ele>
   </trkpt>
   <trkpt lat="47.29093" lon="11.40914">
    <ele>860.04</ele>
   </trkpt>
   <trkpt lat="47.290910000000004" lon="11.40914">
    <ele>859.1700000000001</ele>
   </trkpt>
   <trkpt lat="47.290910000000004" lon="11.4091">
    <ele>859.1700000000001</ele>
   </trkpt>
   <trkpt lat="47.290980000000005" lon="11.40906">
    <ele>858.1800000000001</ele>
   </trkpt>
   <trkpt lat="47.290980000000005" lon="11.409020000000002">
    <ele>855.04</ele>
   </trkpt>
   <trkpt lat="47.290960000000005" lon="11.409020000000002">
    <ele>855.04</ele>
   </trkpt>
   <trkpt lat="47.290870000000005" lon="11.409130000000001">
    <ele>854.08</ele>
   </trkpt>
   <trkpt lat="47.29072000000001" lon="11.409220000000001">
    <ele>850.3100000000001</ele>
   </trkpt>
   <trkpt lat="47.290760000000006" lon="11.409440000000002">
    <ele>845.7300000000001</ele>
   </trkpt>
   <trkpt lat="47.291030000000006" lon="11.409600000000001">
    <ele>841.74</ele>
   </trkpt>
   <trkpt lat="47.29101000000001" lon="11.40971">
    <ele>840.25</ele>
   </trkpt>
   <trkpt lat="47.290870000000005" lon="11.40971">
    <ele>837.96</ele>
   </trkpt>
   <trkpt lat="47.29093" lon="11.40984">
    <ele>834.0000000000001</ele>
   </trkpt>
   <trkpt lat="47.29095" lon="11.409980000000001">
    <ele>830.49</ele>
   </trkpt>
   <trkpt lat="47.29092000000001" lon="11.40999">
    <ele>830.49</ele>
   </trkpt>
   <trkpt lat="47.290800000000004" lon="11.409880000000001">
    <ele>827.49</ele>
   </trkpt>
   <trkpt lat="47.29075" lon="11.409870000000002">
    <ele>827.49</ele>
   </trkpt>
   <trkpt lat="47.2907" lon="11.409910000000002">
    <ele>823.74</ele>
   </trkpt>
   <trkpt lat="47.290670000000006" lon="11.40999">
    <ele>823.74</ele>
   </trkpt>
   <trkpt lat="47.290560000000006" lon="11.4099">
    <ele>820.49</ele>
   </trkpt>
   <trkpt lat="47.2905" lon="11.409920000000001">
    <ele>816.8100000000001</ele>
   </trkpt>
   <trkpt lat="47.29048" lon="11.40981">
    <ele>816.8100000000001</ele>
   </trkpt>
   <trkpt lat="47.290310000000005" lon="11.409690000000001">
    <ele>813.7800000000001</ele>
   </trkpt>
   <trkpt lat="47.29021" lon="11.40967">
    <ele>811.1700000000001</ele>
   </trkpt>
   <trkpt lat="47.290130000000005" lon="11.40952">
    <ele>808.5300000000001</ele>
   </trkpt>
   <trkpt lat="47.289950000000005" lon="11.409310000000001">
    <ele>805.42</ele>
   </trkpt>
   <trkpt lat="47.289880000000004" lon="11.40928">
    <ele>803.3100000000001</ele>
   </trkpt>
   <trkpt lat="47.289840000000005" lon="11.40914">
    <ele>801.7</ele>
   </trkpt>
   <trkpt lat="47.28985" lon="11.40901">
    <ele>799.82</ele>
   </trkpt>
   <trkpt lat="47.28989000000001" lon="11.408880000000002">
    <ele>794.78</ele>
   </trkpt>
   <trkpt lat="47.2899" lon="11.40872">
    <ele>794.78</ele>
   </trkpt>
   <trkpt lat="47.290060000000004" lon="11.408470000000001">
    <ele>790.58</ele>
   </trkpt>
   <trkpt lat="47.290040000000005" lon="11.40835">
    <ele>789.9100000000001</ele>
   </trkpt>
   <trkpt lat="47.28994" lon="11.40836">
    <ele>788.5300000000001</ele>
   </trkpt>
   <trkpt lat="47.289770000000004" lon="11.40803">
    <ele>783.6400000000001</ele>
   </trkpt>
   <trkpt lat="47.28958" lon="11.40798">
    <ele>781.61</ele>
   </trkpt>
   <trkpt lat="47.28949" lon="11.407820000000001">
    <ele>781.6</ele>
   </trkpt>
   <trkpt lat="47.28924000000001" lon="11.407770000000001">
    <ele>781.4000000000001</ele>
   </trkpt>
   <trkpt lat="47.28905" lon="11.407800000000002">
    <ele>779.94</ele>
   </trkpt>
   <trkpt lat="47.288970000000006" lon="11.40775">
    <ele>779.6200000000001</ele>
   </trkpt>
   <trkpt lat="47.288810000000005" lon="11.407800000000002">
    <ele>777.97</ele>
   </trkpt>
   <trkpt lat="47.28866000000001" lon="11.407610000000002">
    <ele>776.26</ele>
   </trkpt>
   <trkpt lat="47.288560000000004" lon="11.4076">
    <ele>773.6500000000001</ele>
   </trkpt>
   <trkpt lat="47.288430000000005" lon="11.40779">
    <ele>771.99</ele>
   </trkpt>
   <trkpt lat="47.288320000000006" lon="11.40788">
    <ele>771.7700000000001</ele>
   </trkpt>
   <trkpt lat="47.28824" lon="11.40788">
    <ele>771.7100000000002</ele>
   </trkpt>
   <trkpt lat="47.288160000000005" lon="11.407770000000001">
    <ele>771.5300000000001</ele>
   </trkpt>
   <trkpt lat="47.28810000000001" lon="11.407760000000001">
    <ele>771.49</ele>
   </trkpt>
   <trkpt lat="47.288050000000005" lon="11.4076">
    <ele>771.6400000000001</ele>
   </trkpt>
   <trkpt lat="47.287890000000004" lon="11.40736">
    <ele>771.58</ele>
   </trkpt>
   <trkpt lat="47.28782" lon="11.407380000000002">
    <ele>770.75</ele>
   </trkpt>
   <trkpt lat="47.28775" lon="11.407380000000002">
    <ele>770.27</ele>
   </trkpt>
   <trkpt lat="47.287690000000005" lon="11.407240000000002">
    <ele>767.57</ele>
   </trkpt>
   <trkpt lat="47.287530000000004" lon="11.40708">
    <ele>764.17</ele>
   </trkpt>
   <trkpt lat="47.28754000000001" lon="11.4069">
    <ele>760.26</ele>
   </trkpt>
   <trkpt lat="47.28748" lon="11.406770000000002">
    <ele>759.4000000000001</ele>
   </trkpt>
   <trkpt lat="47.28728" lon="11.406590000000001">
    <ele>757.0100000000001</ele>
   </trkpt>
   <trkpt lat="47.28717" lon="11.4067">
    <ele>755.87</ele>
   </trkpt>
   <trkpt lat="47.28705" lon="11.406680000000001">
    <ele>755.0400000000001</ele>
   </trkpt>
   <trkpt lat="47.28696" lon="11.40661">
    <ele>753.4200000000001</ele>
   </trkpt>
   <trkpt lat="47.28694" lon="11.40652">
    <ele>752.73</ele>
   </trkpt>
   <trkpt lat="47.28692" lon="11.40651">
    <ele>752.73</ele>
   </trkpt>
   <trkpt lat="47.28689000000001" lon="11.40653">
    <ele>752.73</ele>
   </trkpt>
   <trkpt lat="47.28685" lon="11.40648">
    <ele>750.4900000000001</ele>
   </trkpt>
   <trkpt lat="47.28685" lon="11.406360000000001">
    <ele>749.8100000000001</ele>
   </trkpt>
   <trkpt lat="47.286820000000006" lon="11.40633">
    <ele>748.57</ele>
   </trkpt>
   <trkpt lat="47.28681" lon="11.40633">
    <ele>748.57</ele>
   </trkpt>
   <trkpt lat="47.28680000000001" lon="11.40661">
    <ele>745.48</ele>
   </trkpt>
   <trkpt lat="47.28678000000001" lon="11.406690000000001">
    <ele>744.87</ele>
   </trkpt>
   <trkpt lat="47.28681" lon="11.406820000000002">
    <ele>744.29</ele>
   </trkpt>
   <trkpt lat="47.286770000000004" lon="11.406860000000002">
    <ele>741.4900000000001</ele>
   </trkpt>
   <trkpt lat="47.28671000000001" lon="11.406740000000001">
    <ele>741.4900000000001</ele>
   </trkpt>
   <trkpt lat="47.28672" lon="11.406630000000002">
    <ele>740.98</ele>
   </trkpt>
   <trkpt lat="47.2867" lon="11.406550000000001">
    <ele>740.08</ele>
   </trkpt>
   <trkpt lat="47.286680000000004" lon="11.406540000000001">
    <ele>740.08</ele>
   </trkpt>
   <trkpt lat="47.286660000000005" lon="11.40657">
    <ele>740.08</ele>
   </trkpt>
   <trkpt lat="47.28667" lon="11.406630000000002">
    <ele>738.3000000000001</ele>
   </trkpt>
   <trkpt lat="47.28665" lon="11.40675">
    <ele>737.75</ele>
   </trkpt>
   <trkpt lat="47.28669000000001" lon="11.40685">
    <ele>737.24</ele>
   </trkpt>
   <trkpt lat="47.286680000000004" lon="11.4069">
    <ele>735.87</ele>
   </trkpt>
   <trkpt lat="47.28665" lon="11.4069">
    <ele>735.87</ele>
   </trkpt>
   <trkpt lat="47.28660000000001" lon="11.4067">
    <ele>734.2400000000001</ele>
   </trkpt>
   <trkpt lat="47.28654" lon="11.40665">
    <ele>733.57</ele>
   </trkpt>
   <trkpt lat="47.28651000000001" lon="11.406550000000001">
    <ele>732.13</ele>
   </trkpt>
   <trkpt lat="47.286530000000006" lon="11.406450000000001">
    <ele>729.8800000000001</ele>
   </trkpt>
   <trkpt lat="47.28654" lon="11.406160000000002">
    <ele>727.45</ele>
   </trkpt>
   <trkpt lat="47.286570000000005" lon="11.406070000000001">
    <ele>727.45</ele>
   </trkpt>
   <trkpt lat="47.286500000000004" lon="11.406020000000002">
    <ele>723.7</ele>
   </trkpt>
   <trkpt lat="47.286480000000005" lon="11.40592">
    <ele>722.84</ele>
   </trkpt>
   <trkpt lat="47.28642000000001" lon="11.40582">
    <ele>721.4100000000001</ele>
   </trkpt>
   <trkpt lat="47.286390000000004" lon="11.405690000000002">
    <ele>720.8500000000001</ele>
   </trkpt>
   <trkpt lat="47.28643" lon="11.40563">
    <ele>719.43</ele>
   </trkpt>
   <trkpt lat="47.286440000000006" lon="11.40558">
    <ele>719.43</ele>
   </trkpt>
   <trkpt lat="47.286410000000004" lon="11.40553">
    <ele>718.92</ele>
   </trkpt>
   <trkpt lat="47.28633000000001" lon="11.405550000000002">
    <ele>718.92</ele>
   </trkpt>
   <trkpt lat="47.28629" lon="11.405520000000001">
    <ele>716.7600000000001</ele>
   </trkpt>
   <trkpt lat="47.286260000000006" lon="11.405470000000001">
    <ele>716.7600000000001</ele>
   </trkpt>
   <trkpt lat="47.28618" lon="11.40544">
    <ele>715.77</ele>
   </trkpt>
   <trkpt lat="47.28605" lon="11.40544">
    <ele>714.86</ele>
   </trkpt>
   <trkpt lat="47.28591" lon="11.405330000000001">
    <ele>713.34</ele>
   </trkpt>
   <trkpt lat="47.285810000000005" lon="11.40529">
    <ele>712.72</ele>
   </trkpt>
   <trkpt lat="47.285810000000005" lon="11.40515">
    <ele>712.6300000000001</ele>
   </trkpt>
   <trkpt lat="47.285740000000004" lon="11.40516">
    <ele>712.5100000000001</ele>
   </trkpt>
   <trkpt lat="47.28567" lon="11.405130000000002">
    <ele>712.23</ele>
   </trkpt>
   <trkpt lat="47.28557000000001" lon="11.404860000000001">
    <ele>710.94</ele>
   </trkpt>
   <trkpt lat="47.285500000000006" lon="11.40473">
    <ele>709.67</ele>
   </trkpt>
   <trkpt lat="47.28549" lon="11.4046">
    <ele>708.5100000000001</ele>
   </trkpt>
   <trkpt lat="47.28544" lon="11.404490000000001">
    <ele>707.7800000000001</ele>
   </trkpt>
   <trkpt lat="47.28537" lon="11.404150000000001">
    <ele>702.3100000000001</ele>
   </trkpt>
   <trkpt lat="47.285250000000005" lon="11.403970000000001">
    <ele>701.3100000000001</ele>
   </trkpt>
   <trkpt lat="47.285180000000004" lon="11.403910000000002">
    <ele>701.3100000000001</ele>
   </trkpt>
   <trkpt lat="47.285120000000006" lon="11.40399">
    <ele>701.62</ele>
   </trkpt>
   <trkpt lat="47.284870000000005" lon="11.40418">
    <ele>698.28</ele>
   </trkpt>
   <trkpt lat="47.28464" lon="11.404150000000001">
    <ele>697.59</ele>
   </trkpt>
   <trkpt lat="47.284470000000006" lon="11.40421">
    <ele>697.57</ele>
   </trkpt>
   <trkpt lat="47.28432" lon="11.404340000000001">
    <ele>697.4100000000001</ele>
   </trkpt>
   <trkpt lat="47.284000000000006" lon="11.40418">
    <ele>696.6300000000001</ele>
   </trkpt>
   <trkpt lat="47.28378000000001" lon="11.4039">
    <ele>695.0500000000001</ele>
   </trkpt>
   <trkpt lat="47.283710000000006" lon="11.403730000000001">
    <ele>695.1400000000001</ele>
   </trkpt>
   <trkpt lat="47.28336" lon="11.403490000000001">
    <ele>694.2700000000001</ele>
   </trkpt>
   <trkpt lat="47.283280000000005" lon="11.403360000000001">
    <ele>692.82</ele>
   </trkpt>
   <trkpt lat="47.28314" lon="11.403210000000001">
    <ele>692.5600000000001</ele>
   </trkpt>
   <trkpt lat="47.28311" lon="11.40309">
    <ele>691.89</ele>
   </trkpt>
   <trkpt lat="47.28309" lon="11.40286">
    <ele>690.1700000000001</ele>
   </trkpt>
   <trkpt lat="47.28307" lon="11.402830000000002">
    <ele>690.1700000000001</ele>
   </trkpt>
   <trkpt lat="47.28304000000001" lon="11.40286">
    <ele>690.1700000000001</ele>
   </trkpt>
   <trkpt lat="47.28302" lon="11.40328">
    <ele>684.71</ele>
   </trkpt>
   <trkpt lat="47.28314" lon="11.403590000000001">
    <ele>682.4300000000001</ele>
   </trkpt>
   <trkpt lat="47.283150000000006" lon="11.403630000000001">
    <ele>681.1700000000001</ele>
   </trkpt>
   <trkpt lat="47.283120000000004" lon="11.40366">
    <ele>681.1700000000001</ele>
   </trkpt>
   <trkpt lat="47.28293" lon="11.403350000000001">
    <ele>678.86</ele>
   </trkpt>
   <trkpt lat="47.28289" lon="11.40318">
    <ele>678.4</ele>
   </trkpt>
   <trkpt lat="47.282880000000006" lon="11.403030000000001">
    <ele>676.7500000000001</ele>
   </trkpt>
   <trkpt lat="47.28286000000001" lon="11.403020000000001">
    <ele>676.7500000000001</ele>
   </trkpt>
   <trkpt lat="47.28286000000001" lon="11.403260000000001">
    <ele>673.47</ele>
   </trkpt>
   <trkpt lat="47.282830000000004" lon="11.403250000000002">
    <ele>672.6700000000001</ele>
   </trkpt>
   <trkpt lat="47.282770000000006" lon="11.403080000000001">
    <ele>671.2600000000001</ele>
   </trkpt>
   <trkpt lat="47.28251" lon="11.4029">
    <ele>667.2</ele>
   </trkpt>
   <trkpt lat="47.28235" lon="11.40271">
    <ele>665.6700000000001</ele>
   </trkpt>
   <trkpt lat="47.28224" lon="11.40252">
    <ele>663.8000000000001</ele>
   </trkpt>
   <trkpt lat="47.282120000000006" lon="11.40243">
    <ele>661.95</ele>
   </trkpt>
   <trkpt lat="47.28210000000001" lon="11.402450000000002">
    <ele>661.1600000000001</ele>
   </trkpt>
   <trkpt lat="47.28213" lon="11.40263">
    <ele>658.7</ele>
   </trkpt>
   <trkpt lat="47.28219000000001" lon="11.40271">
    <ele>658.1700000000001</ele>
   </trkpt>
   <trkpt lat="47.282250000000005" lon="11.4029">
    <ele>657.39</ele>
   </trkpt>
   <trkpt lat="47.282320000000006" lon="11.40299">
    <ele>656.7</ele>
   </trkpt>
   <trkpt lat="47.28239000000001" lon="11.403210000000001">
    <ele>653.84</ele>
   </trkpt>
   <trkpt lat="47.28239000000001" lon="11.403310000000001">
    <ele>653.84</ele>
   </trkpt>
   <trkpt lat="47.28233" lon="11.40352">
    <ele>652.4300000000001</ele>
   </trkpt>
   <trkpt lat="47.28235" lon="11.40356">
    <ele>651.7900000000001</ele>
   </trkpt>
   <trkpt lat="47.28255" lon="11.403780000000001">
    <ele>648.82</ele>
   </trkpt>
   <trkpt lat="47.28258" lon="11.40384">
    <ele>648.0100000000001</ele>
   </trkpt>
   <trkpt lat="47.28257000000001" lon="11.40389">
    <ele>648.0100000000001</ele>
   </trkpt>
   <trkpt lat="47.28255" lon="11.4039">
    <ele>647.5200000000001</ele>
   </trkpt>
   <trkpt lat="47.28247" lon="11.403830000000001">
    <ele>646.93</ele>
   </trkpt>
   <trkpt lat="47.282410000000006" lon="11.40385">
    <ele>645.5900000000001</ele>
   </trkpt>
   <trkpt lat="47.282300000000006" lon="11.40375">
    <ele>644.07</ele>
   </trkpt>
   <trkpt lat="47.282180000000004" lon="11.403550000000001">
    <ele>643.37</ele>
   </trkpt>
   <trkpt lat="47.28215" lon="11.403550000000001">
    <ele>643.11</ele>
   </trkpt>
   <trkpt lat="47.282180000000004" lon="11.40371">
    <ele>642.24</ele>
   </trkpt>
   <trkpt lat="47.2824" lon="11.404150000000001">
    <ele>639.07</ele>
   </trkpt>
   <trkpt lat="47.282250000000005" lon="11.40407">
    <ele>637.0400000000001</ele>
   </trkpt>
   <trkpt lat="47.28188" lon="11.40375">
    <ele>631.0</ele>
   </trkpt>
   <trkpt lat="47.281800000000004" lon="11.40371">
    <ele>631.0</ele>
   </trkpt>
   <trkpt lat="47.281780000000005" lon="11.40361">
    <ele>627.35</ele>
   </trkpt>
   <trkpt lat="47.281740000000006" lon="11.403580000000002">
    <ele>627.35</ele>
   </trkpt>
   <trkpt lat="47.28173" lon="11.40338">
    <ele>628.66</ele>
   </trkpt>
   <trkpt lat="47.28159" lon="11.402600000000001">
    <ele>633.87</ele>
   </trkpt>
   <trkpt lat="47.281580000000005" lon="11.40238">
    <ele>638.6500000000001</ele>
   </trkpt>
   <trkpt lat="47.28163000000001" lon="11.402120000000002">
    <ele>638.6500000000001</ele>
   </trkpt>
   <trkpt lat="47.281600000000005" lon="11.401280000000002">
    <ele>642.9800000000001</ele>
   </trkpt>
   <trkpt lat="47.28164" lon="11.40103">
    <ele>644.02</ele>
   </trkpt>
   <trkpt lat="47.28168" lon="11.40089">
    <ele>643.57</ele>
   </trkpt>
   <trkpt lat="47.28175" lon="11.400830000000001">
    <ele>642.9800000000001</ele>
   </trkpt>
   <trkpt lat="47.281740000000006" lon="11.40074">
    <ele>642.4000000000001</ele>
   </trkpt>
   <trkpt lat="47.28191" lon="11.400640000000001">
    <ele>637.6800000000001</ele>
   </trkpt>
   <trkpt lat="47.28192000000001" lon="11.40055">
    <ele>636.8600000000001</ele>
   </trkpt>
   <trkpt lat="47.281870000000005" lon="11.40046">
    <ele>635.4399999999999</ele>
   </trkpt>
   <trkpt lat="47.28184" lon="11.40014">
    <ele>634.0</ele>
   </trkpt>
   <trkpt lat="47.281780000000005" lon="11.400170000000001">
    <ele>632.94</ele>
   </trkpt>
   <trkpt lat="47.281620000000004" lon="11.400110000000002">
    <ele>631.63</ele>
   </trkpt>
   <trkpt lat="47.281330000000004" lon="11.400070000000001">
    <ele>629.24</ele>
   </trkpt>
   <trkpt lat="47.280784999940785" lon="11.400160000942705">
    <ele>623.32</ele>
   </trkpt>
   <trkpt lat="47.280240000000006" lon="11.400250000000002">
    <ele>618.26</ele>
   </trkpt>
   <trkpt lat="47.28011" lon="11.400250000000002">
    <ele>616.21</ele>
   </trkpt>
   <trkpt lat="47.279990000000005" lon="11.400200000000002">
    <ele>616.21</ele>
   </trkpt>
   <trkpt lat="47.279900000000005" lon="11.400060000000002">
    <ele>614.48</ele>
   </trkpt>
   <trkpt lat="47.279590000000006" lon="11.3992">
    <ele>608.96</ele>
   </trkpt>
   <trkpt lat="47.27951" lon="11.39919">
    <ele>606.7</ele>
   </trkpt>
   <trkpt lat="47.27949" lon="11.39925">
    <ele>606.7</ele>
   </trkpt>
   <trkpt lat="47.279500000000006" lon="11.39938">
    <ele>606.7</ele>
   </trkpt>
   <trkpt lat="47.279680000000006" lon="11.399930000000001">
    <ele>602.53</ele>
   </trkpt>
   <trkpt lat="47.27975000000001" lon="11.400340000000002">
    <ele>596.98</ele>
   </trkpt>
   <trkpt lat="47.279740000000004" lon="11.40056">
    <ele>595.5400000000001</ele>
   </trkpt>
   <trkpt lat="47.27969" lon="11.4006">
    <ele>594.65</ele>
   </trkpt>
   <trkpt lat="47.27967" lon="11.400590000000001">
    <ele>594.65</ele>
   </trkpt>
   <trkpt lat="47.27944" lon="11.400150000000002">
    <ele>590.36</ele>
   </trkpt>
   <trkpt lat="47.27886" lon="11.399310000000002">
    <ele>579.8000000000001</ele>
   </trkpt>
   <trkpt lat="47.27881000000001" lon="11.39929">
    <ele>579.5300000000001</ele>
   </trkpt>
   <trkpt lat="47.278760000000005" lon="11.39939">
    <ele>578.5400000000001</ele>
   </trkpt>
   <trkpt lat="47.278740000000006" lon="11.399410000000001">
    <ele>578.2400000000001</ele>
   </trkpt>
   <trkpt lat="47.278620000000004" lon="11.399270000000001">
    <ele>576.26</ele>
   </trkpt>
   <trkpt lat="47.278310000000005" lon="11.39971">
    <ele>575.3900000000001</ele>
   </trkpt>
   <trkpt lat="47.27796000000001" lon="11.400010000000002">
    <ele>573.98</ele>
   </trkpt>
   <trkpt lat="47.2779" lon="11.39986">
    <ele>573.79</ele>
   </trkpt>
   <trkpt lat="47.277530000000006" lon="11.39938">
    <ele>573.69</ele>
   </trkpt>
   <trkpt lat="47.2775" lon="11.39943">
    <ele>573.91</ele>
   </trkpt>
   <trkpt lat="47.277370000000005" lon="11.399270000000001">
    <ele>574.08</ele>
   </trkpt>
   <trkpt lat="47.277240000000006" lon="11.39906">
    <ele>574.1</ele>
   </trkpt>
   <trkpt lat="47.276680000000006" lon="11.39849">
    <ele>574.2400000000001</ele>
   </trkpt>
   <trkpt lat="47.27655000000001" lon="11.39841">
    <ele>574.3900000000001</ele>
   </trkpt>
   <trkpt lat="47.276320000000005" lon="11.398140000000001">
    <ele>574.43</ele>
   </trkpt>
   <trkpt lat="47.27601000000001" lon="11.39783">
    <ele>574.4200000000001</ele>
   </trkpt>
   <trkpt lat="47.275890000000004" lon="11.39774">
    <ele>574.44</ele>
   </trkpt>
   <trkpt lat="47.27579" lon="11.3977">
    <ele>574.4200000000001</ele>
   </trkpt>
   <trkpt lat="47.27566" lon="11.397570000000002">
    <ele>574.2700000000001</ele>
   </trkpt>
   <trkpt lat="47.27553" lon="11.397530000000001">
    <ele>574.2700000000001</ele>
   </trkpt>
   <trkpt lat="47.27539" lon="11.39742">
    <ele>574.1500000000001</ele>
   </trkpt>
   <trkpt lat="47.275040000000004" lon="11.39723">
    <ele>573.71</ele>
   </trkpt>
   <trkpt lat="47.27476" lon="11.396970000000001">
    <ele>573.65</ele>
   </trkpt>
   <trkpt lat="47.27441" lon="11.396680000000002">
    <ele>574.0600000000001</ele>
   </trkpt>
   <trkpt lat="47.27436" lon="11.396780000000001">
    <ele>574.1500000000001</ele>
   </trkpt>
   <trkpt lat="47.273720000000004" lon="11.39625">
    <ele>574.3000000000001</ele>
   </trkpt>
   <trkpt lat="47.273140000000005" lon="11.39586">
    <ele>574.43</ele>
   </trkpt>
   <trkpt lat="47.273082516587635" lon="11.396987503689505">
    <ele>574.0200000000001</ele>
   </trkpt>
   <trkpt lat="47.27302502211631" lon="11.398115004929357">
    <ele>574.37</ele>
   </trkpt>
   <trkpt lat="47.27296751658609" lon="11.399242503719092">
    <ele>574.9200000000001</ele>
   </trkpt>
   <trkpt lat="47.27291" lon="11.40037">
    <ele>575.58</ele>
   </trkpt>
   <trkpt lat="47.272790004508344" lon="11.401385002070823">
    <ele>575.65</ele>
   </trkpt>
   <trkpt lat="47.272670000000005" lon="11.4024">
    <ele>575.79</ele>
   </trkpt>
   <trkpt lat="47.272600000000004" lon="11.4024">
    <ele>575.6800000000001</ele>
   </trkpt>
   <trkpt lat="47.27255" lon="11.402470000000001">
    <ele>575.6800000000001</ele>
   </trkpt>
   <trkpt lat="47.272540000000006" lon="11.40252">
    <ele>575.6</ele>
   </trkpt>
   <trkpt lat="47.272540000000006" lon="11.40263">
    <ele>575.7800000000001</ele>
   </trkpt>
   <trkpt lat="47.272560000000006" lon="11.40267">
    <ele>575.7800000000001</ele>
   </trkpt>
   <trkpt lat="47.27263000000001" lon="11.40272">
    <ele>575.7800000000001</ele>
   </trkpt>
   <trkpt lat="47.272495005411564" lon="11.403835002810954">
    <ele>575.5600000000001</ele>
   </trkpt>
   <trkpt lat="47.272360000000006" lon="11.404950000000001">
    <ele>575.16</ele>
   </trkpt>
   <trkpt lat="47.271640000000005" lon="11.40487">
    <ele>575.58</ele>
   </trkpt>
   <trkpt lat="47.27165" lon="11.405090000000001">
    <ele>575.21</ele>
   </trkpt>
  </trkseg>
 </trk>
</gpx>
