{
"type": "FeatureCollection",
"name": "tracks",
"crs": { "type": "name", "properties": { "name": "urn:ogc:def:crs:OGC:1.3:CRS84" } },
"features": [
{ "type": "Feature", "properties": { "name": "Unterland I", "elevation gain": 438, "elevation loss": -530, "length": 20.80671557371301 }, "geometry": { "type": "MultiLineString", "coordinates": [ [ [ 11.701888999179994, 47.350304002779865, 537.474853515625 ], [ 11.701685999179524, 47.350377002780007, 531.44842529296875 ], [ 11.700794999177491, 47.350700002780705, 534.36260986328125 ], [ 11.700319999176397, 47.350882002781105, 535.8203125 ], [ 11.700252999176245, 47.350908002781139, 536.02276611328125 ], [ 11.700031999175739, 47.350987002781338, 536.24346923828125 ], [ 11.699766999175125, 47.351081002781541, 536.557373046875 ], [ 11.699318999174109, 47.351261002781925, 536.7406005859375 ], [ 11.69926099917396, 47.351316002782028, 536.87005615234375 ], [ 11.699209999173847, 47.351357002782137, 537.0279541015625 ], [ 11.699199999173818, 47.3513800027822, 537.0279541015625 ], [ 11.69924499917391, 47.351481002782386, 537.0467529296875 ], [ 11.699271999173968, 47.351541002782525, 537.08892822265625 ], [ 11.699300999174028, 47.351644002782734, 537.05706787109375 ], [ 11.699339999174107, 47.351701002782846, 537.0875244140625 ], [ 11.699747999174987, 47.352271002784057, 537.26385498046875 ], [ 11.69974699917498, 47.352270002784032, 537.26385498046875 ], [ 11.700015999175552, 47.352646002784844, 537.3641357421875 ], [ 11.700103999175742, 47.352779002785127, 537.5001220703125 ], [ 11.700188999175916, 47.352943002785459, 537.48516845703125 ], [ 11.700277999176109, 47.353070002785728, 537.5487060546875 ], [ 11.700320999176197, 47.353125002785831, 537.521484375 ], [ 11.700351999176267, 47.353159002785922, 537.56805419921875 ], [ 11.7004109991764, 47.353176002785922, 537.56805419921875 ], [ 11.700448999176485, 47.353198002785994, 537.58905029296875 ], [ 11.700477999176547, 47.353226002786066, 537.58905029296875 ], [ 11.700493999176578, 47.353257002786101, 537.52459716796875 ], [ 11.700498999176592, 47.353292002786191, 537.5462646484375 ], [ 11.700488999176564, 47.353326002786282, 537.5462646484375 ], [ 11.70046599917651, 47.353357002786353, 537.67498779296875 ], [ 11.700431999176429, 47.353383002786366, 537.633056640625 ], [ 11.700359999176268, 47.353409002786435, 537.7559814453125 ], [ 11.700277999176082, 47.353413002786453, 537.8641357421875 ], [ 11.700211999175929, 47.353397002786416, 537.906494140625 ], [ 11.700058999175583, 47.353423002786478, 537.99224853515625 ], [ 11.699910999175248, 47.35344800278655, 537.99530029296875 ], [ 11.699653999174664, 47.353522002786718, 538.20672607421875 ], [ 11.69925099917374, 47.353621002786916, 538.51336669921875 ], [ 11.698247999171452, 47.353840002787408, 539.48150634765625 ], [ 11.698178999171299, 47.353857002787457, 539.5655517578125 ], [ 11.697970999170826, 47.353909002787567, 539.9873046875 ], [ 11.697797999170424, 47.353998002787755, 541.24041748046875 ], [ 11.697674999170131, 47.354106002787972, 541.83154296875 ], [ 11.697589999169928, 47.354266002788336, 543.32061767578125 ], [ 11.697584999169905, 47.354390002788591, 544.533447265625 ], [ 11.697647999170037, 47.354551002788945, 545.7806396484375 ], [ 11.697705999170156, 47.354613002789058, 546.69036865234375 ], [ 11.69812299917106, 47.355060002789969, 552.2156982421875 ], [ 11.698194999171212, 47.35517800279024, 553.21087646484375 ], [ 11.698214999171247, 47.355314002790521, 554.3642578125 ], [ 11.698198999171195, 47.355438002790784, 555.7135009765625 ], [ 11.698172999171138, 47.355496002790929, 556.16851806640625 ], [ 11.698071999170892, 47.35561400279115, 557.7452392578125 ], [ 11.69801999917078, 47.355655002791252, 558.3238525390625 ], [ 11.697952999170626, 47.355697002791359, 558.97161865234375 ], [ 11.697718999170089, 47.355794002791548, 560.6787109375 ], [ 11.697691999170024, 47.355800002791568, 560.6787109375 ], [ 11.697505999169605, 47.355824002791636, 562.194580078125 ], [ 11.697370999169303, 47.35582800279164, 563.05731201171875 ], [ 11.697221999168965, 47.3558070027916, 564.33447265625 ], [ 11.696959999168374, 47.355705002791382, 566.3948974609375 ], [ 11.696767999167962, 47.355532002791023, 567.89404296875 ], [ 11.696638999167677, 47.355413002790762, 568.61614990234375 ], [ 11.696610999167619, 47.355404002790749, 568.61614990234375 ], [ 11.696400999167153, 47.35533900279065, 569.46624755859375 ], [ 11.696185999166667, 47.355338002790653, 570.84820556640625 ], [ 11.696051999166359, 47.355380002790739, 571.59259033203125 ], [ 11.695949999166119, 47.355414002790802, 572.8243408203125 ], [ 11.695873999165942, 47.355524002791036, 573.9755859375 ], [ 11.695946999166084, 47.355774002791563, 574.6654052734375 ], [ 11.696006999166205, 47.355903002791827, 575.3372802734375 ], [ 11.696178999166566, 47.356269002792594, 578.80242919921875 ], [ 11.696170999166535, 47.356381002792837, 580.3397216796875 ], [ 11.696056999166265, 47.356504002793095, 581.51629638671875 ], [ 11.695802999165673, 47.356739002793617, 585.21148681640625 ], [ 11.695634999165284, 47.356872002793899, 586.89849853515625 ], [ 11.695313999164535, 47.357137002794467, 590.706787109375 ], [ 11.695155999164164, 47.357269002794744, 592.63671875 ], [ 11.695060999163939, 47.357373002794972, 593.87579345703125 ], [ 11.694901999163562, 47.357548002795319, 596.47003173828125 ], [ 11.694663999163017, 47.357674002795619, 599.12872314453125 ], [ 11.694540999162724, 47.35772700279572, 600.40557861328125 ], [ 11.69446199916255, 47.357762002795809, 601.36181640625 ], [ 11.694233999162025, 47.357876002796033, 604.20587158203125 ], [ 11.694126999161782, 47.357884002796048, 605.4398193359375 ], [ 11.693951999161388, 47.357880002796072, 607.25250244140625 ], [ 11.693759999160955, 47.357874002796045, 608.96917724609375 ], [ 11.69313199915954, 47.357850002796013, 615.64776611328125 ], [ 11.693042999159342, 47.357816002795943, 617.07666015625 ], [ 11.692948999159121, 47.357893002796104, 617.96307373046875 ], [ 11.692894999158993, 47.357986002796316, 619.6258544921875 ], [ 11.692789999158741, 47.358168002796717, 622.6190185546875 ], [ 11.692765999158659, 47.358470002797326, 627.05242919921875 ], [ 11.692775999158664, 47.358572002797551, 628.023193359375 ], [ 11.692795999158706, 47.358641002797697, 629.30865478515625 ], [ 11.692836999158798, 47.358718002797858, 630.5960693359375 ], [ 11.692890999158914, 47.358777002797986, 631.2696533203125 ], [ 11.69295999915906, 47.358825002798085, 632.09765625 ], [ 11.693064999159304, 47.35885900279817, 633.60137939453125 ], [ 11.693317999159866, 47.35889100279821, 636.58905029296875 ], [ 11.693398999160047, 47.358906002798271, 637.52056884765625 ], [ 11.693429999160116, 47.358876002798191, 638.215087890625 ], [ 11.693457999160183, 47.358859002798148, 638.215087890625 ], [ 11.693501999160285, 47.358835002798088, 639.10491943359375 ], [ 11.693606999160526, 47.358800002798013, 640.17279052734375 ], [ 11.693700999160743, 47.358784002797989, 641.3560791015625 ], [ 11.693798999160967, 47.358787002797982, 641.9957275390625 ], [ 11.693899999161193, 47.358803002798041, 643.228271484375 ], [ 11.694058999161546, 47.358849002798117, 644.5283203125 ], [ 11.694197999161855, 47.358905002798217, 646.0731201171875 ], [ 11.694337999162169, 47.35897000279838, 648.2445068359375 ], [ 11.694465999162448, 47.359044002798498, 649.4774169921875 ], [ 11.694548999162631, 47.359110002798637, 651.26983642578125 ], [ 11.694627999162794, 47.359209002798849, 652.82958984375 ], [ 11.694832999163234, 47.359468002799389, 657.04351806640625 ], [ 11.695167999163962, 47.359792002800077, 661.79345703125 ], [ 11.695729999165192, 47.36024700280101, 672.9700927734375 ], [ 11.69639499916666, 47.360638002801828, 678.5618896484375 ], [ 11.696769999167488, 47.360860002802298, 684.2115478515625 ], [ 11.697274999168606, 47.361175002802952, 692.43603515625 ], [ 11.69793999917008, 47.361478002803551, 701.52117919921875 ], [ 11.698365999171015, 47.361771002804176, 707.84149169921875 ], [ 11.69880999917199, 47.362045002804756, 714.474609375 ], [ 11.699228999172915, 47.362269002805185, 718.15167236328125 ], [ 11.700005999174644, 47.362674002806038, 725.821044921875 ], [ 11.700925999176679, 47.363108002806918, 734.025634765625 ], [ 11.702117999179345, 47.363448002807601, 742.36126708984375 ], [ 11.702510999180209, 47.363658002808037, 746.6563720703125 ], [ 11.702776999180793, 47.363816002808356, 751.20684814453125 ], [ 11.702779999180766, 47.364258002809315, 754.88433837890625 ], [ 11.702793999180791, 47.364322002809438, 754.71966552734375 ], [ 11.702822999180848, 47.36445400280973, 754.73321533203125 ], [ 11.702883999180958, 47.364763002810378, 754.87994384765625 ], [ 11.702890999180951, 47.364924002810689, 754.98052978515625 ], [ 11.702875999180913, 47.365051002810993, 755.1572265625 ], [ 11.702714999180488, 47.365794002812564, 756.6953125 ], [ 11.702656999180338, 47.365983002812953, 757.452392578125 ], [ 11.702594999180182, 47.366151002813318, 758.951171875 ], [ 11.702541999180056, 47.366234002813492, 758.9263916015625 ], [ 11.70247199917989, 47.366305002813647, 759.31878662109375 ], [ 11.702372999179648, 47.366369002813769, 760.2705078125 ], [ 11.702286999179467, 47.366396002813829, 760.58209228515625 ], [ 11.701497999177679, 47.366414002813883, 764.91864013671875 ], [ 11.701383999177425, 47.366407002813894, 765.759521484375 ], [ 11.701271999177171, 47.366389002813854, 766.24456787109375 ], [ 11.701116999176824, 47.366355002813783, 767.248046875 ], [ 11.700973999176499, 47.366309002813686, 767.90325927734375 ], [ 11.700698999175891, 47.366175002813399, 769.42645263671875 ], [ 11.70008899917455, 47.36577300281256, 772.584228515625 ], [ 11.699916999174174, 47.365682002812399, 773.18829345703125 ], [ 11.699506999173259, 47.365517002812041, 774.64300537109375 ], [ 11.69895299917202, 47.36529600281159, 776.05950927734375 ], [ 11.69812499917019, 47.364923002810833, 779.0020751953125 ], [ 11.697736999169324, 47.364769002810519, 780.41290283203125 ], [ 11.697590999169, 47.364731002810423, 781.0029296875 ], [ 11.697088999167869, 47.364642002810278, 782.83892822265625 ], [ 11.696896999167443, 47.364586002810171, 783.7227783203125 ], [ 11.696320999166165, 47.364370002809714, 786.7366943359375 ], [ 11.695803999165008, 47.364193002809358, 789.39337158203125 ], [ 11.695586999164528, 47.364128002809217, 790.32708740234375 ], [ 11.695347999163989, 47.364074002809119, 791.76239013671875 ], [ 11.695245999163758, 47.364069002809103, 792.75567626953125 ], [ 11.695159999163561, 47.364083002809132, 793.28668212890625 ], [ 11.695095999163419, 47.364122002809225, 793.7945556640625 ], [ 11.695051999163317, 47.36416600280932, 793.93621826171875 ], [ 11.695045999163296, 47.364210002809422, 794.302001953125 ], [ 11.695060999163326, 47.364273002809547, 794.74627685546875 ], [ 11.69510299916341, 47.36432900280964, 796.27606201171875 ], [ 11.695365999163991, 47.36454700281012, 796.345947265625 ], [ 11.695753999164836, 47.36484000281073, 800.402099609375 ], [ 11.696005999165395, 47.365049002811176, 802.6944580078125 ], [ 11.696194999165805, 47.365184002811432, 804.89129638671875 ], [ 11.696498999166478, 47.365358002811817, 808.566162109375 ], [ 11.696553999166593, 47.365407002811878, 809.43585205078125 ], [ 11.696583999166657, 47.365468002812023, 810.818359375 ], [ 11.696591999166669, 47.365537002812182, 811.40765380859375 ], [ 11.696579999166641, 47.365658002812452, 813.3359375 ], [ 11.696596999166655, 47.36577000281266, 814.7022705078125 ], [ 11.696664999166794, 47.365959002813064, 817.866943359375 ], [ 11.696710999166882, 47.366200002813549, 821.672607421875 ], [ 11.696749999166965, 47.366260002813696, 822.36749267578125 ], [ 11.696820999167114, 47.366318002813827, 823.23480224609375 ], [ 11.69687899916725, 47.366354002813893, 824.25390625 ], [ 11.697140999167829, 47.366445002814082, 827.5411376953125 ], [ 11.697275999168129, 47.366507002814188, 829.0408935546875 ], [ 11.697340999168274, 47.366544002814301, 830.25732421875 ], [ 11.697388999168378, 47.366582002814361, 831.9825439453125 ], [ 11.697447999168501, 47.366657002814506, 832.26947021484375 ], [ 11.697608999168834, 47.367012002815265, 837.13787841796875 ], [ 11.697604999168822, 47.367096002815472, 837.60528564453125 ], [ 11.697578999168753, 47.36717100281561, 838.593994140625 ], [ 11.697494999168555, 47.367287002815857, 839.846435546875 ], [ 11.697437999168425, 47.367349002815985, 840.45977783203125 ], [ 11.697352999168221, 47.367408002816113, 841.04010009765625 ], [ 11.697278999168057, 47.367443002816188, 841.650390625 ], [ 11.697175999167815, 47.367481002816284, 842.66278076171875 ], [ 11.696967999167343, 47.367536002816379, 844.32763671875 ], [ 11.696863999167105, 47.367579002816491, 845.1417236328125 ], [ 11.696796999166949, 47.367628002816588, 846.62451171875 ], [ 11.696754999166849, 47.367687002816723, 847.8282470703125 ], [ 11.696736999166806, 47.367743002816837, 848.5302734375 ], [ 11.696730999166784, 47.367819002816987, 850.0543212890625 ], [ 11.696753999166834, 47.367885002817125, 850.85577392578125 ], [ 11.696796999166917, 47.367967002817295, 852.6087646484375 ], [ 11.696844999167016, 47.368030002817413, 853.4698486328125 ], [ 11.696911999167163, 47.368078002817512, 855.25848388671875 ], [ 11.69699499916735, 47.368114002817606, 856.540771484375 ], [ 11.697186999167782, 47.368181002817735, 859.29638671875 ], [ 11.697355999168156, 47.368251002817907, 860.9423828125 ], [ 11.697525999168535, 47.368333002818055, 863.27142333984375 ], [ 11.697653999168823, 47.368376002818145, 864.51361083984375 ], [ 11.697754999169048, 47.368398002818196, 865.0040283203125 ], [ 11.697863999169286, 47.368406002818197, 866.11431884765625 ], [ 11.698081999169785, 47.368409002818204, 868.523681640625 ], [ 11.698155999169945, 47.368429002818232, 869.21673583984375 ], [ 11.698222999170094, 47.368462002818326, 870.77532958984375 ], [ 11.698301999170269, 47.368528002818429, 871.55926513671875 ], [ 11.698378999170435, 47.368619002818654, 872.761474609375 ], [ 11.698423999170519, 47.368716002818836, 873.71826171875 ], [ 11.698523999170723, 47.369015002819474, 877.05029296875 ], [ 11.698672999171045, 47.369210002819869, 878.5186767578125 ], [ 11.698984999171731, 47.369443002820375, 881.65606689453125 ], [ 11.699250999172316, 47.369614002820732, 883.5599365234375 ], [ 11.698570999170743, 47.369993002821545, 890.46392822265625 ], [ 11.698429999170422, 47.370038002821644, 891.7374267578125 ], [ 11.698225999169969, 47.370028002821627, 893.46734619140625 ], [ 11.698034999169534, 47.369980002821507, 894.9932861328125 ], [ 11.697819999169058, 47.369886002821325, 896.9075927734375 ], [ 11.69768799916876, 47.369828002821187, 898.21539306640625 ], [ 11.69731999916795, 47.369623002820767, 901.96649169921875 ], [ 11.696878999166962, 47.369495002820528, 905.30364990234375 ], [ 11.696649999166452, 47.369507002820569, 906.4638671875 ], [ 11.696035999165048, 47.369656002820896, 911.905517578125 ], [ 11.695709999164308, 47.369679002820931, 914.85052490234375 ], [ 11.694945999162597, 47.369512002820613, 922.4256591796875 ], [ 11.694764999162183, 47.369524002820633, 924.43646240234375 ], [ 11.694168999160832, 47.369658002820948, 931.65863037109375 ], [ 11.693744999159858, 47.369842002821343, 936.66558837890625 ], [ 11.693563999159435, 47.369973002821631, 938.62701416015625 ], [ 11.692963999158035, 47.370466002822695, 946.84259033203125 ], [ 11.692764999157568, 47.370674002823122, 949.707763671875 ], [ 11.692330999156557, 47.370946002823722, 954.81927490234375 ], [ 11.692043999155871, 47.371402002824702, 960.92657470703125 ], [ 11.691963999155682, 47.371494002824868, 962.520263671875 ], [ 11.69181199915532, 47.371665002825239, 964.93414306640625 ], [ 11.69146899915453, 47.371846002825642, 969.57391357421875 ], [ 11.69093699915331, 47.372073002826134, 977.1141357421875 ], [ 11.690514999152319, 47.372453002826937, 985.8863525390625 ], [ 11.68977799915063, 47.372712002827519, 993.72235107421875 ], [ 11.688909999148647, 47.372929002827995, 1002.56341552734375 ], [ 11.688832999148477, 47.372949002828037, 1002.995849609375 ], [ 11.687823999146188, 47.373095002828357, 1011.478515625 ], [ 11.687367999145135, 47.373277002828786, 1011.68927001953125 ], [ 11.687035999144367, 47.373480002829211, 1010.35443115234375 ], [ 11.686822999143873, 47.373573002829417, 1008.6517333984375 ], [ 11.686799999143821, 47.373628002829534, 1008.0931396484375 ], [ 11.686182999142412, 47.373810002829927, 1010.09735107421875 ], [ 11.685667999141243, 47.373888002830107, 1016.98504638671875 ], [ 11.685047999139819, 47.374075002830516, 1019.92987060546875 ], [ 11.684285999138076, 47.374314002831042, 1021.4478759765625 ], [ 11.68418099913783, 47.3744370028313, 1018.8621826171875 ], [ 11.683504999136289, 47.374555002831556, 1017.0928955078125 ], [ 11.683566999136428, 47.374617002831705, 1014.4395751953125 ], [ 11.683927999137246, 47.374593002831624, 1014.6009521484375 ], [ 11.684357999138214, 47.374597002831621, 1010.61419677734375 ], [ 11.6847949991392, 47.374634002831698, 1002.88763427734375 ], [ 11.685141999139976, 47.374722002831881, 996.67059326171875 ], [ 11.685363999140483, 47.374633002831693, 994.32159423828125 ], [ 11.685628999141084, 47.374701002831834, 993.5596923828125 ], [ 11.685985999141877, 47.374743002831899, 986.66839599609375 ], [ 11.686048999142034, 47.374646002831696, 985.34393310546875 ], [ 11.686557999143181, 47.374620002831634, 979.20465087890625 ], [ 11.686765999143663, 47.374557002831494, 976.33221435546875 ], [ 11.68698299914416, 47.374402002831168, 973.84661865234375 ], [ 11.687345999144997, 47.374290002830918, 968.23980712890625 ], [ 11.687623999145631, 47.374273002830876, 965.7154541015625 ], [ 11.688028999146548, 47.374202002830707, 966.0435791015625 ], [ 11.688704999148072, 47.374243002830774, 955.61944580078125 ], [ 11.688962999148657, 47.374226002830746, 949.26251220703125 ], [ 11.689007999148753, 47.374235002830723, 948.56744384765625 ], [ 11.689227999149249, 47.374280002830844, 944.029541015625 ], [ 11.689720999150362, 47.374273002830833, 938.3311767578125 ], [ 11.689964999150925, 47.374149002830549, 937.09393310546875 ], [ 11.690302999151672, 47.374340002830927, 931.5084228515625 ], [ 11.690560999152263, 47.374311002830879, 930.33551025390625 ], [ 11.69090699915302, 47.374531002831318, 923.5823974609375 ], [ 11.691284999153867, 47.374632002831525, 918.41595458984375 ], [ 11.691527999154431, 47.374436002831089, 917.0640869140625 ], [ 11.691801999155039, 47.374527002831293, 908.091552734375 ], [ 11.692307999156197, 47.374423002831072, 905.7386474609375 ], [ 11.692386999156398, 47.374210002830608, 908.41558837890625 ], [ 11.692670999157057, 47.374013002830189, 901.21661376953125 ], [ 11.692977999157749, 47.373940002830039, 898.50518798828125 ], [ 11.693313999158521, 47.373875002829855, 893.29046630859375 ], [ 11.693415999158784, 47.37347600282903, 890.13916015625 ], [ 11.693569999159159, 47.373212002828467, 886.81915283203125 ], [ 11.693926999159983, 47.373014002828064, 876.153564453125 ], [ 11.694112999160414, 47.3729020028278, 875.84259033203125 ], [ 11.694331999160914, 47.37284700282769, 872.86749267578125 ], [ 11.69420299916063, 47.372743002827463, 871.40203857421875 ], [ 11.694065999160351, 47.372444002826839, 852.710693359375 ], [ 11.694232999160739, 47.372333002826593, 850.79644775390625 ], [ 11.694457999161267, 47.372024002825938, 855.65118408203125 ], [ 11.694559999161502, 47.372006002825898, 849.540283203125 ], [ 11.694548999161455, 47.372253002826412, 843.71722412109375 ], [ 11.694961999162356, 47.372591002827122, 828.212646484375 ], [ 11.695151999162777, 47.372677002827317, 824.6697998046875 ], [ 11.695202999162893, 47.372725002827416, 823.31280517578125 ], [ 11.695535999163639, 47.372789002827531, 817.001953125 ], [ 11.695675999163955, 47.372855002827684, 815.05108642578125 ], [ 11.69570399916401, 47.372876002827688, 813.9970703125 ], [ 11.695742999164086, 47.372960002827888, 812.81243896484375 ], [ 11.695766999164128, 47.373140002828258, 808.981689453125 ], [ 11.695810999164223, 47.373224002828437, 806.82391357421875 ], [ 11.695876999164362, 47.373282002828567, 804.69854736328125 ], [ 11.695944999164507, 47.373381002828758, 802.851318359375 ], [ 11.6960779991648, 47.373521002829044, 800.66204833984375 ], [ 11.696128999164907, 47.373614002829264, 799.475830078125 ], [ 11.696063999164759, 47.373614002829264, 798.88482666015625 ], [ 11.695995999164602, 47.373627002829288, 798.882080078125 ], [ 11.695929999164449, 47.373669002829345, 798.99761962890625 ], [ 11.695872999164308, 47.373766002829569, 797.27471923828125 ], [ 11.695783999164099, 47.373864002829791, 797.93914794921875 ], [ 11.695626999163741, 47.373933002829951, 793.19219970703125 ], [ 11.695446999163334, 47.373992002830072, 795.01031494140625 ], [ 11.695135999162606, 47.374211002830528, 789.01324462890625 ], [ 11.694719999161633, 47.374570002831312, 782.49029541015625 ], [ 11.694719999161633, 47.374570002831312, 782.49029541015625 ], [ 11.694356999160787, 47.374885002831981, 782.73748779296875 ], [ 11.694264999160573, 47.374975002832166, 783.391845703125 ], [ 11.694093999160161, 47.375198002832661, 786.1729736328125 ], [ 11.693896999159705, 47.375354002832985, 788.46002197265625 ], [ 11.693808999159495, 47.37542500283314, 786.24517822265625 ], [ 11.693707999159265, 47.375506002833305, 788.46746826171875 ], [ 11.693643999159118, 47.375553002833414, 790.90234375 ], [ 11.693496999158771, 47.375637002833614, 793.48321533203125 ], [ 11.693416999158586, 47.375691002833719, 793.96734619140625 ], [ 11.693398999158534, 47.375799002833936, 796.41546630859375 ], [ 11.693506999158769, 47.375938002834225, 799.16864013671875 ], [ 11.693526999158809, 47.376052002834449, 801.87823486328125 ], [ 11.693521999158785, 47.376167002834705, 803.81243896484375 ], [ 11.693599999158947, 47.376294002834975, 806.4468994140625 ], [ 11.693590999158921, 47.376440002835295, 808.380859375 ], [ 11.693542999158796, 47.376527002835459, 810.78216552734375 ], [ 11.693271999158164, 47.376747002835941, 815.725830078125 ], [ 11.693298999158227, 47.376788002836037, 816.47137451171875 ], [ 11.693381999158408, 47.37679500283604, 818.51873779296875 ], [ 11.693813999159397, 47.376657002835735, 825.48602294921875 ], [ 11.694211999160313, 47.376464002835306, 830.96295166015625 ], [ 11.694280999160478, 47.376325002835024, 832.98553466796875 ], [ 11.694301999160553, 47.376117002834583, 836.305908203125 ], [ 11.694372999160711, 47.376108002834563, 836.53472900390625 ], [ 11.694456999160902, 47.376152002834665, 837.26190185546875 ], [ 11.694446999160874, 47.376208002834765, 837.84185791015625 ], [ 11.694461999160888, 47.376397002835176, 837.86627197265625 ], [ 11.69455199916108, 47.376522002835451, 840.978515625 ], [ 11.694554999161072, 47.37665000283571, 842.79095458984375 ], [ 11.694634999161256, 47.376631002835673, 843.6490478515625 ], [ 11.694667999161355, 47.376404002835187, 847.55426025390625 ], [ 11.694859999161816, 47.376109002834554, 852.6141357421875 ], [ 11.694935999161997, 47.37597800283428, 854.44561767578125 ], [ 11.695112999162399, 47.37586900283403, 856.48486328125 ], [ 11.695314999162873, 47.37576200283381, 859.22943115234375 ], [ 11.695387999163046, 47.375657002833577, 857.83917236328125 ], [ 11.695459999163214, 47.375614002833501, 858.463623046875 ], [ 11.695575999163472, 47.375590002833448, 855.88958740234375 ], [ 11.695738999163845, 47.375599002833432, 857.2977294921875 ], [ 11.695888999164179, 47.375597002833437, 858.9033203125 ], [ 11.696067999164587, 47.375575002833386, 856.778564453125 ], [ 11.69641299916537, 47.37553500283331, 856.0274658203125 ], [ 11.696576999165748, 47.375556002833349, 858.95654296875 ], [ 11.696688999165993, 47.37564200283353, 859.411376953125 ], [ 11.696809999166248, 47.375774002833801, 860.17132568359375 ], [ 11.696883999166415, 47.375800002833849, 860.5377197265625 ], [ 11.696949999166566, 47.375796002833845, 860.69134521484375 ], [ 11.697282999167317, 47.375740002833716, 862.82403564453125 ], [ 11.697445999167698, 47.375669002833554, 862.94598388671875 ], [ 11.697589999168022, 47.375628002833466, 861.6929931640625 ], [ 11.697927999168792, 47.375598002833406, 856.97784423828125 ], [ 11.698181999169366, 47.375550002833293, 855.89031982421875 ], [ 11.698547999170204, 47.375457002833066, 855.885986328125 ], [ 11.698902999171011, 47.375389002832911, 853.60821533203125 ], [ 11.699126999171522, 47.375381002832896, 852.16180419921875 ], [ 11.699348999172019, 47.3753850028329, 851.7440185546875 ], [ 11.699693999172801, 47.375340002832814, 851.2147216796875 ], [ 11.699979999173458, 47.375333002832775, 851.25970458984375 ], [ 11.700109999173753, 47.375344002832804, 850.84619140625 ], [ 11.700307999174184, 47.375480002833086, 851.2913818359375 ], [ 11.700410999174405, 47.375522002833151, 849.85321044921875 ], [ 11.70054799917472, 47.375522002833158, 851.7352294921875 ], [ 11.700632999174911, 47.375484002833076, 852.69293212890625 ], [ 11.700656999174974, 47.375408002832913, 851.30340576171875 ], [ 11.700798999175303, 47.375366002832827, 851.7630615234375 ], [ 11.700990999175733, 47.375408002832906, 852.5860595703125 ], [ 11.701153999176096, 47.375421002832908, 853.53271484375 ], [ 11.701407999176661, 47.375503002833099, 855.556884765625 ], [ 11.70170499917732, 47.375643002833385, 856.4320068359375 ], [ 11.702094999178193, 47.375803002833727, 857.7177734375 ], [ 11.702466999179022, 47.375926002833971, 860.79168701171875 ], [ 11.702698999179546, 47.375909002833922, 859.43487548828125 ], [ 11.702996999180222, 47.37592600283395, 858.49517822265625 ], [ 11.703489999181329, 47.375910002833891, 858.380615234375 ], [ 11.703981999182439, 47.375914002833895, 857.07958984375 ], [ 11.704334999183247, 47.375896002833862, 858.76129150390625 ], [ 11.704440999183479, 47.375903002833851, 858.5631103515625 ], [ 11.704655999183965, 47.375919002833889, 857.543701171875 ], [ 11.704937999184597, 47.375973002833994, 859.15447998046875 ], [ 11.705114999185, 47.375985002834021, 859.65948486328125 ], [ 11.705507999185889, 47.375977002834006, 858.3760986328125 ], [ 11.705715999186348, 47.376014002834054, 858.90960693359375 ], [ 11.705818999186581, 47.37604600283413, 858.57269287109375 ], [ 11.705903999186773, 47.376044002834114, 858.37310791015625 ], [ 11.705965999186915, 47.376018002834059, 857.983642578125 ], [ 11.706029999187063, 47.375970002833981, 857.6973876953125 ], [ 11.70612999918729, 47.375949002833913, 857.32208251953125 ], [ 11.706994999189245, 47.375958002833912, 849.79583740234375 ], [ 11.707521999190435, 47.37600000283399, 846.8675537109375 ], [ 11.707918999191333, 47.376000002833962, 844.8245849609375 ], [ 11.70805499919164, 47.376012002833995, 844.00885009765625 ], [ 11.708218999192002, 47.376053002834063, 844.34698486328125 ], [ 11.70830499919219, 47.376113002834181, 844.133544921875 ], [ 11.708380999192364, 47.376154002834298, 842.2271728515625 ], [ 11.708492999192618, 47.376154002834284, 841.6805419921875 ], [ 11.708605999192876, 47.376134002834242, 840.337890625 ], [ 11.709598999195157, 47.375647002833155, 818.2716064453125 ], [ 11.710153999196432, 47.375387002832639, 806.922119140625 ], [ 11.71023699919663, 47.375284002832416, 801.44580078125 ], [ 11.710307999196802, 47.375219002832267, 799.72589111328125 ], [ 11.710437999197097, 47.375150002832115, 796.369384765625 ], [ 11.710485999197205, 47.375162002832162, 795.53656005859375 ], [ 11.710649999197571, 47.375203002832208, 795.42230224609375 ], [ 11.710703999197692, 47.375248002832315, 793.69281005859375 ], [ 11.710749999197791, 47.375272002832361, 790.438720703125 ], [ 11.711423999199294, 47.375546002832913, 777.29217529296875 ], [ 11.711545999199558, 47.375641002833099, 773.9217529296875 ], [ 11.711911999200352, 47.376004002833888, 762.9417724609375 ], [ 11.712045999200647, 47.376111002834094, 759.53662109375 ], [ 11.712066999200688, 47.37615000283418, 759.2791748046875 ], [ 11.712119999200809, 47.376172002834224, 757.28704833984375 ], [ 11.712136999200839, 47.376200002834267, 757.28704833984375 ], [ 11.712132999200833, 47.376229002834329, 756.65716552734375 ], [ 11.712169999200913, 47.376268002834429, 755.09307861328125 ], [ 11.712430999201494, 47.376351002834582, 747.2425537109375 ], [ 11.712708999202121, 47.376379002834639, 740.50164794921875 ], [ 11.712783999202292, 47.376325002834527, 738.7529296875 ], [ 11.71285599920245, 47.37639200283467, 735.8162841796875 ], [ 11.712903999202554, 47.376438002834753, 733.65386962890625 ], [ 11.712939999202634, 47.376391002834666, 729.644287109375 ], [ 11.712948999202659, 47.376381002834648, 729.644287109375 ], [ 11.712986999202746, 47.376373002834633, 729.644287109375 ], [ 11.713021999202828, 47.376386002834643, 727.19647216796875 ], [ 11.713028999202844, 47.376344002834564, 727.158203125 ], [ 11.713060999202932, 47.376165002834178, 724.1982421875 ], [ 11.713049999202921, 47.376018002833888, 719.41876220703125 ], [ 11.713051999202932, 47.375953002833725, 717.43743896484375 ], [ 11.71306499920296, 47.375928002833689, 717.43743896484375 ], [ 11.713109999203065, 47.375928002833682, 715.56402587890625 ], [ 11.713145999203142, 47.375947002833733, 715.56402587890625 ], [ 11.7131729992032, 47.376017002833883, 712.58477783203125 ], [ 11.713213999203294, 47.376022002833871, 712.58477783203125 ], [ 11.713259999203393, 47.376009002833847, 710.64532470703125 ], [ 11.713286999203458, 47.375980002833785, 709.1796875 ], [ 11.713411999203768, 47.375672002833142, 699.56622314453125 ], [ 11.713392999203753, 47.375354002832452, 689.61688232421875 ], [ 11.713416999203826, 47.375183002832109, 685.7052001953125 ], [ 11.713423999203846, 47.375134002831992, 684.244140625 ], [ 11.713379999203763, 47.374921002831563, 680.42547607421875 ], [ 11.713273999203544, 47.374721002831137, 675.03228759765625 ], [ 11.713252999203503, 47.374634002830945, 673.8154296875 ], [ 11.71318799920336, 47.374596002830849, 672.92120361328125 ], [ 11.713157999203293, 47.374527002830717, 671.2890625 ], [ 11.71317499920335, 47.374412002830489, 669.06158447265625 ], [ 11.713204999203423, 47.374339002830325, 666.87396240234375 ], [ 11.713220999203461, 47.374329002830294, 665.24249267578125 ], [ 11.713265999203559, 47.374337002830316, 665.24249267578125 ], [ 11.713298999203637, 47.374360002830386, 663.90509033203125 ], [ 11.713371999203796, 47.374395002830433, 662.005859375 ], [ 11.713407999203875, 47.374395002830447, 659.88238525390625 ], [ 11.713505999204106, 47.374237002830093, 657.10528564453125 ], [ 11.713567999204272, 47.374002002829599, 650.6470947265625 ], [ 11.713636999204443, 47.373836002829236, 645.79217529296875 ], [ 11.71373499920468, 47.373637002828836, 643.72808837890625 ], [ 11.713769999204764, 47.373529002828597, 639.21466064453125 ], [ 11.713921999205128, 47.373390002828302, 631.39349365234375 ], [ 11.713973999205258, 47.373238002827975, 626.152587890625 ], [ 11.714050999205435, 47.373163002827823, 619.34869384765625 ], [ 11.714084999205523, 47.37308000282767, 619.43389892578125 ], [ 11.714109999205576, 47.373112002827696, 616.09619140625 ], [ 11.714124999205609, 47.373119002827721, 616.09619140625 ], [ 11.714140999205641, 47.373117002827733, 616.09619140625 ], [ 11.714183999205748, 47.373061002827598, 613.313720703125 ], [ 11.714204999205792, 47.373058002827598, 613.313720703125 ], [ 11.71422099920583, 47.373069002827613, 613.313720703125 ], [ 11.714207999205799, 47.373109002827704, 613.4227294921875 ], [ 11.71421499920581, 47.373129002827731, 613.4227294921875 ], [ 11.714246999205878, 47.373135002827738, 611.4591064453125 ], [ 11.714312999206033, 47.373111002827699, 609.2725830078125 ], [ 11.714419999206276, 47.373101002827667, 608.2935791015625 ], [ 11.714461999206376, 47.373044002827548, 606.09906005859375 ], [ 11.714572999206634, 47.372904002827241, 602.3265380859375 ], [ 11.714678999206892, 47.372763002826957, 599.30450439453125 ], [ 11.714805999207188, 47.372611002826631, 596.20855712890625 ], [ 11.714871999207343, 47.372552002826495, 594.0819091796875 ], [ 11.715041999207742, 47.372423002826224, 591.9031982421875 ], [ 11.715119999207921, 47.372382002826143, 589.34490966796875 ], [ 11.715180999208062, 47.372358002826097, 589.34490966796875 ], [ 11.715234999208178, 47.372336002826025, 588.70330810546875 ], [ 11.715608999209056, 47.372096002825536, 583.10638427734375 ], [ 11.715671999209194, 47.372065002825451, 582.322509765625 ], [ 11.715758999209399, 47.372034002825373, 581.58160400390625 ], [ 11.715797999209485, 47.372029002825379, 581.22332763671875 ], [ 11.715868999209642, 47.37202400282537, 580.59100341796875 ], [ 11.715938999209802, 47.372029002825371, 579.9510498046875 ], [ 11.716044999210045, 47.372045002825395, 579.64764404296875 ], [ 11.716313999210648, 47.372088002825464, 576.883056640625 ], [ 11.716398999210837, 47.372095002825489, 576.00616455078125 ], [ 11.71676499921166, 47.372104002825516, 573.70977783203125 ], [ 11.717276999212805, 47.372126002825517, 570.1141357421875 ], [ 11.717371999213032, 47.372122002825527, 569.6845703125 ], [ 11.717640999213643, 47.372096002825465, 567.6282958984375 ], [ 11.71767699921373, 47.372068002825415, 567.6282958984375 ], [ 11.717932999214323, 47.37188500282501, 565.58306884765625 ], [ 11.718126999214769, 47.371724002824664, 564.51812744140625 ], [ 11.718211999214976, 47.371651002824507, 563.91650390625 ], [ 11.718296999215175, 47.371531002824248, 563.375 ], [ 11.718318999215223, 47.371495002824176, 563.3067626953125 ], [ 11.718637999215929, 47.3716620028245, 561.5816650390625 ], [ 11.718847999216397, 47.371775002824741, 560.3175048828125 ], [ 11.719128999217016, 47.371937002825085, 559.10235595703125 ], [ 11.719272999217333, 47.372017002825267, 558.607177734375 ], [ 11.719479999217794, 47.372159002825569, 557.85736083984375 ], [ 11.720221999219424, 47.372618002826499, 556.27587890625 ], [ 11.720776999220655, 47.372887002827035, 556.15057373046875 ], [ 11.722771999225102, 47.373544002828382, 547.8592529296875 ], [ 11.722990999225594, 47.373600002828482, 546.7630615234375 ], [ 11.723150999225947, 47.373628002828532, 546.12664794921875 ], [ 11.723681999227153, 47.373661002828612, 542.8985595703125 ], [ 11.724070999228026, 47.373700002828684, 540.61676025390625 ], [ 11.72416099922823, 47.373725002828721, 539.92608642578125 ], [ 11.724271999228476, 47.373757002828796, 539.34912109375 ], [ 11.724333999228616, 47.373781002828835, 538.7977294921875 ], [ 11.724433999228836, 47.373820002828914, 537.88726806640625 ], [ 11.724545999229083, 47.373852002828976, 536.68988037109375 ], [ 11.724654999229331, 47.373869002829011, 536.38226318359375 ], [ 11.72469699922943, 47.373875002829017, 536.372802734375 ], [ 11.724877999229834, 47.373895002829052, 536.04327392578125 ], [ 11.724902999229881, 47.373946002829186, 535.893798828125 ], [ 11.725098999230314, 47.374094002829473, 534.8349609375 ], [ 11.724865999229774, 47.374265002829858, 531.9810791015625 ], [ 11.724761999229502, 47.374647002830642, 528.592529296875 ], [ 11.724711999229356, 47.374964002831298, 528.70709228515625 ], [ 11.724734999229383, 47.375335002832117, 528.5494384765625 ], [ 11.724912999229751, 47.375719002832916, 528.431640625 ], [ 11.725255999230493, 47.376037002833577, 528.48638916015625 ], [ 11.725467999230961, 47.376185002833893, 528.62548828125 ], [ 11.725668999231408, 47.376231002833961, 529.543701171875 ], [ 11.725870999231866, 47.376290002834097, 529.64166259765625 ], [ 11.726091999232354, 47.376395002834322, 529.36322021484375 ], [ 11.726595999233481, 47.376504002834523, 529.5308837890625 ], [ 11.727398999235273, 47.376793002835115, 528.4613037109375 ], [ 11.727769999236084, 47.377031002835615, 528.78192138671875 ], [ 11.72776899923608, 47.37703000283561, 528.78192138671875 ], [ 11.727785999236119, 47.377041002835625, 528.78192138671875 ], [ 11.728252999237142, 47.377371002836306, 528.44146728515625 ], [ 11.728886999238547, 47.377737002837065, 528.9732666015625 ], [ 11.729582999240087, 47.378094002837834, 528.98486328125 ], [ 11.730667999242501, 47.37849900283863, 528.27532958984375 ], [ 11.731739999244891, 47.37880200283923, 529.88323974609375 ], [ 11.732503999246607, 47.379011002839661, 530.1895751953125 ], [ 11.732440999246451, 47.379102002839851, 528.630126953125 ], [ 11.73239899924635, 47.379161002839965, 529.04266357421875 ], [ 11.733186999248105, 47.37942800284052, 529.72357177734375 ], [ 11.735026999252257, 47.379516002840646, 529.3751220703125 ], [ 11.735275999252819, 47.379529002840684, 528.92706298828125 ], [ 11.73640399925535, 47.379703002841012, 529.08416748046875 ], [ 11.739097999261354, 47.380640002842931, 529.01617431640625 ], [ 11.73928699926177, 47.380706002843056, 529.3221435546875 ], [ 11.73918399926152, 47.380908002843483, 529.2607421875 ], [ 11.738984999261037, 47.381301002844324, 529.91998291015625 ], [ 11.738962999260981, 47.381402002844524, 530.3048095703125 ], [ 11.738955999260961, 47.381438002844611, 530.3048095703125 ], [ 11.738907999260848, 47.381520002844795, 530.6561279296875 ], [ 11.738976999261004, 47.381539002844811, 530.69610595703125 ], [ 11.739171999261432, 47.381595002844932, 530.302734375 ], [ 11.73916999926143, 47.381595002844946, 530.302734375 ], [ 11.739952999263176, 47.381822002845404, 529.80169677734375 ], [ 11.741006999265535, 47.382046002845826, 529.549560546875 ], [ 11.741928999267609, 47.382244002846228, 529.1224365234375 ], [ 11.742843999269645, 47.382573002846904, 529.1163330078125 ], [ 11.743329999270703, 47.382941002847666, 529.1512451171875 ], [ 11.743738999271599, 47.383350002848509, 529.179931640625 ], [ 11.744130999272439, 47.383812002849474, 529.00726318359375 ], [ 11.744499999273232, 47.384313002850526, 529.50146484375 ], [ 11.744597999273443, 47.384409002850731, 529.848876953125 ], [ 11.744965999274257, 47.384619002851124, 529.79498291015625 ], [ 11.745109999274574, 47.384676002851293, 529.8729248046875 ], [ 11.745755999275998, 47.385073002852081, 529.5450439453125 ], [ 11.746020999276585, 47.385189002852329, 529.466064453125 ], [ 11.746212999277006, 47.385318002852578, 529.4945068359375 ], [ 11.746365999277344, 47.385433002852842, 529.47296142578125 ], [ 11.746496999277625, 47.385655002853298, 529.5137939453125 ], [ 11.746542999277709, 47.385802002853602, 529.623291015625 ], [ 11.746615999277862, 47.385962002853958, 529.8702392578125 ], [ 11.746789999278242, 47.386125002854271, 529.9215087890625 ], [ 11.747184999279101, 47.386470002855006, 530.18402099609375 ], [ 11.74734799927946, 47.386558002855182, 530.155029296875 ], [ 11.747510999279825, 47.386606002855281, 530.22760009765625 ], [ 11.74778999928046, 47.386604002855286, 529.8311767578125 ], [ 11.74818099928134, 47.386553002855131, 529.8211669921875 ], [ 11.748563999282213, 47.386576002855186, 529.586669921875 ], [ 11.748890999282938, 47.386710002855473, 529.69927978515625 ], [ 11.749055999283295, 47.386829002855706, 529.7962646484375 ], [ 11.749207999283627, 47.386963002855985, 529.68316650390625 ], [ 11.749682999284655, 47.387468002857048, 529.0496826171875 ], [ 11.749852999285032, 47.387569002857248, 528.794921875 ], [ 11.750009999285382, 47.387614002857354, 528.7684326171875 ], [ 11.750489999286454, 47.387722002857565, 528.849365234375 ], [ 11.750831999287222, 47.387853002857831, 528.81610107421875 ], [ 11.750882999287334, 47.387879002857879, 528.8382568359375 ], [ 11.751637999289001, 47.388271002858687, 528.55828857421875 ], [ 11.752401999290694, 47.388634002859419, 528.53485107421875 ], [ 11.752898999291801, 47.388776002859714, 528.42279052734375 ], [ 11.753276999292655, 47.388807002859743, 528.623779296875 ], [ 11.753489999293132, 47.388843002859822, 528.8232421875 ], [ 11.753759999293736, 47.388933002860014, 529.25543212890625 ], [ 11.753975999294214, 47.389049002860268, 529.12872314453125 ], [ 11.754130999294551, 47.389153002860468, 529.17864990234375 ], [ 11.754264999294845, 47.389243002860638, 529.279296875 ], [ 11.754588999295558, 47.38949700286117, 530.1700439453125 ], [ 11.754969999296398, 47.389770002861759, 531.8094482421875 ], [ 11.756131999298976, 47.390259002862756, 532.45111083984375 ], [ 11.756776999300403, 47.390522002863271, 533.00732421875 ], [ 11.756935999300763, 47.390570002863377, 533.29656982421875 ], [ 11.757222999301407, 47.390633002863503, 533.6622314453125 ], [ 11.757703999302482, 47.390750002863754, 534.7843017578125 ], [ 11.75772799930253, 47.39079300286383, 537.00958251953125 ], [ 11.757775999302636, 47.390810002863837, 535.1646728515625 ], [ 11.757986999303114, 47.390842002863913, 537.95458984375 ], [ 11.759065999305541, 47.39093600286408, 546.33721923828125 ], [ 11.759169999305771, 47.39095400286412, 546.93560791015625 ], [ 11.759529999306578, 47.39106900286437, 548.89666748046875 ], [ 11.759635999306811, 47.391106002864426, 549.12689208984375 ], [ 11.760275999308242, 47.391335002864906, 546.67315673828125 ], [ 11.760443999308615, 47.391372002864998, 545.19281005859375 ], [ 11.760542999308839, 47.391345002864902, 544.55126953125 ], [ 11.760591999308955, 47.391354002864944, 544.5286865234375 ], [ 11.760722999309252, 47.391372002864983, 544.750732421875 ], [ 11.760820999309461, 47.391379002864973, 544.78857421875 ], [ 11.761037999309954, 47.391380002864985, 544.9775390625 ], [ 11.761055999309987, 47.39144500286514, 545.52294921875 ], [ 11.761080999310048, 47.391477002865194, 547.0518798828125 ], [ 11.761193999310295, 47.391545002865328, 547.17462158203125 ], [ 11.761319999310574, 47.391589002865402, 547.94720458984375 ], [ 11.761376999310697, 47.391596002865413, 548.2183837890625 ], [ 11.76186999931182, 47.391570002865365, 548.77691650390625 ], [ 11.762821999313955, 47.391631002865459, 549.47772216796875 ], [ 11.763240999314911, 47.391648002865487, 549.95318603515625 ], [ 11.76349999931549, 47.391659002865509, 551.041015625 ], [ 11.763598999315711, 47.391641002865448, 551.5928955078125 ], [ 11.76395999931653, 47.391664002865511, 553.041748046875 ], [ 11.763990999316619, 47.391489002865114, 548.5634765625 ], [ 11.764526999317818, 47.391536002865216, 550.18511962890625 ], [ 11.764715999318248, 47.391558002865295, 550.81072998046875 ], [ 11.764864999318577, 47.391584002865294, 551.339599609375 ], [ 11.765307999319571, 47.391683002865484, 552.53863525390625 ], [ 11.765487999319967, 47.391727002865586, 553.13677978515625 ], [ 11.765577999320177, 47.391750002865628, 553.28533935546875 ], [ 11.766121999321395, 47.391869002865889, 555.3919677734375 ], [ 11.766355999321917, 47.39190200286594, 556.232177734375 ], [ 11.766443999322117, 47.391908002865932, 556.6904296875 ], [ 11.766675999322636, 47.39192300286598, 557.43743896484375 ], [ 11.76686799932307, 47.391930002865969, 558.17041015625 ], [ 11.767014999323404, 47.39192800286596, 558.67449951171875 ], [ 11.767359999324185, 47.391909002865908, 559.65728759765625 ], [ 11.767432999324345, 47.391902002865884, 559.99029541015625 ], [ 11.767495999324492, 47.391895002865859, 559.99029541015625 ], [ 11.767706999324972, 47.391876002865857, 560.3046875 ], [ 11.768226999326146, 47.391822002865709, 561.0604248046875 ], [ 11.768342999326411, 47.391815002865698, 561.22882080078125 ], [ 11.768647999327101, 47.391817002865693, 561.82122802734375 ], [ 11.768867999327595, 47.391828002865694, 562.25079345703125 ], [ 11.769826999329762, 47.391877002865797, 565.074951171875 ], [ 11.770241999330697, 47.391890002865793, 565.45440673828125 ], [ 11.770304999330836, 47.391885002865784, 565.452880859375 ], [ 11.770371999330985, 47.391874002865748, 565.43072509765625 ], [ 11.770414999331084, 47.391866002865733, 565.3638916015625 ], [ 11.77078199933192, 47.391801002865591, 564.69036865234375 ], [ 11.770847999332076, 47.391784002865563, 564.673095703125 ], [ 11.770913999332219, 47.391758002865487, 564.39129638671875 ], [ 11.771162999332796, 47.391619002865184, 563.5904541015625 ], [ 11.771273999333058, 47.39156000286507, 563.47039794921875 ], [ 11.771335999333195, 47.39151700286498, 563.40869140625 ], [ 11.771383999333304, 47.391545002865023, 563.49139404296875 ], [ 11.771444999333433, 47.391570002865059, 563.736572265625 ], [ 11.771629999333856, 47.391621002865179, 564.15985107421875 ], [ 11.772114999334928, 47.391756002865442, 564.9405517578125 ], [ 11.772217999335165, 47.391818002865584, 565.1690673828125 ], [ 11.77225899933525, 47.39185700286567, 565.23284912109375 ], [ 11.772314999335375, 47.391927002865806, 565.2882080078125 ], [ 11.772377999335504, 47.392029002866018, 565.36883544921875 ], [ 11.77241999933559, 47.392122002866216, 565.55487060546875 ], [ 11.772423999335592, 47.392165002866278, 565.60760498046875 ], [ 11.772477999335717, 47.392183002866339, 565.6436767578125 ], [ 11.772475999335715, 47.392183002866346, 565.6436767578125 ], [ 11.772541999335864, 47.392206002866388, 565.419677734375 ], [ 11.772590999335964, 47.392283002866563, 562.30706787109375 ], [ 11.772618999336027, 47.392301002866574, 561.73248291015625 ], [ 11.772719999336246, 47.392364002866721, 559.55908203125 ], [ 11.772921999336722, 47.392131002866222, 557.9422607421875 ], [ 11.773020999336955, 47.391990002865917, 556.61297607421875 ], [ 11.773077999337101, 47.391878002865667, 555.51116943359375 ], [ 11.773095999337144, 47.391733002865351, 554.71697998046875 ], [ 11.773103999337176, 47.391680002865257, 554.54913330078125 ], [ 11.773303999337626, 47.391699002865309, 554.89154052734375 ], [ 11.773329999337685, 47.391702002865316, 554.89154052734375 ], [ 11.773379999337791, 47.391705002865308, 553.83416748046875 ], [ 11.773419999337886, 47.391701002865297, 554.502685546875 ], [ 11.773479999338024, 47.391686002865278, 554.15203857421875 ], [ 11.77353999933816, 47.391659002865211, 554.0723876953125 ], [ 11.773584999338265, 47.391627002865135, 554.38861083984375 ], [ 11.773635999338383, 47.391580002865027, 554.74560546875 ], [ 11.773742999338639, 47.391427002864695, 556.54156494140625 ], [ 11.773775999338719, 47.391404002864697, 557.01922607421875 ], [ 11.773827999338838, 47.391386002864621, 557.40179443359375 ], [ 11.773884999338962, 47.39137600286459, 557.9296875 ], [ 11.773967999339154, 47.3913720028646, 558.6500244140625 ], [ 11.774110999339472, 47.391390002864618, 559.06890869140625 ], [ 11.774270999339837, 47.391417002864678, 559.855224609375 ], [ 11.774294999339887, 47.391423002864691, 559.77349853515625 ], [ 11.77430999933992, 47.391426002864691, 559.77349853515625 ], [ 11.774509999340365, 47.391469002864795, 560.13275146484375 ], [ 11.774552999340463, 47.391479002864784, 560.07025146484375 ], [ 11.774785999340985, 47.391536002864918, 560.17144775390625 ], [ 11.774815999341049, 47.391543002864907, 560.25927734375 ], [ 11.775324999342198, 47.391664002865177, 560.419189453125 ], [ 11.775505999342601, 47.391707002865246, 560.49798583984375 ], [ 11.775577999342758, 47.391727002865302, 560.42755126953125 ], [ 11.775676999342979, 47.391758002865373, 560.51116943359375 ], [ 11.775926999343532, 47.391851002865543, 560.74749755859375 ], [ 11.776295999344365, 47.391972002865799, 560.96136474609375 ], [ 11.776443999344684, 47.392009002865869, 560.9151611328125 ], [ 11.77656899934497, 47.392036002865929, 560.919189453125 ], [ 11.776657999345167, 47.392043002865925, 560.81982421875 ], [ 11.776839999345578, 47.392044002865923, 560.6558837890625 ], [ 11.777201999346397, 47.392011002865836, 560.568603515625 ], [ 11.777279999346575, 47.392008002865843, 560.5726318359375 ], [ 11.777459999346977, 47.392022002865858, 560.5618896484375 ], [ 11.777501999347075, 47.392031002865906, 560.5672607421875 ] ] ] } },
{ "type": "Feature", "properties": { "name": "Unterland II", "elevation gain": 511, "elevation loss": -918, "length": 17.394125891989006 }, "geometry": { "type": "MultiLineString", "coordinates": [ [ [ 11.764201999315105, 47.413897002912414, 969.34234619140625 ], [ 11.764212999315133, 47.413901002912404, 969.34234619140625 ], [ 11.764295999315316, 47.413925002912464, 969.9512939453125 ], [ 11.764357999315456, 47.413932002912475, 970.1986083984375 ], [ 11.76443299931563, 47.413932002912489, 970.50665283203125 ], [ 11.764499999315778, 47.413925002912457, 970.7818603515625 ], [ 11.764626999316071, 47.413886002912363, 971.30078125 ], [ 11.764740999316333, 47.413845002912311, 971.68792724609375 ], [ 11.764817999316511, 47.413833002912277, 971.7802734375 ], [ 11.764918999316734, 47.413847002912277, 971.888916015625 ], [ 11.764939999316779, 47.413856002912311, 972.00250244140625 ], [ 11.76495799931682, 47.41386400291232, 972.00250244140625 ], [ 11.765033999316985, 47.413924002912445, 972.26123046875 ], [ 11.765061999317043, 47.413997002912623, 972.33233642578125 ], [ 11.764673999316159, 47.414050002912717, 972.28704833984375 ], [ 11.764658999316113, 47.414200002913049, 973.0821533203125 ], [ 11.764612999315998, 47.414298002913249, 974.01593017578125 ], [ 11.764529999315807, 47.41439500291348, 975.031494140625 ], [ 11.764404999315522, 47.414484002913632, 976.10980224609375 ], [ 11.764277999315215, 47.414640002913991, 977.74542236328125 ], [ 11.764258999315169, 47.414664002914023, 977.74542236328125 ], [ 11.764160999314942, 47.414715002914143, 979.0865478515625 ], [ 11.763992999314564, 47.414747002914226, 980.20831298828125 ], [ 11.763793999314107, 47.414763002914235, 982.8590087890625 ], [ 11.763517999313484, 47.414838002914415, 984.26617431640625 ], [ 11.763337999313071, 47.414852002914451, 985.8624267578125 ], [ 11.763156999312661, 47.414849002914444, 987.173828125 ], [ 11.762996999312303, 47.414858002914485, 988.078857421875 ], [ 11.762809999311875, 47.414940002914662, 989.48382568359375 ], [ 11.762330999310766, 47.415232002915289, 993.146484375 ], [ 11.762182999310427, 47.415332002915491, 994.40985107421875 ], [ 11.762134999310314, 47.415381002915602, 994.992919921875 ], [ 11.761831999309612, 47.41553100291592, 991.96014404296875 ], [ 11.761543999308953, 47.415713002916334, 991.78131103515625 ], [ 11.761336999308469, 47.415800002916505, 990.30023193359375 ], [ 11.761084999307892, 47.415908002916737, 984.57122802734375 ], [ 11.761016999307737, 47.415983002916896, 984.4947509765625 ], [ 11.760902999307456, 47.416122002917199, 985.199951171875 ], [ 11.760829999307273, 47.416398002917795, 986.7142333984375 ], [ 11.760616999306784, 47.416528002918071, 982.84918212890625 ], [ 11.760413999306301, 47.416717002918482, 988.7039794921875 ], [ 11.760118999305625, 47.416863002918781, 990.04010009765625 ], [ 11.759967999305275, 47.416968002918999, 989.97808837890625 ], [ 11.759807999304902, 47.417077002919235, 990.4849853515625 ], [ 11.759753999304776, 47.417138002919387, 992.80224609375 ], [ 11.759629999304479, 47.417310002919756, 994.17938232421875 ], [ 11.759558999304303, 47.417463002920073, 994.55181884765625 ], [ 11.759428999304003, 47.417549002920246, 992.19635009765625 ], [ 11.75932899930377, 47.417667002920503, 994.57220458984375 ], [ 11.759309999303721, 47.417714002920597, 994.8031005859375 ], [ 11.759036999303083, 47.417949002921119, 997.72308349609375 ], [ 11.759036999303083, 47.417949002921119, 997.72308349609375 ], [ 11.758974999302936, 47.418003002921232, 999.9576416015625 ], [ 11.75860699930209, 47.418186002921637, 997.98309326171875 ], [ 11.758560999301979, 47.418243002921727, 1000.4368896484375 ], [ 11.758328999301444, 47.418450002922185, 1002.47259521484375 ], [ 11.758114999300945, 47.418589002922474, 1002.79901123046875 ], [ 11.758030999300738, 47.418733002922792, 1005.15478515625 ], [ 11.757803999300215, 47.418867002923086, 993.511962890625 ], [ 11.757760999300112, 47.418951002923265, 992.82232666015625 ], [ 11.75764999929986, 47.418984002923345, 987.4991455078125 ], [ 11.757700999299971, 47.419029002923438, 990.632080078125 ], [ 11.757641999299835, 47.419087002923561, 989.4029541015625 ], [ 11.757619999299786, 47.4190240029234, 987.63800048828125 ], [ 11.757527999299576, 47.419043002923473, 983.34552001953125 ], [ 11.757335999299135, 47.419182002923755, 978.62689208984375 ], [ 11.757129999298648, 47.419385002924187, 976.8780517578125 ], [ 11.757129999298648, 47.419385002924187, 976.8780517578125 ], [ 11.756961794726442, 47.419370784644514, 974.92388916015625 ], [ 11.756747201017713, 47.419796356587817, 975.0208740234375 ], [ 11.756693148149401, 47.419903551641887, 975.03253173828125 ], [ 11.756467428975979, 47.420326481280412, 974.87109375 ], [ 11.756241709802561, 47.420749410918916, 975.37786865234375 ], [ 11.756126999296239, 47.420985002927601, 975.40850830078125 ], [ 11.755891999295669, 47.421444002928567, 975.7142333984375 ], [ 11.755693999295191, 47.421816002929397, 975.88079833984375 ], [ 11.755716999295235, 47.421921002929601, 976.032958984375 ], [ 11.755618999294983, 47.422152002930062, 977.612548828125 ], [ 11.755588999294902, 47.422346002930475, 979.55517578125 ], [ 11.755663999295061, 47.422472002930739, 983.9425048828125 ], [ 11.755642999295013, 47.422524002930871, 984.0570068359375 ], [ 11.75559299929488, 47.422669002931173, 985.7430419921875 ], [ 11.755599999294892, 47.42274400293131, 986.4381103515625 ], [ 11.755609999294908, 47.422848002931538, 987.39208984375 ], [ 11.755604999294889, 47.422877002931607, 988.001708984375 ], [ 11.755587999294848, 47.422992002931842, 988.92303466796875 ], [ 11.755563999294782, 47.423071002932033, 989.6123046875 ], [ 11.75559999929486, 47.423122002932132, 990.2918701171875 ], [ 11.755597999294848, 47.423198002932295, 991.21673583984375 ], [ 11.755591999294808, 47.423580002933114, 995.515380859375 ], [ 11.755640999294883, 47.423885002933744, 998.549560546875 ], [ 11.755618999294809, 47.424075002934124, 1000.3994140625 ], [ 11.755387999294252, 47.424608002935273, 1006.36651611328125 ], [ 11.75535099929415, 47.424739002935524, 1008.31829833984375 ], [ 11.755358999294163, 47.424888002935873, 1010.037109375 ], [ 11.755406999294253, 47.425025002936138, 1011.5186767578125 ], [ 11.755488999294428, 47.425197002936493, 1013.68145751953125 ], [ 11.755639999294749, 47.425383002936883, 1016.33843994140625 ], [ 11.755703999294882, 47.425486002937113, 1017.9720458984375 ], [ 11.755684999294836, 47.425554002937233, 1018.53778076171875 ], [ 11.755566999294562, 47.425670002937494, 1020.3790283203125 ], [ 11.755507999294419, 47.425766002937699, 1021.9576416015625 ], [ 11.755516999294429, 47.425825002937827, 1022.59539794921875 ], [ 11.755479999294346, 47.425866002937923, 1022.65948486328125 ], [ 11.75561899929464, 47.426073002938345, 1027.459228515625 ], [ 11.755545999294467, 47.42621300293866, 1029.6566162109375 ], [ 11.755381999294077, 47.426410002939065, 1032.8446044921875 ], [ 11.755413999294134, 47.426553002939357, 1034.659423828125 ], [ 11.755390999294072, 47.426603002939466, 1035.9552001953125 ], [ 11.755233999293708, 47.426746002939772, 1038.98779296875 ], [ 11.755190999293601, 47.426824002939924, 1040.210205078125 ], [ 11.755252999293738, 47.426862002940027, 1040.5849609375 ], [ 11.755376999294018, 47.426886002940073, 1042.3446044921875 ], [ 11.755638999294609, 47.42692400294014, 1045.4901123046875 ], [ 11.755781999294928, 47.42700200294032, 1047.317626953125 ], [ 11.755944999295286, 47.42706200294041, 1049.4686279296875 ], [ 11.756051999295529, 47.427078002940455, 1050.9346923828125 ], [ 11.756242999295958, 47.427082002940452, 1052.9835205078125 ], [ 11.756363999296234, 47.427071002940437, 1053.63623046875 ], [ 11.756448999296428, 47.42708600294047, 1054.806884765625 ], [ 11.756526999296597, 47.427126002940547, 1056.1844482421875 ], [ 11.756542999296633, 47.427160002940603, 1057.140625 ], [ 11.756518999296569, 47.427215002940748, 1057.9818115234375 ], [ 11.75643999929639, 47.427259002940815, 1059.3985595703125 ], [ 11.756353999296197, 47.427307002940942, 1060.4879150390625 ], [ 11.756278999296008, 47.427377002941078, 1061.0426025390625 ], [ 11.756239999295916, 47.427492002941321, 1063.273193359375 ], [ 11.756223999295868, 47.427586002941524, 1064.700439453125 ], [ 11.756253999295931, 47.427679002941723, 1065.8011474609375 ], [ 11.75654399929657, 47.427853002942093, 1069.8240966796875 ], [ 11.756629999296758, 47.427948002942273, 1072.2862548828125 ], [ 11.756651999296786, 47.428224002942862, 1076.9891357421875 ], [ 11.756725999296945, 47.428231002942844, 1077.6041259765625 ], [ 11.756785999297085, 47.428218002942842, 1078.295654296875 ], [ 11.756823999297168, 47.42819900294279, 1079.3358154296875 ], [ 11.756850999297235, 47.428167002942722, 1079.233642578125 ], [ 11.756901999297359, 47.428089002942563, 1080.509521484375 ], [ 11.756888999297349, 47.427883002942124, 1083.6395263671875 ], [ 11.756906999297392, 47.42780400294199, 1085.2427978515625 ], [ 11.756970999297538, 47.427745002941847, 1086.6005859375 ], [ 11.757257999298206, 47.4276320029416, 1089.2982177734375 ], [ 11.757433999298621, 47.427447002941179, 1091.806396484375 ], [ 11.757400999298561, 47.427251002940785, 1095.2423095703125 ], [ 11.757406999298583, 47.42717900294064, 1095.8134765625 ], [ 11.757589999299022, 47.426864002939965, 1100.8482666015625 ], [ 11.757630999299119, 47.426819002939865, 1101.7635498046875 ], [ 11.7578839992997, 47.42672600293966, 1105.52001953125 ], [ 11.757938999299826, 47.426685002939578, 1105.361328125 ], [ 11.758034999300053, 47.426519002939209, 1107.9068603515625 ], [ 11.758325999300759, 47.426002002938134, 1114.7703857421875 ], [ 11.758389999300913, 47.425923002937971, 1117.3284912109375 ], [ 11.758627999301471, 47.425717002937517, 1120.802734375 ], [ 11.758674999301586, 47.425589002937251, 1122.7705078125 ], [ 11.758755999301766, 47.425569002937181, 1124.0380859375 ], [ 11.758800999301863, 47.425648002937365, 1125.150634765625 ], [ 11.758759999301745, 47.42594200293798, 1130.091064453125 ], [ 11.758750999301705, 47.426201002938527, 1133.83349609375 ], [ 11.758797999301798, 47.426342002938831, 1136.299560546875 ], [ 11.758949999302127, 47.426580002939325, 1139.0504150390625 ], [ 11.758983999302183, 47.426734002939668, 1140.6326904296875 ], [ 11.758953999302108, 47.426831002939849, 1142.58154296875 ], [ 11.758858999301882, 47.426941002940083, 1144.23095703125 ], [ 11.758839999301831, 47.427003002940225, 1144.8800048828125 ], [ 11.75882899930181, 47.427040002940338, 1145.7608642578125 ], [ 11.758735999301519, 47.42787400294204, 1156.8680419921875 ], [ 11.758666999301347, 47.428057002942445, 1159.4349365234375 ], [ 11.758679999301348, 47.428433002943251, 1168.4114990234375 ], [ 11.758794999301589, 47.428640002943688, 1173.0643310546875 ], [ 11.759149999302355, 47.429014002944449, 1181.1142578125 ], [ 11.759357999302789, 47.429389002945221, 1186.6953125 ], [ 11.759449999302964, 47.429716002945916, 1191.58935546875 ], [ 11.759355999302747, 47.42986200294623, 1193.9844970703125 ], [ 11.759232999302453, 47.429954002946424, 1196.4171142578125 ], [ 11.759243999302472, 47.43008000294671, 1198.0775146484375 ], [ 11.759284999302546, 47.43020600294696, 1199.4573974609375 ], [ 11.759409999302823, 47.430355002947266, 1201.0023193359375 ], [ 11.759405999302787, 47.430597002947806, 1203.588623046875 ], [ 11.759434999302851, 47.430626002947825, 1204.08154296875 ], [ 11.759500999303006, 47.430621002947838, 1204.3895263671875 ], [ 11.759547999303114, 47.430571002947723, 1205.3441162109375 ], [ 11.759540999303132, 47.430171002946871, 1211.23779296875 ], [ 11.759585999303241, 47.430125002946788, 1211.99365234375 ], [ 11.759843999303826, 47.430092002946708, 1214.7357177734375 ], [ 11.759955999304085, 47.430039002946593, 1216.5111083984375 ], [ 11.760093999304408, 47.429891002946263, 1218.34716796875 ], [ 11.76015099930455, 47.429739002945958, 1220.0279541015625 ], [ 11.760118999304515, 47.429403002945257, 1225.970703125 ], [ 11.760131999304567, 47.429086002944565, 1231.1563720703125 ], [ 11.760200999304729, 47.429064002944507, 1231.593017578125 ], [ 11.760249999304829, 47.429089002944572, 1232.4957275390625 ], [ 11.760270999304865, 47.429336002945099, 1234.9742431640625 ], [ 11.760384999305103, 47.429478002945402, 1238.5740966796875 ], [ 11.760569999305508, 47.429677002945823, 1241.2403564453125 ], [ 11.760588999305538, 47.429771002946012, 1241.9639892578125 ], [ 11.760554999305384, 47.430595002947733, 1253.6060791015625 ], [ 11.760855999305992, 47.431457002949571, 1268.4967041015625 ], [ 11.760908999306112, 47.431484002949603, 1268.9515380859375 ], [ 11.760973999306252, 47.431486002949605, 1269.6549072265625 ], [ 11.76100799930634, 47.431434002949509, 1270.1766357421875 ], [ 11.760975999306286, 47.431241002949101, 1273.461669921875 ], [ 11.760931999306216, 47.430853002948261, 1278.9803466796875 ], [ 11.760989999306368, 47.430617002947784, 1282.70068359375 ], [ 11.761059999306543, 47.430461002947453, 1284.929443359375 ], [ 11.761168999306793, 47.430342002947214, 1287.203857421875 ], [ 11.761331999307201, 47.429923002946325, 1293.8433837890625 ], [ 11.761419999307417, 47.429758002945952, 1297.169677734375 ], [ 11.761470999307535, 47.429728002945893, 1297.684814453125 ], [ 11.761507999307614, 47.429751002945942, 1297.66796875 ], [ 11.761527999307654, 47.42981400294606, 1298.3466796875 ], [ 11.761483999307538, 47.430018002946504, 1302.3751220703125 ], [ 11.761517999307605, 47.43013000294674, 1303.377197265625 ], [ 11.761569999307714, 47.430247002946992, 1304.71484375 ], [ 11.761578999307725, 47.430356002947235, 1305.04736328125 ], [ 11.761540999307623, 47.43051100294754, 1307.640380859375 ], [ 11.761549999307633, 47.430585002947694, 1308.1312255859375 ], [ 11.761599999307736, 47.430699002947932, 1309.96435546875 ], [ 11.761725999308007, 47.430898002948354, 1313.5792236328125 ], [ 11.762474999309642, 47.431523002949632, 1324.32763671875 ], [ 11.762843999310443, 47.431881002950384, 1330.7952880859375 ], [ 11.762965999310723, 47.431893002950432, 1331.7496337890625 ], [ 11.762837999310452, 47.431589002949764, 1335.9864501953125 ], [ 11.762727999310222, 47.431406002949394, 1338.2188720703125 ], [ 11.762504999309758, 47.431002002948532, 1342.93212890625 ], [ 11.762430999309609, 47.430813002948149, 1344.9947509765625 ], [ 11.762436999309628, 47.430701002947927, 1346.4324951171875 ], [ 11.76252999930985, 47.430619002947722, 1346.8720703125 ], [ 11.762500999309797, 47.430437002947343, 1347.59716796875 ], [ 11.762489999309786, 47.430281002947027, 1352.7657470703125 ], [ 11.762543999309939, 47.429986002946436, 1358.03857421875 ], [ 11.762518999309924, 47.42951400294541, 1363.594482421875 ], [ 11.762550999310005, 47.429404002945169, 1364.8682861328125 ], [ 11.762595999310109, 47.429336002945035, 1365.8714599609375 ], [ 11.762678999310307, 47.429274002944886, 1366.78857421875 ], [ 11.762791999310563, 47.429247002944848, 1367.37890625 ], [ 11.762912999310833, 47.429227002944778, 1368.6783447265625 ], [ 11.763070999311198, 47.429232002944801, 1369.9434814453125 ], [ 11.763357999311836, 47.429265002944859, 1372.0849609375 ], [ 11.763531999312226, 47.429259002944846, 1373.0247802734375 ], [ 11.763781999312798, 47.429223002944759, 1374.556396484375 ], [ 11.763915999313108, 47.429167002944638, 1376.21923828125 ], [ 11.764046999313427, 47.428912002944088, 1379.1458740234375 ], [ 11.764129999313623, 47.428800002943845, 1380.2200927734375 ], [ 11.764471999314429, 47.428525002943282, 1383.6251220703125 ], [ 11.764614999314761, 47.428363002942916, 1386.3299560546875 ], [ 11.764744999315075, 47.428103002942365, 1390.17041015625 ], [ 11.764861999315372, 47.427751002941626, 1393.9239501953125 ], [ 11.764808999315274, 47.427519002941146, 1395.230224609375 ], [ 11.764863999315395, 47.427474002941025, 1395.174560546875 ], [ 11.764873999315428, 47.427467002941029, 1395.174560546875 ], [ 11.76455799931478, 47.42672800293947, 1387.3006591796875 ], [ 11.764482999314659, 47.426114002938164, 1386.7723388671875 ], [ 11.764378999314456, 47.425845002937621, 1390.3577880859375 ], [ 11.764164999313991, 47.425582002937077, 1394.942626953125 ], [ 11.763997999313645, 47.425228002936329, 1400.85400390625 ], [ 11.763902999313453, 47.424965002935785, 1403.9696044921875 ], [ 11.764071999313853, 47.42469400293519, 1408.5260009765625 ], [ 11.764046999313813, 47.424528002934849, 1410.94921875 ], [ 11.763947999313604, 47.424404002934601, 1413.635009765625 ], [ 11.763805999313288, 47.424318002934406, 1414.7142333984375 ], [ 11.763832999313363, 47.424241002934266, 1415.935791015625 ], [ 11.763913999313548, 47.424167002934091, 1416.601318359375 ], [ 11.763960999313669, 47.423990002933706, 1417.7923583984375 ], [ 11.763915999313586, 47.423797002933298, 1419.3602294921875 ], [ 11.763976999313735, 47.423637002932978, 1420.3082275390625 ], [ 11.763958999313711, 47.42347300293261, 1421.0474853515625 ], [ 11.763971999313759, 47.423325002932323, 1421.5238037109375 ], [ 11.763915999313644, 47.423191002932036, 1421.9224853515625 ], [ 11.763700999313176, 47.422943002931518, 1423.0054931640625 ], [ 11.76364799931306, 47.422848002931325, 1422.647705078125 ], [ 11.763641999313057, 47.422752002931112, 1424.917236328125 ], [ 11.76367399931314, 47.422655002930917, 1425.965576171875 ], [ 11.763740999313299, 47.422547002930678, 1426.9222412109375 ], [ 11.763859999313572, 47.422460002930499, 1427.678955078125 ], [ 11.763916999313702, 47.42250400293058, 1428.3485107421875 ], [ 11.763868999313582, 47.42262400293086, 1430.6383056640625 ], [ 11.763900999313648, 47.422732002931063, 1434.5377197265625 ], [ 11.763962999313778, 47.422830002931256, 1436.6060791015625 ], [ 11.764092999314073, 47.422766002931127, 1441.5604248046875 ], [ 11.764162999314227, 47.422851002931303, 1443.654296875 ], [ 11.764290999314532, 47.42268700293095, 1446.83447265625 ], [ 11.764494999315012, 47.422540002930667, 1450.732177734375 ], [ 11.764699999315482, 47.422346002930212, 1454.8709716796875 ], [ 11.764956999316087, 47.422143002929786, 1460.3026123046875 ], [ 11.765161999316559, 47.422046002929577, 1466.12646484375 ], [ 11.765348999316986, 47.421991002929474, 1472.1885986328125 ], [ 11.765543999317426, 47.421921002929267, 1470.1318359375 ], [ 11.765873999318174, 47.421864002929155, 1473.130615234375 ], [ 11.766051999318579, 47.42185900292916, 1478.9537353515625 ], [ 11.766104999318701, 47.421881002929197, 1480.9266357421875 ], [ 11.766232999318991, 47.421839002929097, 1482.94287109375 ], [ 11.766480999319556, 47.421785002928985, 1488.777587890625 ], [ 11.76668599932003, 47.421728002928866, 1493.0360107421875 ], [ 11.766763999320219, 47.421562002928503, 1493.5384521484375 ], [ 11.766925999320595, 47.421457002928285, 1495.658935546875 ], [ 11.767193999321202, 47.42136100292808, 1490.3089599609375 ], [ 11.767518999321943, 47.421358002928052, 1492.916259765625 ], [ 11.767751999322465, 47.421372002928088, 1488.880126953125 ], [ 11.767895999322795, 47.42137400292809, 1486.854248046875 ], [ 11.767958999322934, 47.421346002928011, 1488.1531982421875 ], [ 11.767968999322965, 47.421282002927896, 1487.664306640625 ], [ 11.767952999322931, 47.421218002927745, 1482.9320068359375 ], [ 11.768046999323156, 47.421142002927603, 1488.61669921875 ], [ 11.768113999323313, 47.421070002927436, 1490.3380126953125 ], [ 11.768164999323433, 47.420952002927173, 1491.3707275390625 ], [ 11.768249999323638, 47.42084200292696, 1489.1552734375 ], [ 11.768322999323804, 47.420804002926864, 1487.9349365234375 ], [ 11.768403999323992, 47.420780002926826, 1485.976806640625 ], [ 11.768425999324043, 47.420734002926721, 1484.952392578125 ], [ 11.768429999324061, 47.420680002926595, 1484.7105712890625 ], [ 11.768491999324205, 47.420606002926441, 1486.27197265625 ], [ 11.768568999324378, 47.420551002926317, 1488.2227783203125 ], [ 11.768606999324478, 47.420474002926177, 1489.30224609375 ], [ 11.768662999324613, 47.42041900292606, 1490.464599609375 ], [ 11.768672999324638, 47.420313002925816, 1488.8297119140625 ], [ 11.768745999324816, 47.420166002925519, 1487.9783935546875 ], [ 11.768903999325179, 47.420078002925308, 1490.50146484375 ], [ 11.7691309993257, 47.419975002925106, 1493.8218994140625 ], [ 11.769224999325926, 47.419953002925055, 1490.3345947265625 ], [ 11.7693909993263, 47.419934002925004, 1491.60302734375 ], [ 11.769630999326836, 47.419911002924948, 1488.9613037109375 ], [ 11.76970799932702, 47.419864002924861, 1489.281494140625 ], [ 11.769788999327206, 47.419786002924681, 1493.3248291015625 ], [ 11.769944999327571, 47.419685002924467, 1489.929931640625 ], [ 11.770134999327997, 47.419691002924452, 1489.7747802734375 ], [ 11.77024399932824, 47.419685002924446, 1488.9827880859375 ], [ 11.770329999328441, 47.419672002924422, 1487.9901123046875 ], [ 11.770423999328647, 47.419679002924433, 1487.7882080078125 ], [ 11.770468999328752, 47.419730002924545, 1489.41162109375 ], [ 11.770526999328876, 47.41974000292457, 1489.265625 ], [ 11.770649999329159, 47.419699002924482, 1487.9134521484375 ], [ 11.770706999329288, 47.419694002924437, 1487.9134521484375 ], [ 11.770869999329664, 47.419663002924388, 1492.151123046875 ], [ 11.771012999329981, 47.419648002924347, 1496.4959716796875 ], [ 11.771157999330319, 47.419615002924274, 1494.616455078125 ], [ 11.771339999330729, 47.419621002924288, 1493.8013916015625 ], [ 11.771435999330942, 47.419637002924325, 1497.7828369140625 ], [ 11.771549999331201, 47.419586002924198, 1495.87646484375 ], [ 11.771758999331684, 47.419533002924091, 1492.28076171875 ], [ 11.772184999332636, 47.419584002924168, 1493.364990234375 ], [ 11.77235999933303, 47.419649002924324, 1498.2666015625 ], [ 11.772371999333053, 47.419654002924318, 1498.2666015625 ], [ 11.772516999333376, 47.419753002924537, 1495.4718017578125 ], [ 11.772706999333792, 47.419845002924724, 1499.051025390625 ], [ 11.772808999334014, 47.419953002924935, 1501.8616943359375 ], [ 11.772837999334072, 47.419956002924941, 1502.5001220703125 ], [ 11.772882999334181, 47.419948002924919, 1502.5001220703125 ], [ 11.77291099933425, 47.419936002924921, 1503.80322265625 ], [ 11.773028999334507, 47.419946002924931, 1502.3612060546875 ], [ 11.773213999334923, 47.420001002925019, 1502.0693359375 ], [ 11.773348999335226, 47.420002002925017, 1501.4359130859375 ], [ 11.773578999335744, 47.420074002925155, 1498.035888671875 ], [ 11.773619999335834, 47.420076002925178, 1498.70263671875 ], [ 11.773658999335924, 47.420066002925154, 1498.70263671875 ], [ 11.773696999336007, 47.420065002925135, 1498.2742919921875 ], [ 11.773740999336104, 47.420078002925194, 1498.2742919921875 ], [ 11.773780999336198, 47.420076002925185, 1497.826904296875 ], [ 11.77382799933631, 47.420014002925036, 1496.6676025390625 ], [ 11.773847999336361, 47.419928002924848, 1495.11181640625 ], [ 11.773893999336471, 47.419858002924698, 1497.765869140625 ], [ 11.773989999336699, 47.419750002924467, 1500.066162109375 ], [ 11.774000999336733, 47.419689002924358, 1500.1297607421875 ], [ 11.774045999336842, 47.419588002924137, 1501.65185546875 ], [ 11.774076999336909, 47.41957300292411, 1501.65185546875 ], [ 11.77462499933814, 47.419582002924088, 1501.5751953125 ], [ 11.774719999338361, 47.419610002924166, 1500.28466796875 ], [ 11.774867999338696, 47.41960800292415, 1499.98876953125 ], [ 11.775026999339055, 47.419552002924043, 1499.3626708984375 ], [ 11.775400999339904, 47.419534002923967, 1497.3726806640625 ], [ 11.775672999340516, 47.419537002923974, 1494.2789306640625 ], [ 11.775954999341161, 47.419519002923934, 1494.6673583984375 ], [ 11.77611499934152, 47.419495002923874, 1491.82177734375 ], [ 11.776186999341681, 47.419503002923889, 1491.0845947265625 ], [ 11.776204999341722, 47.419494002923855, 1491.0845947265625 ], [ 11.776289999341914, 47.419495002923853, 1490.130859375 ], [ 11.776470999342322, 47.419521002923929, 1490.886474609375 ], [ 11.776554999342512, 47.419524002923936, 1489.84814453125 ], [ 11.776588999342591, 47.419498002923866, 1488.78857421875 ], [ 11.776630999342681, 47.419483002923819, 1489.4649658203125 ], [ 11.777006999343536, 47.419482002923822, 1490.318359375 ], [ 11.777151999343861, 47.419529002923923, 1489.1981201171875 ], [ 11.777292999344175, 47.419600002924064, 1488.6326904296875 ], [ 11.777396999344409, 47.419592002924048, 1488.1412353515625 ], [ 11.77751199934467, 47.419561002923984, 1487.18212890625 ], [ 11.777596999344873, 47.419455002923748, 1485.366943359375 ], [ 11.777670999345041, 47.4194290029237, 1484.5003662109375 ], [ 11.777718999345154, 47.419398002923643, 1484.3206787109375 ], [ 11.777753999345235, 47.419392002923608, 1483.85302734375 ], [ 11.777778999345289, 47.419390002923606, 1483.85302734375 ], [ 11.777887999345539, 47.419384002923593, 1484.1409912109375 ], [ 11.777921999345613, 47.419392002923594, 1484.1409912109375 ], [ 11.777939999345646, 47.419407002923641, 1485.6575927734375 ], [ 11.77807099934595, 47.419384002923579, 1483.792236328125 ], [ 11.778138999346101, 47.419398002923614, 1483.3721923828125 ], [ 11.778214999346281, 47.419284002923362, 1482.5399169921875 ], [ 11.778241999346339, 47.419301002923405, 1482.49755859375 ], [ 11.778535999347003, 47.41934300292349, 1482.936279296875 ], [ 11.778636999347228, 47.419327002923453, 1483.71826171875 ], [ 11.778677999347327, 47.419288002923381, 1483.1158447265625 ], [ 11.778730999347452, 47.419211002923213, 1480.9493408203125 ], [ 11.778776999347576, 47.419056002922879, 1477.5567626953125 ], [ 11.778767999347554, 47.418977002922681, 1476.6346435546875 ], [ 11.778651999347312, 47.418817002922374, 1472.378173828125 ], [ 11.778612999347228, 47.418733002922203, 1469.52734375 ], [ 11.778639999347297, 47.418654002922032, 1468.1507568359375 ], [ 11.778638999347304, 47.418603002921927, 1467.025146484375 ], [ 11.778542999347087, 47.418536002921776, 1464.4068603515625 ], [ 11.77840199934678, 47.418403002921487, 1460.995849609375 ], [ 11.778318999346608, 47.418212002921109, 1458.971923828125 ], [ 11.778395999346808, 47.41798700292064, 1454.083984375 ], [ 11.778392999346803, 47.417944002920535, 1452.85791015625 ], [ 11.778311999346633, 47.417865002920387, 1451.8935546875 ], [ 11.778315999346635, 47.41783000292029, 1450.1207275390625 ], [ 11.778097999346159, 47.417715002920076, 1445.11376953125 ], [ 11.77786399934563, 47.417650002919927, 1443.3118896484375 ], [ 11.777539999344913, 47.417550002919739, 1438.7779541015625 ], [ 11.777361999344517, 47.41749500291963, 1436.291748046875 ], [ 11.777193999344139, 47.417462002919549, 1434.4130859375 ], [ 11.777006999343715, 47.417446002919526, 1428.6611328125 ], [ 11.777017999343748, 47.417385002919424, 1426.6611328125 ], [ 11.777179999344119, 47.417333002919278, 1425.4298095703125 ], [ 11.777184999344131, 47.417314002919262, 1422.4732666015625 ], [ 11.777103999343954, 47.417278002919183, 1422.0029296875 ], [ 11.77699499934371, 47.417247002919119, 1415.4398193359375 ], [ 11.776661999342949, 47.417243002919101, 1409.3892822265625 ], [ 11.776667999342971, 47.41723300291909, 1409.3892822265625 ], [ 11.776808999343295, 47.41715900291895, 1405.2861328125 ], [ 11.77682799934334, 47.417143002918877, 1406.575439453125 ], [ 11.776816999343318, 47.417136002918895, 1405.2861328125 ], [ 11.776658999342962, 47.417133002918888, 1401.95166015625 ], [ 11.776642999342927, 47.417121002918883, 1401.95166015625 ], [ 11.77662499934288, 47.417081002918771, 1401.1854248046875 ], [ 11.77663799934292, 47.417048002918705, 1401.1854248046875 ], [ 11.776692999343044, 47.417060002918717, 1399.2567138671875 ], [ 11.776747999343163, 47.417057002918703, 1399.2567138671875 ], [ 11.776812999343317, 47.417044002918693, 1396.33447265625 ], [ 11.7769339993436, 47.416948002918488, 1391.99072265625 ], [ 11.776936999343603, 47.416930002918448, 1391.99072265625 ], [ 11.776871999343458, 47.416946002918479, 1390.297119140625 ], [ 11.776749999343181, 47.41691300291842, 1391.414794921875 ], [ 11.776745999343177, 47.416891002918355, 1387.1688232421875 ], [ 11.776767999343226, 47.416863002918319, 1384.3892822265625 ], [ 11.776800999343305, 47.416845002918272, 1384.3892822265625 ], [ 11.776864999343452, 47.416828002918223, 1384.788330078125 ], [ 11.776886999343503, 47.416788002918146, 1382.169921875 ], [ 11.776944999343636, 47.416750002918057, 1380.7352294921875 ], [ 11.776923999343591, 47.416659002917861, 1375.194580078125 ], [ 11.776970999343705, 47.416640002917838, 1374.78515625 ], [ 11.77713399934408, 47.416576002917672, 1375.482666015625 ], [ 11.777174999344174, 47.416524002917583, 1374.0294189453125 ], [ 11.777212999344266, 47.416477002917475, 1371.841796875 ], [ 11.777207999344263, 47.416409002917327, 1366.90625 ], [ 11.777331999344547, 47.416299002917086, 1362.6312255859375 ], [ 11.777487999344908, 47.416226002916936, 1358.702392578125 ], [ 11.777600999345179, 47.416133002916766, 1355.426025390625 ], [ 11.777706999345414, 47.416122002916715, 1353.3704833984375 ], [ 11.777810999345645, 47.416135002916725, 1349.010986328125 ], [ 11.777874999345798, 47.41609900291666, 1345.5787353515625 ], [ 11.777875999345799, 47.416037002916525, 1344.2735595703125 ], [ 11.777763999345563, 47.415921002916278, 1341.9140625 ], [ 11.777541999345068, 47.415847002916145, 1337.9588623046875 ], [ 11.7773789993447, 47.415814002916065, 1335.0048828125 ], [ 11.777271999344467, 47.415751002915954, 1331.541015625 ], [ 11.777063999343993, 47.41574400291595, 1325.0069580078125 ], [ 11.776940999343717, 47.415761002915971, 1326.2249755859375 ], [ 11.776852999343516, 47.415751002915961, 1325.028076171875 ], [ 11.776833999343477, 47.415706002915861, 1320.171875 ], [ 11.776877999343585, 47.415657002915772, 1318.478271484375 ], [ 11.776933999343717, 47.415569002915561, 1314.192626953125 ], [ 11.776995999343853, 47.415570002915565, 1314.192626953125 ], [ 11.777006999343875, 47.415550002915523, 1311.241455078125 ], [ 11.776872999343581, 47.415519002915474, 1311.1171875 ], [ 11.776805999343431, 47.415545002915515, 1309.5081787109375 ], [ 11.776632999343036, 47.41555400291552, 1306.07861328125 ], [ 11.776597999342963, 47.415516002915467, 1306.3084716796875 ], [ 11.776691999343175, 47.415490002915398, 1304.3427734375 ], [ 11.77654799934286, 47.415427002915294, 1300.445556640625 ], [ 11.776381999342481, 47.41540900291524, 1294.5826416015625 ], [ 11.775716999340995, 47.415310002915064, 1282.2305908203125 ], [ 11.775582999340694, 47.415291002915041, 1280.382080078125 ], [ 11.775458999340412, 47.415316002915091, 1276.1190185546875 ], [ 11.775392999340252, 47.415363002915171, 1274.4482421875 ], [ 11.775304999340047, 47.415468002915411, 1272.4105224609375 ], [ 11.775288999340024, 47.415286002915003, 1269.0169677734375 ], [ 11.775241999339929, 47.415216002914882, 1264.893798828125 ], [ 11.775118999339648, 47.41526100291496, 1261.4896240234375 ], [ 11.775065999339512, 47.41550200291551, 1254.64892578125 ], [ 11.774830999338961, 47.415633002915762, 1250.9522705078125 ], [ 11.774716999338706, 47.41565600291581, 1245.11376953125 ], [ 11.774606999338452, 47.415703002915919, 1244.9886474609375 ], [ 11.774276999337708, 47.415722002915977, 1241.497314453125 ], [ 11.773798999336611, 47.415816002916181, 1234.930419921875 ], [ 11.773528999335989, 47.416022002916613, 1231.1353759765625 ], [ 11.773156999335132, 47.416187002916992, 1226.9500732421875 ], [ 11.773045999334874, 47.416277002917177, 1222.7720947265625 ], [ 11.772931999334606, 47.416426002917518, 1216.6126708984375 ], [ 11.772901999334534, 47.416455002917537, 1218.4031982421875 ], [ 11.77255099933374, 47.416469002917609, 1214.2447509765625 ], [ 11.772334999333253, 47.416494002917645, 1211.7767333984375 ], [ 11.771967999332425, 47.416430002917529, 1204.1478271484375 ], [ 11.771858999332187, 47.41638500291743, 1201.6932373046875 ], [ 11.771819999332095, 47.416369002917406, 1201.6932373046875 ], [ 11.771380999331129, 47.416072002916792, 1189.6192626953125 ], [ 11.770937999330156, 47.415817002916263, 1183.5062255859375 ], [ 11.770683999329608, 47.415502002915602, 1168.8905029296875 ], [ 11.770679999329596, 47.415498002915619, 1168.8905029296875 ], [ 11.770719999329691, 47.415474002915566, 1165.3992919921875 ], [ 11.77082699932993, 47.415481002915563, 1166.9713134765625 ], [ 11.770817999329918, 47.415384002915346, 1159.5880126953125 ], [ 11.770463999329138, 47.415234002915071, 1152.915771484375 ], [ 11.770724999329731, 47.415154002914868, 1150.051025390625 ], [ 11.770704999329693, 47.415084002914718, 1147.4656982421875 ], [ 11.770542999329331, 47.415038002914649, 1144.5924072265625 ], [ 11.770277999328734, 47.415049002914685, 1138.9599609375 ], [ 11.769724999327472, 47.415145002914883, 1129.8155517578125 ], [ 11.769595999327182, 47.415139002914877, 1126.8555908203125 ], [ 11.769387999326717, 47.415109002914811, 1120.72607421875 ], [ 11.769284999326482, 47.415119002914835, 1118.3125 ], [ 11.769193999326273, 47.415149002914916, 1118.577392578125 ], [ 11.769118999326103, 47.415137002914882, 1111.4215087890625 ], [ 11.769139999326166, 47.41502800291466, 1109.0914306640625 ], [ 11.769094999326065, 47.415011002914639, 1107.3822021484375 ], [ 11.769023999325904, 47.415034002914659, 1105.271728515625 ], [ 11.768962999325755, 47.415100002914819, 1105.714599609375 ], [ 11.768876999325556, 47.415126002914874, 1103.3114013671875 ], [ 11.768000999323586, 47.415023002914651, 1083.599609375 ], [ 11.767725999322963, 47.415049002914735, 1081.2041015625 ], [ 11.76700499932134, 47.415004002914692, 1063.642578125 ], [ 11.766536999320275, 47.415055002914762, 1053.793701171875 ], [ 11.766108999319307, 47.415132002914966, 1047.879150390625 ], [ 11.765119999317061, 47.415253002915257, 1034.25244140625 ], [ 11.764922999316608, 47.415333002915411, 1030.628173828125 ], [ 11.764877999316505, 47.415327002915411, 1029.343505859375 ], [ 11.764812999316359, 47.415352002915462, 1027.347412109375 ], [ 11.764721999316155, 47.415342002915445, 1025.71240234375 ], [ 11.764628999315944, 47.415365002915507, 1025.869140625 ], [ 11.764561999315793, 47.415373002915523, 1023.73980712890625 ], [ 11.764510999315673, 47.415410002915593, 1022.4625244140625 ], [ 11.764430999315493, 47.415403002915596, 1021.7117919921875 ], [ 11.764284999315166, 47.415374002915527, 1018.02154541015625 ], [ 11.764225999315032, 47.415394002915583, 1018.89178466796875 ], [ 11.764183999314941, 47.415368002915521, 1015.27911376953125 ], [ 11.764115999314782, 47.415377002915534, 1014.080078125 ], [ 11.764015999314561, 47.415349002915491, 1012.0098876953125 ], [ 11.763860999314204, 47.415367002915538, 1009.12286376953125 ], [ 11.763784999314041, 47.415331002915451, 1007.3118896484375 ], [ 11.763496999313402, 47.415223002915241, 1002.87042236328125 ], [ 11.763362999313099, 47.415167002915091, 1001.16522216796875 ], [ 11.76329899931296, 47.415156002915104, 1001.711669921875 ], [ 11.763297999312961, 47.4151550029151, 1001.711669921875 ], [ 11.763147999312618, 47.415130002915042, 1000.07745361328125 ], [ 11.762881999312016, 47.415145002915104, 996.4827880859375 ], [ 11.762699999311605, 47.415170002915147, 996.5328369140625 ], [ 11.762502999311151, 47.415209002915212, 995.64520263671875 ], [ 11.762330999310766, 47.415232002915289, 993.146484375 ], [ 11.762182999310427, 47.415332002915491, 994.40985107421875 ], [ 11.762134999310314, 47.415381002915602, 994.992919921875 ], [ 11.761831999309612, 47.41553100291592, 991.96014404296875 ], [ 11.761543999308953, 47.415713002916334, 991.78131103515625 ], [ 11.761084999307892, 47.415908002916737, 984.57122802734375 ], [ 11.761016999307737, 47.415983002916896, 984.4947509765625 ], [ 11.760887999307435, 47.416037002917029, 983.261962890625 ], [ 11.760708999307026, 47.416157002917288, 979.5159912109375 ], [ 11.760617999306804, 47.416239002917443, 977.5780029296875 ], [ 11.760507999306553, 47.416293002917577, 975.024169921875 ], [ 11.760370999306243, 47.416284002917578, 973.6514892578125 ], [ 11.76024986891856, 47.416182972011782, 973.3909912109375 ], [ 11.760453922710159, 47.416002626653636, 973.43206787109375 ], [ 11.760473999306505, 47.416013002917005, 973.487060546875 ], [ 11.760635999306881, 47.415872002916686, 973.43731689453125 ], [ 11.761075999307909, 47.415501002915896, 973.34710693359375 ], [ 11.761569999309048, 47.415157002915137, 973.23779296875 ], [ 11.762060999310187, 47.414883002914557, 972.94268798828125 ], [ 11.762496999311191, 47.414676002914106, 972.98358154296875 ], [ 11.762938999312205, 47.414493002913709, 972.7520751953125 ], [ 11.763537999313579, 47.414301002913298, 972.53814697265625 ], [ 11.764047999314737, 47.414177002913014, 972.38995361328125 ], [ 11.764120999314901, 47.414160002912958, 972.4854736328125 ], [ 11.764673999316159, 47.414050002912717, 972.28704833984375 ], [ 11.765061999317043, 47.413997002912623, 972.33233642578125 ], [ 11.765033999316985, 47.413924002912445, 972.26123046875 ], [ 11.76495799931682, 47.41386400291232, 972.00250244140625 ], [ 11.764918999316734, 47.413847002912277, 971.888916015625 ], [ 11.764817999316511, 47.413833002912277, 971.7802734375 ], [ 11.764740999316333, 47.413845002912311, 971.68792724609375 ], [ 11.764626999316071, 47.413886002912363, 971.30078125 ], [ 11.764499999315778, 47.413925002912457, 970.7818603515625 ], [ 11.76443299931563, 47.413932002912489, 970.50665283203125 ], [ 11.764357999315456, 47.413932002912475, 970.1986083984375 ], [ 11.764295999315316, 47.413925002912464, 969.9512939453125 ], [ 11.764212999315133, 47.413901002912404, 969.34234619140625 ], [ 11.764174999315047, 47.413887002912396, 969.25994873046875 ], [ 11.764072999314823, 47.413817002912261, 968.78985595703125 ], [ 11.764017999314703, 47.413747002912103, 967.9266357421875 ], [ 11.764012999314698, 47.413739002912074, 967.9266357421875 ], [ 11.764004999314677, 47.413728002912038, 967.9266357421875 ], [ 11.763982999314637, 47.413689002911987, 967.599609375 ], [ 11.763961999314603, 47.413527002911643, 966.03369140625 ], [ 11.763947999314565, 47.41349500291156, 965.81561279296875 ], [ 11.763904999314478, 47.413436002911453, 965.413330078125 ], [ 11.763841999314343, 47.413385002911333, 965.04052734375 ], [ 11.763801999314255, 47.4133700029113, 964.69049072265625 ], [ 11.763708999314044, 47.413345002911264, 964.5491943359375 ], [ 11.763566999313728, 47.413334002911263, 964.222412109375 ], [ 11.763592999313806, 47.413135002910821, 963.69793701171875 ], [ 11.763540999313699, 47.413007002910561, 962.30633544921875 ], [ 11.763538999313694, 47.412960002910452, 961.9259033203125 ], [ 11.763576999313784, 47.412921002910373, 961.82952880859375 ], [ 11.763659999313974, 47.412882002910294, 961.6851806640625 ], [ 11.764357999315566, 47.412751002909999, 961.75445556640625 ], [ 11.764289999315437, 47.412425002909309, 960.61846923828125 ], [ 11.764366999315648, 47.412035002908475, 958.096435546875 ], [ 11.764528999316038, 47.411772002907917, 955.9254150390625 ], [ 11.764602999316221, 47.411578002907504, 954.3924560546875 ], [ 11.764602999316221, 47.411578002907504, 954.3924560546875 ], [ 11.764659999316361, 47.41143000290716, 953.33990478515625 ], [ 11.76497299931709, 47.411201002906708, 951.570068359375 ], [ 11.765078999317344, 47.411086002906472, 950.4669189453125 ], [ 11.765146999317501, 47.410967002906204, 949.590576171875 ], [ 11.765405999318105, 47.41078600290583, 948.880126953125 ], [ 11.765712999318811, 47.410635002905494, 945.5748291015625 ], [ 11.76606999931963, 47.410478002905137, 940.87310791015625 ], [ 11.766267999320091, 47.410367002904913, 938.7313232421875 ], [ 11.766504999320635, 47.410280002904706, 935.29095458984375 ], [ 11.766797999321298, 47.410225002904582, 931.45330810546875 ], [ 11.767044999321856, 47.410163002904447, 926.86187744140625 ], [ 11.767352999322569, 47.41004100290418, 922.86273193359375 ], [ 11.768102999324297, 47.409642002903318, 911.3680419921875 ], [ 11.768044999324195, 47.40938700290279, 904.6407470703125 ], [ 11.768257999324698, 47.409052002902058, 896.813232421875 ], [ 11.768482999325228, 47.408848002901635, 889.80419921875 ], [ 11.768506999325281, 47.40882600290157, 887.83282470703125 ], [ 11.768761999325877, 47.408656002901218, 875.0146484375 ], [ 11.768851999326079, 47.408597002901082, 871.25091552734375 ], [ 11.768975999326372, 47.408515002900906, 866.5533447265625 ], [ 11.769091999326644, 47.40837600290061, 862.9599609375 ], [ 11.76939699932737, 47.407939002899703, 854.37261962890625 ], [ 11.76947499932756, 47.40779100289938, 852.97222900390625 ], [ 11.769527999327703, 47.407477002898702, 844.613525390625 ], [ 11.769801999328347, 47.407245002898243, 834.983154296875 ], [ 11.769600999327924, 47.406912002897521, 822.013671875 ], [ 11.769597999327933, 47.40672300289711, 821.30389404296875 ], [ 11.769778999328352, 47.40657200289678, 821.02008056640625 ], [ 11.769871999328592, 47.406290002896192, 822.82708740234375 ], [ 11.769717999328249, 47.406179002895961, 817.44476318359375 ], [ 11.769337999327453, 47.405484002894497, 806.73150634765625 ], [ 11.769319999327411, 47.405450002894426, 805.01031494140625 ], [ 11.76950099932785, 47.405231002893977, 800.15240478515625 ], [ 11.76958399932804, 47.405130002893756, 800.04437255859375 ], [ 11.769660999328233, 47.404935002893325, 799.03875732421875 ], [ 11.769608999328133, 47.404788002893035, 798.96136474609375 ], [ 11.769465999327821, 47.404580002892608, 794.0169677734375 ], [ 11.769363999327595, 47.404535002892509, 790.04364013671875 ], [ 11.769246999327356, 47.404334002892085, 786.31854248046875 ], [ 11.769302999327481, 47.404283002891972, 783.497802734375 ], [ 11.769231999327326, 47.404171002891722, 778.2728271484375 ], [ 11.769228999327362, 47.403793002890957, 758.61181640625 ], [ 11.768882999326626, 47.403253002889826, 745.62811279296875 ], [ 11.768933999326741, 47.403203002889697, 746.53668212890625 ], [ 11.768939999326756, 47.403184002889667, 746.53668212890625 ], [ 11.769036999327001, 47.402897002889048, 741.31903076171875 ], [ 11.76907399932708, 47.40291700288909, 741.83538818359375 ], [ 11.769116999327178, 47.402932002889131, 741.82586669921875 ], [ 11.769151999327255, 47.402953002889177, 741.82586669921875 ], [ 11.769443999327938, 47.40270300288865, 743.48822021484375 ], [ 11.769567999328226, 47.402614002888448, 743.763671875 ], [ 11.769772999328698, 47.402506002888195, 742.252197265625 ], [ 11.769859999328894, 47.402496002888185, 742.07366943359375 ], [ 11.770162999329589, 47.402397002887945, 740.9898681640625 ], [ 11.770630999330667, 47.402212002887573, 740.05224609375 ], [ 11.771045999331614, 47.402023002887155, 739.14544677734375 ], [ 11.77115499933187, 47.401974002887059, 738.6363525390625 ], [ 11.771332999332277, 47.401872002886833, 739.38458251953125 ], [ 11.771489999332637, 47.401809002886687, 738.1845703125 ], [ 11.771719999333165, 47.401689002886435, 738.54718017578125 ], [ 11.771756999333258, 47.401648002886361, 735.4267578125 ], [ 11.771798999333351, 47.401622002886285, 735.79339599609375 ], [ 11.77184499933346, 47.401622002886292, 735.79339599609375 ], [ 11.772017999333839, 47.401647002886314, 739.61077880859375 ], [ 11.772046999333908, 47.401645002886319, 743.42755126953125 ], [ 11.772072999333972, 47.40162400288628, 741.19317626953125 ], [ 11.772085999333999, 47.401600002886234, 743.63995361328125 ], [ 11.772102999334036, 47.401584002886196, 743.63995361328125 ], [ 11.772136999334124, 47.401556002886139, 743.44903564453125 ], [ 11.772219999334316, 47.401452002885918, 743.09246826171875 ], [ 11.772163999334193, 47.401425002885865, 743.03680419921875 ], [ 11.772964999336066, 47.400713002884338, 741.2193603515625 ], [ 11.773077999336332, 47.400621002884144, 740.9376220703125 ], [ 11.773259999336755, 47.400495002883858, 740.58624267578125 ], [ 11.773530999337378, 47.400353002883591, 739.98681640625 ], [ 11.773780999337951, 47.40024700288334, 738.9512939453125 ], [ 11.773900999338224, 47.40020600288323, 738.41693115234375 ], [ 11.774205999338918, 47.400127002883053, 737.4298095703125 ], [ 11.774708999340069, 47.400031002882834, 735.12860107421875 ], [ 11.775163999341096, 47.399972002882699, 733.3060302734375 ], [ 11.775668999342242, 47.399915002882565, 731.47503662109375 ], [ 11.77619199934343, 47.399874002882463, 729.4832763671875 ], [ 11.776675999344521, 47.399847002882396, 727.50433349609375 ], [ 11.777288999345908, 47.399826002882321, 725.29168701171875 ], [ 11.77787099934722, 47.399827002882333, 723.00244140625 ], [ 11.778084999347708, 47.399829002882313, 722.32269287109375 ], [ 11.778318999348231, 47.399841002882326, 721.68853759765625 ], [ 11.778545999348744, 47.399860002882377, 720.519775390625 ], [ 11.778633999348958, 47.399635002881901, 720.19732666015625 ], [ 11.778683999349079, 47.399522002881639, 719.0406494140625 ], [ 11.778738999349214, 47.399452002881503, 718.5623779296875 ], [ 11.778802999349361, 47.399411002881408, 718.22113037109375 ], [ 11.77876399934928, 47.399324002881237, 718.3125 ], [ 11.778758999349281, 47.399266002881085, 718.27349853515625 ], [ 11.7788059993494, 47.399078002880707, 717.04156494140625 ], [ 11.7788479993495, 47.398973002880489, 717.25250244140625 ], [ 11.779009999349897, 47.39866400287984, 722.61016845703125 ], [ 11.779085999350078, 47.398540002879571, 722.65447998046875 ], [ 11.779154999350238, 47.398475002879415, 723.416259765625 ], [ 11.779163999350267, 47.398369002879207, 724.7274169921875 ], [ 11.779163999350285, 47.398193002878834, 727.67498779296875 ], [ 11.779121999350199, 47.398110002878681, 729.14202880859375 ], [ 11.779125999350212, 47.398054002878531, 730.34844970703125 ], [ 11.779188999350355, 47.398033002878485, 728.8209228515625 ], [ 11.779195999350376, 47.397973002878373, 727.6373291015625 ], [ 11.779256999350512, 47.398000002878405, 726.3302001953125 ], [ 11.779279999350564, 47.3979880028784, 726.3302001953125 ], [ 11.779270999350555, 47.397881002878172, 725.1278076171875 ], [ 11.77929799935062, 47.397787002877962, 723.77764892578125 ], [ 11.779339999350725, 47.397733002877864, 722.65179443359375 ], [ 11.779339999350732, 47.397639002877654, 722.79150390625 ], [ 11.779326999350706, 47.39761700287761, 722.79150390625 ], [ 11.779313999350681, 47.3975620028775, 724.77447509765625 ], [ 11.779356999350785, 47.397481002877335, 724.4224853515625 ], [ 11.779405999350899, 47.397457002877303, 724.29754638671875 ], [ 11.779497999351108, 47.397384002877104, 723.40283203125 ], [ 11.779523999351174, 47.397314002876961, 720.46063232421875 ], [ 11.779582999351303, 47.397356002877039, 722.42340087890625 ], [ 11.779583999351312, 47.397321002876986, 721.63348388671875 ], [ 11.779633999351425, 47.397301002876908, 721.4588623046875 ], [ 11.779666999351504, 47.397272002876861, 720.124755859375 ], [ 11.77974999935169, 47.397284002876908, 718.75848388671875 ], [ 11.77975199935169, 47.397320002876988, 718.633544921875 ], [ 11.779685999351534, 47.397427002877201, 717.4190673828125 ], [ 11.779701999351555, 47.397513002877375, 714.499755859375 ], [ 11.779701999351557, 47.39756300287749, 713.14422607421875 ], [ 11.779689999351522, 47.397613002877598, 709.96429443359375 ], [ 11.77975499935167, 47.397613002877591, 707.11614990234375 ], [ 11.779791999351765, 47.397547002877459, 707.718017578125 ], [ 11.77983699935187, 47.39749200287735, 709.57330322265625 ], [ 11.779935999352091, 47.397467002877292, 706.34368896484375 ], [ 11.7800249993523, 47.397403002877141, 706.54248046875 ], [ 11.780147999352577, 47.397420002877176, 702.352294921875 ], [ 11.780227999352755, 47.397405002877164, 700.639404296875 ], [ 11.780286999352894, 47.397382002877109, 700.59503173828125 ], [ 11.780333999352994, 47.397337002876988, 700.725341796875 ], [ 11.780448999353268, 47.397284002876873, 700.18798828125 ], [ 11.780529999353453, 47.397213002876725, 695.1795654296875 ], [ 11.780520999353442, 47.397171002876647, 694.079345703125 ], [ 11.780471999353328, 47.397137002876562, 694.079345703125 ], [ 11.78043199935324, 47.397118002876532, 692.35430908203125 ], [ 11.780359999353083, 47.397057002876387, 690.31494140625 ], [ 11.780378999353132, 47.397042002876368, 690.31494140625 ], [ 11.780431999353244, 47.397045002876361, 688.52685546875 ], [ 11.780478999353354, 47.397073002876439, 686.76959228515625 ], [ 11.780424999353231, 47.397036002876355, 684.84844970703125 ], [ 11.780378999353138, 47.39699200287626, 686.8260498046875 ], [ 11.78035299935307, 47.396955002876169, 683.11138916015625 ], [ 11.780312999352986, 47.39693200287612, 682.41680908203125 ], [ 11.780312999352992, 47.396895002876072, 681.44818115234375 ], [ 11.780416999353228, 47.396898002876071, 678.5853271484375 ], [ 11.780471999353354, 47.396915002876099, 677.76446533203125 ], [ 11.780630999353709, 47.396930002876125, 676.54864501953125 ], [ 11.780704999353876, 47.396924002876112, 675.4537353515625 ], [ 11.780781999354048, 47.396957002876185, 675.07354736328125 ], [ 11.780907999354328, 47.396992002876239, 670.47894287109375 ], [ 11.780909999354336, 47.397030002876328, 671.76861572265625 ], [ 11.780935999354391, 47.397064002876405, 671.8734130859375 ], [ 11.780981999354482, 47.397077002876408, 671.8734130859375 ], [ 11.781024999354591, 47.39707400287643, 671.650390625 ], [ 11.781221999355024, 47.397112002876483, 667.190185546875 ], [ 11.781282999355167, 47.397132002876539, 665.40740966796875 ], [ 11.781333999355276, 47.397159002876577, 663.73748779296875 ], [ 11.781330999355276, 47.397112002876497, 662.5928955078125 ], [ 11.781294999355195, 47.397057002876366, 663.3868408203125 ], [ 11.78114999935489, 47.396857002875947, 658.0614013671875 ], [ 11.78116199935492, 47.396836002875908, 658.0614013671875 ], [ 11.781190999354978, 47.396833002875908, 658.0614013671875 ], [ 11.781499999355672, 47.396932002876092, 650.9747314453125 ], [ 11.781651999356008, 47.396996002876229, 648.6263427734375 ], [ 11.782040999356877, 47.39705500287635, 642.7286376953125 ], [ 11.782071999356949, 47.397045002876318, 641.67266845703125 ], [ 11.782098999357016, 47.397009002876246, 639.8885498046875 ], [ 11.782004999356818, 47.396911002876053, 636.7515869140625 ], [ 11.781979999356764, 47.39683400287587, 636.258544921875 ], [ 11.781865999356523, 47.396617002875409, 629.655517578125 ], [ 11.781764999356309, 47.396501002875183, 627.320556640625 ], [ 11.781694999356155, 47.396403002874976, 625.807861328125 ], [ 11.781665999356097, 47.39632700287482, 624.96551513671875 ], [ 11.781617999356005, 47.396150002874457, 621.04669189453125 ], [ 11.781581999355934, 47.39601700287416, 619.7139892578125 ], [ 11.781874999356608, 47.395909002873935, 613.79742431640625 ], [ 11.782175999357289, 47.395876002873877, 607.73846435546875 ], [ 11.782342999357667, 47.395873002873863, 605.58355712890625 ], [ 11.782224999357407, 47.39576200287361, 605.22216796875 ], [ 11.782143999357237, 47.395623002873322, 605.07843017578125 ], [ 11.782134999357226, 47.39560800287331, 604.014404296875 ], [ 11.781975999356876, 47.395450002872956, 602.44256591796875 ], [ 11.781788999356468, 47.395324002872684, 599.22503662109375 ], [ 11.781689999356244, 47.395241002872524, 598.897216796875 ], [ 11.781619999356094, 47.395148002872347, 597.74853515625 ], [ 11.781541999355936, 47.395019002872068, 596.85516357421875 ], [ 11.781391999355604, 47.39489900287181, 597.11041259765625 ], [ 11.780843999354403, 47.394510002870994, 597.751220703125 ], [ 11.780745999354183, 47.394462002870924, 597.9205322265625 ], [ 11.780687999354054, 47.394455002870892, 597.83856201171875 ], [ 11.780596999353849, 47.394462002870938, 596.1700439453125 ], [ 11.780466999353555, 47.394494002870999, 595.9873046875 ], [ 11.780231999353017, 47.394578002871164, 596.33392333984375 ], [ 11.779753999351911, 47.394842002871734, 596.9156494140625 ], [ 11.779555999351468, 47.394868002871824, 596.4696044921875 ], [ 11.779467999351263, 47.394910002871903, 596.4346923828125 ], [ 11.779360999351018, 47.394928002871929, 593.51806640625 ], [ 11.779219999350703, 47.394933002871959, 592.03619384765625 ], [ 11.779141999350523, 47.394944002872002, 590.77337646484375 ], [ 11.778856999349873, 47.395029002872178, 587.64044189453125 ], [ 11.778775999349692, 47.395029002872199, 585.798583984375 ], [ 11.77870899934954, 47.39500600287213, 584.44842529296875 ], [ 11.778650999349415, 47.394969002872052, 582.77850341796875 ], [ 11.778627999349363, 47.394921002871939, 581.31146240234375 ], [ 11.778594999349291, 47.394915002871947, 579.67779541015625 ], [ 11.778541999349164, 47.394964002872015, 580.0687255859375 ], [ 11.778407999348872, 47.394886002871893, 576.21441650390625 ], [ 11.77830799934865, 47.394862002871847, 575.615234375 ], [ 11.778136999348263, 47.394802002871707, 575.342529296875 ], [ 11.778091999348158, 47.394781002871667, 574.52972412109375 ], [ 11.778007999347977, 47.394743002871571, 574.1629638671875 ], [ 11.777909999347754, 47.39475300287161, 574.32147216796875 ], [ 11.778387999348869, 47.394399002870841, 571.473388671875 ], [ 11.779259999350892, 47.393753002869445, 566.4407958984375 ], [ 11.779995999352606, 47.393205002868285, 562.724853515625 ], [ 11.780025999352668, 47.393183002868234, 562.724853515625 ], [ 11.779658999351852, 47.39304800286795, 562.2506103515625 ], [ 11.779559999351633, 47.39300800286788, 562.075927734375 ], [ 11.779447999351392, 47.392963002867795, 561.827392578125 ], [ 11.779394999351267, 47.392935002867731, 561.827392578125 ], [ 11.779341999351148, 47.392907002867673, 561.66082763671875 ], [ 11.779248999350948, 47.392848002867559, 561.643310546875 ], [ 11.779064999350544, 47.392731002867322, 561.41357421875 ], [ 11.778694999349732, 47.392490002866815, 561.135498046875 ], [ 11.778946999350316, 47.392276002866353, 559.12841796875 ], [ 11.77911199935069, 47.392206002866203, 558.174560546875 ], [ 11.779443999351473, 47.391837002865408, 555.27001953125 ], [ 11.7793179993512, 47.391781002865294, 555.35595703125 ], [ 11.778396999349155, 47.391369002864465, 554.024658203125 ], [ 11.778391999349147, 47.391367002864463, 554.024658203125 ], [ 11.778738999349949, 47.391076002863834, 551.1214599609375 ], [ 11.778797999350086, 47.391027002863716, 550.6351318359375 ], [ 11.779014999350586, 47.390875002863382, 549.2379150390625 ], [ 11.779431999351559, 47.390593002862786, 546.15606689453125 ], [ 11.779501999351721, 47.390532002862635, 545.0531005859375 ], [ 11.77956799935188, 47.390459002862492, 544.3773193359375 ], [ 11.779644999352064, 47.390354002862288, 542.65234375 ], [ 11.779690999352175, 47.390255002862084, 541.53857421875 ], [ 11.779756999352346, 47.390013002861565, 538.8704833984375 ], [ 11.779764999352363, 47.389961002861433, 537.94757080078125 ], [ 11.779758999352351, 47.389922002861333, 537.94757080078125 ], [ 11.779737999352303, 47.389893002861278, 537.49346923828125 ], [ 11.779703999352241, 47.389868002861256, 537.44647216796875 ], [ 11.779653999352124, 47.389848002861207, 537.22747802734375 ], [ 11.779531999351846, 47.389823002861142, 537.332275390625 ], [ 11.779746999352358, 47.389572002860611, 535.26739501953125 ], [ 11.779747999352361, 47.389517002860494, 534.9744873046875 ], [ 11.779700999352261, 47.389479002860433, 534.56744384765625 ], [ 11.778654999349932, 47.389108002859658, 534.09454345703125 ], [ 11.778608999349835, 47.389041002859521, 531.685791015625 ], [ 11.778592999349812, 47.388974002859399, 531.2652587890625 ], [ 11.778591999349807, 47.38892700285929, 530.65936279296875 ], [ 11.778550999349719, 47.388877002859182, 530.053466796875 ], [ 11.778508999349624, 47.388871002859169, 530.0440673828125 ], [ 11.778487999349577, 47.388876002859213, 530.0440673828125 ], [ 11.778471999349543, 47.388850002859108, 530.0521240234375 ], [ 11.778440999349479, 47.388832002859111, 529.97552490234375 ] ] ] } },
{ "type": "Feature", "properties": { "name": "Oberland", "elevation gain": 712, "elevation loss": -769, "length": 25.591927488487467 }, "geometry": { "type": "MultiLineString", "coordinates": [ [ [ 10.960723997506593, 47.275764002633807, 641.99371337890625 ], [ 10.960460997506006, 47.275635002633528, 642.01519775390625 ], [ 10.960341997505742, 47.275564002633388, 642.280029296875 ], [ 10.960277997505596, 47.275536002633338, 642.28631591796875 ], [ 10.960261997505558, 47.275529002633299, 642.28631591796875 ], [ 10.96021899750547, 47.275533002633331, 642.17620849609375 ], [ 10.960107997505203, 47.275575002633396, 642.0535888671875 ], [ 10.96002699750502, 47.275622002633526, 642.00030517578125 ], [ 10.959723997504295, 47.275920002634123, 640.856201171875 ], [ 10.959650997504124, 47.275955002634205, 639.93511962890625 ], [ 10.959586997503985, 47.275954002634229, 640.0255126953125 ], [ 10.959304997503311, 47.276217002634773, 641.30950927734375 ], [ 10.959091997502814, 47.276326002635003, 641.9666748046875 ], [ 10.958999997502598, 47.276394002635151, 642.1663818359375 ], [ 10.958995997502591, 47.276401002635168, 642.1663818359375 ], [ 10.958999997502598, 47.276394002635151, 642.1663818359375 ], [ 10.958692997501947, 47.275962002634238, 643.23211669921875 ], [ 10.958592997501734, 47.275842002633986, 643.6270751953125 ], [ 10.958551997501647, 47.275803002633921, 642.2257080078125 ], [ 10.958493997501513, 47.275767002633806, 644.16455078125 ], [ 10.958418997501342, 47.275735002633773, 644.42138671875 ], [ 10.958359997501214, 47.275729002633732, 644.666015625 ], [ 10.958305997501093, 47.275728002633734, 644.666015625 ], [ 10.958194997500836, 47.275753002633806, 642.667724609375 ], [ 10.957046997498189, 47.276067002634463, 644.80047607421875 ], [ 10.956803997497627, 47.276136002634608, 643.42620849609375 ], [ 10.956692997497374, 47.276180002634675, 643.816650390625 ], [ 10.956589997497131, 47.276239002634831, 643.42156982421875 ], [ 10.956503997496929, 47.276310002634986, 642.68121337890625 ], [ 10.956457997496816, 47.276378002635148, 642.56341552734375 ], [ 10.956430997496749, 47.276461002635301, 642.51934814453125 ], [ 10.956437997496748, 47.276620002635646, 642.46307373046875 ], [ 10.956492997496829, 47.277016002636486, 642.406494140625 ], [ 10.95652899749687, 47.277434002637371, 642.6165771484375 ], [ 10.956578997496935, 47.277825002638195, 643.17889404296875 ], [ 10.956612997496991, 47.278081002638743, 643.5943603515625 ], [ 10.956641997497034, 47.278288002639187, 644.58514404296875 ], [ 10.956702997497105, 47.278968002640624, 646.734130859375 ], [ 10.956719997497101, 47.27933800264141, 647.78167724609375 ], [ 10.956539997496634, 47.27987700264255, 649.12347412109375 ], [ 10.956511997496559, 47.279970002642742, 649.475830078125 ], [ 10.956264997495957, 47.280385002643619, 650.88629150390625 ], [ 10.956017997495353, 47.280760002644442, 652.25701904296875 ], [ 10.955656997494474, 47.281317002645615, 654.73065185546875 ], [ 10.955583997494299, 47.281451002645895, 654.9439697265625 ], [ 10.955226997493492, 47.281334002645636, 655.18145751953125 ], [ 10.955059997493116, 47.281279002645526, 656.84423828125 ], [ 10.954729997492381, 47.281172002645306, 657.41229248046875 ], [ 10.954613997492116, 47.281183002645342, 659.106201171875 ], [ 10.954483997491815, 47.281228002645435, 659.30572509765625 ], [ 10.954394997491601, 47.281259002645491, 660.72601318359375 ], [ 10.952976997488328, 47.281738002646506, 674.516357421875 ], [ 10.952544997487324, 47.281935002646932, 680.0140380859375 ], [ 10.952396997486986, 47.282019002647132, 683.04840087890625 ], [ 10.952301997486762, 47.282073002647209, 683.83038330078125 ], [ 10.952198997486517, 47.282137002647374, 685.001708984375 ], [ 10.952087997486258, 47.282206002647513, 687.0201416015625 ], [ 10.952420997486973, 47.28258700264832, 692.42340087890625 ], [ 10.952476997487093, 47.282652002648469, 693.702392578125 ], [ 10.952525997487202, 47.282727002648627, 695.09271240234375 ], [ 10.952598997487343, 47.282956002649108, 697.61712646484375 ], [ 10.952631997487414, 47.283011002649225, 698.36492919921875 ], [ 10.952760997487696, 47.283139002649492, 700.720947265625 ], [ 10.952890997487971, 47.283254002649734, 700.9188232421875 ], [ 10.95296899748814, 47.283339002649932, 701.96099853515625 ], [ 10.953021997488259, 47.283426002650081, 705.13531494140625 ], [ 10.953097997488404, 47.283653002650567, 707.2908935546875 ], [ 10.95316299748853, 47.28390100265112, 710.76959228515625 ], [ 10.953180997488536, 47.284222002651788, 716.19989013671875 ], [ 10.953187997488541, 47.284270002651894, 716.8446044921875 ], [ 10.953218997488596, 47.284458002652279, 719.25823974609375 ], [ 10.953228997488605, 47.284640002652687, 722.65509033203125 ], [ 10.953249997488639, 47.284705002652828, 724.06640625 ], [ 10.953296997488739, 47.284774002652973, 724.41259765625 ], [ 10.953390997488945, 47.28483200265309, 725.13287353515625 ], [ 10.953451997489083, 47.284882002653163, 726.0379638671875 ], [ 10.953473997489128, 47.284911002653246, 725.7088623046875 ], [ 10.953478997489135, 47.284940002653308, 726.268798828125 ], [ 10.953457997489082, 47.284978002653396, 726.863037109375 ], [ 10.953430560135063, 47.284997723251593, 727.341064453125 ], [ 10.953425997489004, 47.285001002653445, 727.341064453125 ], [ 10.953350997488835, 47.285006002653446, 731.11053466796875 ], [ 10.953273997488663, 47.284981002653403, 730.47149658203125 ], [ 10.952920997487878, 47.284838002653075, 734.945556640625 ], [ 10.952835997487691, 47.284767002652941, 735.95758056640625 ], [ 10.95267899748735, 47.284579002652542, 738.1588134765625 ], [ 10.952635997487269, 47.284449002652281, 738.5693359375 ], [ 10.952590997487167, 47.28441300265218, 739.76983642578125 ], [ 10.952541997487065, 47.284389002652141, 739.83709716796875 ], [ 10.952476997486915, 47.284379002652138, 741.0753173828125 ], [ 10.952372997486679, 47.284377002652121, 742.94244384765625 ], [ 10.952299997486508, 47.284364002652083, 743.0960693359375 ], [ 10.952228997486356, 47.284332002652036, 742.1220703125 ], [ 10.952090997486053, 47.284201002651756, 744.09521484375 ], [ 10.952044997485956, 47.284173002651698, 744.09521484375 ], [ 10.951984997485813, 47.28415500265163, 743.8741455078125 ], [ 10.951918997485674, 47.284150002651643, 744.31549072265625 ], [ 10.951860997485536, 47.284157002651668, 744.363037109375 ], [ 10.951806997485408, 47.284181002651707, 744.9935302734375 ], [ 10.951773997485324, 47.284217002651772, 745.20306396484375 ], [ 10.951771014899256, 47.284235560965122, 745.20306396484375 ], [ 10.9517649974853, 47.284273002651894, 743.2613525390625 ], [ 10.951778997485338, 47.284321002652, 744.351318359375 ], [ 10.952161997486154, 47.284803002653021, 750.81878662109375 ], [ 10.952474997486826, 47.285160002653775, 754.56732177734375 ], [ 10.952537997486964, 47.285257002653985, 756.82061767578125 ], [ 10.952588997487069, 47.285365002654224, 756.909423828125 ], [ 10.952596997487081, 47.285427002654338, 757.86981201171875 ], [ 10.952591997487058, 47.285490002654498, 759.10650634765625 ], [ 10.952577997487023, 47.285577002654676, 760.29541015625 ], [ 10.952548997486941, 47.285669002654863, 761.42626953125 ], [ 10.952503997486831, 47.285730002655008, 761.99884033203125 ], [ 10.952438997486677, 47.285800002655144, 763.70037841796875 ], [ 10.952300997486354, 47.285911002655375, 765.09344482421875 ], [ 10.95152699748456, 47.286161002655902, 774.26263427734375 ], [ 10.951268997483966, 47.286231002656052, 776.78265380859375 ], [ 10.951166997483739, 47.286237002656073, 777.04119873046875 ], [ 10.951089997483567, 47.286225002656053, 778.3848876953125 ], [ 10.950952997483258, 47.286168002655934, 780.55645751953125 ], [ 10.95058899748245, 47.285961002655505, 782.7242431640625 ], [ 10.950483997482223, 47.285859002655272, 785.75164794921875 ], [ 10.950360997481953, 47.28574100265503, 787.57635498046875 ], [ 10.950192997481579, 47.285658002654841, 789.26910400390625 ], [ 10.949952997481047, 47.285595002654716, 790.8807373046875 ], [ 10.949644997480361, 47.285461002654451, 794.0484619140625 ], [ 10.949580997480211, 47.285445002654406, 794.68243408203125 ], [ 10.94949699748002, 47.285438002654388, 794.7176513671875 ], [ 10.948937997478749, 47.285414002654321, 797.52349853515625 ], [ 10.948644997478088, 47.285388002654273, 798.993896484375 ], [ 10.948378997477491, 47.285327002654157, 799.9725341796875 ], [ 10.9479819974766, 47.285186002653866, 801.00823974609375 ], [ 10.947577997475694, 47.285004002653459, 804.18609619140625 ], [ 10.947163997474775, 47.284833002653095, 806.2706298828125 ], [ 10.946380997473026, 47.284522002652452, 811.17608642578125 ], [ 10.945972997472113, 47.284342002652053, 815.95086669921875 ], [ 10.945644997471378, 47.284219002651817, 821.2713623046875 ], [ 10.945433997470914, 47.28414300265166, 819.83416748046875 ], [ 10.945156997470292, 47.284061002651484, 822.45654296875 ], [ 10.944618997469078, 47.283942002651258, 827.248779296875 ], [ 10.944514997468845, 47.283932002651206, 828.53448486328125 ], [ 10.944441997468674, 47.283942002651251, 828.41015625 ], [ 10.944152997468015, 47.283996002651371, 830.86480712890625 ], [ 10.944050997467782, 47.283999002651356, 834.53515625 ], [ 10.943984997467632, 47.283985002651328, 832.181640625 ], [ 10.943931997467514, 47.283945002651244, 832.44091796875 ], [ 10.943915997467482, 47.283904002651155, 832.9521484375 ], [ 10.943923997467506, 47.28385700265104, 833.023681640625 ], [ 10.944100997467935, 47.283553002650386, 837.03924560546875 ], [ 10.944176997468123, 47.283474002650237, 837.9847412109375 ], [ 10.94431399746844, 47.283415002650116, 839.76812744140625 ], [ 10.944474997468809, 47.283365002650008, 841.10357666015625 ], [ 10.944657997469241, 47.28329400264986, 842.0982666015625 ], [ 10.944796997469558, 47.283219002649695, 844.1805419921875 ], [ 10.944811997469595, 47.283190002649626, 845.24432373046875 ], [ 10.944812997469601, 47.283156002649569, 845.4674072265625 ], [ 10.944790997469553, 47.283122002649492, 846.01361083984375 ], [ 10.94474599746945, 47.283104002649438, 846.7159423828125 ], [ 10.944685997469314, 47.283111002649484, 846.7159423828125 ], [ 10.944533997468964, 47.283183002649622, 848.1744384765625 ], [ 10.944370997468592, 47.283204002649661, 847.37017822265625 ], [ 10.944137997468065, 47.283167002649591, 848.77587890625 ], [ 10.943997997467747, 47.283135002649516, 849.44866943359375 ], [ 10.943914997467568, 47.283098002649453, 849.30792236328125 ], [ 10.943867997467462, 47.283063002649378, 850.54486083984375 ], [ 10.943844997467417, 47.283018002649278, 853.22802734375 ], [ 10.943799997467325, 47.282898002649056, 853.22540283203125 ], [ 10.943755997467228, 47.282865002648983, 855.8043212890625 ], [ 10.94353999746674, 47.282821002648859, 855.7177734375 ], [ 10.943147997465868, 47.282635002648455, 859.02655029296875 ], [ 10.943072997465693, 47.28262100264844, 860.9818115234375 ], [ 10.942772997465013, 47.282662002648536, 863.5489501953125 ], [ 10.942656997464741, 47.282714002648632, 864.83502197265625 ], [ 10.942588997464577, 47.28279700264882, 865.4163818359375 ], [ 10.942548997464481, 47.282826002648896, 866.03375244140625 ], [ 10.942440997464237, 47.282847002648914, 866.16595458984375 ], [ 10.942126997463518, 47.282855002648937, 868.5352783203125 ], [ 10.941843997462868, 47.28290400264904, 872.89080810546875 ], [ 10.941671997462478, 47.28295900264915, 873.86383056640625 ], [ 10.941620997462357, 47.283011002649275, 875.97747802734375 ], [ 10.941607997462317, 47.283076002649402, 876.55743408203125 ], [ 10.941628997462358, 47.283152002649572, 878.02532958984375 ], [ 10.94180199746271, 47.283490002650289, 881.60906982421875 ], [ 10.941814997462734, 47.283554002650419, 882.0887451171875 ], [ 10.941812997462732, 47.283587002650492, 882.0887451171875 ], [ 10.941783997462657, 47.283624002650583, 881.915283203125 ], [ 10.941482997461955, 47.283820002650991, 884.37884521484375 ], [ 10.941224997461356, 47.283889002651129, 887.488037109375 ], [ 10.940709997460184, 47.283969002651311, 892.4442138671875 ], [ 10.940414997459492, 47.284082002651537, 895.18231201171875 ], [ 10.940166997458912, 47.284276002651971, 898.8096923828125 ], [ 10.939982997458459, 47.284551002652549, 905.53070068359375 ], [ 10.939831997458089, 47.284842002653164, 908.59771728515625 ], [ 10.939829997458078, 47.284919002653325, 909.30999755859375 ], [ 10.93986699745815, 47.284983002653455, 909.43536376953125 ], [ 10.939990997458429, 47.28504300265358, 911.98175048828125 ], [ 10.940081997458634, 47.285077002653672, 911.1923828125 ], [ 10.940110997458692, 47.285116002653744, 910.59765625 ], [ 10.94010799745868, 47.285176002653863, 910.739990234375 ], [ 10.939720997457767, 47.285472002654501, 916.3712158203125 ], [ 10.939414997457058, 47.285594002654761, 918.415283203125 ], [ 10.939262997456705, 47.285680002654942, 921.5572509765625 ], [ 10.939193997456542, 47.285728002655055, 922.3828125 ], [ 10.939172997456488, 47.285769002655123, 922.69586181640625 ], [ 10.939162997456464, 47.28580200265521, 923.14630126953125 ], [ 10.939171997456484, 47.285838002655289, 927.47845458984375 ], [ 10.939191997456518, 47.285869002655332, 927.47845458984375 ], [ 10.939280997456715, 47.285937002655487, 927.486328125 ], [ 10.939392997456968, 47.285999002655629, 928.84405517578125 ], [ 10.939444997457084, 47.286039002655706, 928.9234619140625 ], [ 10.939471997457135, 47.286088002655809, 926.6431884765625 ], [ 10.939473997457139, 47.286119002655873, 927.011962890625 ], [ 10.939475997457141, 47.286141002655938, 927.011962890625 ], [ 10.939456997457098, 47.286186002656031, 927.52447509765625 ], [ 10.939414997456995, 47.286216002656097, 926.95233154296875 ], [ 10.939357997456861, 47.286237002656136, 928.240234375 ], [ 10.938950997455931, 47.286252002656148, 931.82733154296875 ], [ 10.93884099745568, 47.286268002656186, 933.941650390625 ], [ 10.938790997455568, 47.28629600265625, 934.156005859375 ], [ 10.938768997455512, 47.286327002656336, 935.1854248046875 ], [ 10.938762997455495, 47.286375002656413, 938.15069580078125 ], [ 10.938802997455575, 47.286430002656545, 938.4703369140625 ], [ 10.938928997455861, 47.286513002656726, 938.56842041015625 ], [ 10.938958997455927, 47.286546002656792, 938.37744140625 ], [ 10.938953997455911, 47.286575002656875, 938.37744140625 ], [ 10.938930997455852, 47.286599002656914, 937.04034423828125 ], [ 10.93889099745576, 47.286613002656935, 937.3770751953125 ], [ 10.938815997455585, 47.286604002656915, 936.02374267578125 ], [ 10.938709997455353, 47.286572002656854, 938.56207275390625 ], [ 10.938418997454701, 47.286445002656585, 939.99029541015625 ], [ 10.938341997454527, 47.286423002656505, 941.75042724609375 ], [ 10.938266997454358, 47.28641200265649, 943.52239990234375 ], [ 10.938156997454104, 47.286426002656526, 945.6036376953125 ], [ 10.938065997453899, 47.286447002656594, 944.76739501953125 ], [ 10.937901997453517, 47.286470002656628, 948.35101318359375 ], [ 10.937810997453317, 47.286475002656651, 948.904296875 ], [ 10.937659997452972, 47.286456002656607, 949.7288818359375 ], [ 10.937432997452461, 47.286418002656518, 952.58294677734375 ], [ 10.937183997451889, 47.286487002656671, 955.679931640625 ], [ 10.937014997451492, 47.286570002656845, 955.74322509765625 ], [ 10.936958997451361, 47.286626002656988, 958.2900390625 ], [ 10.936933997451295, 47.286705002657101, 959.05023193359375 ], [ 10.936941997451303, 47.28677200265728, 960.25830078125 ], [ 10.936972997451365, 47.286848002657429, 964.1549072265625 ], [ 10.936900997451193, 47.286964002657669, 961.72808837890625 ], [ 10.936844997451052, 47.287073002657898, 962.66748046875 ], [ 10.936840997451027, 47.287177002658112, 964.0770263671875 ], [ 10.936856997451043, 47.287432002658669, 964.856689453125 ], [ 10.936835997450988, 47.287487002658779, 964.91033935546875 ], [ 10.936941997451228, 47.287513002658841, 963.88153076171875 ], [ 10.93728599745201, 47.287514002658838, 960.4053955078125 ], [ 10.937474997452441, 47.287501002658836, 958.98663330078125 ], [ 10.937664997452865, 47.287575002658969, 956.07000732421875 ], [ 10.93776199745308, 47.28761300265905, 953.320068359375 ], [ 10.937866997453316, 47.287667002659155, 953.61749267578125 ], [ 10.938047997453724, 47.287699002659238, 951.5572509765625 ], [ 10.938185997454037, 47.287707002659225, 950.805908203125 ], [ 10.938305997454307, 47.287769002659374, 947.80364990234375 ], [ 10.938456997454646, 47.287776002659399, 941.7574462890625 ], [ 10.938550997454865, 47.287754002659362, 939.74884033203125 ], [ 10.938622997455028, 47.287755002659345, 940.00738525390625 ], [ 10.938744997455313, 47.287714002659285, 937.0947265625 ], [ 10.938882997455622, 47.287704002659233, 936.7783203125 ], [ 10.93915399745624, 47.287747002659323, 938.4027099609375 ], [ 10.939254997456462, 47.287751002659327, 934.82208251953125 ], [ 10.939323997456629, 47.28771900265928, 932.619384765625 ], [ 10.939385997456771, 47.287667002659155, 931.5008544921875 ], [ 10.939459997456948, 47.287620002659054, 931.32281494140625 ], [ 10.939618997457314, 47.287581002658996, 933.0487060546875 ], [ 10.939753997457622, 47.287581002658982, 929.51129150390625 ], [ 10.939795997457715, 47.287595002659025, 929.0855712890625 ], [ 10.94013799745848, 47.287717002659257, 934.39385986328125 ], [ 10.940234997458699, 47.287707002659218, 933.18255615234375 ], [ 10.940494997459302, 47.287633002659092, 926.4534912109375 ], [ 10.940659997459678, 47.287632002659095, 925.63275146484375 ], [ 10.940761997459903, 47.287661002659142, 923.85552978515625 ], [ 10.940881997460171, 47.2877420026593, 928.65570068359375 ], [ 10.940942997460308, 47.287762002659363, 926.38079833984375 ], [ 10.941112997460667, 47.287982002659795, 924.31036376953125 ], [ 10.941142997460728, 47.288083002660045, 926.90374755859375 ], [ 10.941215997460882, 47.288207002660286, 923.800048828125 ], [ 10.941335997461136, 47.288322002660529, 925.43267822265625 ], [ 10.941417997461318, 47.288379002660626, 921.9649658203125 ], [ 10.941561997461639, 47.288459002660851, 921.3255615234375 ], [ 10.94164799746183, 47.288557002661037, 921.11236572265625 ], [ 10.94182699746222, 47.288681002661299, 919.56915283203125 ], [ 10.941891997462363, 47.288762002661485, 918.65679931640625 ], [ 10.942013997462627, 47.288848002661652, 916.693359375 ], [ 10.942188997463015, 47.28895300266187, 914.44317626953125 ], [ 10.942590997463908, 47.289150002662289, 908.2723388671875 ], [ 10.942655997464049, 47.289201002662402, 905.1009521484375 ], [ 10.942777997464324, 47.289247002662492, 903.5887451171875 ], [ 10.943042997464927, 47.289285002662581, 901.51470947265625 ], [ 10.943128997465113, 47.289366002662753, 896.287841796875 ], [ 10.943173997465209, 47.289420002662879, 895.233154296875 ], [ 10.943180997465216, 47.289459002662937, 893.5611572265625 ], [ 10.943216997465308, 47.289440002662893, 896.17559814453125 ], [ 10.943208997465298, 47.289377002662782, 898.0499267578125 ], [ 10.943128997465124, 47.289275002662585, 901.079833984375 ], [ 10.94313499746514, 47.289232002662466, 899.76025390625 ], [ 10.943173997465234, 47.28917000266231, 896.01220703125 ], [ 10.943249997465411, 47.289128002662231, 891.69818115234375 ], [ 10.943386997465725, 47.289081002662122, 887.64093017578125 ], [ 10.943623997466267, 47.289056002662093, 880.88848876953125 ], [ 10.943724997466504, 47.28903500266204, 879.316650390625 ], [ 10.943769997466612, 47.28900700266199, 879.98272705078125 ], [ 10.943786997466654, 47.288959002661883, 883.82037353515625 ], [ 10.943784997466661, 47.288847002661633, 882.40582275390625 ], [ 10.943827997466775, 47.288738002661404, 881.551513671875 ], [ 10.943907997466958, 47.288676002661283, 879.961669921875 ], [ 10.943992997467156, 47.28864500266122, 878.7733154296875 ], [ 10.943992997467156, 47.28864500266122, 878.7733154296875 ], [ 10.944228060033524, 47.288544543001187, 879.42669677734375 ], [ 10.94453941682902, 47.288232600207905, 879.16387939453125 ], [ 10.94453941682902, 47.288232600207905, 879.16387939453125 ], [ 10.94453941682902, 47.288232600207905, 879.16387939453125 ], [ 10.945200262559453, 47.288197128455984, 866.90411376953125 ], [ 10.945567819848103, 47.288177399341691, 863.171142578125 ], [ 10.945567819848103, 47.288177399341691, 863.171142578125 ], [ 10.946220927627529, 47.288100356936262, 856.90960693359375 ], [ 10.946812619760106, 47.288030559290945, 846.2056884765625 ], [ 10.946812619760106, 47.288030559290945, 846.2056884765625 ], [ 10.947299759594902, 47.287856192495703, 839.41278076171875 ], [ 10.947417997167268, 47.287747053785111, 837.81854248046875 ], [ 10.947756198506148, 47.287691995918628, 835.39642333984375 ], [ 10.948243208433887, 47.287554351002484, 825.036865234375 ], [ 10.948459657290476, 47.287554351002484, 820.705322265625 ], [ 10.948784330576055, 47.287517645631283, 815.8157958984375 ], [ 10.94944720520057, 47.28751764563129, 805.67645263671875 ], [ 10.950100135569329, 47.287439944586396, 798.482666015625 ], [ 10.950218304252653, 47.287425882091185, 797.01824951171875 ], [ 10.950407697002708, 47.287260707317898, 797.9241943359375 ], [ 10.950637673912622, 47.287077179186909, 791.00128173828125 ], [ 10.950840594715947, 47.2869211797749, 786.80731201171875 ], [ 10.950867650823936, 47.286765179902702, 786.06304931640625 ], [ 10.951447122525588, 47.286546805613575, 779.36566162109375 ], [ 10.951598165716248, 47.286489884888546, 778.13623046875 ], [ 10.952085749795041, 47.286185251016498, 770.8504638671875 ], [ 10.952112231750473, 47.286168705561131, 770.8504638671875 ], [ 10.95231335614544, 47.28598835321133, 766.33172607421875 ], [ 10.952303997486357, 47.285925002655375, 765.83441162109375 ], [ 10.952300997486354, 47.285911002655375, 765.09344482421875 ], [ 10.952438997486677, 47.285800002655144, 763.70037841796875 ], [ 10.952503997486831, 47.285730002655008, 761.99884033203125 ], [ 10.952548997486941, 47.285669002654863, 761.42626953125 ], [ 10.952577997487023, 47.285577002654676, 760.29541015625 ], [ 10.952591997487058, 47.285490002654498, 759.10650634765625 ], [ 10.952596997487081, 47.285427002654338, 757.86981201171875 ], [ 10.952588997487069, 47.285365002654224, 756.909423828125 ], [ 10.952537997486964, 47.285257002653985, 756.82061767578125 ], [ 10.952474997486826, 47.285160002653775, 754.56732177734375 ], [ 10.952161997486154, 47.284803002653021, 750.81878662109375 ], [ 10.951778997485338, 47.284321002652, 744.351318359375 ], [ 10.9517649974853, 47.284273002651894, 743.2613525390625 ], [ 10.951773997485324, 47.284217002651772, 745.20306396484375 ], [ 10.951806997485408, 47.284181002651707, 744.9935302734375 ], [ 10.951728294388248, 47.284116499431306, 745.0643310546875 ], [ 10.951914652119909, 47.28401741475637, 741.1400146484375 ], [ 10.95187435855618, 47.283969580709297, 742.89776611328125 ], [ 10.951728294388284, 47.283812411391672, 739.16461181640625 ], [ 10.9516124503934, 47.283791911011583, 737.9129638671875 ], [ 10.951209514758013, 47.283802161202814, 725.11785888671875 ], [ 10.951078560676114, 47.283754326960732, 721.18768310546875 ], [ 10.951068487285442, 47.283692825728735, 719.63653564453125 ], [ 10.951108780849211, 47.283597157003925, 719.158203125 ], [ 10.951194404670991, 47.28349807135627, 720.4537353515625 ], [ 10.951466386225556, 47.283429736318745, 720.78997802734375 ], [ 10.951496606397537, 47.283371651467611, 720.000732421875 ], [ 10.951587266915705, 47.283419486055408, 724.74029541015625 ], [ 10.951763551256716, 47.283583490029031, 726.2574462890625 ], [ 10.951975092465098, 47.283624490942771, 725.0938720703125 ], [ 10.952085899764578, 47.283562989560153, 722.2490234375 ], [ 10.952337734536684, 47.283713326147534, 725.1263427734375 ], [ 10.952438468445509, 47.283955913830624, 730.2230224609375 ], [ 10.952579495918121, 47.28400033117299, 723.82025146484375 ], [ 10.952665119740878, 47.284123332850555, 724.58245849609375 ], [ 10.952881697644621, 47.284301001434848, 725.23907470703125 ], [ 10.952942137989647, 47.284622170053972, 728.73394775390625 ], [ 10.953153679198014, 47.284871586891583, 730.76922607421875 ], [ 10.953153679198014, 47.284871586891583, 730.76922607421875 ], [ 10.953437382741985, 47.284994479678254, 727.341064453125 ], [ 10.953496174488254, 47.284823753616841, 725.32391357421875 ], [ 10.953629298824303, 47.284901472529533, 723.6494140625 ], [ 10.953760252905166, 47.28504155536438, 717.85113525390625 ], [ 10.953724996037835, 47.284768222659984, 716.588623046875 ], [ 10.953921427159118, 47.285000555548571, 708.34613037109375 ], [ 10.953896243682408, 47.284716972620679, 703.8521728515625 ], [ 10.954092674804777, 47.284894639211181, 695.8282470703125 ], [ 10.954077564718824, 47.284669139205789, 690.9207763671875 ], [ 10.954161997490713, 47.284676002652752, 689.91351318359375 ], [ 10.954210997490817, 47.28478400265297, 688.1827392578125 ], [ 10.954253997490898, 47.284946002653307, 681.53118896484375 ], [ 10.95433199749106, 47.285083002653607, 681.4632568359375 ], [ 10.954304997490972, 47.28534800265416, 676.75274658203125 ], [ 10.954387997491141, 47.285534002654551, 674.8941650390625 ], [ 10.954429997491236, 47.28555700265462, 672.90289306640625 ], [ 10.954455997491291, 47.285563002654634, 672.90289306640625 ], [ 10.95458599749159, 47.285558002654604, 668.80694580078125 ], [ 10.954574997491559, 47.28559400265469, 668.73876953125 ], [ 10.954574997491559, 47.28559400265469, 668.73876953125 ], [ 10.954571997491554, 47.285608002654719, 668.73876953125 ], [ 10.954592997491559, 47.285936002655426, 671.16192626953125 ], [ 10.954698997491766, 47.286368002656332, 672.230224609375 ], [ 10.954705997491754, 47.286577002656792, 672.74383544921875 ], [ 10.954630997491554, 47.286893002657436, 674.48919677734375 ], [ 10.954525997491281, 47.287189002658096, 675.4395751953125 ], [ 10.954343997490838, 47.287454002658642, 676.7352294921875 ], [ 10.954237997490566, 47.287738002659225, 678.0662841796875 ], [ 10.95428099749066, 47.287761002659302, 677.9229736328125 ], [ 10.954437997491016, 47.287841002659491, 678.18408203125 ], [ 10.955355997493063, 47.288234002660296, 688.3853759765625 ], [ 10.955589997493584, 47.288285002660395, 693.69976806640625 ], [ 10.95570699749385, 47.288329002660504, 695.33447265625 ], [ 10.955985997494457, 47.288529002660894, 697.22991943359375 ], [ 10.956130997494782, 47.288583002661021, 698.5936279296875 ], [ 10.956198997494941, 47.288586002661027, 699.96783447265625 ], [ 10.956260997495077, 47.288581002661026, 703.25946044921875 ], [ 10.95634199749527, 47.288540002660923, 703.8670654296875 ], [ 10.956736997496163, 47.288660002661203, 704.59197998046875 ], [ 10.956755997496204, 47.288666002661195, 704.59197998046875 ], [ 10.956867997496449, 47.288684002661235, 704.69879150390625 ], [ 10.956994997496743, 47.28868600266123, 704.869140625 ], [ 10.957312997497461, 47.288673002661206, 705.39581298828125 ], [ 10.95747599749785, 47.288584002661025, 706.26214599609375 ], [ 10.957493997497886, 47.288575002660998, 706.26214599609375 ], [ 10.957581997498094, 47.288515002660866, 708.0250244140625 ], [ 10.957676997498314, 47.288502002660849, 709.7266845703125 ], [ 10.957717997498404, 47.288504002660872, 709.7266845703125 ], [ 10.957761997498507, 47.288527002660899, 710.134033203125 ], [ 10.958061997499154, 47.288824002661521, 712.85150146484375 ], [ 10.958131997499294, 47.288965002661818, 711.6859130859375 ], [ 10.958314997499691, 47.289164002662247, 715.52386474609375 ], [ 10.958474997500041, 47.289300002662515, 717.58221435546875 ], [ 10.958810997500787, 47.289544002663057, 723.067138671875 ], [ 10.958931997501058, 47.28960200266318, 722.8846435546875 ], [ 10.959030997501271, 47.289650002663265, 724.997314453125 ], [ 10.959242997501731, 47.289817002663604, 729.3267822265625 ], [ 10.959274997501796, 47.289962002663934, 732.8408203125 ], [ 10.959343997501954, 47.290024002664083, 734.95843505859375 ], [ 10.959494997502281, 47.290112002664252, 731.16363525390625 ], [ 10.959762997502853, 47.290488002665057, 738.60638427734375 ], [ 10.959826997502963, 47.290808002665727, 746.81890869140625 ], [ 10.96011699750359, 47.291092002666311, 748.8812255859375 ], [ 10.960363997504114, 47.291472002667106, 751.01300048828125 ], [ 10.960427997504249, 47.291602002667396, 748.07171630859375 ], [ 10.960510997504434, 47.291622002667445, 753.27777099609375 ], [ 10.960668997504785, 47.291687002667587, 758.12945556640625 ], [ 10.960792997505054, 47.291815002667832, 761.05548095703125 ], [ 10.960921997505343, 47.291904002668048, 765.4385986328125 ], [ 10.961085997505695, 47.292070002668382, 772.4820556640625 ], [ 10.961538997506651, 47.292728002669776, 769.94677734375 ], [ 10.962231997508201, 47.293018002670379, 784.12774658203125 ], [ 10.962350997508413, 47.29357700267159, 790.5223388671875 ], [ 10.962368997508412, 47.293989002672468, 795.118408203125 ], [ 10.962799997509348, 47.294426002673397, 804.6510009765625 ], [ 10.962925997509581, 47.294910002674406, 813.13616943359375 ], [ 10.963331997510476, 47.295161002674917, 816.98297119140625 ], [ 10.963716997511323, 47.295435002675511, 818.4111328125 ], [ 10.963771997511476, 47.295242002675117, 818.85357666015625 ], [ 10.96395499751195, 47.294603002673746, 822.7618408203125 ], [ 10.965736997515993, 47.294803002674165, 836.67803955078125 ], [ 10.965791997516147, 47.294513002673547, 836.52264404296875 ], [ 10.96609499751683, 47.294489002673501, 834.74847412109375 ], [ 10.967708997520521, 47.294366002673215, 819.995849609375 ], [ 10.967952997521071, 47.294513002673568, 818.94940185546875 ], [ 10.969218997523862, 47.295276002675173, 809.91729736328125 ], [ 10.969284997524003, 47.295316002675222, 809.7236328125 ], [ 10.969333997524124, 47.295281002675154, 809.391357421875 ], [ 10.969415997524314, 47.295242002675053, 808.783203125 ], [ 10.96949999752451, 47.295232002675057, 809.1378173828125 ], [ 10.969705997524976, 47.295244002675069, 808.0164794921875 ], [ 10.969806997525202, 47.295276002675166, 807.88555908203125 ], [ 10.969715997524967, 47.295530002675697, 807.00921630859375 ], [ 10.969702997524928, 47.295616002675871, 806.73370361328125 ], [ 10.969719997524958, 47.29569100267603, 805.81988525390625 ], [ 10.969795997525123, 47.295764002676165, 805.92999267578125 ], [ 10.969893997525341, 47.295820002676301, 805.463134765625 ], [ 10.969990997525558, 47.295844002676326, 804.71514892578125 ], [ 10.970377997526432, 47.295892002676446, 804.2021484375 ], [ 10.970466997526641, 47.29590400267648, 802.624267578125 ], [ 10.970639997527032, 47.295892002676453, 803.79608154296875 ], [ 10.971041997527948, 47.295880002676412, 802.12744140625 ], [ 10.971612997529247, 47.295887002676423, 801.15087890625 ], [ 10.971699997529443, 47.295886002676433, 801.0548095703125 ], [ 10.972248997530691, 47.295887002676423, 800.05694580078125 ], [ 10.972410997531066, 47.295889002676425, 799.7786865234375 ], [ 10.972842997532046, 47.295873002676387, 799.22918701171875 ], [ 10.973041997532498, 47.295896002676443, 798.6585693359375 ], [ 10.97308299753259, 47.295906002676475, 798.74395751953125 ], [ 10.973201997532861, 47.295936002676541, 798.888671875 ], [ 10.973353997533195, 47.295971002676595, 797.93585205078125 ], [ 10.973973997534596, 47.296105002676882, 797.61444091796875 ], [ 10.974232997535188, 47.29612800267693, 797.2611083984375 ], [ 10.974332997535409, 47.296137002676929, 796.901611328125 ], [ 10.974425997535628, 47.29611000267689, 797.38739013671875 ], [ 10.974443997535664, 47.296136002676938, 797.62200927734375 ], [ 10.974511997535815, 47.296173002677016, 797.0755615234375 ], [ 10.974629997536086, 47.296179002677022, 797.103515625 ], [ 10.974736997536327, 47.296169002677033, 797.45458984375 ], [ 10.974931997536777, 47.296154002676964, 797.5914306640625 ], [ 10.975367997537761, 47.296170002677009, 798.91070556640625 ], [ 10.976137997539507, 47.296187002677037, 801.84356689453125 ], [ 10.977057997541602, 47.296185002677007, 805.26629638671875 ], [ 10.978040997543841, 47.296193002677057, 808.85260009765625 ], [ 10.979341997546795, 47.296238002677129, 813.32000732421875 ], [ 10.979429997546994, 47.296241002677142, 813.783203125 ], [ 10.979557997547291, 47.296244002677149, 814.23590087890625 ], [ 10.979600997547388, 47.296245002677168, 812.89544677734375 ], [ 10.979726997547672, 47.296247002677141, 814.73675537109375 ], [ 10.980284997548946, 47.296225002677097, 815.7099609375 ], [ 10.980825997550179, 47.296176002677008, 812.30377197265625 ], [ 10.981777997552374, 47.295911002676405, 808.188720703125 ], [ 10.981969997552817, 47.29585600267631, 807.56646728515625 ], [ 10.982389997553788, 47.295727002676031, 806.8411865234375 ], [ 10.982884997554923, 47.295611002675805, 806.2991943359375 ], [ 10.983463997556248, 47.295552002675649, 805.41412353515625 ], [ 10.983763997556933, 47.295527002675605, 805.2725830078125 ], [ 10.984210997557952, 47.295495002675494, 804.796875 ], [ 10.984350997558272, 47.295493002675521, 804.786865234375 ], [ 10.984376997558336, 47.295441002675389, 804.70465087890625 ], [ 10.984370997558351, 47.29516300267484, 804.02142333984375 ], [ 10.984399997558432, 47.295039002674571, 803.69439697265625 ], [ 10.984470997558612, 47.294835002674105, 803.39892578125 ], [ 10.984482997558647, 47.294802002674039, 802.936767578125 ], [ 10.984536997558775, 47.294690002673811, 802.55328369140625 ], [ 10.984608997558958, 47.29454900267352, 801.12481689453125 ], [ 10.985124997560122, 47.294602002673649, 801.23590087890625 ], [ 10.985412997560786, 47.294553002673517, 801.28570556640625 ], [ 10.985948997562016, 47.294470002673329, 801.62908935546875 ], [ 10.988162997567056, 47.294491002673375, 805.9083251953125 ], [ 10.988503997567816, 47.294551002673465, 807.5645751953125 ], [ 10.988822997568541, 47.294651002673703, 809.21856689453125 ], [ 10.989075997569092, 47.294761002673923, 810.88818359375 ], [ 10.989677997570441, 47.294993002674431, 814.0245361328125 ], [ 10.990336997571918, 47.295214002674889, 818.0469970703125 ], [ 10.991412997574354, 47.295381002675249, 827.15423583984375 ], [ 10.994068997580353, 47.295724002675954, 846.78790283203125 ], [ 10.994605997581642, 47.295152002674726, 847.38018798828125 ], [ 10.995201997583038, 47.294727002673831, 845.34332275390625 ], [ 10.995401997583512, 47.29458600267354, 845.15087890625 ], [ 10.995794997584433, 47.294266002672828, 845.64141845703125 ], [ 10.996943997587156, 47.293262002670708, 852.6474609375 ], [ 10.997072997587468, 47.293124002670424, 854.36505126953125 ], [ 10.997181997587738, 47.29288200266992, 856.22650146484375 ], [ 10.997241997587876, 47.292831002669786, 857.46014404296875 ], [ 10.997381997588203, 47.292826002669791, 858.48956298828125 ], [ 10.998107997589825, 47.293049002670244, 871.39862060546875 ], [ 10.99874899759123, 47.293579002671393, 874.37884521484375 ], [ 10.999469997592813, 47.294115002672477, 877.641357421875 ], [ 11.000070997594129, 47.294633002673571, 877.6370849609375 ], [ 11.000853997595883, 47.294826002674, 881.222412109375 ], [ 11.001658997597699, 47.29502400267441, 886.0777587890625 ], [ 11.002945997600568, 47.29554800267551, 897.13616943359375 ], [ 11.003483997601768, 47.295808002676068, 901.57220458984375 ], [ 11.00354699760191, 47.295839002676139, 899.6661376953125 ], [ 11.004147997603219, 47.296363002677218, 899.91302490234375 ], [ 11.005102997605352, 47.296710002677969, 906.74542236328125 ], [ 11.006121997607648, 47.297003002678593, 915.50738525390625 ], [ 11.00756999761091, 47.29727800267915, 922.9962158203125 ], [ 11.011024997618625, 47.298660002682048, 957.94482421875 ], [ 11.011389997619466, 47.29858800268191, 960.38641357421875 ], [ 11.012066997620988, 47.298697002682154, 963.5828857421875 ], [ 11.012145997621175, 47.298677002682098, 967.1563720703125 ], [ 11.012154997621201, 47.298615002681942, 967.5736083984375 ], [ 11.011683997620171, 47.298223002681134, 972.41448974609375 ], [ 11.011443997619651, 47.29793400268052, 973.83795166015625 ], [ 11.010241997617005, 47.297120002678795, 990.22967529296875 ], [ 11.010252997617069, 47.296754002678036, 999.4376220703125 ], [ 11.010429997617477, 47.296637002677762, 1000.813232421875 ], [ 11.010854997618472, 47.296437002677365, 1002.5946044921875 ], [ 11.011303997619498, 47.296376002677228, 1005.04791259765625 ], [ 11.011967997620987, 47.296495002677453, 1004.9525146484375 ], [ 11.012099997621299, 47.296507002677508, 1004.8717041015625 ], [ 11.012397997621967, 47.296536002677549, 1006.5335693359375 ], [ 11.012713997622686, 47.296573002677633, 1003.93817138671875 ], [ 11.012856997623, 47.296655002677802, 1002.78131103515625 ], [ 11.013045997623422, 47.296712002677907, 1002.45989990234375 ], [ 11.013235997623861, 47.296689002677866, 999.072021484375 ], [ 11.013674997624864, 47.296654002677784, 997.96514892578125 ], [ 11.01402699762566, 47.296659002677806, 1002.76055908203125 ], [ 11.014535997626826, 47.296584002677626, 1004.465087890625 ], [ 11.01493499762773, 47.296600002677643, 1004.53656005859375 ], [ 11.014932997627726, 47.29660000267765, 1004.53656005859375 ], [ 11.015025997627935, 47.296604002677689, 1004.37823486328125 ], [ 11.015355997628683, 47.296706002677894, 1002.7344970703125 ], [ 11.015942997630008, 47.29676300267802, 1000.77362060546875 ], [ 11.016367997630965, 47.296885002678252, 1003.2017822265625 ], [ 11.016629997631542, 47.297041002678604, 1001.08612060546875 ], [ 11.016773997631841, 47.297309002679135, 999.7911376953125 ], [ 11.017279997632983, 47.297411002679361, 999.34716796875 ], [ 11.017825997634189, 47.297719002680012, 996.3360595703125 ], [ 11.017722997633927, 47.29807200268079, 1000.72930908203125 ], [ 11.017604997633645, 47.298110002680872, 1000.78912353515625 ], [ 11.017347997633054, 47.298195002681027, 1004.76934814453125 ], [ 11.017413997633204, 47.298210002681053, 1005.238525390625 ], [ 11.018049816579818, 47.298337518000224, 1007.44036865234375 ], [ 11.018114046282195, 47.298350399451841, 1007.2939453125 ], [ 11.018681234986202, 47.298583285094836, 1007.287353515625 ], [ 11.019248423690195, 47.298816170737837, 1003.70843505859375 ], [ 11.019815612394202, 47.299049056380895, 998.73095703125 ], [ 11.019915324862938, 47.299089997962085, 999.63958740234375 ], [ 11.020565873972316, 47.299176897705287, 1002.45892333984375 ], [ 11.020724062184964, 47.29919802833917, 1003.602294921875 ], [ 11.021140684442102, 47.29944732836713, 1000.3916015625 ], [ 11.021683432231475, 47.299705624754267, 990.52410888671875 ], [ 11.021839139402978, 47.299779726575863, 988.13958740234375 ], [ 11.022022943339827, 47.300078883177243, 982.39837646484375 ], [ 11.022537594362541, 47.300120432571347, 984.08929443359375 ], [ 11.023150274152126, 47.30009550293893, 981.2264404296875 ], [ 11.023775207537277, 47.300153672062798, 984.40386962890625 ], [ 11.024228590582288, 47.300120432571312, 986.53472900390625 ], [ 11.024889840112747, 47.300153649726724, 988.492431640625 ], [ 11.024890284754036, 47.300153672062784, 988.492431640625 ], [ 11.025544197361898, 47.300228113543646, 988.5848388671875 ], [ 11.025745379764883, 47.300251016169774, 985.921142578125 ], [ 11.026319582199962, 47.30047587970558, 974.8040771484375 ], [ 11.026615385065771, 47.300591719127773, 966.99993896484375 ], [ 11.026982992939551, 47.30040890317958, 967.3736572265625 ], [ 11.027616736949014, 47.300541141875868, 965.60894775390625 ], [ 11.027620179921458, 47.30054186029556, 965.60894775390625 ], [ 11.028258690973475, 47.3006631021372, 962.07861328125 ], [ 11.028897202025487, 47.300784343978812, 961.21258544921875 ], [ 11.029458219290197, 47.300890871134698, 956.998046875 ], [ 11.030045852540422, 47.301099178107144, 948.9345703125 ], [ 11.030633485790647, 47.301307485079562, 944.2720947265625 ], [ 11.031075693934165, 47.301464241082606, 936.733642578125 ], [ 11.03107599766394, 47.30144700268783, 936.733642578125 ], [ 11.031486997664881, 47.301447002687844, 938.19921875 ], [ 11.032088997666225, 47.301683002688328, 926.70257568359375 ], [ 11.032358997666835, 47.30169400268835, 924.83514404296875 ], [ 11.033160997668682, 47.301465002687834, 917.24188232421875 ], [ 11.03332199766905, 47.301431002687764, 914.287841796875 ], [ 11.033601997669702, 47.301350002687613, 906.28955078125 ], [ 11.033696997669921, 47.301324002687551, 903.8416748046875 ], [ 11.033998997670624, 47.301096002687061, 901.6424560546875 ], [ 11.034339910005308, 47.301077728222133, 895.1717529296875 ], [ 11.034621742709103, 47.300903223707564, 893.75421142578125 ], [ 11.035160900924224, 47.300869984686862, 891.30316162109375 ], [ 11.035516255201133, 47.300587452168763, 889.74945068359375 ], [ 11.035847102288288, 47.300437875518682, 890.09197998046875 ], [ 11.036508481982434, 47.300405838557367, 895.83953857421875 ], [ 11.03653330365241, 47.300404636205847, 896.14569091796875 ], [ 11.036974433100614, 47.300479424630574, 895.21087646484375 ], [ 11.037538098506753, 47.300487734449298, 889.009765625 ], [ 11.038100378756832, 47.300726053869489, 889.594482421875 ], [ 11.038322328637673, 47.30082012611711, 888.11016845703125 ], [ 11.038653175724786, 47.301102657391425, 888.3128662109375 ], [ 11.039204587535393, 47.301218993359925, 895.17315673828125 ], [ 11.03949867383332, 47.301526451472604, 890.2694091796875 ], [ 11.039906246525446, 47.301881138323452, 886.5592041015625 ], [ 11.040038113272217, 47.301995894297143, 883.6658935546875 ], [ 11.040430228337001, 47.302070680470926, 878.82037353515625 ], [ 11.040810089806303, 47.302128847422132, 874.85614013671875 ], [ 11.04144898444123, 47.302008498633427, 875.8638916015625 ], [ 11.04147178397932, 47.302004203877068, 875.8638916015625 ], [ 11.041778123874092, 47.302045751758072, 871.53204345703125 ], [ 11.042231506919142, 47.302195323859209, 859.11065673828125 ], [ 11.042733904346354, 47.302103918736684, 849.4287109375 ], [ 11.043248555369052, 47.302319966953661, 834.3302001953125 ], [ 11.043334330540386, 47.302211942955545, 832.402587890625 ], [ 11.043603909647301, 47.302070680470912, 823.35205078125 ], [ 11.043726445605246, 47.301862940837339, 819.370361328125 ], [ 11.043983771116654, 47.301671819653635, 816.49072265625 ], [ 11.043971517521099, 47.301505626758264, 815.78131103515625 ], [ 11.043738699200848, 47.301264646131813, 806.29473876953125 ], [ 11.043738699200864, 47.301115071397597, 802.86279296875 ], [ 11.043738699200905, 47.300699583804231, 794.56390380859375 ], [ 11.043941420311837, 47.300402236482768, 780.26458740234375 ], [ 11.044063956269779, 47.300236039596484, 772.6326904296875 ], [ 11.043904659524024, 47.300103081711427, 774.01068115234375 ], [ 11.044027195481943, 47.299787305394119, 763.6854248046875 ], [ 11.044480578525715, 47.299679276221049, 745.6036376953125 ], [ 11.044296774588881, 47.299454907233013, 738.1551513671875 ], [ 11.044407056951282, 47.299321947383184, 729.03521728515625 ], [ 11.044345788972331, 47.2992388473074, 723.0174560546875 ], [ 11.044480578525771, 47.299197297220992, 720.6588134765625 ], [ 11.044394803355752, 47.299122506982123, 714.33331298828125 ], [ 11.044517339313714, 47.299072646764458, 711.51251220703125 ], [ 11.044517339313733, 47.298864895350583, 698.5963134765625 ], [ 11.044884947187482, 47.298798414725347, 698.8699951171875 ], [ 11.044884947187482, 47.298798414725347, 698.8699951171875 ], [ 11.045520860499609, 47.298925730651909, 699.17694091796875 ], [ 11.045932859497805, 47.2990082167914, 698.88623046875 ], [ 11.045928997697969, 47.299047002682627, 699.7410888671875 ], [ 11.046186997698536, 47.299235002683027, 704.323974609375 ], [ 11.046465997699151, 47.299380002683343, 709.30596923828125 ], [ 11.046780997699875, 47.299360002683258, 706.56671142578125 ], [ 11.047173997700765, 47.299439002683464, 709.67340087890625 ], [ 11.047264997700958, 47.299470002683513, 710.59027099609375 ], [ 11.047431997701331, 47.299526002683635, 709.99053955078125 ], [ 11.047860997702298, 47.29962800268386, 710.66094970703125 ], [ 11.048118997702838, 47.300079002684804, 704.124267578125 ], [ 11.048504997703697, 47.300268002685179, 707.70562744140625 ], [ 11.048954997704687, 47.300617002685918, 707.92828369140625 ], [ 11.049337997705548, 47.300727002686159, 707.15155029296875 ], [ 11.049444997705782, 47.300828002686366, 704.8148193359375 ], [ 11.049724997706402, 47.301010002686745, 704.7943115234375 ], [ 11.049872997706723, 47.301046002686832, 701.95770263671875 ], [ 11.049854997706653, 47.301401002687591, 701.48162841796875 ], [ 11.04978699770648, 47.301571002687972, 700.87152099609375 ], [ 11.049786997706464, 47.301697002688208, 702.4713134765625 ], [ 11.049990997706917, 47.30183800268852, 701.22149658203125 ], [ 11.05035599770774, 47.301961002688778, 699.8212890625 ], [ 11.050664997708438, 47.301968002688781, 698.38824462890625 ], [ 11.050869997708908, 47.301947002688735, 693.5513916015625 ], [ 11.051025997709266, 47.301942002688733, 693.4130859375 ], [ 11.051108997709447, 47.301945002688733, 692.23291015625 ], [ 11.051578997710513, 47.30203900268895, 690.32025146484375 ], [ 11.051647997710665, 47.302041002688931, 689.60296630859375 ], [ 11.051722997710838, 47.302024002688903, 687.4263916015625 ], [ 11.051808997711044, 47.301937002688703, 685.15533447265625 ], [ 11.052030997711539, 47.301986002688793, 682.18133544921875 ], [ 11.052153997711804, 47.302139002689117, 679.280517578125 ], [ 11.052348997712237, 47.302279002689431, 677.32647705078125 ], [ 11.052577997712724, 47.302576002690074, 673.4569091796875 ], [ 11.053421997714636, 47.302644002690187, 667.4576416015625 ], [ 11.053951997715833, 47.302749002690405, 665.61431884765625 ], [ 11.054238997716476, 47.302789002690488, 663.175048828125 ], [ 11.0543809977168, 47.302803002690524, 663.62158203125 ], [ 11.054391997716829, 47.302801002690536, 663.62158203125 ], [ 11.054546997717182, 47.302784002690508, 661.665283203125 ], [ 11.054841997717848, 47.302804002690529, 656.92828369140625 ], [ 11.055511997719366, 47.302941002690801, 653.02679443359375 ], [ 11.055825997720069, 47.302949002690802, 649.58306884765625 ], [ 11.05617199772086, 47.302939002690806, 649.593017578125 ], [ 11.056736997722153, 47.302848002690595, 646.64862060546875 ], [ 11.056966997722681, 47.302796002690499, 644.1240234375 ], [ 11.057094997722979, 47.302787002690479, 643.67523193359375 ], [ 11.057341997723528, 47.302808002690512, 643.15032958984375 ], [ 11.058461997726061, 47.303033002690988, 643.4251708984375 ], [ 11.058547997726249, 47.303049002691004, 643.60693359375 ], [ 11.059207997727738, 47.303165002691244, 638.87017822265625 ], [ 11.059429997728238, 47.303232002691388, 635.27789306640625 ], [ 11.059773997729014, 47.303308002691558, 631.6202392578125 ], [ 11.059987997729495, 47.303336002691616, 630.41510009765625 ], [ 11.060125997729806, 47.303354002691648, 629.7628173828125 ], [ 11.060468997730583, 47.303372002691688, 629.2843017578125 ], [ 11.06084699773144, 47.303370002691665, 628.6910400390625 ], [ 11.060963997731712, 47.303388002691712, 628.60498046875 ], [ 11.061003997731799, 47.303413002691762, 628.55279541015625 ], [ 11.061070997731948, 47.303454002691829, 628.67510986328125 ], [ 11.061185997732208, 47.303423002691773, 628.48565673828125 ], [ 11.06133099773254, 47.303389002691702, 627.982421875 ], [ 11.061567997733089, 47.303309002691549, 627.99053955078125 ], [ 11.06182899773369, 47.303234002691376, 625.1199951171875 ], [ 11.061924997733913, 47.303220002691369, 625.39837646484375 ], [ 11.062085997734282, 47.303207002691316, 623.97467041015625 ], [ 11.062224997734587, 47.303232002691367, 623.79931640625 ], [ 11.062364997734903, 47.303290002691483, 623.33563232421875 ], [ 11.062598997735428, 47.303386002691703, 623.10113525390625 ], [ 11.06266299773557, 47.303412002691744, 623.2518310546875 ], [ 11.063047997736426, 47.303570002692076, 623.20599365234375 ], [ 11.063204997736774, 47.30367100269229, 623.1622314453125 ], [ 11.063254997736884, 47.303724002692398, 623.15130615234375 ], [ 11.063276997736926, 47.303747002692461, 623.09429931640625 ], [ 11.063456997737321, 47.303937002692862, 623.00927734375 ], [ 11.063471997737356, 47.303952002692867, 623.00927734375 ], [ 11.063807997738087, 47.304271002693568, 623.1334228515625 ], [ 11.064071997738656, 47.304519002694072, 622.9835205078125 ], [ 11.064132997738795, 47.304569002694194, 623.0797119140625 ], [ 11.064167997738872, 47.304597002694258, 623.0797119140625 ], [ 11.064431997739511, 47.304181002693383, 622.77838134765625 ], [ 11.064538997739755, 47.304162002693324, 622.5936279296875 ], [ 11.064610997739921, 47.304182002693366, 622.57489013671875 ], [ 11.064808997740364, 47.304235002693481, 622.69024658203125 ], [ 11.064997997740788, 47.304290002693612, 622.69775390625 ], [ 11.065196997741237, 47.304345002693708, 622.67645263671875 ], [ 11.065357997741593, 47.304387002693765, 622.681640625 ], [ 11.065610997742164, 47.304467002693954, 622.71112060546875 ], [ 11.065688997742342, 47.304491002694014, 622.6900634765625 ], [ 11.065726997742431, 47.304504002694031, 622.653076171875 ], [ 11.065974997742973, 47.304618002694276, 622.667236328125 ], [ 11.066272997743644, 47.304754002694565, 622.6455078125 ], [ 11.06636399774384, 47.304796002694665, 622.625244140625 ], [ 11.066528997744213, 47.304853002694763, 622.674072265625 ], [ 11.066658997744499, 47.304912002694898, 622.6470947265625 ], [ 11.06669499774458, 47.304925002694915, 622.91510009765625 ], [ 11.067094997745473, 47.305072002695219, 622.9345703125 ], [ 11.067394997746151, 47.305162002695425, 623.188232421875 ], [ 11.068002997747525, 47.305271002695648, 623.7333984375 ], [ 11.068195997747953, 47.305303002695702, 625.45806884765625 ], [ 11.068510997748669, 47.305351002695808, 627.71478271484375 ], [ 11.068647997748974, 47.305383002695876, 628.5413818359375 ], [ 11.068794997749304, 47.305437002695967, 627.70269775390625 ], [ 11.069146997750085, 47.305579002696305, 628.138427734375 ], [ 11.069198997750229, 47.30533400269578, 627.60443115234375 ], [ 11.069267997750416, 47.305081002695225, 627.60467529296875 ], [ 11.06944199775085, 47.304713002694442, 627.5196533203125 ], [ 11.069518997751032, 47.304627002694275, 627.00537109375 ], [ 11.069822997751757, 47.304293002693548, 626.58856201171875 ], [ 11.069871997751875, 47.304208002693358, 626.80078125 ], [ 11.070169997752574, 47.303993002692899, 623.69281005859375 ], [ 11.070445997753254, 47.303558002691986, 624.7574462890625 ], [ 11.070623997753682, 47.303323002691499, 622.91571044921875 ], [ 11.071148997754943, 47.302626002689998, 621.48345947265625 ], [ 11.071148997754943, 47.302626002689998, 621.48345947265625 ], [ 11.071330997755384, 47.302385002689505, 622.36309814453125 ], [ 11.071394997755522, 47.302401002689535, 620.89971923828125 ], [ 11.072020997756931, 47.302558002689857, 622.944091796875 ], [ 11.072278997757554, 47.302232002689173, 623.51702880859375 ], [ 11.072816997758769, 47.30228100268927, 623.2418212890625 ], [ 11.07385699776113, 47.302376002689471, 622.74835205078125 ], [ 11.073935997761318, 47.302265002689211, 622.698974609375 ], [ 11.073967997761423, 47.301992002688664, 623.67303466796875 ], [ 11.07397399776144, 47.301927002688515, 623.24066162109375 ], [ 11.073978997761456, 47.30188300268842, 623.29949951171875 ], [ 11.074053997761711, 47.301044002686631, 620.7000732421875 ], [ 11.074075997761799, 47.300722002685959, 622.06292724609375 ], [ 11.073684997760905, 47.300716002685959, 622.19677734375 ], [ 11.073097997759572, 47.300666002685837, 621.3472900390625 ], [ 11.073101997759595, 47.300628002685777, 620.47320556640625 ], [ 11.073125997759661, 47.300458002685382, 623.2783203125 ], [ 11.073145997759715, 47.300430002685346, 623.2783203125 ], [ 11.073185997759801, 47.300417002685293, 620.25274658203125 ], [ 11.073263997759984, 47.30041900268531, 620.59014892578125 ], [ 11.073590997760734, 47.300341002685151, 622.8260498046875 ], [ 11.07356499776068, 47.300290002685031, 623.0245361328125 ], [ 11.073614997760792, 47.300279002685009, 623.0245361328125 ], [ 11.073847997761336, 47.300229002684901, 622.95013427734375 ], [ 11.074229997762204, 47.300127002684683, 622.989990234375 ], [ 11.074290997762338, 47.300210002684864, 622.8826904296875 ], [ 11.074353997762474, 47.300263002684986, 622.972412109375 ], [ 11.074473997762743, 47.300294002685021, 623.08416748046875 ], [ 11.074884997763679, 47.30030100268506, 623.3466796875 ], [ 11.075070997764094, 47.300329002685096, 623.3948974609375 ], [ 11.075326997764677, 47.300408002685288, 623.34991455078125 ], [ 11.075662997765431, 47.300437002685321, 623.37567138671875 ], [ 11.076077997766379, 47.300443002685334, 623.53961181640625 ], [ 11.07617199776659, 47.300437002685328, 623.438720703125 ], [ 11.076392997767094, 47.300425002685309, 623.38873291015625 ], [ 11.07645399776724, 47.30037700268521, 623.26080322265625 ], [ 11.076574997767526, 47.300283002685013, 623.43896484375 ], [ 11.076665997767735, 47.300214002684839, 622.94207763671875 ], [ 11.077489997769607, 47.300213002684835, 623.38006591796875 ], [ 11.078383997771644, 47.300210002684828, 623.47540283203125 ], [ 11.078530997771971, 47.300262002684931, 623.22528076171875 ], [ 11.078674997772307, 47.300198002684802, 623.10369873046875 ], [ 11.078702997772382, 47.300110002684612, 622.98406982421875 ], [ 11.07888599777279, 47.30011700268463, 622.81365966796875 ], [ 11.078878997772765, 47.300240002684873, 623.07989501953125 ], [ 11.078911997772819, 47.300400002685222, 623.664794921875 ], [ 11.079024997773075, 47.300484002685401, 623.63946533203125 ], [ 11.079023997773062, 47.300529002685494, 623.9893798828125 ], [ 11.079022997773057, 47.300559002685574, 623.5460205078125 ], [ 11.079081997773191, 47.30056000268555, 623.55224609375 ] ] ] } },
{ "type": "Feature", "properties": { "name": "IBK West I", "elevation gain": 656, "elevation loss": -1118, "length": 25.308348706356956 }, "geometry": { "type": "MultiLineString", "coordinates": [ [ [ 11.200963998050053, 47.301088002685411, 1119.88330078125 ], [ 11.20098699805011, 47.301066002685367, 1119.978515625 ], [ 11.201074998050329, 47.300841002684898, 1120.651123046875 ], [ 11.201153998050518, 47.300785002684755, 1121.0013427734375 ], [ 11.201643998051646, 47.300659002684519, 1125.624755859375 ], [ 11.201930998052323, 47.300335002683816, 1125.247802734375 ], [ 11.202218998053008, 47.300009002683126, 1124.7314453125 ], [ 11.202486998053644, 47.299755002682559, 1124.266845703125 ], [ 11.20255699805381, 47.299688002682423, 1124.176025390625 ], [ 11.202752998054265, 47.299565002682172, 1123.85400390625 ], [ 11.203161998055208, 47.299392002681785, 1123.537353515625 ], [ 11.203339998055631, 47.299304002681623, 1123.2847900390625 ], [ 11.203735998056557, 47.2989740026809, 1123.76123046875 ], [ 11.203931998057016, 47.298837002680607, 1124.3857421875 ], [ 11.20459499805855, 47.298536002679953, 1127.7266845703125 ], [ 11.205740998061215, 47.297887002678571, 1126.446044921875 ], [ 11.205941998061681, 47.297797002678372, 1126.3663330078125 ], [ 11.206174998062219, 47.297735002678252, 1125.7978515625 ], [ 11.206375515598609, 47.29771601545756, 1124.8983154296875 ], [ 11.206569998063108, 47.297717002678183, 1123.6826171875 ], [ 11.206747998063516, 47.297757002678281, 1122.9461669921875 ], [ 11.207062998064217, 47.297892002678559, 1121.020751953125 ], [ 11.207233998064602, 47.297924002678634, 1120.5921630859375 ], [ 11.207351998064874, 47.297913002678591, 1120.0291748046875 ], [ 11.207438998065072, 47.297874002678505, 1119.7982177734375 ], [ 11.207505998065235, 47.297810002678368, 1119.7138671875 ], [ 11.207537998065309, 47.297746002678245, 1119.506591796875 ], [ 11.207550998065352, 47.297669002678091, 1119.481689453125 ], [ 11.207525998065337, 47.297201002677085, 1118.9161376953125 ], [ 11.207522998065341, 47.29706500267681, 1118.6834716796875 ], [ 11.20753299806538, 47.296934002676522, 1118.2476806640625 ], [ 11.2075399980654, 47.29690700267647, 1117.9820556640625 ], [ 11.207565998065467, 47.296815002676276, 1117.2696533203125 ], [ 11.207607998065578, 47.296715002676059, 1116.0811767578125 ], [ 11.207713998065817, 47.296687002676023, 1115.375732421875 ], [ 11.207964998066405, 47.296483002675558, 1117.11865234375 ], [ 11.208227998067018, 47.29635900267531, 1118.3284912109375 ], [ 11.208439998067499, 47.296308002675204, 1118.5208740234375 ], [ 11.208535998067724, 47.29628200267512, 1118.5267333984375 ], [ 11.208581998067835, 47.296242002675051, 1118.44580078125 ], [ 11.208622998067947, 47.29603900267464, 1120.098876953125 ], [ 11.208642998067999, 47.296005002674555, 1120.83447265625 ], [ 11.208684998068097, 47.295985002674534, 1121.61572265625 ], [ 11.208751998068241, 47.295983002674504, 1123.5301513671875 ], [ 11.208804998068363, 47.295995002674523, 1123.5301513671875 ], [ 11.208835998068436, 47.296004002674557, 1123.020263671875 ], [ 11.209125998069073, 47.296089002674712, 1125.352294921875 ], [ 11.209213998069279, 47.296100002674734, 1125.3436279296875 ], [ 11.209296998069473, 47.296085002674701, 1125.73681640625 ], [ 11.2094809980699, 47.296003002674524, 1125.8092041015625 ], [ 11.209802998070654, 47.295752002673972, 1126.576904296875 ], [ 11.21019199807156, 47.295561002673601, 1129.6822509765625 ], [ 11.210310998071833, 47.295516002673494, 1133.9813232421875 ], [ 11.210935998073271, 47.295276002672992, 1137.81884765625 ], [ 11.211309998074135, 47.295131002672655, 1141.262939453125 ], [ 11.211420998074392, 47.295091002672571, 1142.316162109375 ], [ 11.211561998074718, 47.295051002672487, 1144.455322265625 ], [ 11.211665998074956, 47.295030002672455, 1146.1300048828125 ], [ 11.211771998075196, 47.295014002672396, 1148.0216064453125 ], [ 11.212010998075732, 47.294998002672344, 1151.9246826171875 ], [ 11.212050998075826, 47.295002002672376, 1151.7467041015625 ], [ 11.212333998076478, 47.294908002672166, 1153.3641357421875 ], [ 11.212491998076842, 47.294879002672104, 1156.4014892578125 ], [ 11.212586998077059, 47.294871002672096, 1157.3525390625 ], [ 11.212925998077834, 47.29482000267199, 1157.0548095703125 ], [ 11.213179998078415, 47.294823002671997, 1159.5504150390625 ], [ 11.21340399807892, 47.294852002672037, 1164.3416748046875 ], [ 11.213516998079172, 47.294861002672064, 1164.9681396484375 ], [ 11.213628998079427, 47.294857002672046, 1166.4130859375 ], [ 11.213783998079787, 47.294819002671979, 1165.631103515625 ], [ 11.213902998080057, 47.294774002671858, 1167.2354736328125 ], [ 11.214616998081699, 47.294561002671422, 1176.77880859375 ], [ 11.214784998082081, 47.294528002671342, 1176.7685546875 ], [ 11.214864998082268, 47.294513002671316, 1179.1146240234375 ], [ 11.215248998083144, 47.294454002671173, 1180.6441650390625 ], [ 11.21525899808317, 47.294412002671073, 1180.2359619140625 ], [ 11.215576998083929, 47.294117002670454, 1171.86376953125 ], [ 11.215941998084777, 47.293864002669913, 1163.7528076171875 ], [ 11.21595999808482, 47.293852002669894, 1163.7528076171875 ], [ 11.216279998085575, 47.293562002669276, 1151.8616943359375 ], [ 11.217044998087342, 47.293242002668585, 1148.624267578125 ], [ 11.217456998088302, 47.29299900266809, 1144.9083251953125 ], [ 11.218002998089569, 47.292732002667506, 1137.987548828125 ], [ 11.219100998092101, 47.29241100266681, 1121.472412109375 ], [ 11.219444998092879, 47.292374002666719, 1113.6859130859375 ], [ 11.21989699809393, 47.292042002666015, 1100.173828125 ], [ 11.220228998094708, 47.291832002665558, 1094.478759765625 ], [ 11.220406998095141, 47.291595002665048, 1085.7210693359375 ], [ 11.220438998095219, 47.291483002664798, 1082.6795654296875 ], [ 11.220441998095231, 47.291433002664697, 1081.6090087890625 ], [ 11.220442998095233, 47.291413002664662, 1079.4326171875 ], [ 11.220445998095252, 47.291375002664566, 1079.4326171875 ], [ 11.220380998095106, 47.291289002664399, 1076.8619384765625 ], [ 11.220353998095055, 47.291227002664272, 1073.437744140625 ], [ 11.220395998095153, 47.291197002664205, 1073.72216796875 ], [ 11.220426998095226, 47.291184002664195, 1070.3455810546875 ], [ 11.22058699809558, 47.291236002664284, 1067.8331298828125 ], [ 11.220711998095867, 47.291247002664299, 1072.017822265625 ], [ 11.220932998096371, 47.29120800266422, 1063.8765869140625 ], [ 11.220984998096492, 47.291200002664219, 1059.1622314453125 ], [ 11.221026998096589, 47.291140002664079, 1056.8182373046875 ], [ 11.221008998096558, 47.291054002663877, 1054.691650390625 ], [ 11.22098999809652, 47.290990002663769, 1055.5792236328125 ], [ 11.220956998096455, 47.290885002663551, 1049.624755859375 ], [ 11.220991998096538, 47.290877002663549, 1047.109375 ], [ 11.221020998096604, 47.290875002663533, 1047.109375 ], [ 11.221326998097298, 47.290860002663464, 1055.02294921875 ], [ 11.221388998097442, 47.290878002663511, 1055.114501953125 ], [ 11.221409998097485, 47.29090200266355, 1054.80859375 ], [ 11.221731417524497, 47.290798347206824, 1054.6683349609375 ], [ 11.221896181661057, 47.290671351784113, 1051.0921630859375 ], [ 11.221917998098657, 47.290686002663108, 1054.302734375 ], [ 11.22200399809886, 47.290628002662984, 1051.1204833984375 ], [ 11.222273998099489, 47.290486002662689, 1047.7449951171875 ], [ 11.222831998100768, 47.290301002662254, 1042.814453125 ], [ 11.222289998099543, 47.290275002662248, 1038.969482421875 ], [ 11.221664998098127, 47.290255002662192, 1032.8724365234375 ], [ 11.221422998097578, 47.290230002662128, 1030.1922607421875 ], [ 11.221394998097519, 47.290227002662149, 1029.859130859375 ], [ 11.22131399809734, 47.290210002662128, 1028.841552734375 ], [ 11.221086998096833, 47.290099002661869, 1027.006103515625 ], [ 11.220781998096149, 47.289956002661576, 1025.366943359375 ], [ 11.220538998095611, 47.289871002661407, 1023.95037841796875 ], [ 11.220406998095317, 47.289831002661316, 1021.682373046875 ], [ 11.220248998094958, 47.289817002661287, 1019.91607666015625 ], [ 11.220156998094746, 47.289818002661271, 1018.3902587890625 ], [ 11.220068998094547, 47.289829002661307, 1017.87493896484375 ], [ 11.219850998094044, 47.289902002661456, 1015.9166259765625 ], [ 11.219642998093569, 47.289991002661672, 1014.07489013671875 ], [ 11.219481998093189, 47.290052002661788, 1013.45172119140625 ], [ 11.219442998093109, 47.289993002661667, 1012.92041015625 ], [ 11.219583998093434, 47.28993300266152, 1012.69573974609375 ], [ 11.219829998094008, 47.289803002661266, 1011.46490478515625 ], [ 11.219787998093915, 47.289773002661207, 1011.33758544921875 ], [ 11.219733998093794, 47.289734002661099, 1011.5843505859375 ], [ 11.219598998093488, 47.28966400266097, 1011.6627197265625 ], [ 11.219547998093375, 47.289647002660914, 1011.651123046875 ], [ 11.219507998093292, 47.289641002660929, 1011.63995361328125 ], [ 11.219469998093203, 47.289647002660949, 1011.61181640625 ], [ 11.21928599809279, 47.289611002660855, 1011.2635498046875 ], [ 11.219204998092604, 47.289604002660838, 1011.01171875 ], [ 11.219039998092235, 47.289590002660816, 1010.58233642578125 ], [ 11.218799998091692, 47.289597002660834, 1010.38995361328125 ], [ 11.21839799809077, 47.289644002660943, 1009.37445068359375 ], [ 11.21808299809005, 47.289689002661056, 1008.349853515625 ], [ 11.217775998089355, 47.289707002661075, 1007.5714111328125 ], [ 11.217438998088586, 47.289713002661095, 1007.1507568359375 ], [ 11.217110998087847, 47.289691002661066, 1006.76953125 ], [ 11.216967998087522, 47.289695002661084, 1005.6092529296875 ], [ 11.216895998087358, 47.289710002661117, 1005.1912841796875 ], [ 11.216752998087024, 47.289753002661207, 1004.63916015625 ], [ 11.216474998086385, 47.289851002661422, 1004.48846435546875 ], [ 11.215847998084939, 47.290038002661788, 1006.14007568359375 ], [ 11.21511899808327, 47.29024500266226, 1009.38458251953125 ], [ 11.214481998081803, 47.290448002662693, 1014.47491455078125 ], [ 11.214373998081557, 47.290476002662786, 1015.58026123046875 ], [ 11.21426699808131, 47.290488002662791, 1015.65032958984375 ], [ 11.21419099808114, 47.290445002662686, 1015.77191162109375 ], [ 11.214057998080856, 47.290310002662402, 1015.0037841796875 ], [ 11.21390699808053, 47.290178002662138, 1013.57635498046875 ], [ 11.21372899808013, 47.290042002661821, 1011.14093017578125 ], [ 11.213542998079722, 47.289913002661557, 1010.72845458984375 ], [ 11.213388998079381, 47.289839002661431, 1009.8082275390625 ], [ 11.213276998079129, 47.289803002661351, 1009.93017578125 ], [ 11.213233998079032, 47.289787002661278, 1009.491455078125 ], [ 11.213150998078854, 47.289767002661264, 1009.51654052734375 ], [ 11.21305899807864, 47.289760002661268, 1008.86627197265625 ], [ 11.212928998078343, 47.289772002661302, 1006.9964599609375 ], [ 11.212762998077958, 47.289822002661381, 1005.80706787109375 ], [ 11.212444998077228, 47.289986002661749, 1002.240966796875 ], [ 11.21224899807677, 47.290107002662026, 1000.22967529296875 ], [ 11.212182998076614, 47.29016000266212, 1000.322021484375 ], [ 11.211998998076195, 47.290185002662177, 1000.30865478515625 ], [ 11.211938998076054, 47.290190002662179, 999.7802734375 ], [ 11.21190999807599, 47.290191002662205, 999.7802734375 ], [ 11.211535998075133, 47.290207002662228, 998.08734130859375 ], [ 11.211326998074661, 47.290199002662213, 997.78656005859375 ], [ 11.211136998074235, 47.290182002662171, 997.79534912109375 ], [ 11.210929998073764, 47.290144002662075, 998.50848388671875 ], [ 11.21070199807326, 47.290092002661986, 999.987060546875 ], [ 11.210415998072621, 47.289975002661734, 998.09405517578125 ], [ 11.210078998071872, 47.289762002661291, 999.547119140625 ], [ 11.209730998071109, 47.289552002660869, 994.88995361328125 ], [ 11.209400998070365, 47.289470002660686, 993.00799560546875 ], [ 11.209065998069619, 47.28936700266047, 989.23834228515625 ], [ 11.208875998069184, 47.289324002660393, 988.36810302734375 ], [ 11.208759998068931, 47.289315002660388, 988.48260498046875 ], [ 11.208623998068616, 47.289333002660378, 987.61334228515625 ], [ 11.208334998067947, 47.289416002660587, 985.474853515625 ], [ 11.208279998067827, 47.289432002660611, 985.474853515625 ], [ 11.207816998066765, 47.289512002660793, 981.77252197265625 ], [ 11.207756998066635, 47.289461002660687, 980.56048583984375 ], [ 11.207724998066569, 47.289407002660582, 978.77032470703125 ], [ 11.207736998066601, 47.289361002660478, 977.714599609375 ], [ 11.207713998066545, 47.289338002660429, 977.714599609375 ], [ 11.207647998066404, 47.289320002660389, 975.3367919921875 ], [ 11.207695998066518, 47.289221002660184, 973.7352294921875 ], [ 11.207942998067116, 47.288877002659447, 966.65277099609375 ], [ 11.207959998067157, 47.288813002659296, 966.520751953125 ], [ 11.208006998067273, 47.288750002659192, 964.33563232421875 ], [ 11.208107998067504, 47.288682002659009, 962.6689453125 ], [ 11.208269998067891, 47.288516002658675, 956.8983154296875 ], [ 11.20836199806811, 47.288433002658486, 954.15576171875 ], [ 11.20838799806817, 47.288383002658371, 951.9915771484375 ], [ 11.208401998068215, 47.288277002658177, 950.43115234375 ], [ 11.208430998068291, 47.288175002657958, 944.32720947265625 ], [ 11.208449998068343, 47.288152002657917, 944.32720947265625 ], [ 11.208472998068389, 47.288141002657909, 946.2283935546875 ], [ 11.208816998069183, 47.288066002657729, 943.6768798828125 ], [ 11.208960998069511, 47.288003002657589, 940.0947265625 ], [ 11.2090849980698, 47.287960002657499, 940.7911376953125 ], [ 11.209348998070411, 47.287818002657197, 937.29168701171875 ], [ 11.209395998070516, 47.287809002657156, 937.29168701171875 ], [ 11.209458998070664, 47.287775002657099, 935.8380126953125 ], [ 11.209553998070888, 47.287703002656933, 933.0595703125 ], [ 11.209650998071114, 47.28761500265675, 930.66644287109375 ], [ 11.209738998071332, 47.287507002656525, 926.27557373046875 ], [ 11.20992099807175, 47.287416002656343, 926.01373291015625 ], [ 11.210030998072003, 47.287371002656208, 922.1546630859375 ], [ 11.210192998072381, 47.287338002656163, 921.2041015625 ], [ 11.210292998072605, 47.287306002656088, 918.9844970703125 ], [ 11.210358998072756, 47.287311002656097, 918.47186279296875 ], [ 11.210895998073994, 47.287138002655716, 909.2802734375 ], [ 11.210952998074124, 47.287107002655659, 909.95263671875 ], [ 11.210972998074173, 47.287067002655569, 908.689208984375 ], [ 11.211028998074298, 47.287051002655538, 907.4588623046875 ], [ 11.211177998074639, 47.28707100265558, 909.70635986328125 ], [ 11.211247998074796, 47.287069002655599, 908.48516845703125 ], [ 11.211307998074933, 47.287036002655483, 904.86395263671875 ], [ 11.211358998075065, 47.2868920026552, 902.39886474609375 ], [ 11.211392998075151, 47.286831002655063, 899.54302978515625 ], [ 11.211399998075168, 47.286802002655016, 899.54302978515625 ], [ 11.211422998075223, 47.286783002654985, 899.01934814453125 ], [ 11.211464998075316, 47.286775002654963, 901.6982421875 ], [ 11.211510998075427, 47.286737002654874, 900.347412109375 ], [ 11.211522998075456, 47.286671002654714, 898.8875732421875 ], [ 11.211636998075733, 47.286536002654437, 897.72601318359375 ], [ 11.211793998076109, 47.286298002653929, 892.203857421875 ], [ 11.21189999807638, 47.28605200265342, 888.3133544921875 ], [ 11.211934998076462, 47.286001002653315, 889.6978759765625 ], [ 11.211984998076577, 47.285954002653199, 886.5399169921875 ], [ 11.212068998076775, 47.285898002653084, 887.9954833984375 ], [ 11.212206998077095, 47.285826002652918, 889.32861328125 ], [ 11.212409998077565, 47.285784002652846, 892.27154541015625 ], [ 11.212430998077613, 47.285754002652766, 890.11187744140625 ], [ 11.212427998077608, 47.285706002652653, 887.62738037109375 ], [ 11.212458998077688, 47.285678002652617, 885.58978271484375 ], [ 11.21264299807811, 47.285581002652386, 883.613525390625 ], [ 11.212809998078496, 47.285515002652261, 882.770751953125 ], [ 11.212983998078894, 47.285473002652168, 879.96759033203125 ], [ 11.213093998079145, 47.285419002652063, 878.98876953125 ], [ 11.213436998079933, 47.285389002651989, 878.78558349609375 ], [ 11.213730998080605, 47.285307002651813, 875.3778076171875 ], [ 11.213961998081139, 47.285226002651626, 875.96380615234375 ], [ 11.214033998081307, 47.285194002651544, 874.1356201171875 ], [ 11.214595998082604, 47.284988002651119, 867.4608154296875 ], [ 11.214752998082966, 47.284942002651015, 866.017822265625 ], [ 11.215005998083543, 47.284836002650792, 864.05078125 ], [ 11.21510099808377, 47.284806002650733, 865.364990234375 ], [ 11.215213998084028, 47.284781002650682, 863.0228271484375 ], [ 11.215291998084204, 47.284746002650579, 861.83673095703125 ], [ 11.215379998084408, 47.284720002650531, 863.35064697265625 ], [ 11.215428998084523, 47.284686002650488, 861.49822998046875 ], [ 11.215610998084937, 47.28467200265046, 866.2894287109375 ], [ 11.215686998085108, 47.284659002650393, 864.77801513671875 ], [ 11.215701998085153, 47.284634002650378, 864.77801513671875 ], [ 11.215700998085151, 47.284606002650278, 859.552978515625 ], [ 11.215700998085152, 47.284604002650312, 859.552978515625 ], [ 11.215721998085195, 47.284585002650239, 859.552978515625 ], [ 11.21575199808527, 47.28457000265022, 859.6871337890625 ], [ 11.215969998085765, 47.284521002650116, 859.90362548828125 ], [ 11.216035998085925, 47.284463002650021, 859.096435546875 ], [ 11.216136998086155, 47.28443000264992, 855.75201416015625 ], [ 11.216182998086261, 47.284405002649862, 854.3253173828125 ], [ 11.21626099808644, 47.284408002649869, 854.6129150390625 ], [ 11.216339998086623, 47.284376002649815, 856.00299072265625 ], [ 11.216504998087004, 47.284334002649736, 855.56787109375 ], [ 11.216584998087184, 47.284323002649678, 853.98443603515625 ], [ 11.216728998087513, 47.284284002649599, 850.76605224609375 ], [ 11.216782998087641, 47.284255002649545, 851.5670166015625 ], [ 11.216853998087805, 47.284238002649502, 852.0567626953125 ], [ 11.216898998087911, 47.284213002649459, 853.00384521484375 ], [ 11.216979998088092, 47.284203002649427, 854.19293212890625 ], [ 11.217027998088204, 47.284176002649374, 853.16796875 ], [ 11.217323998088879, 47.284113002649228, 853.14056396484375 ], [ 11.217471998089218, 47.284050002649096, 854.3173828125 ], [ 11.217523998089344, 47.284018002649034, 853.38543701171875 ], [ 11.217718998089797, 47.283946002648861, 855.7615966796875 ], [ 11.217811998090008, 47.283917002648806, 851.996826171875 ], [ 11.217928998090274, 47.283892002648749, 852.06304931640625 ], [ 11.218029998090508, 47.283878002648699, 854.2476806640625 ], [ 11.218101998090672, 47.283840002648631, 853.12908935546875 ], [ 11.218201998090901, 47.283807002648565, 853.938232421875 ], [ 11.218358998091274, 47.283691002648318, 851.12066650390625 ], [ 11.218506998091623, 47.283621002648175, 850.17828369140625 ], [ 11.218697998092056, 47.28355300264802, 846.81793212890625 ], [ 11.218866998092441, 47.283522002647949, 847.82232666015625 ], [ 11.21898499809271, 47.283527002647958, 849.5849609375 ], [ 11.21910099809298, 47.283493002647894, 848.13616943359375 ], [ 11.219229998093269, 47.283477002647849, 848.91937255859375 ], [ 11.219371998093591, 47.283486002647891, 847.99591064453125 ], [ 11.219546998093993, 47.283476002647838, 845.15814208984375 ], [ 11.219715998094379, 47.283385002647677, 842.792236328125 ], [ 11.21978899809455, 47.283329002647541, 844.46405029296875 ], [ 11.219870998094745, 47.283296002647468, 843.70172119140625 ], [ 11.220012998095068, 47.283297002647473, 845.802734375 ], [ 11.220089998095242, 47.28328300264743, 845.562744140625 ], [ 11.220136998095349, 47.283267002647392, 842.1787109375 ], [ 11.220175998095447, 47.283237002647326, 843.378173828125 ], [ 11.220213998095536, 47.283190002647252, 841.742919921875 ], [ 11.220290998095708, 47.283162002647167, 841.81396484375 ], [ 11.220410998095986, 47.283148002647152, 844.57025146484375 ], [ 11.220522998096241, 47.283124002647085, 841.4007568359375 ], [ 11.220600998096426, 47.283089002647024, 837.68359375 ], [ 11.220661998096565, 47.283043002646913, 837.0263671875 ], [ 11.220719998096701, 47.283020002646865, 838.617919921875 ], [ 11.220799998096876, 47.28301900264686, 840.85479736328125 ], [ 11.220903998097118, 47.282998002646821, 839.78179931640625 ], [ 11.220958998097249, 47.282950002646729, 836.58673095703125 ], [ 11.221023998097399, 47.282946002646739, 838.36053466796875 ], [ 11.221097998097568, 47.282932002646696, 840.9825439453125 ], [ 11.221156998097699, 47.28289500264659, 834.572998046875 ], [ 11.221291998098023, 47.282827002646464, 833.2030029296875 ], [ 11.221413998098294, 47.28280000264639, 837.40667724609375 ], [ 11.221802998099188, 47.282726002646235, 834.22808837890625 ], [ 11.221892998099388, 47.282718002646213, 834.70458984375 ], [ 11.221934998099485, 47.282697002646174, 833.27337646484375 ], [ 11.222073998099809, 47.282660002646111, 832.92657470703125 ], [ 11.22238399810052, 47.282532002645802, 829.58258056640625 ], [ 11.222411998100586, 47.282541002645843, 829.58258056640625 ], [ 11.222484998100754, 47.282520002645782, 832.09259033203125 ], [ 11.222549998100902, 47.282484002645717, 830.55316162109375 ], [ 11.222788998101455, 47.282420002645566, 836.35528564453125 ], [ 11.223103998102177, 47.282301002645312, 834.75469970703125 ], [ 11.223343998102736, 47.282222002645156, 831.4189453125 ], [ 11.223593998103315, 47.28209500264488, 829.5684814453125 ], [ 11.223775998103733, 47.282022002644716, 828.3350830078125 ], [ 11.224201998104709, 47.281941002644558, 826.0457763671875 ], [ 11.224224998104765, 47.281914002644484, 826.0457763671875 ], [ 11.224193998104703, 47.281847002644348, 820.55523681640625 ], [ 11.224239998104808, 47.281837002644316, 820.55523681640625 ], [ 11.224624998105684, 47.281760002644141, 820.5443115234375 ], [ 11.224954998106437, 47.281669002643952, 819.84271240234375 ], [ 11.225164998106932, 47.281568002643752, 819.38824462890625 ], [ 11.225332998107316, 47.28151200264363, 818.22039794921875 ], [ 11.225336998107334, 47.281428002643445, 817.8521728515625 ], [ 11.225372998107419, 47.281358002643294, 817.61041259765625 ], [ 11.225444998107589, 47.281305002643187, 817.0228271484375 ], [ 11.225537998107807, 47.281271002643102, 816.43896484375 ], [ 11.225633998108023, 47.281251002643046, 816.12908935546875 ], [ 11.226125998109151, 47.281201002642945, 812.22320556640625 ], [ 11.226364998109689, 47.281151002642815, 810.376953125 ], [ 11.226740998110561, 47.281040002642605, 806.37725830078125 ], [ 11.227005998111174, 47.280942002642391, 804.15185546875 ], [ 11.227093998111362, 47.281005002642509, 805.3319091796875 ], [ 11.227263998111754, 47.28098100264247, 808.9052734375 ], [ 11.227510998112322, 47.280899002642286, 806.98663330078125 ], [ 11.227874998113165, 47.280762002641985, 804.2880859375 ], [ 11.228361998114273, 47.280707002641869, 800.98980712890625 ], [ 11.228565998114735, 47.280665002641776, 800.1812744140625 ], [ 11.228842998115372, 47.280590002641603, 797.33319091796875 ], [ 11.229162998116102, 47.280524002641485, 793.94757080078125 ], [ 11.229375998116593, 47.280506002641417, 793.271240234375 ], [ 11.229541998116972, 47.280479002641378, 796.13720703125 ], [ 11.229602998117111, 47.280470002641344, 794.021728515625 ], [ 11.229745998117439, 47.280397002641187, 794.98583984375 ], [ 11.229914998117829, 47.280331002641049, 789.91717529296875 ], [ 11.230186998118459, 47.28024400264087, 789.90277099609375 ], [ 11.230491998119158, 47.280162002640679, 788.2000732421875 ], [ 11.230845998119978, 47.279989002640328, 782.91265869140625 ], [ 11.231154998120687, 47.279905002640128, 782.1138916015625 ], [ 11.231384998121214, 47.279869002640062, 779.9283447265625 ], [ 11.231601998121718, 47.279810002639934, 780.1173095703125 ], [ 11.23190499812241, 47.279656002639605, 773.157470703125 ], [ 11.232131998122945, 47.27950900263928, 768.0252685546875 ], [ 11.232413998123599, 47.279432002639126, 769.03680419921875 ], [ 11.232579998123976, 47.279372002638986, 768.47784423828125 ], [ 11.232710998124272, 47.279343002638917, 766.95062255859375 ], [ 11.233208998125422, 47.279182002638592, 767.38848876953125 ], [ 11.233494998126078, 47.279060002638303, 765.412353515625 ], [ 11.23384099812688, 47.278955002638099, 764.47100830078125 ], [ 11.234242998127801, 47.278804002637727, 758.76544189453125 ], [ 11.234354998128072, 47.278715002637576, 755.5533447265625 ], [ 11.234466998128324, 47.278679002637475, 755.85357666015625 ], [ 11.234549998128523, 47.27856400263726, 753.14215087890625 ], [ 11.234897998129318, 47.278511002637124, 753.9166259765625 ], [ 11.235139998129872, 47.278435002636975, 750.97705078125 ], [ 11.235659998131055, 47.278429002636962, 752.4033203125 ], [ 11.235715998131182, 47.27842900263694, 752.2847900390625 ], [ 11.236039998131901, 47.278569002637219, 753.70703125 ], [ 11.236220998132316, 47.278607002637294, 753.43408203125 ], [ 11.236472998132884, 47.27859300263728, 754.0269775390625 ], [ 11.236760998133541, 47.278598002637295, 752.55694580078125 ], [ 11.236985998134044, 47.278662002637418, 750.3095703125 ], [ 11.237075998134237, 47.278779002637663, 752.96148681640625 ], [ 11.237368998134874, 47.279024002638181, 759.3203125 ], [ 11.237481998135127, 47.27907300263827, 757.04254150390625 ], [ 11.237611998135423, 47.27906300263826, 757.61566162109375 ], [ 11.23767599813557, 47.279041002638223, 757.21319580078125 ], [ 11.237699998135623, 47.279013002638152, 757.21319580078125 ], [ 11.237719998135677, 47.278938002637993, 756.37176513671875 ], [ 11.237724998135709, 47.278810002637726, 753.65142822265625 ], [ 11.237778998135838, 47.278716002637552, 751.28143310546875 ], [ 11.237880998136074, 47.278601002637274, 750.58697509765625 ], [ 11.237919998136162, 47.278576002637209, 750.58697509765625 ], [ 11.237969998136288, 47.278569002637219, 750.9342041015625 ], [ 11.238056998136486, 47.278574002637242, 749.7188720703125 ], [ 11.238093998136563, 47.278587002637238, 749.7188720703125 ], [ 11.238188998136781, 47.27862200263732, 745.84820556640625 ], [ 11.23826399813694, 47.278684002637462, 745.1845703125 ], [ 11.238294998137018, 47.278644002637378, 744.96728515625 ], [ 11.238216998136844, 47.278601002637267, 745.31591796875 ], [ 11.238209998136833, 47.278529002637129, 742.8125 ], [ 11.23827299813698, 47.27849300263702, 740.13751220703125 ], [ 11.238367998137187, 47.278523002637108, 741.97265625 ], [ 11.238538998137583, 47.278467002636972, 736.65240478515625 ], [ 11.238688998137924, 47.278488002637033, 739.85205078125 ], [ 11.23864699813784, 47.278395002636842, 736.7703857421875 ], [ 11.238683998137939, 47.278265002636559, 729.36944580078125 ], [ 11.238710998137998, 47.278220002636452, 728.20123291015625 ], [ 11.238719998138034, 47.278127002636268, 722.52569580078125 ], [ 11.23877499813816, 47.278059002636112, 724.705810546875 ], [ 11.238848998138334, 47.278026002636025, 721.375732421875 ], [ 11.239005998138692, 47.277982002635952, 723.21533203125 ], [ 11.239376998139539, 47.277930002635848, 721.478759765625 ], [ 11.239521998139869, 47.277928002635825, 720.67578125 ], [ 11.23987699814068, 47.277862002635693, 713.52032470703125 ], [ 11.239824998140564, 47.277847002635681, 712.84490966796875 ], [ 11.239627998140119, 47.277834002635636, 711.27655029296875 ], [ 11.239889998140722, 47.277734002635412, 705.6241455078125 ], [ 11.239954998140874, 47.277677002635293, 699.90667724609375 ], [ 11.240108998141231, 47.27763400263521, 698.78045654296875 ], [ 11.240493998142108, 47.277575002635075, 700.71258544921875 ], [ 11.240657998142481, 47.277586002635083, 702.576904296875 ], [ 11.240728998142645, 47.277568002635078, 695.33123779296875 ], [ 11.240800998142802, 47.277569002635047, 692.80072021484375 ], [ 11.240978998143213, 47.277546002634999, 689.17596435546875 ], [ 11.241091998143471, 47.27753200263497, 681.75238037109375 ], [ 11.241195998143711, 47.277497002634902, 683.58721923828125 ], [ 11.2413649981441, 47.277477002634853, 681.90447998046875 ], [ 11.241518998144445, 47.277471002634819, 680.4378662109375 ], [ 11.241543998144502, 47.277470002634843, 679.23779296875 ], [ 11.241583998144593, 47.277455002634817, 677.47222900390625 ], [ 11.241651998144757, 47.277391002634673, 676.21710205078125 ], [ 11.241736998144946, 47.277417002634721, 668.25762939453125 ], [ 11.241954998145443, 47.277371002634617, 671.57635498046875 ], [ 11.242005998145562, 47.27736300263463, 671.50115966796875 ], [ 11.242080998145735, 47.277368002634631, 672.35595703125 ], [ 11.242143998145878, 47.277378002634627, 674.139892578125 ], [ 11.242212998146028, 47.277362002634611, 678.84027099609375 ], [ 11.242310998146257, 47.277355002634579, 680.39715576171875 ], [ 11.242355998146355, 47.277366002634629, 680.11181640625 ], [ 11.242585998146886, 47.277267002634396, 679.29779052734375 ], [ 11.242815998147416, 47.277223002634301, 680.77264404296875 ], [ 11.242881998147565, 47.277201002634229, 675.42864990234375 ], [ 11.243440998148866, 47.276909002633623, 677.4696044921875 ], [ 11.243657998149372, 47.276786002633372, 666.68853759765625 ], [ 11.24368799814944, 47.276764002633328, 664.62432861328125 ], [ 11.243717998149506, 47.276712002633211, 664.1507568359375 ], [ 11.24386099814984, 47.276680002633135, 664.92706298828125 ], [ 11.244310998150874, 47.276552002632862, 667.2901611328125 ], [ 11.244473998151246, 47.276525002632788, 672.01373291015625 ], [ 11.244700998151758, 47.276494002632717, 670.077880859375 ], [ 11.245035998152522, 47.276481002632686, 671.2799072265625 ], [ 11.245193998152882, 47.276483002632688, 672.46331787109375 ], [ 11.245507998153595, 47.27649600263274, 676.2255859375 ], [ 11.245560998153717, 47.276499002632711, 676.4339599609375 ], [ 11.245666998153956, 47.276488002632703, 675.2735595703125 ], [ 11.245708998154052, 47.276476002632677, 675.99774169921875 ], [ 11.245775998154208, 47.276442002632606, 676.34796142578125 ], [ 11.245908998154517, 47.276355002632421, 677.56036376953125 ], [ 11.245988998154703, 47.276312002632302, 678.33563232421875 ], [ 11.246258998155323, 47.276215002632107, 682.7509765625 ], [ 11.24649899815588, 47.276108002631901, 684.5472412109375 ], [ 11.246598998156113, 47.276037002631725, 683.38531494140625 ], [ 11.246647998156233, 47.276011002631677, 684.2718505859375 ], [ 11.246696998156343, 47.275994002631656, 684.59283447265625 ], [ 11.24675699815648, 47.27598100263161, 688.6318359375 ], [ 11.246847998156683, 47.275976002631587, 686.1243896484375 ], [ 11.246955998156929, 47.275994002631649, 692.15521240234375 ], [ 11.24705899815716, 47.276024002631701, 688.4132080078125 ], [ 11.247140998157345, 47.276032002631688, 701.95184326171875 ], [ 11.247225998157534, 47.276027002631693, 689.50421142578125 ], [ 11.247307998157725, 47.276008002631634, 691.179443359375 ], [ 11.247341998157806, 47.275992002631625, 691.179443359375 ], [ 11.247540998158261, 47.275878002631373, 692.21954345703125 ], [ 11.248065998159472, 47.275751002631104, 697.79547119140625 ], [ 11.248065998159472, 47.275751002631104, 697.79547119140625 ], [ 11.248049998159431, 47.275786002631165, 699.21160888671875 ], [ 11.248065998159472, 47.275751002631104, 697.79547119140625 ], [ 11.24826799815993, 47.275701002630974, 705.30560302734375 ], [ 11.248423998160291, 47.275690002630988, 701.720703125 ], [ 11.248579998160642, 47.275695002630968, 702.73828125 ], [ 11.249521998162777, 47.275753002631099, 712.7691650390625 ], [ 11.249627998163017, 47.275752002631101, 714.7596435546875 ], [ 11.249727998163243, 47.275737002631047, 719.43255615234375 ], [ 11.250040998163957, 47.275645002630853, 717.5343017578125 ], [ 11.250158998164229, 47.2756180026308, 717.8629150390625 ], [ 11.2502319981644, 47.275609002630787, 718.8914794921875 ], [ 11.250266998164477, 47.275613002630784, 719.246826171875 ], [ 11.25030299816456, 47.275627002630799, 719.246826171875 ], [ 11.250323998164603, 47.275645002630839, 720.21337890625 ], [ 11.250332998164618, 47.275694002630971, 720.8834228515625 ], [ 11.250305998164558, 47.275731002631041, 727.0103759765625 ], [ 11.250275998164488, 47.275746002631053, 727.0103759765625 ], [ 11.250194998164304, 47.275759002631105, 727.58306884765625 ], [ 11.25004799816397, 47.275769002631115, 729.85595703125 ], [ 11.249969998163785, 47.275781002631142, 728.59918212890625 ], [ 11.249903998163633, 47.275800002631179, 724.97113037109375 ], [ 11.249825998163454, 47.275833002631231, 725.731201171875 ], [ 11.249637998163017, 47.275959002631524, 728.78228759765625 ], [ 11.249561998162841, 47.27599200263159, 731.85797119140625 ], [ 11.24952299816275, 47.275999002631607, 732.32489013671875 ], [ 11.249230998162087, 47.276000002631598, 734.470947265625 ], [ 11.248988998161535, 47.276012002631639, 734.51812744140625 ], [ 11.248901998161339, 47.276026002631674, 736.81536865234375 ], [ 11.248785998161074, 47.276057002631767, 736.563720703125 ], [ 11.248598998160642, 47.27612300263187, 739.3717041015625 ], [ 11.248489998160384, 47.27620100263205, 740.331787109375 ], [ 11.248441998160278, 47.276268002632214, 741.44830322265625 ], [ 11.248433998160257, 47.276320002632325, 741.810302734375 ], [ 11.248454998160282, 47.276437002632548, 743.8798828125 ], [ 11.248450998160271, 47.276486002632659, 744.4962158203125 ], [ 11.248428998160218, 47.276531002632758, 745.0780029296875 ], [ 11.248407998160168, 47.276544002632811, 745.0780029296875 ], [ 11.248352998160041, 47.276573002632837, 745.9527587890625 ], [ 11.24811299815949, 47.276629002632951, 749.2978515625 ], [ 11.247768998158696, 47.276817002633372, 753.53997802734375 ], [ 11.247691998158512, 47.276854002633456, 754.66278076171875 ], [ 11.247517998158107, 47.276928002633596, 755.391357421875 ], [ 11.247332998157686, 47.276996002633759, 759.32159423828125 ], [ 11.246971998156845, 47.277170002634101, 767.01318359375 ], [ 11.246674998156164, 47.277291002634392, 769.04425048828125 ], [ 11.246529998155831, 47.277339002634491, 768.576904296875 ], [ 11.246354998155423, 47.277413002634638, 769.5372314453125 ], [ 11.246307998155309, 47.277443002634719, 769.5372314453125 ], [ 11.246292998155276, 47.27746300263474, 771.40826416015625 ], [ 11.246288998155274, 47.277488002634826, 771.40826416015625 ], [ 11.246293998155277, 47.277511002634867, 770.99652099609375 ], [ 11.246310998155312, 47.277535002634913, 770.99652099609375 ], [ 11.246339998155374, 47.277553002634946, 775.02215576171875 ], [ 11.246381998155469, 47.277564002634975, 772.54754638671875 ], [ 11.246426998155574, 47.277564002634954, 772.02923583984375 ], [ 11.246470998155672, 47.277558002634947, 772.02923583984375 ], [ 11.246502998155746, 47.277545002634945, 771.7896728515625 ], [ 11.246619998156024, 47.277464002634751, 772.0667724609375 ], [ 11.246685998156172, 47.277432002634676, 772.73126220703125 ], [ 11.246813998156467, 47.277401002634612, 774.12750244140625 ], [ 11.247386998157776, 47.277322002634449, 783.30816650390625 ], [ 11.24797799815912, 47.277251002634259, 786.0909423828125 ], [ 11.248101998159406, 47.277241002634277, 788.90277099609375 ], [ 11.248471998160243, 47.277233002634247, 794.71710205078125 ], [ 11.248598998160539, 47.27722400263422, 792.98431396484375 ], [ 11.248939998161312, 47.277163002634076, 797.5953369140625 ], [ 11.249149998161792, 47.277132002634026, 798.629638671875 ], [ 11.24939799816236, 47.277100002633958, 800.87738037109375 ], [ 11.249623998162878, 47.277079002633911, 804.72589111328125 ], [ 11.249822998163324, 47.277076002633891, 805.6119384765625 ], [ 11.250100998163955, 47.277078002633893, 810.34161376953125 ], [ 11.250314998164443, 47.277096002633925, 811.51629638671875 ], [ 11.250394998164616, 47.277115002633963, 811.1646728515625 ], [ 11.250493998164849, 47.277151002634042, 812.5089111328125 ], [ 11.25061899816512, 47.27721000263417, 815.55230712890625 ], [ 11.25081799816556, 47.277350002634456, 816.84710693359375 ], [ 11.250939998165824, 47.277464002634702, 820.6932373046875 ], [ 11.251168998166328, 47.277595002634953, 824.4674072265625 ], [ 11.251421998166894, 47.277708002635201, 825.87322998046875 ], [ 11.251754998167632, 47.277831002635459, 831.2794189453125 ], [ 11.25206599816833, 47.277911002635641, 831.77264404296875 ], [ 11.25233799816894, 47.277989002635792, 837.01641845703125 ], [ 11.252459998169213, 47.278017002635849, 839.52215576171875 ], [ 11.252757998169884, 47.278055002635938, 838.32476806640625 ], [ 11.252851998170103, 47.278075002635951, 838.90850830078125 ], [ 11.25292399817026, 47.278127002636069, 840.67919921875 ], [ 11.252930998170264, 47.278151002636136, 840.67919921875 ], [ 11.252923998170251, 47.278184002636216, 841.371337890625 ], [ 11.252884998170163, 47.278219002636277, 842.18914794921875 ], [ 11.252827998170025, 47.278237002636303, 842.0462646484375 ], [ 11.252349998168949, 47.278246002636351, 847.316162109375 ], [ 11.252169998168533, 47.278268002636381, 847.90264892578125 ], [ 11.25203099816822, 47.278299002636437, 851.37164306640625 ], [ 11.251875998167856, 47.278358002636587, 851.53765869140625 ], [ 11.251788998167658, 47.278399002636675, 852.20294189453125 ], [ 11.251474998166927, 47.278576002637053, 855.72357177734375 ], [ 11.250950998165717, 47.278810002637542, 863.7314453125 ], [ 11.250905998165614, 47.278839002637611, 862.9322509765625 ], [ 11.250820998165413, 47.27891200263776, 864.37249755859375 ], [ 11.250618998164933, 47.279129002638221, 867.9879150390625 ], [ 11.25056799816481, 47.279207002638394, 869.88885498046875 ], [ 11.25053399816472, 47.279308002638601, 870.80572509765625 ], [ 11.250474998164556, 47.279578002639177, 874.63665771484375 ], [ 11.250433998164453, 47.279686002639394, 875.9840087890625 ], [ 11.250399998164372, 47.279735002639526, 877.80059814453125 ], [ 11.250324998164199, 47.279806002639681, 878.35003662109375 ], [ 11.250244998164005, 47.279864002639798, 881.7315673828125 ], [ 11.25008099816363, 47.279946002639974, 881.6126708984375 ], [ 11.249982998163405, 47.279972002640022, 882.856201171875 ], [ 11.249692998162745, 47.280017002640115, 886.15118408203125 ], [ 11.249321998161896, 47.280096002640313, 890.329833984375 ], [ 11.249023998161212, 47.280148002640409, 892.81756591796875 ], [ 11.248846998160804, 47.280179002640487, 894.59771728515625 ], [ 11.248709998160495, 47.280210002640551, 898.7991943359375 ], [ 11.248271998159483, 47.280330002640817, 901.30487060546875 ], [ 11.248135998159178, 47.280362002640878, 901.6925048828125 ], [ 11.248053998158991, 47.280375002640938, 902.19134521484375 ], [ 11.247792998158394, 47.280403002640959, 903.54290771484375 ], [ 11.247679998158137, 47.280426002641022, 904.481201171875 ], [ 11.247640998158046, 47.280456002641074, 904.84368896484375 ], [ 11.247628998158017, 47.280477002641156, 905.233154296875 ], [ 11.247631998158012, 47.28052600264121, 905.47918701171875 ], [ 11.247651998158057, 47.280547002641264, 907.74505615234375 ], [ 11.247708998158188, 47.28056700264132, 906.9984130859375 ], [ 11.247751998158279, 47.280572002641328, 906.9984130859375 ], [ 11.248008998158863, 47.280576002641318, 906.911376953125 ], [ 11.248246998159409, 47.280591002641366, 909.6949462890625 ], [ 11.248511998159998, 47.280680002641553, 911.7913818359375 ], [ 11.248786998160607, 47.280811002641826, 916.886962890625 ], [ 11.248835998160725, 47.280849002641908, 917.62957763671875 ], [ 11.248891998160836, 47.280923002642062, 916.06298828125 ], [ 11.248915998160887, 47.281035002642319, 916.41827392578125 ], [ 11.248910998160865, 47.281052002642319, 916.41827392578125 ], [ 11.248884998160806, 47.281072002642382, 916.61834716796875 ], [ 11.248828998160677, 47.281088002642399, 916.7181396484375 ], [ 11.248561998160074, 47.281067002642374, 918.25201416015625 ], [ 11.248332998159553, 47.281062002642365, 920.509765625 ], [ 11.248132998159102, 47.281073002642387, 922.35260009765625 ], [ 11.247953998158691, 47.281092002642438, 923.66607666015625 ], [ 11.247816998158385, 47.28109400264244, 924.83721923828125 ], [ 11.247385998157405, 47.28105700264237, 927.39703369140625 ], [ 11.247247998157095, 47.281052002642348, 928.61260986328125 ], [ 11.246972998156467, 47.281049002642334, 930.73724365234375 ], [ 11.24659499815561, 47.281064002642402, 937.7628173828125 ], [ 11.246515998155429, 47.281071002642392, 937.73541259765625 ], [ 11.246281998154897, 47.28110800264249, 939.39794921875 ], [ 11.245666998153494, 47.281191002642672, 940.85113525390625 ], [ 11.245607998153355, 47.281205002642686, 941.1436767578125 ], [ 11.245363998152795, 47.28128400264287, 943.32452392578125 ], [ 11.245147998152298, 47.281363002643047, 944.35711669921875 ], [ 11.244967998151882, 47.281474002643279, 945.573974609375 ], [ 11.244829998151562, 47.28152900264341, 947.86138916015625 ], [ 11.244362998150486, 47.281649002643675, 950.697021484375 ], [ 11.243461998148415, 47.281902002644202, 955.40673828125 ], [ 11.24337599814822, 47.28193400264427, 952.9237060546875 ], [ 11.243319998148094, 47.281962002644335, 953.20562744140625 ], [ 11.243269998147973, 47.281995002644408, 953.73291015625 ], [ 11.243182998147775, 47.282073002644566, 954.2877197265625 ], [ 11.243018998147383, 47.282281002645028, 957.166015625 ], [ 11.242922998147149, 47.282378002645224, 958.3333740234375 ], [ 11.242897998147086, 47.282400002645275, 958.68096923828125 ], [ 11.242815998146897, 47.282431002645339, 961.48040771484375 ], [ 11.242682998146595, 47.282455002645385, 960.599853515625 ], [ 11.242686998146601, 47.282484002645447, 961.993896484375 ], [ 11.242352188795365, 47.28252820573185, 963.144775390625 ], [ 11.241943369782643, 47.28290985360092, 966.3087158203125 ], [ 11.242207118589342, 47.283318002062664, 973.7838134765625 ], [ 11.242157092950112, 47.283597309308178, 975.2236328125 ], [ 11.242237977701471, 47.283908490444269, 980.13531494140625 ], [ 11.24228586792869, 47.284294917021533, 984.14794921875 ], [ 11.242476692949909, 47.284557293677146, 987.1602783203125 ], [ 11.243271142488036, 47.284783118139259, 994.216796875 ], [ 11.243607998148441, 47.285018002650823, 996.737548828125 ], [ 11.243687998148607, 47.285225002651245, 999.083984375 ], [ 11.243744998148717, 47.285420002651655, 1002.54693603515625 ], [ 11.243865998148991, 47.285444002651715, 1003.89129638671875 ], [ 11.244250998149889, 47.285153002651093, 1007.77996826171875 ], [ 11.244596998150707, 47.284837002650406, 1013.15692138671875 ], [ 11.244935998151499, 47.284528002649751, 1017.09539794921875 ], [ 11.245092998151879, 47.284393002649466, 1017.70220947265625 ], [ 11.245142998151989, 47.284364002649397, 1018.0966796875 ], [ 11.245223998152175, 47.284347002649362, 1018.03521728515625 ], [ 11.245543998152918, 47.284228002649108, 1019.8909912109375 ], [ 11.24580499815351, 47.284232002649119, 1021.4771728515625 ], [ 11.245974998153892, 47.284220002649086, 1022.7340087890625 ], [ 11.246066998154102, 47.284185002648989, 1022.31878662109375 ], [ 11.246082998154145, 47.284180002649002, 1022.31878662109375 ], [ 11.246188998154393, 47.284111002648849, 1025.7255859375 ], [ 11.246343998154749, 47.284043002648716, 1024.0853271484375 ], [ 11.246510998155136, 47.28400200264862, 1026.622802734375 ], [ 11.246699998155565, 47.283983002648583, 1027.9481201171875 ], [ 11.246895998156008, 47.283917002648415, 1026.7705078125 ], [ 11.247030998156328, 47.2838950026484, 1027.514404296875 ], [ 11.247150998156595, 47.283888002648361, 1027.8653564453125 ], [ 11.247234998156786, 47.283890002648363, 1028.7529296875 ], [ 11.247276998156877, 47.283953002648509, 1030.701904296875 ], [ 11.247266998156851, 47.283981002648545, 1030.701904296875 ], [ 11.247235998156777, 47.284008002648619, 1031.6790771484375 ], [ 11.247173998156635, 47.284025002648661, 1032.2203369140625 ], [ 11.247030998156301, 47.284046002648694, 1035.824462890625 ], [ 11.246988998156212, 47.284072002648756, 1034.474853515625 ], [ 11.24691799815605, 47.284138002648895, 1036.5511474609375 ], [ 11.246826998155825, 47.284259002649151, 1038.241455078125 ], [ 11.246646998155397, 47.284406002649476, 1041.63330078125 ], [ 11.246621998155337, 47.284464002649599, 1042.294921875 ], [ 11.246577998155217, 47.284645002649981, 1046.0057373046875 ], [ 11.246600998155264, 47.284741002650186, 1045.6939697265625 ], [ 11.246684998155439, 47.284899002650533, 1051.595947265625 ], [ 11.246702998155474, 47.284956002650645, 1052.4178466796875 ], [ 11.246721998155492, 47.285212002651178, 1056.9315185546875 ], [ 11.246704998155442, 47.285305002651377, 1058.103759765625 ], [ 11.246663998155345, 47.285384002651526, 1060.1256103515625 ], [ 11.246545998155067, 47.285463002651731, 1060.8985595703125 ], [ 11.246516998154997, 47.285502002651789, 1060.8985595703125 ], [ 11.246537998155038, 47.285540002651913, 1061.323486328125 ], [ 11.24658199815514, 47.285568002651949, 1065.3115234375 ], [ 11.2466529981553, 47.285568002651928, 1065.192138671875 ], [ 11.246907998155894, 47.28543100265167, 1067.177490234375 ], [ 11.247024998156171, 47.285329002651416, 1066.6590576171875 ], [ 11.247189998156548, 47.285235002651198, 1069.4271240234375 ], [ 11.247228998156649, 47.285184002651128, 1069.5029296875 ], [ 11.247292998156803, 47.285063002650865, 1071.6644287109375 ], [ 11.247355998156946, 47.285024002650765, 1073.39013671875 ], [ 11.247486998157246, 47.284991002650692, 1076.4246826171875 ], [ 11.247737998157817, 47.284990002650694, 1077.5303955078125 ], [ 11.247798998157956, 47.285036002650799, 1082.3961181640625 ], [ 11.247897998158175, 47.285030002650764, 1078.6907958984375 ], [ 11.248006998158436, 47.28493500265057, 1080.140380859375 ], [ 11.248273998159055, 47.284866002650425, 1080.42822265625 ], [ 11.248339998159215, 47.284666002650006, 1078.626708984375 ], [ 11.248767998160194, 47.284611002649875, 1081.9522705078125 ], [ 11.24878199816024, 47.284506002649657, 1073.9300537109375 ], [ 11.249113998160999, 47.284415002649482, 1076.204833984375 ], [ 11.249304998161428, 47.284424002649502, 1078.8370361328125 ], [ 11.249509998161932, 47.284017002648596, 1073.6402587890625 ], [ 11.249695998162359, 47.283952002648455, 1077.27099609375 ], [ 11.249847998162714, 47.283859002648271, 1075.619384765625 ], [ 11.249858998162741, 47.283856002648257, 1074.12548828125 ], [ 11.250246998163631, 47.28375600264804, 1074.9495849609375 ], [ 11.250777998164837, 47.283709002647946, 1076.4698486328125 ], [ 11.251023998165403, 47.283668002647858, 1074.5914306640625 ], [ 11.251562998166634, 47.28365800264784, 1069.4456787109375 ], [ 11.251961998167527, 47.283709002647932, 1071.2044677734375 ], [ 11.252141998167927, 47.283756002648012, 1069.4241943359375 ], [ 11.252209998168086, 47.283737002647989, 1067.4569091796875 ], [ 11.252492998168725, 47.283779002648068, 1070.146240234375 ], [ 11.253036998169959, 47.283812002648119, 1065.1832275390625 ], [ 11.253394998170766, 47.283873002648242, 1063.7774658203125 ], [ 11.253663998171376, 47.283821002648146, 1063.7738037109375 ], [ 11.253897998171908, 47.283863002648246, 1065.6773681640625 ], [ 11.254200998172593, 47.283863002648211, 1062.2066650390625 ], [ 11.254813998173979, 47.283915002648314, 1064.183837890625 ], [ 11.254965998174317, 47.283990002648487, 1061.6077880859375 ], [ 11.255350998175198, 47.283929002648357, 1060.6878662109375 ], [ 11.255708998175997, 47.283971002648428, 1061.228515625 ], [ 11.25590899817645, 47.284036002648556, 1058.6041259765625 ], [ 11.256053998176782, 47.284036002648563, 1057.8211669921875 ], [ 11.256218998177147, 47.284106002648699, 1056.3095703125 ], [ 11.25641199817759, 47.284097002648693, 1053.787353515625 ], [ 11.256693998178218, 47.284191002648861, 1058.3155517578125 ], [ 11.256803998178464, 47.284151002648777, 1052.1221923828125 ], [ 11.256985998178877, 47.284171002648833, 1055.4468994140625 ], [ 11.257238998179451, 47.284223002648936, 1055.064697265625 ], [ 11.257367998179738, 47.284268002649043, 1053.9014892578125 ], [ 11.257509998180055, 47.284368002649245, 1053.925048828125 ], [ 11.257582998180217, 47.284384002649276, 1051.4510498046875 ], [ 11.257654998180383, 47.28439000264931, 1053.27783203125 ], [ 11.257656998180384, 47.284390002649303, 1053.27783203125 ], [ 11.257739998180568, 47.28439800264929, 1052.3743896484375 ], [ 11.257836998180787, 47.284448002649405, 1051.7083740234375 ], [ 11.257935998180995, 47.284594002649719, 1057.8062744140625 ], [ 11.257941998181016, 47.28453600264961, 1052.15283203125 ], [ 11.257930998181012, 47.284330002649163, 1046.8720703125 ], [ 11.25790999818097, 47.284236002648946, 1043.8582763671875 ], [ 11.258077998181355, 47.284228002648931, 1040.7763671875 ], [ 11.258034998181266, 47.284092002648656, 1035.9151611328125 ], [ 11.25803699818128, 47.284066002648593, 1035.9151611328125 ], [ 11.25817099818158, 47.284033002648513, 1031.7069091796875 ], [ 11.258163998181573, 47.283986002648426, 1029.846923828125 ], [ 11.258108998181454, 47.28389200264823, 1025.7744140625 ], [ 11.258155998181575, 47.283804002648033, 1022.100341796875 ], [ 11.257903998181018, 47.283620002647638, 1015.26068115234375 ], [ 11.25762299818042, 47.283236002646852, 1005.05523681640625 ], [ 11.257598998180386, 47.283034002646438, 997.38861083984375 ], [ 11.257533998180257, 47.282836002646015, 993.10076904296875 ], [ 11.257527998180251, 47.282698002645688, 990.74407958984375 ], [ 11.257473998180139, 47.282664002645618, 988.39404296875 ], [ 11.257419998180016, 47.282603002645516, 987.024169921875 ], [ 11.257455998180106, 47.282538002645374, 985.920654296875 ], [ 11.257497998180215, 47.282466002645222, 982.86907958984375 ], [ 11.257492998180215, 47.282354002644979, 980.86083984375 ], [ 11.257275998179731, 47.282229002644712, 975.340576171875 ], [ 11.257143998179444, 47.282169002644594, 974.2193603515625 ], [ 11.257134998179453, 47.281809002643811, 966.3875732421875 ], [ 11.256924998179002, 47.28154900264326, 959.77777099609375 ], [ 11.256801998178743, 47.281340002642843, 957.0794677734375 ], [ 11.256763998178659, 47.281274002642689, 954.205810546875 ], [ 11.256734998178604, 47.28116800264246, 952.2645263671875 ], [ 11.25675099817866, 47.280983002642081, 949.65673828125 ], [ 11.256714998178595, 47.280777002641642, 946.447509765625 ], [ 11.256775998178755, 47.280592002641235, 944.62322998046875 ], [ 11.256799998178824, 47.280487002641053, 942.58953857421875 ], [ 11.256777998178775, 47.280461002640955, 941.77728271484375 ], [ 11.256782998178785, 47.280462002640988, 941.77728271484375 ], [ 11.256877998178997, 47.280491002641021, 943.08172607421875 ], [ 11.256899998179042, 47.280560002641181, 938.2899169921875 ], [ 11.256881998178978, 47.280727002641548, 937.82232666015625 ], [ 11.256919998179049, 47.280934002641978, 941.7725830078125 ], [ 11.25704599817932, 47.281108002642334, 939.561279296875 ], [ 11.257222998179708, 47.281221002642603, 934.55419921875 ], [ 11.257332998179955, 47.281255002642652, 934.44024658203125 ], [ 11.257459998180254, 47.281198002642512, 934.84130859375 ], [ 11.25754099818044, 47.281119002642363, 934.50958251953125 ], [ 11.25759799818057, 47.281082002642258, 936.29779052734375 ], [ 11.257699998180799, 47.28108100264226, 940.27459716796875 ], [ 11.257811998181053, 47.281172002642457, 938.8360595703125 ], [ 11.25784999818112, 47.281320002642772, 938.96661376953125 ], [ 11.257892998181216, 47.281390002642951, 939.4957275390625 ], [ 11.258054998181573, 47.281475002643099, 934.110595703125 ], [ 11.258172998181829, 47.281596002643361, 932.88165283203125 ], [ 11.258278998182059, 47.281600002643344, 931.8614501953125 ], [ 11.258413998182373, 47.281616002643389, 927.67010498046875 ], [ 11.258529998182626, 47.281705002643598, 930.17291259765625 ], [ 11.258892998183425, 47.281932002644048, 924.61431884765625 ], [ 11.259109998183918, 47.281986002644196, 922.77972412109375 ], [ 11.259238998184195, 47.282019002644226, 925.54052734375 ], [ 11.259353998184469, 47.282014002644232, 922.19879150390625 ], [ 11.259417998184617, 47.282000002644203, 920.61676025390625 ], [ 11.259474998184755, 47.281851002643869, 920.76055908203125 ], [ 11.259445998184699, 47.281762002643696, 916.869384765625 ], [ 11.259256998184281, 47.281673002643487, 911.49920654296875 ], [ 11.259256998184286, 47.281580002643302, 917.0369873046875 ], [ 11.259350998184518, 47.281451002643045, 914.24603271484375 ], [ 11.259543998184961, 47.281370002642859, 916.83966064453125 ], [ 11.259762998185465, 47.281304002642713, 917.56597900390625 ], [ 11.260000998186007, 47.281301002642721, 916.2393798828125 ], [ 11.260154998186351, 47.281330002642768, 913.37744140625 ], [ 11.260374998186844, 47.281393002642915, 908.40863037109375 ], [ 11.260633998187428, 47.281402002642913, 912.5738525390625 ], [ 11.260820998187862, 47.281382002642879, 907.34039306640625 ], [ 11.2611519981886, 47.28144800264301, 903.90496826171875 ], [ 11.261417998189204, 47.281403002642911, 907.2626953125 ], [ 11.26156799818955, 47.281404002642908, 904.81658935546875 ], [ 11.261724998189898, 47.281469002643043, 906.73895263671875 ], [ 11.261990998190482, 47.281669002643454, 903.9361572265625 ], [ 11.262135998190809, 47.281694002643512, 897.947265625 ], [ 11.262160998190865, 47.281662002643436, 897.947265625 ], [ 11.26219999819096, 47.28165900264343, 897.83929443359375 ], [ 11.262197998190954, 47.281631002643365, 895.17535400390625 ], [ 11.262028998190578, 47.28156100264323, 892.28045654296875 ], [ 11.262172998190907, 47.28153800264316, 890.38458251953125 ], [ 11.262306998191209, 47.281537002643176, 889.779296875 ], [ 11.262453998191535, 47.281617002643337, 885.5733642578125 ], [ 11.262511998191661, 47.281671002643463, 885.36407470703125 ], [ 11.262573998191808, 47.281663002643441, 881.8509521484375 ], [ 11.262563998191792, 47.281598002643307, 878.3199462890625 ], [ 11.262712998192125, 47.281635002643405, 876.35809326171875 ], [ 11.262685998192074, 47.281511002643114, 870.28717041015625 ], [ 11.262736998192191, 47.28151900264313, 868.73150634765625 ], [ 11.262823998192378, 47.2815950026433, 871.080810546875 ], [ 11.262991998192765, 47.281587002643271, 863.26239013671875 ], [ 11.263110998193024, 47.281641002643383, 861.8758544921875 ], [ 11.263118998193038, 47.281702002643513, 859.041748046875 ], [ 11.263180998193173, 47.281737002643595, 853.62066650390625 ], [ 11.263214998193243, 47.281776002643653, 855.101318359375 ], [ 11.263293998193429, 47.281746002643622, 852.736572265625 ], [ 11.263417998193729, 47.281564002643229, 846.3665771484375 ], [ 11.263407998193715, 47.281500002643078, 846.341796875 ], [ 11.263430998193771, 47.281478002643041, 845.90533447265625 ], [ 11.263390998193678, 47.281413002642878, 844.78472900390625 ], [ 11.263321998193529, 47.281359002642773, 841.622314453125 ], [ 11.263433998193793, 47.281277002642604, 833.33526611328125 ], [ 11.263049998192955, 47.280944002641917, 835.05328369140625 ], [ 11.262921998192676, 47.280842002641712, 831.93792724609375 ], [ 11.262928998192688, 47.280917002641864, 827.99102783203125 ], [ 11.262981998192799, 47.280955002641939, 830.41693115234375 ], [ 11.263033998192912, 47.281065002642165, 829.938720703125 ], [ 11.262946998192717, 47.281024002642091, 829.4443359375 ], [ 11.262768998192321, 47.280891002641788, 827.2724609375 ], [ 11.26263299819202, 47.280834002641697, 823.76800537109375 ], [ 11.262439998191599, 47.280732002641471, 822.6988525390625 ], [ 11.262306998191303, 47.28063500264129, 820.94708251953125 ], [ 11.26226799819122, 47.280616002641224, 821.3909912109375 ], [ 11.262063998190763, 47.280517002641027, 818.35546875 ], [ 11.26197599819057, 47.28043200264085, 818.785400390625 ], [ 11.261852998190307, 47.280277002640524, 815.41595458984375 ], [ 11.261692998189952, 47.280139002640226, 813.77716064453125 ], [ 11.261505998189548, 47.280013002639961, 811.58001708984375 ], [ 11.26126199818899, 47.280028002639995, 809.5606689453125 ], [ 11.261199998188838, 47.280083002640104, 807.8572998046875 ], [ 11.261075998188561, 47.280108002640169, 806.4183349609375 ], [ 11.260923998188211, 47.280099002640156, 805.246337890625 ], [ 11.260769998187872, 47.280005002639953, 805.174072265625 ], [ 11.260604998187505, 47.279941002639802, 804.62347412109375 ], [ 11.260479998187233, 47.279854002639624, 802.54595947265625 ], [ 11.259999998186155, 47.279760002639456, 799.017822265625 ], [ 11.259883998185895, 47.279728002639388, 798.02264404296875 ], [ 11.259545998185141, 47.279566002639044, 792.91937255859375 ], [ 11.259389998184801, 47.279447002638804, 792.70758056640625 ], [ 11.259084998184127, 47.279293002638475, 790.5361328125 ], [ 11.258966998183864, 47.279213002638294, 790.28558349609375 ], [ 11.258899998183729, 47.279054002637956, 789.8790283203125 ], [ 11.258691998183272, 47.278861002637562, 792.00299072265625 ], [ 11.258214998182209, 47.278736002637302, 798.925048828125 ], [ 11.257974998181682, 47.278556002636932, 804.40606689453125 ], [ 11.257711998181092, 47.278467002636724, 807.1851806640625 ], [ 11.257482998180587, 47.278336002636458, 808.55792236328125 ], [ 11.257330998180247, 47.278207002636201, 813.101806640625 ], [ 11.257034998179609, 47.277886002635505, 820.164306640625 ], [ 11.25687199817925, 47.277753002635222, 825.27130126953125 ], [ 11.256853998179214, 47.277730002635167, 824.79241943359375 ], [ 11.256853998179215, 47.277728002635186, 824.79241943359375 ], [ 11.256673998178828, 47.277487002634679, 831.185302734375 ], [ 11.256516998178487, 47.277364002634407, 832.389404296875 ], [ 11.256102998177569, 47.277165002634007, 836.15484619140625 ], [ 11.255775998176846, 47.276920002633474, 838.989013671875 ], [ 11.255663998176601, 47.276876002633387, 843.1278076171875 ], [ 11.255626998176517, 47.276861002633353, 843.39056396484375 ], [ 11.255531998176307, 47.276794002633203, 845.1348876953125 ], [ 11.255508998176257, 47.276741002633095, 844.29541015625 ], [ 11.255513998176273, 47.276692002632984, 846.21075439453125 ], [ 11.255619998176513, 47.276663002632915, 846.72991943359375 ], [ 11.255500998176258, 47.276610002632822, 846.7314453125 ], [ 11.255468433688996, 47.276493768384192, 839.12359619140625 ], [ 11.255434998176128, 47.276357002632274, 837.0797119140625 ], [ 11.255427998176138, 47.27612100263179, 833.27374267578125 ], [ 11.255480998176269, 47.27599300263153, 821.4234619140625 ], [ 11.255544998176427, 47.275904002631336, 818.5743408203125 ], [ 11.255899998177242, 47.275730002630958, 807.71038818359375 ], [ 11.256080998177671, 47.275607002630714, 802.18365478515625 ], [ 11.256147998177836, 47.275466002630402, 791.6893310546875 ], [ 11.256247998178075, 47.275357002630152, 789.8748779296875 ], [ 11.256348998178304, 47.275313002630064, 790.099609375 ], [ 11.256313998178229, 47.275290002630015, 785.039794921875 ], [ 11.256193998177952, 47.275305002630049, 785.28253173828125 ], [ 11.256197998177965, 47.275260002629949, 780.52618408203125 ], [ 11.256355998178343, 47.275140002629705, 777.45166015625 ], [ 11.256383998178409, 47.27505900262954, 771.78656005859375 ], [ 11.25616799817792, 47.275083002629579, 765.78515625 ], [ 11.255913998177343, 47.275055002629514, 755.6007080078125 ], [ 11.255892998177289, 47.275107002629639, 750.327880859375 ], [ 11.255851998177198, 47.275159002629771, 757.35858154296875 ], [ 11.25577899817703, 47.275161002629744, 758.129150390625 ], [ 11.255751998176965, 47.275133002629701, 761.05157470703125 ], [ 11.255606998176647, 47.275038002629479, 753.99267578125 ], [ 11.255496998176405, 47.275000002629419, 751.21466064453125 ], [ 11.255383998176148, 47.274988002629392, 750.4261474609375 ], [ 11.255458998176325, 47.274941002629284, 747.56488037109375 ], [ 11.255587998176621, 47.274892002629173, 743.72760009765625 ], [ 11.255671998176819, 47.274847002629095, 741.6353759765625 ], [ 11.255612998176685, 47.274806002629006, 739.3699951171875 ], [ 11.255484998176394, 47.27481000262901, 735.10357666015625 ], [ 11.255378998176155, 47.274800002628986, 735.622802734375 ], [ 11.255312998176022, 47.274637002628644, 726.0023193359375 ], [ 11.255297998175992, 47.274598002628558, 723.45233154296875 ], [ 11.255231998175844, 47.274533002628417, 720.41839599609375 ], [ 11.255340998176097, 47.274543002628455, 716.84521484375 ], [ 11.255385998176195, 47.274540002628449, 716.84521484375 ], [ 11.255428998176303, 47.27442800262822, 711.95458984375 ], [ 11.255401998176248, 47.274385002628122, 712.25811767578125 ], [ 11.255167998175729, 47.274298002627951, 705.375732421875 ], [ 11.255193998175786, 47.274274002627863, 702.314208984375 ], [ 11.255338998176123, 47.274188002627696, 697.31475830078125 ], [ 11.255405998176279, 47.274177002627688, 697.95013427734375 ], [ 11.255448998176373, 47.274160002627646, 697.48492431640625 ], [ 11.255435998176351, 47.274142002627606, 696.14263916015625 ], [ 11.25541899817631, 47.274130002627565, 696.14263916015625 ], [ 11.25520899817584, 47.274150002627628, 688.43701171875 ], [ 11.255120998175633, 47.274164002627657, 692.23614501953125 ], [ 11.254977998175306, 47.274165002627647, 688.7862548828125 ], [ 11.254904998175146, 47.274125002627549, 685.52423095703125 ], [ 11.255055998175495, 47.274058002627406, 680.46405029296875 ], [ 11.255143998175697, 47.27400100262728, 676.45526123046875 ], [ 11.25491599817518, 47.27402400262735, 679.64068603515625 ], [ 11.254697998174683, 47.274092002627498, 669.69317626953125 ], [ 11.254581998174411, 47.274102002627501, 674.7156982421875 ], [ 11.254403998174014, 47.274080002627478, 663.00006103515625 ], [ 11.254344998173879, 47.27406300262745, 664.010498046875 ], [ 11.254417998174052, 47.274027002627363, 660.0252685546875 ], [ 11.254175998173507, 47.27395900262723, 653.71722412109375 ], [ 11.254170998173496, 47.273942002627187, 651.4945068359375 ], [ 11.254433998174104, 47.273880002627045, 650.061279296875 ], [ 11.254479998174212, 47.273835002626967, 646.70361328125 ], [ 11.254325998173861, 47.27382700262693, 646.60333251953125 ], [ 11.254007998173144, 47.273786002626871, 640.19598388671875 ], [ 11.253823998172727, 47.27378000262685, 639.39697265625 ], [ 11.25374499817255, 47.273778002626848, 639.38623046875 ], [ 11.253413998171784, 47.273827002626959, 639.65692138671875 ], [ 11.253343998171639, 47.273835002626988, 639.3890380859375 ], [ 11.253276998171479, 47.27384400262698, 639.1309814453125 ], [ 11.253106998171097, 47.273851002627019, 639.3594970703125 ], [ 11.252830998170474, 47.273817002626942, 639.99041748046875 ], [ 11.253043998170966, 47.273702002626685, 638.68572998046875 ], [ 11.253109998171118, 47.273674002626642, 638.36590576171875 ], [ 11.253199998171324, 47.273664002626624, 637.20208740234375 ], [ 11.253380998171732, 47.273665002626601, 636.67279052734375 ], [ 11.253583998172198, 47.273645002626573, 636.7899169921875 ], [ 11.253686998172427, 47.273622002626517, 634.74310302734375 ], [ 11.253748998172574, 47.273598002626457, 634.1904296875 ], [ 11.254038998173247, 47.273488002626237, 632.01922607421875 ], [ 11.254170998173548, 47.273437002626103, 630.9000244140625 ], [ 11.254403998174086, 47.273345002625923, 629.54351806640625 ], [ 11.254510998174336, 47.273283002625796, 627.08489990234375 ], [ 11.254574998174487, 47.273216002625624, 627.065185546875 ], [ 11.254591998174529, 47.273183002625572, 626.60101318359375 ], [ 11.254605998174567, 47.273101002625395, 625.42144775390625 ], [ 11.254587998174534, 47.273042002625282, 624.87774658203125 ], [ 11.254568998174495, 47.273009002625209, 624.54266357421875 ], [ 11.254532998174414, 47.272970002625108, 626.42938232421875 ], [ 11.254487998174321, 47.272930002625053, 624.433349609375 ], [ 11.254127998173521, 47.272660002624477, 624.0335693359375 ], [ 11.253937998173114, 47.272517002624191, 624.991943359375 ], [ 11.253784998172772, 47.272436002624005, 626.082275390625 ], [ 11.253777998172762, 47.272430002623999, 626.082275390625 ], [ 11.253500998172134, 47.272340002623793, 626.70440673828125 ], [ 11.253216998171499, 47.272239002623571, 625.843505859375 ], [ 11.253031998171089, 47.272172002623435, 625.18157958984375 ], [ 11.252951998170913, 47.272143002623388, 625.3575439453125 ], [ 11.252654998170241, 47.272050002623189, 624.79248046875 ], [ 11.2522789981694, 47.271949002622975, 624.30804443359375 ], [ 11.252100998169006, 47.271901002622897, 624.33343505859375 ], [ 11.251757998168236, 47.271808002622699, 623.59808349609375 ], [ 11.251634998167956, 47.271768002622629, 623.082763671875 ], [ 11.251490998167641, 47.271700002622495, 622.622802734375 ], [ 11.251368998167369, 47.271630002622331, 621.99456787109375 ], [ 11.251252998167116, 47.27155000262217, 621.51788330078125 ], [ 11.251165998166931, 47.271481002622025, 621.313720703125 ], [ 11.251075998166726, 47.27138900262181, 620.78887939453125 ], [ 11.251075998166726, 47.27138900262181, 620.78887939453125 ], [ 11.250623998165691, 47.271472002621977, 621.1572265625 ], [ 11.250422998165233, 47.271509002622082, 621.15240478515625 ], [ 11.250326998165018, 47.271528002622112, 621.221923828125 ], [ 11.250305998164988, 47.271358002621753, 620.0103759765625 ], [ 11.250301998164995, 47.271190002621388, 619.15460205078125 ], [ 11.250300998165018, 47.270905002620793, 617.7078857421875 ], [ 11.250302998165031, 47.270802002620577, 617.29901123046875 ], [ 11.250322998165093, 47.270639002620243, 616.05145263671875 ], [ 11.250363998165202, 47.270514002619976, 615.85198974609375 ], [ 11.250435998165381, 47.270351002619613, 615.07208251953125 ], [ 11.250553998165667, 47.270142002619188, 614.08349609375 ], [ 11.250731998166101, 47.269822002618497, 612.83929443359375 ], [ 11.250871998166446, 47.269575002617984, 611.6304931640625 ], [ 11.251047998166866, 47.269305002617401, 610.56201171875 ], [ 11.251138998167088, 47.269179002617136, 610.255615234375 ], [ 11.251252998167359, 47.269055002616874, 609.73187255859375 ], [ 11.251468998167857, 47.268935002616601, 608.92431640625 ], [ 11.251629998168244, 47.26877500261628, 608.05804443359375 ], [ 11.251725998168467, 47.268690002616097, 607.59014892578125 ], [ 11.251814998168674, 47.268624002615937, 607.3680419921875 ], [ 11.251949998168991, 47.268543002615765, 606.6895751953125 ], [ 11.252157998169476, 47.268427002615532, 605.9720458984375 ], [ 11.252227998169639, 47.268351002615368, 605.5743408203125 ], [ 11.252253998169701, 47.268293002615238, 605.33551025390625 ], [ 11.252302998169828, 47.268140002614906, 605.00341796875 ], [ 11.252397998170064, 47.267944002614506, 603.991455078125 ], [ 11.252494998170308, 47.267771002614133, 603.2982177734375 ], [ 11.252566998170488, 47.267540002613636, 602.66937255859375 ], [ 11.252591998170557, 47.267442002613443, 602.30255126953125 ], [ 11.252620998170627, 47.267367002613256, 602.12677001953125 ], [ 11.252733998170903, 47.267232002612985, 601.09124755859375 ], [ 11.252804998171062, 47.267153002612822, 600.77069091796875 ], [ 11.252974998171473, 47.266963002612421, 599.9464111328125 ], [ 11.252990998171509, 47.266945002612374, 599.6820068359375 ], [ 11.253225998172066, 47.266696002611837, 598.73895263671875 ], [ 11.253361998172389, 47.266542002611502, 598.15478515625 ], [ 11.253479998172667, 47.266410002611231, 597.5380859375 ], [ 11.253622998173009, 47.266233002610853, 596.47216796875 ], [ 11.253735998173285, 47.266087002610554, 595.9898681640625 ], [ 11.253741998173295, 47.266080002610536, 595.9898681640625 ], [ 11.253857998173574, 47.265904002610149, 594.6083984375 ], [ 11.253928998173748, 47.265802002609931, 593.9844970703125 ], [ 11.254005998173938, 47.265688002609679, 593.85498046875 ], [ 11.254055998174056, 47.265597002609503, 593.1925048828125 ], [ 11.254102998174174, 47.265487002609269, 592.87420654296875 ], [ 11.254169998174342, 47.265271002608806, 593.28643798828125 ], [ 11.254204998174437, 47.265190002608641, 592.4442138671875 ], [ 11.254257998174563, 47.265097002608435, 592.38616943359375 ], [ 11.254268998174593, 47.265077002608393, 592.33416748046875 ], [ 11.254305998174681, 47.265020002608274, 592.29376220703125 ], [ 11.254338998174754, 47.265004002608222, 592.69036865234375 ], [ 11.254380998174851, 47.264998002608223, 592.69036865234375 ], [ 11.254451998175016, 47.265003002608246, 592.65850830078125 ], [ 11.254600998175345, 47.265041002608314, 592.74359130859375 ], [ 11.254684998175538, 47.265055002608356, 592.7861328125 ], [ 11.254758998175701, 47.265045002608332, 592.84344482421875 ], [ 11.25479699817579, 47.26502700260825, 592.89404296875 ], [ 11.255599998177688, 47.26426800260667, 592.61102294921875 ], [ 11.255779998178113, 47.264098002606268, 592.6600341796875 ], [ 11.255592998177693, 47.264045002606188, 590.37957763671875 ], [ 11.255475998177431, 47.264014002606139, 592.3697509765625 ], [ 11.255414998177297, 47.263976002606022, 592.32562255859375 ], [ 11.255401998177277, 47.263900002605894, 592.245361328125 ], [ 11.255456998177413, 47.263786002605649, 592.1563720703125 ], [ 11.255455998177442, 47.263447002604927, 591.8150634765625 ], [ 11.255524998177611, 47.263311002604624, 591.95965576171875 ], [ 11.25578599817826, 47.262741002603413, 591.930908203125 ], [ 11.256153998179165, 47.262021002601877, 591.757568359375 ], [ 11.256291998179496, 47.261845002601504, 591.77008056640625 ], [ 11.256341998179618, 47.26177700260137, 591.4832763671875 ], [ 11.256428998179826, 47.261582002600917, 591.8399658203125 ], [ 11.256758998180636, 47.26098700259967, 592.30859375 ], [ 11.256862998180893, 47.260797002599269, 592.41473388671875 ], [ 11.256870998180919, 47.260766002599205, 592.45526123046875 ], [ 11.256885998180953, 47.260708002599095, 592.43414306640625 ], [ 11.256914998181033, 47.260601002598875, 592.52685546875 ], [ 11.257011998181261, 47.260552002598764, 592.6129150390625 ], [ 11.257647378478609, 47.260277005326174, 592.731201171875 ], [ 11.258226421650425, 47.260023470098162, 594.471435546875 ], [ 11.258431888582361, 47.259928394074663, 594.70550537109375 ], [ 11.25831981571042, 47.259738241515471, 594.7811279296875 ], [ 11.258123688184508, 47.25957344207842, 595.8116455078125 ], [ 11.257617998182742, 47.25940200259631, 597.30584716796875 ], [ 11.257624998182772, 47.259288002596072, 597.791259765625 ], [ 11.257799998183204, 47.258914002595269, 598.38397216796875 ], [ 11.257895998183432, 47.258805002595039, 598.90875244140625 ], [ 11.258308998184416, 47.258337002594033, 600.33929443359375 ], [ 11.258352998184517, 47.258309002593975, 600.50872802734375 ], [ 11.258425998184688, 47.25826400259389, 600.77264404296875 ], [ 11.258784998185524, 47.258039002593399, 601.89337158203125 ], [ 11.259016998186082, 47.257689002592663, 602.89080810546875 ], [ 11.25926099818669, 47.257135002591475, 604.35943603515625 ], [ 11.259583998187484, 47.256506002590136, 606.67584228515625 ], [ 11.259893998188241, 47.255902002588847, 609.3656005859375 ], [ 11.260079998188708, 47.255403002587805, 611.49822998046875 ], [ 11.260132998188858, 47.255215002587391, 612.59576416015625 ], [ 11.260150998188909, 47.255101002587153, 612.94818115234375 ], [ 11.260145998188898, 47.255007002586943, 613.4632568359375 ], [ 11.260118998188847, 47.254920002586765, 613.8963623046875 ], [ 11.26007099818875, 47.254806002586527, 614.44171142578125 ], [ 11.260036998188685, 47.254730002586371, 614.77392578125 ], [ 11.260171998188993, 47.254722002586348, 614.57806396484375 ] ] ] } },
{ "type": "Feature", "properties": { "name": "IBK West II", "elevation gain": 327, "elevation loss": -598, "length": 14.722699596317321 }, "geometry": { "type": "MultiLineString", "coordinates": [ [ [ 11.247877998162071, 47.244845002565555, 809.73223876953125 ], [ 11.247909998162145, 47.244790002565452, 809.8275146484375 ], [ 11.247931998162207, 47.244746002565357, 809.84808349609375 ], [ 11.247922998162188, 47.244695002565251, 809.98095703125 ], [ 11.247886998162111, 47.244648002565143, 810.0885009765625 ], [ 11.247886998162114, 47.244604002565062, 810.19415283203125 ], [ 11.247886998162118, 47.244582002564997, 810.19415283203125 ], [ 11.247816998162014, 47.244047002563875, 811.8392333984375 ], [ 11.247808998162002, 47.243991002563767, 812.38287353515625 ], [ 11.247732998161881, 47.243385002562476, 818.14093017578125 ], [ 11.247738998161919, 47.243184002562053, 820.3878173828125 ], [ 11.247762998161996, 47.242966002561595, 823.23248291015625 ], [ 11.247814998162118, 47.242915002561482, 823.45916748046875 ], [ 11.247816998162127, 47.242900002561434, 823.45916748046875 ], [ 11.247828998162159, 47.242826002561308, 824.20184326171875 ], [ 11.247920998162382, 47.242627002560852, 825.9002685546875 ], [ 11.247970998162501, 47.242560002560722, 826.84124755859375 ], [ 11.248124998162876, 47.242397002560381, 828.735595703125 ], [ 11.24831099816331, 47.242197002559941, 830.702880859375 ], [ 11.248346998163397, 47.242153002559853, 831.37744140625 ], [ 11.248371998163458, 47.242106002559758, 831.752197265625 ], [ 11.248395998163515, 47.242049002559625, 832.8275146484375 ], [ 11.248412998163563, 47.241977002559473, 833.212158203125 ], [ 11.248419998163588, 47.241909002559318, 834.10491943359375 ], [ 11.248414998163588, 47.241852002559234, 835.97845458984375 ], [ 11.248394998163558, 47.241607002558688, 838.1678466796875 ], [ 11.248394998163567, 47.241525002558518, 839.1224365234375 ], [ 11.248406998163597, 47.241442002558337, 840.50189208984375 ], [ 11.248436998163681, 47.241365002558169, 841.421142578125 ], [ 11.248563998163982, 47.241163002557741, 843.8616943359375 ], [ 11.248824998164615, 47.240800002556981, 849.3583984375 ], [ 11.248944998164912, 47.240575002556518, 853.41851806640625 ], [ 11.248950998164924, 47.240526002556386, 853.8115234375 ], [ 11.248933998164894, 47.240481002556287, 854.451171875 ], [ 11.248893998164807, 47.240446002556205, 854.451171875 ], [ 11.248882998164779, 47.240442002556229, 854.451171875 ], [ 11.248822998164647, 47.240418002556154, 855.239501953125 ], [ 11.248438998163779, 47.2403860025561, 858.51287841796875 ], [ 11.248389998163663, 47.240382002556075, 859.49285888671875 ], [ 11.247926998162621, 47.240348002556026, 863.41680908203125 ], [ 11.247739998162201, 47.24031500255596, 864.8265380859375 ], [ 11.247592998161872, 47.24025500255582, 865.4462890625 ], [ 11.247160998160918, 47.240003002555305, 869.4798583984375 ], [ 11.247127998160849, 47.239982002555251, 869.4798583984375 ], [ 11.246841998160205, 47.239846002554948, 872.01068115234375 ], [ 11.246372998159167, 47.239661002554591, 875.11138916015625 ], [ 11.245828998157947, 47.239478002554193, 878.4691162109375 ], [ 11.24554699815732, 47.239382002554017, 879.9998779296875 ], [ 11.245371998156928, 47.239290002553808, 881.69293212890625 ], [ 11.245354998156891, 47.239280002553791, 881.69293212890625 ], [ 11.245349998156884, 47.239277002553777, 882.00994873046875 ], [ 11.24526499815669, 47.23920600255363, 881.91827392578125 ], [ 11.245179998156512, 47.239087002553369, 883.9161376953125 ], [ 11.245141998156432, 47.239013002553236, 884.66162109375 ], [ 11.245117998156388, 47.238937002553079, 885.0028076171875 ], [ 11.245107998156373, 47.23883800255286, 886.13134765625 ], [ 11.245090998156344, 47.238725002552641, 887.10198974609375 ], [ 11.245091998156365, 47.238576002552286, 887.86077880859375 ], [ 11.245085998156362, 47.238483002552108, 888.5162353515625 ], [ 11.245110998156463, 47.238024002551143, 890.94073486328125 ], [ 11.245113998156475, 47.237964002551003, 891.05718994140625 ], [ 11.245126998156518, 47.237810002550667, 891.53399658203125 ], [ 11.245109998156492, 47.237697002550433, 891.95294189453125 ], [ 11.245079998156436, 47.2375840025502, 893.66741943359375 ], [ 11.245039998156354, 47.237481002549991, 892.9996337890625 ], [ 11.245581998157601, 47.23728700254955, 893.4027099609375 ], [ 11.245751998157992, 47.23719500254937, 893.86456298828125 ], [ 11.245910998158365, 47.237106002549183, 893.5616455078125 ], [ 11.246727998160228, 47.237000002548932, 892.474365234375 ], [ 11.247888998162868, 47.236930002548782, 891.14947509765625 ], [ 11.247912998162931, 47.236860002548617, 891.09405517578125 ], [ 11.247740998162561, 47.236635002548148, 891.8751220703125 ], [ 11.247730998162556, 47.236482002547824, 890.95025634765625 ], [ 11.247528998162105, 47.236389002547625, 887.7886962890625 ], [ 11.247891998162926, 47.23643600254772, 881.92388916015625 ], [ 11.248218998163642, 47.236726002548359, 877.85687255859375 ], [ 11.248250998163698, 47.236897002548702, 879.1025390625 ], [ 11.248512998164268, 47.237097002549106, 879.32098388671875 ], [ 11.249001998165356, 47.237349002549649, 877.6728515625 ], [ 11.249063998165489, 47.237381002549725, 874.119140625 ], [ 11.249048998165424, 47.23768100255036, 870.25592041015625 ], [ 11.249153998165658, 47.237743002550467, 872.09259033203125 ], [ 11.249229998165807, 47.23798300255099, 876.32769775390625 ], [ 11.249526998166465, 47.238156002551349, 872.5765380859375 ], [ 11.249922998167349, 47.23825500255154, 867.8743896484375 ], [ 11.249982998167477, 47.23839800255184, 867.4134521484375 ], [ 11.250116998167774, 47.238481002552035, 862.83868408203125 ], [ 11.250219998167992, 47.238623002552316, 860.65435791015625 ], [ 11.25025699816802, 47.239165002553477, 851.0003662109375 ], [ 11.25040799816836, 47.2392260025536, 849.465087890625 ], [ 11.250544998168653, 47.239404002553982, 844.74169921875 ], [ 11.250862998169376, 47.239353002553877, 843.34857177734375 ], [ 11.250820998169297, 47.239206002553566, 838.42156982421875 ], [ 11.250873998169434, 47.238951002553016, 834.65277099609375 ], [ 11.250965998169656, 47.238888002552891, 832.46844482421875 ], [ 11.251208998170215, 47.23882400255274, 831.1337890625 ], [ 11.251648998171214, 47.238742002552549, 825.86370849609375 ], [ 11.251959998171916, 47.238759002552605, 827.22283935546875 ], [ 11.252074998172175, 47.238833002552752, 825.03472900390625 ], [ 11.252070998172139, 47.239124002553368, 826.7186279296875 ], [ 11.25211899817223, 47.239306002553747, 826.53363037109375 ], [ 11.252081998172127, 47.239482002554141, 820.906982421875 ], [ 11.252426998172906, 47.239486002554109, 820.54901123046875 ], [ 11.252756998173671, 47.239373002553883, 820.17596435546875 ], [ 11.252858998173902, 47.23938100255392, 820.99127197265625 ], [ 11.2531219981745, 47.239350002553849, 823.1229248046875 ], [ 11.253542998175428, 47.239621002554415, 819.477294921875 ], [ 11.25370599817578, 47.239813002554804, 821.6488037109375 ], [ 11.25379799817598, 47.239922002555048, 814.80169677734375 ], [ 11.253741998175833, 47.240114002555451, 812.88250732421875 ], [ 11.253784998175909, 47.240310002555894, 807.9071044921875 ], [ 11.25390499817617, 47.240404002556069, 807.94073486328125 ], [ 11.25402899817645, 47.240439002556151, 803.3055419921875 ], [ 11.254294998177055, 47.240438002556139, 797.561279296875 ], [ 11.254347998177169, 47.240516002556312, 797.60797119140625 ], [ 11.254461998177426, 47.24047200255621, 793.06884765625 ], [ 11.254470998177444, 47.240504002556285, 791.997802734375 ], [ 11.254403998177283, 47.240644002556571, 792.6368408203125 ], [ 11.25458799817768, 47.240881002557067, 788.58978271484375 ], [ 11.254663998177845, 47.240925002557148, 789.23150634765625 ], [ 11.254800998178151, 47.240921002557144, 785.67364501953125 ], [ 11.25492299817844, 47.240843002556979, 781.39111328125 ], [ 11.25500999817864, 47.2408120025569, 782.21099853515625 ], [ 11.255105998178855, 47.240805002556876, 782.5106201171875 ], [ 11.25520099817907, 47.240809002556901, 782.4320068359375 ], [ 11.255389998179494, 47.240909002557132, 780.53472900390625 ], [ 11.255472998179666, 47.241034002557384, 776.93609619140625 ], [ 11.255635998180034, 47.241120002557558, 782.57476806640625 ], [ 11.255701998180175, 47.241179002557708, 782.53656005859375 ], [ 11.255746998180264, 47.241254002557838, 781.55126953125 ], [ 11.255760998180296, 47.241332002557996, 783.38873291015625 ], [ 11.255865998180514, 47.241431002558215, 781.6336669921875 ], [ 11.256117998181081, 47.241525002558419, 780.07684326171875 ], [ 11.256162998181173, 47.241635002558652, 778.9693603515625 ], [ 11.256318998181511, 47.241792002558981, 781.48822021484375 ], [ 11.25637699818164, 47.241850002559104, 779.7318115234375 ], [ 11.256394998181671, 47.241931002559276, 780.24749755859375 ], [ 11.256228998181275, 47.242122002559675, 783.17236328125 ], [ 11.255910998180539, 47.242273002560005, 783.7601318359375 ], [ 11.255569998179752, 47.242407002560292, 785.4437255859375 ], [ 11.255451998179469, 47.242569002560636, 788.43408203125 ], [ 11.255353998179242, 47.242626002560776, 788.4959716796875 ], [ 11.255007998178458, 47.242652002560831, 789.35638427734375 ], [ 11.254901998178216, 47.242683002560895, 790.201171875 ], [ 11.254853998178101, 47.24272700256099, 793.16693115234375 ], [ 11.255171998178779, 47.243165002561895, 798.957763671875 ], [ 11.255271998178996, 47.243276002562155, 796.65631103515625 ], [ 11.255233998178923, 47.243116002561806, 792.75811767578125 ], [ 11.255266998179009, 47.242989002561515, 789.0943603515625 ], [ 11.255329998179159, 47.242970002561492, 787.94189453125 ], [ 11.255396998179304, 47.242993002561533, 787.02899169921875 ], [ 11.255601998179747, 47.24320600256199, 781.85113525390625 ], [ 11.25571199817999, 47.243291002562174, 779.3082275390625 ], [ 11.256002998180621, 47.243515002562638, 775.49053955078125 ], [ 11.256601998181965, 47.243723002563087, 766.6561279296875 ], [ 11.256792998182393, 47.243806002563254, 762.1212158203125 ], [ 11.257250998183409, 47.244053002563774, 759.38226318359375 ], [ 11.257796998184624, 47.244256002564207, 749.60137939453125 ], [ 11.258029998185126, 47.24453200256476, 742.8837890625 ], [ 11.258159998185416, 47.244623002564957, 744.09149169921875 ], [ 11.258640998186479, 47.244870002565477, 741.83184814453125 ], [ 11.258862998186979, 47.244904002565519, 741.52655029296875 ], [ 11.259199998187746, 47.244902002565532, 739.931640625 ], [ 11.25936699818811, 47.245006002565752, 735.09063720703125 ], [ 11.259664998188743, 47.245480002566723, 722.40594482421875 ], [ 11.259697998188793, 47.24569500256721, 721.17083740234375 ], [ 11.259773998188965, 47.245787002567404, 719.007568359375 ], [ 11.259808998189014, 47.246061002567984, 712.8387451171875 ], [ 11.259692998188724, 47.246339002568568, 707.466552734375 ], [ 11.259707998188746, 47.24641000256873, 709.01788330078125 ], [ 11.260152998189779, 47.246251002568386, 693.537109375 ], [ 11.26022899818995, 47.246241002568347, 693.81109619140625 ], [ 11.260380998190284, 47.246287002568465, 690.72283935546875 ], [ 11.260666998190915, 47.246467002568835, 682.6561279296875 ], [ 11.260693998190979, 47.246510002568954, 682.46514892578125 ], [ 11.26084299819129, 47.246746002569445, 678.30859375 ], [ 11.26090699819142, 47.246899002569748, 674.939697265625 ], [ 11.261020998191679, 47.24693800256982, 673.713623046875 ], [ 11.261197998192067, 47.247051002570075, 668.59326171875 ], [ 11.261495412054639, 47.247191604261815, 663.91473388671875 ], [ 11.261594469407843, 47.247081568886642, 659.46331787109375 ], [ 11.261576458980004, 47.246977646378035, 654.41552734375 ], [ 11.26164850069142, 47.246910402293196, 647.940185546875 ], [ 11.261765568472462, 47.246916515395341, 646.0693359375 ], [ 11.261972688392754, 47.247118247370409, 643.44561767578125 ], [ 11.262134782243404, 47.247387222142095, 641.26513671875 ], [ 11.262161797885145, 47.247766229729294, 641.62060546875 ], [ 11.262125777029418, 47.248047427154454, 641.03094482421875 ], [ 11.262179808312952, 47.248236928925039, 640.0723876953125 ], [ 11.262413943875, 47.248628156242184, 637.46295166015625 ], [ 11.262547095484944, 47.248869718882624, 636.788818359375 ], [ 11.262556998194954, 47.24899900257418, 636.60968017578125 ], [ 11.263470998197029, 47.24902000257422, 633.85516357421875 ], [ 11.263547998197204, 47.249029002574233, 632.931884765625 ], [ 11.263565998197244, 47.249029002574225, 632.931884765625 ], [ 11.263755998197675, 47.249031002574235, 630.34576416015625 ], [ 11.263778998197729, 47.249031002574249, 630.34576416015625 ], [ 11.263865998197923, 47.249006002574191, 633.51763916015625 ], [ 11.26419899819869, 47.248913002573964, 634.14837646484375 ], [ 11.26437399819909, 47.248866002573862, 634.5965576171875 ], [ 11.264635998199687, 47.248794002573696, 635.1265869140625 ], [ 11.264896998200294, 47.248718002573568, 635.75579833984375 ], [ 11.264921998200345, 47.248712002573534, 635.75579833984375 ], [ 11.264976998200474, 47.24869000257349, 635.76593017578125 ], [ 11.26505599820066, 47.24864500257339, 635.8294677734375 ], [ 11.265275998201183, 47.24846700257303, 636.36468505859375 ], [ 11.265379998201427, 47.248359002572791, 636.55218505859375 ], [ 11.265430998201547, 47.248274002572607, 636.7239990234375 ], [ 11.265486998201675, 47.248280002572621, 636.67120361328125 ], [ 11.265561998201846, 47.248272002572584, 636.51416015625 ], [ 11.265607998201943, 47.248302002572672, 635.4912109375 ], [ 11.265675998202092, 47.248332002572724, 635.44793701171875 ], [ 11.265912998202626, 47.248388002572831, 635.14031982421875 ], [ 11.266115998203082, 47.248440002572934, 634.83856201171875 ], [ 11.266336998203579, 47.248518002573114, 634.01904296875 ], [ 11.266615998204191, 47.248639002573356, 633.14788818359375 ], [ 11.266792998204588, 47.248718002573533, 632.5625 ], [ 11.266929998204889, 47.248792002573651, 632.13116455078125 ], [ 11.267057998205178, 47.248884002573888, 631.48748779296875 ], [ 11.26710999820529, 47.248927002573964, 631.304443359375 ], [ 11.26722799820555, 47.249055002574245, 631.04364013671875 ], [ 11.267453998206031, 47.249328002574828, 630.0694580078125 ], [ 11.267585998206316, 47.249450002575081, 629.37506103515625 ], [ 11.267598998206351, 47.249461002575082, 629.13916015625 ], [ 11.267702998206573, 47.249553002575269, 629.30804443359375 ], [ 11.26772899820663, 47.24957200257532, 629.30804443359375 ], [ 11.267812998206816, 47.249622002575421, 629.19732666015625 ], [ 11.267836998206876, 47.249573002575325, 629.35784912109375 ], [ 11.267882998206991, 47.249482002575114, 629.71942138671875 ], [ 11.267975998207222, 47.249294002574715, 630.47113037109375 ], [ 11.268066998207447, 47.249077002574268, 631.63922119140625 ], [ 11.26811199820756, 47.248914002573905, 632.7503662109375 ], [ 11.268135998207637, 47.248770002573607, 633.51763916015625 ], [ 11.26814299820767, 47.248566002573192, 634.79388427734375 ], [ 11.268120998207639, 47.248395002572842, 635.70849609375 ], [ 11.268289998208024, 47.248341002572701, 636.50775146484375 ], [ 11.268382998208237, 47.248333002572693, 636.540771484375 ], [ 11.268756998209081, 47.248400002572836, 636.82366943359375 ], [ 11.268904998209402, 47.248458002572939, 636.636474609375 ], [ 11.268949998209507, 47.24846700257298, 636.636474609375 ], [ 11.269062998209758, 47.24849200257303, 636.74322509765625 ], [ 11.269239998210159, 47.248543002573129, 636.75274658203125 ], [ 11.26942899821058, 47.248612002573275, 636.51080322265625 ], [ 11.269581998210921, 47.248683002573422, 636.56158447265625 ], [ 11.270592998213161, 47.249219002574534, 636.1357421875 ], [ 11.270732998213473, 47.249289002574685, 636.0977783203125 ], [ 11.270976998214016, 47.249394002574903, 634.32354736328125 ], [ 11.271087998214265, 47.249438002574983, 635.62347412109375 ], [ 11.271351998214852, 47.249518002575158, 636.2818603515625 ], [ 11.271572998215351, 47.249569002575264, 637.2493896484375 ], [ 11.271839998215953, 47.249613002575352, 638.35174560546875 ], [ 11.27189799821608, 47.249619002575372, 638.5675048828125 ], [ 11.27213199821661, 47.249624002575374, 639.61029052734375 ], [ 11.272495998217437, 47.249602002575344, 641.01812744140625 ], [ 11.272765998218052, 47.249564002575241, 639.5802001953125 ], [ 11.273484998219699, 47.24944100257494, 646.52593994140625 ], [ 11.273812998220444, 47.249406002574865, 648.92498779296875 ], [ 11.274114998221128, 47.249397002574867, 653.11163330078125 ], [ 11.274338998221641, 47.249402002574868, 651.5592041015625 ], [ 11.275144998223466, 47.249466002574991, 662.035888671875 ], [ 11.275429998224103, 47.249458002574983, 664.89923095703125 ], [ 11.275574998224435, 47.249439002574952, 666.07037353515625 ], [ 11.275672998224655, 47.249419002574889, 666.9193115234375 ], [ 11.275770998224882, 47.249393002574813, 667.0394287109375 ], [ 11.275886998225156, 47.249351002574741, 668.72247314453125 ], [ 11.275973998225348, 47.249308002574665, 669.21923828125 ], [ 11.276098998225642, 47.249231002574476, 670.75982666015625 ], [ 11.276192998225863, 47.249160002574328, 671.576171875 ], [ 11.276285998226086, 47.249072002574145, 672.84613037109375 ], [ 11.276394998226349, 47.248925002573827, 674.6854248046875 ], [ 11.276625998226907, 47.248510002572949, 679.3265380859375 ], [ 11.276714998227122, 47.248382002572676, 681.20751953125 ], [ 11.276778998227275, 47.24831200257254, 682.62762451171875 ], [ 11.276969998227724, 47.248171002572214, 684.26080322265625 ], [ 11.277104998228033, 47.248098002572036, 685.644287109375 ], [ 11.277247998228367, 47.248047002571951, 686.07745361328125 ], [ 11.27728599822845, 47.248034002571934, 686.07745361328125 ], [ 11.277467998228863, 47.247991002571823, 685.6121826171875 ], [ 11.277645998229278, 47.24797000257179, 687.23541259765625 ], [ 11.277853998229746, 47.247960002571745, 687.631103515625 ], [ 11.278270998230687, 47.247964002571777, 688.7281494140625 ], [ 11.278418998231034, 47.247944002571714, 688.92987060546875 ], [ 11.278529998231285, 47.247905002571613, 689.3291015625 ], [ 11.27859899823145, 47.247863002571556, 689.62591552734375 ], [ 11.278649998231566, 47.247811002571432, 689.67291259765625 ], [ 11.278683998231644, 47.247746002571276, 689.66943359375 ], [ 11.278676998231646, 47.24763500257108, 690.13519287109375 ], [ 11.278650998231592, 47.247579002570973, 690.34381103515625 ], [ 11.27845589638599, 47.247441215867212, 691.1141357421875 ], [ 11.278090648926149, 47.247470905210193, 691.94537353515625 ], [ 11.276687254176439, 47.247891621110135, 696.49212646484375 ], [ 11.275067619733042, 47.247904904453193, 705.4150390625 ], [ 11.273132466975566, 47.247805105542859, 720.3857421875 ], [ 11.271543718843255, 47.247346631367186, 732.590576171875 ], [ 11.270925442216891, 47.246751686527091, 742.0125732421875 ], [ 11.270883365634313, 47.246195620837952, 747.801025390625 ], [ 11.271654350897244, 47.24546880265796, 758.471923828125 ], [ 11.271693140804109, 47.245484874644376, 758.73016357421875 ], [ 11.272201691194612, 47.244733479814691, 767.69805908203125 ], [ 11.272162029640326, 47.244534234665153, 769.82476806640625 ], [ 11.27215569753745, 47.244361406947462, 771.78546142578125 ], [ 11.272265814549456, 47.244236814355595, 773.094482421875 ], [ 11.272375931561449, 47.244203589614941, 773.99810791015625 ], [ 11.27260840080899, 47.244245120537492, 774.42901611328125 ], [ 11.273599453916907, 47.244419550056683, 776.70477294921875 ], [ 11.274358037777297, 47.244477693102091, 776.16363525390625 ], [ 11.275361326108795, 47.244494305389054, 776.99224853515625 ], [ 11.275740618038999, 47.244452774661852, 776.92742919921875 ], [ 11.275153327308297, 47.245133874476373, 782.42523193359375 ], [ 11.274639447918949, 47.245607316749037, 791.9185791015625 ], [ 11.274284626435838, 47.24581496553369, 793.4039306640625 ], [ 11.274363096175744, 47.245942753295331, 792.20025634765625 ], [ 11.274534139970145, 47.246129018315258, 791.68951416015625 ], [ 11.275034998223537, 47.246107002567882, 790.492431640625 ], [ 11.275455998224494, 47.246083002567829, 791.25262451171875 ], [ 11.275593998224799, 47.246087002567805, 791.25201416015625 ], [ 11.276059998225859, 47.246097002567836, 790.471435546875 ], [ 11.276343998226505, 47.246074002567802, 789.59869384765625 ], [ 11.276691998227298, 47.246058002567729, 789.6175537109375 ], [ 11.276988998227976, 47.245989002567576, 789.51055908203125 ], [ 11.277188998228436, 47.245916002567441, 792.80572509765625 ], [ 11.277261998228603, 47.245890002567371, 792.5076904296875 ], [ 11.27746999822909, 47.24577000256712, 795.21331787109375 ], [ 11.277650998229515, 47.245654002566901, 795.72283935546875 ], [ 11.277798998229853, 47.245595002566759, 794.31158447265625 ], [ 11.278085998230502, 47.245590002566722, 794.1226806640625 ], [ 11.279010998232598, 47.245651002566852, 796.56597900390625 ], [ 11.279202998233028, 47.245682002566923, 794.50457763671875 ], [ 11.279417998233512, 47.245688002566922, 796.03375244140625 ], [ 11.280084998235028, 47.245678002566891, 800.10040283203125 ], [ 11.280746998236529, 47.245617002566746, 799.975830078125 ], [ 11.280917998236921, 47.245607002566736, 800.642822265625 ], [ 11.28099199823709, 47.245604002566722, 801.23681640625 ], [ 11.281178998237522, 47.24555600256663, 801.267822265625 ], [ 11.281337998237873, 47.245549002566591, 800.27606201171875 ], [ 11.281570998238413, 47.245542002566587, 798.916748046875 ], [ 11.281691998238687, 47.245496002566483, 799.58319091796875 ], [ 11.281779998238894, 47.245441002566366, 799.41912841796875 ], [ 11.281901998239183, 47.245298002566045, 800.31158447265625 ], [ 11.282055998239546, 47.245184002565821, 799.592529296875 ], [ 11.28223899823997, 47.245076002565582, 799.88226318359375 ], [ 11.282677998240985, 47.244885002565162, 794.24859619140625 ], [ 11.282927998241549, 47.244853002565101, 792.677490234375 ], [ 11.283988998243958, 47.244867002565115, 800.22821044921875 ], [ 11.284393998244878, 47.244865002565113, 801.04119873046875 ], [ 11.284775998245747, 47.244839002565044, 802.83514404296875 ], [ 11.285312998246965, 47.244795002564956, 799.90887451171875 ], [ 11.285599998247619, 47.244796002564954, 796.73712158203125 ], [ 11.285672998247776, 47.244807002564968, 796.59808349609375 ], [ 11.285805998248078, 47.24478500256491, 799.98468017578125 ], [ 11.285977998248468, 47.244847002565045, 798.89239501953125 ], [ 11.286162998248868, 47.245036002565442, 797.7322998046875 ], [ 11.286165998248878, 47.245040002565446, 797.7322998046875 ], [ 11.286218998248991, 47.245114002565607, 797.79296875 ], [ 11.286271998249104, 47.245167002565708, 798.47900390625 ], [ 11.28632399824922, 47.24522000256583, 798.5274658203125 ], [ 11.286352998249273, 47.2453410025661, 799.173583984375 ], [ 11.286425998249426, 47.245460002566347, 798.36163330078125 ], [ 11.286527998249653, 47.245532002566499, 796.711181640625 ], [ 11.286712998250071, 47.245552002566534, 796.8214111328125 ], [ 11.286924998250544, 47.245526002566478, 797.18994140625 ], [ 11.287211998251205, 47.245482002566376, 798.6226806640625 ], [ 11.287399998251631, 47.245404002566204, 799.95654296875 ], [ 11.287528998251945, 47.245288002565978, 800.28216552734375 ], [ 11.287649998252222, 47.245206002565794, 800.77252197265625 ], [ 11.287791998252546, 47.245203002565773, 800.50469970703125 ], [ 11.287880998252749, 47.245223002565837, 800.7496337890625 ], [ 11.288079998253188, 47.245314002565983, 799.281005859375 ], [ 11.288322998253724, 47.245481002566358, 797.45452880859375 ], [ 11.288635998254415, 47.245674002566759, 800.03070068359375 ], [ 11.288863998254918, 47.245837002567121, 801.28533935546875 ], [ 11.288966998255143, 47.245879002567186, 801.97308349609375 ], [ 11.289099998255443, 47.245899002567256, 800.59490966796875 ], [ 11.289975998257438, 47.24580700256702, 805.89044189453125 ], [ 11.290247998258053, 47.245813002567026, 805.76507568359375 ], [ 11.290669998259014, 47.245782002566969, 804.104248046875 ], [ 11.290939998259642, 47.245727002566845, 805.2178955078125 ], [ 11.290984998259743, 47.245718002566832, 805.2178955078125 ], [ 11.291180998260188, 47.24562200256662, 806.669677734375 ], [ 11.291414998260722, 47.245579002566515, 806.5625 ], [ 11.291477998260863, 47.245658002566685, 805.241943359375 ], [ 11.291642998261237, 47.24564600256668, 806.64117431640625 ], [ 11.291889998261775, 47.245822002567024, 796.3875732421875 ], [ 11.292258998262605, 47.245933002567263, 787.87738037109375 ], [ 11.292825998263906, 47.245799002566976, 797.31463623046875 ], [ 11.292831998263914, 47.245799002566955, 797.31463623046875 ], [ 11.293596998265647, 47.245839002567031, 795.368896484375 ], [ 11.294189998267001, 47.245727002566809, 805.9532470703125 ], [ 11.294331998267323, 47.245689002566706, 807.41998291015625 ], [ 11.294741998268268, 47.245580002566477, 812.734619140625 ], [ 11.294866998268544, 47.245604002566516, 809.89447021484375 ], [ 11.295643998270311, 47.245587002566481, 811.7620849609375 ], [ 11.295886998270861, 47.245604002566509, 811.448486328125 ], [ 11.296079998271294, 47.245649002566594, 809.09674072265625 ], [ 11.296215998271601, 47.245651002566625, 807.86895751953125 ], [ 11.296268998271717, 47.245651002566611, 806.80084228515625 ], [ 11.296440998272114, 47.245635002566551, 804.81982421875 ], [ 11.296627998272539, 47.245593002566459, 806.56756591796875 ], [ 11.296948998273271, 47.245584002566432, 805.19537353515625 ], [ 11.297179998273796, 47.245597002566491, 805.122314453125 ], [ 11.297552998274639, 47.245593002566459, 801.60601806640625 ], [ 11.297876998275376, 47.24555200256637, 798.68511962890625 ], [ 11.298256998276241, 47.245547002566362, 798.7125244140625 ], [ 11.298652998277138, 47.245476002566186, 793.02032470703125 ], [ 11.298958998277822, 47.245612002566496, 789.41461181640625 ], [ 11.299030998277981, 47.245675002566614, 784.39910888671875 ], [ 11.299120998278166, 47.245835002566963, 781.430908203125 ], [ 11.299186998278314, 47.245897002567069, 778.481689453125 ], [ 11.299337998278649, 47.245981002567255, 775.69940185546875 ], [ 11.299460998278926, 47.246016002567337, 778.42333984375 ], [ 11.299600998279242, 47.245990002567261, 777.19390869140625 ], [ 11.299943998280026, 47.245929002567145, 777.625732421875 ], [ 11.300186998280578, 47.245913002567107, 776.45941162109375 ], [ 11.300312998280859, 47.245956002567183, 777.28948974609375 ], [ 11.300478998281246, 47.245849002566963, 778.501708984375 ], [ 11.300768998281908, 47.245819002566904, 777.93310546875 ], [ 11.300929998282269, 47.245818002566885, 779.57806396484375 ], [ 11.301147998282769, 47.245835002566928, 780.20501708984375 ], [ 11.301335998283186, 47.2459160025671, 781.8323974609375 ], [ 11.301426998283386, 47.245934002567132, 780.70281982421875 ], [ 11.301515998283589, 47.245898002567031, 780.11505126953125 ], [ 11.301725998284073, 47.245857002566957, 778.52166748046875 ], [ 11.30203799828478, 47.245879002567008, 778.78826904296875 ], [ 11.302437998285672, 47.245996002567239, 781.04052734375 ], [ 11.302564998285954, 47.246066002567389, 779.97705078125 ], [ 11.302950998286825, 47.246141002567533, 780.41607666015625 ], [ 11.303100998287153, 47.24624100256775, 781.72576904296875 ], [ 11.303265998287522, 47.246306002567891, 785.32666015625 ], [ 11.3035209982881, 47.246310002567903, 784.188720703125 ], [ 11.303566998288201, 47.246306002567891, 784.3941650390625 ], [ 11.303780998288691, 47.246291002567865, 785.37200927734375 ], [ 11.304043998289277, 47.246344002567973, 785.12646484375 ], [ 11.304236998289721, 47.246341002567952, 789.48193359375 ], [ 11.304437998290174, 47.24628800256783, 790.12225341796875 ], [ 11.304617998290597, 47.246217002567683, 786.78143310546875 ], [ 11.304927998291308, 47.246062002567342, 790.41339111328125 ], [ 11.305124998291758, 47.246041002567281, 790.1102294921875 ], [ 11.305336998292233, 47.246044002567288, 793.624267578125 ], [ 11.305470998292545, 47.246045002567314, 793.400146484375 ], [ 11.305531998292688, 47.246041002567296, 796.776611328125 ], [ 11.305750998293187, 47.246027002567267, 798.905029296875 ], [ 11.305923998293567, 47.24609700256741, 801.6595458984375 ], [ 11.306107998293975, 47.246182002567586, 803.778076171875 ], [ 11.306343998294501, 47.246312002567862, 808.14569091796875 ], [ 11.306613998295109, 47.246315002567876, 812.899169921875 ], [ 11.306862998295664, 47.246391002568025, 812.75732421875 ], [ 11.307004998295987, 47.246376002567978, 814.4295654296875 ], [ 11.307077998296153, 47.246386002568009, 815.8538818359375 ], [ 11.307372998296804, 47.246516002568271, 820.04681396484375 ], [ 11.307560998297223, 47.246646002568554, 817.22314453125 ], [ 11.307788998297717, 47.246861002569005, 818.334716796875 ], [ 11.307849998297851, 47.246919002569122, 815.731201171875 ], [ 11.308482998299255, 47.247279002569883, 807.027099609375 ], [ 11.308579998299461, 47.247448002570238, 802.96868896484375 ], [ 11.308622998299551, 47.247485002570293, 798.46990966796875 ], [ 11.308701998299732, 47.247509002570396, 797.9112548828125 ], [ 11.308800998299949, 47.24755700257046, 795.4969482421875 ], [ 11.309174998300769, 47.247828002571033, 780.86279296875 ], [ 11.30969999830193, 47.24811500257163, 768.21270751953125 ], [ 11.309841998302254, 47.24811500257163, 767.73199462890625 ], [ 11.30998799830258, 47.248176002571753, 766.9520263671875 ], [ 11.310097998302824, 47.248194002571786, 767.09765625 ], [ 11.310289998303258, 47.248248002571906, 761.1959228515625 ], [ 11.310508998303748, 47.248260002571925, 759.33770751953125 ], [ 11.310831998304472, 47.248352002572098, 754.156982421875 ], [ 11.310952998304749, 47.248358002572118, 754.65667724609375 ], [ 11.311088998305056, 47.24838900257221, 752.74920654296875 ], [ 11.311465998305907, 47.248413002572228, 750.9862060546875 ], [ 11.311833998306728, 47.248536002572486, 740.640625 ], [ 11.311958998307007, 47.248584002572606, 737.72015380859375 ], [ 11.312247998307653, 47.248637002572707, 730.24481201171875 ], [ 11.312478998308173, 47.248699002572806, 726.34521484375 ], [ 11.312611998308473, 47.248747002572934, 724.16046142578125 ], [ 11.31328699830998, 47.248967002573394, 715.75433349609375 ], [ 11.313217998309817, 47.249080002573614, 709.52679443359375 ], [ 11.313081998309496, 47.249128002573727, 707.23681640625 ], [ 11.313031998309368, 47.249299002574077, 701.35687255859375 ], [ 11.313119998309537, 47.249613002574762, 695.41998291015625 ], [ 11.31344999831024, 47.25003700257566, 682.040771484375 ], [ 11.313601998310574, 47.250249002576105, 673.10772705078125 ], [ 11.313720998310806, 47.250570002576758, 659.7802734375 ], [ 11.313443998310188, 47.25056100257676, 656.73529052734375 ], [ 11.313505998310321, 47.250609002576866, 652.51568603515625 ], [ 11.313473998310242, 47.250648002576938, 650.79473876953125 ], [ 11.313437998310155, 47.250691002577064, 648.8800048828125 ], [ 11.313169998309533, 47.250786002577229, 643.9969482421875 ], [ 11.3131519983095, 47.250793002577261, 643.9969482421875 ], [ 11.312942998309031, 47.250722002577113, 639.57977294921875 ], [ 11.313003998309153, 47.250856002577379, 639.0047607421875 ], [ 11.312970998309066, 47.250962002577616, 632.3084716796875 ], [ 11.313029998309199, 47.251012002577738, 630.36376953125 ], [ 11.313120998309408, 47.25099000257768, 632.95843505859375 ], [ 11.313236998309669, 47.251019002577749, 628.13629150390625 ], [ 11.313391998310012, 47.251087002577862, 628.248291015625 ], [ 11.313483998310215, 47.251194002578103, 627.09027099609375 ], [ 11.313691998310679, 47.251182002578062, 629.6273193359375 ], [ 11.31388399831112, 47.25112500257795, 631.50128173828125 ], [ 11.313966998311304, 47.251219002578146, 630.15130615234375 ], [ 11.314011998311392, 47.251352002578443, 628.1319580078125 ], [ 11.314080998311548, 47.251355002578428, 630.5662841796875 ], [ 11.314153998311719, 47.251330002578392, 629.3536376953125 ], [ 11.314273998311986, 47.251324002578365, 631.687255859375 ], [ 11.314414998312307, 47.251368002578467, 629.28472900390625 ], [ 11.314784998313133, 47.251500002578744, 630.73699951171875 ], [ 11.314821998313207, 47.251595002578924, 630.87188720703125 ], [ 11.314981998313568, 47.251604002578951, 629.91473388671875 ], [ 11.315061998313746, 47.251649002579072, 629.19122314453125 ], [ 11.315109998313849, 47.251709002579183, 629.797607421875 ], [ 11.315265998314205, 47.251650002579034, 633.83575439453125 ], [ 11.315504998314744, 47.251674002579094, 629.749267578125 ], [ 11.315631998315034, 47.251705002579151, 631.36651611328125 ], [ 11.315843998315497, 47.251835002579455, 628.97894287109375 ], [ 11.315919998315668, 47.251876002579522, 630.71099853515625 ], [ 11.315971998315788, 47.251868002579513, 631.50640869140625 ], [ 11.316202998316326, 47.251692002579105, 631.9903564453125 ], [ 11.316268998316481, 47.251678002579084, 631.466796875 ], [ 11.316323998316598, 47.251714002579192, 631.78399658203125 ], [ 11.316380998316715, 47.251823002579393, 629.63433837890625 ], [ 11.316470998316914, 47.25193500257965, 631.90478515625 ], [ 11.316541998317073, 47.2519630025797, 631.44915771484375 ], [ 11.316754998317554, 47.251900002579546, 632.16387939453125 ], [ 11.316845998317767, 47.251882002579521, 631.34527587890625 ], [ 11.316963998318039, 47.251835002579426, 629.68389892578125 ], [ 11.317145998318475, 47.251603002578918, 629.13446044921875 ], [ 11.317349998318956, 47.251385002578445, 629.57427978515625 ], [ 11.317409998319091, 47.251370002578412, 631.1763916015625 ], [ 11.3174589983192, 47.251378002578434, 631.1763916015625 ], [ 11.317516998319327, 47.251439002578564, 627.80975341796875 ], [ 11.317568998319445, 47.251530002578768, 627.92681884765625 ], [ 11.317634998319582, 47.251593002578886, 627.8846435546875 ], [ 11.317838998320005, 47.251969002579685, 627.13018798828125 ], [ 11.317877998320093, 47.252007002579759, 628.61395263671875 ], [ 11.317923998320193, 47.252035002579838, 627.4769287109375 ], [ 11.318016998320404, 47.252049002579831, 628.62017822265625 ], [ 11.318126998320656, 47.252033002579815, 628.4810791015625 ], [ 11.318216998320866, 47.251977002579679, 630.7137451171875 ], [ 11.318258998320967, 47.251882002579514, 631.142333984375 ], [ 11.318322998321126, 47.251789002579294, 630.6688232421875 ], [ 11.318399998321306, 47.251694002579086, 631.42120361328125 ], [ 11.318468998321467, 47.251657002579002, 630.70074462890625 ], [ 11.318523998321592, 47.251691002579079, 625.47528076171875 ], [ 11.318563998321673, 47.251751002579191, 624.3089599609375 ], [ 11.318709998321987, 47.251919002579548, 622.9788818359375 ], [ 11.318925998322461, 47.252107002579955, 619.50103759765625 ], [ 11.318979998322577, 47.252122002579988, 620.91412353515625 ], [ 11.31919999832308, 47.252120002579979, 617.92572021484375 ], [ 11.31942499832358, 47.25223600258024, 609.73260498046875 ], [ 11.319551998323865, 47.252238002580228, 609.79132080078125 ], [ 11.319619998324013, 47.252247002580212, 609.29345703125 ], [ 11.319691998324183, 47.252280002580328, 606.36572265625 ], [ 11.319869998324577, 47.252285002580344, 605.6060791015625 ], [ 11.320034998324951, 47.252276002580302, 606.47705078125 ], [ 11.320137998325189, 47.252286002580327, 603.35845947265625 ], [ 11.320329998325613, 47.252385002580517, 597.93536376953125 ], [ 11.320314998325578, 47.252403002580571, 597.93536376953125 ], [ 11.320007998324874, 47.252422002580587, 592.31658935546875 ], [ 11.319991998324841, 47.252439002580665, 593.44805908203125 ], [ 11.32000099832486, 47.252461002580688, 593.44805908203125 ], [ 11.320218998325352, 47.252519002580804, 585.0369873046875 ], [ 11.320367998325692, 47.252543002580857, 585.5006103515625 ], [ 11.320529998326053, 47.252551002580887, 586.1251220703125 ], [ 11.320580998326168, 47.252585002580958, 585.158447265625 ], [ 11.320659998326338, 47.252623002581032, 582.0858154296875 ], [ 11.320703998326438, 47.252624002581008, 583.20086669921875 ], [ 11.320717998326467, 47.252625002581027, 583.20086669921875 ], [ 11.321041998327189, 47.252706002581192, 583.828125 ], [ 11.321393998327986, 47.252767002581315, 583.98529052734375 ], [ 11.321618998328496, 47.252800002581388, 583.9549560546875 ], [ 11.321688998328657, 47.252810002581406, 583.5140380859375 ], [ 11.321545998328302, 47.253086002581995, 583.07916259765625 ], [ 11.32125899832765, 47.253129002582092, 582.54541015625 ], [ 11.32121199832754, 47.253152002582155, 582.485107421875 ], [ 11.32117899832746, 47.253195002582217, 582.34991455078125 ], [ 11.321127998327322, 47.253379002582641, 582.2606201171875 ], [ 11.320981998326969, 47.253672002583244, 581.96502685546875 ], [ 11.320938998326865, 47.25375800258341, 582.0604248046875 ], [ 11.32087499832671, 47.253844002583605, 582.17803955078125 ], [ 11.320852998326652, 47.253899002583722, 582.32958984375 ], [ 11.320866998326682, 47.253940002583811, 582.489013671875 ], [ 11.320890998326732, 47.253969002583887, 582.80419921875 ], [ 11.320946998326859, 47.254000002583922, 583.2392578125 ], [ 11.321155998327324, 47.254068002584077, 584.36505126953125 ], [ 11.321216998327456, 47.254096002584127, 584.43206787109375 ], [ 11.321228998327488, 47.254145002584259, 584.36309814453125 ], [ 11.321216998327449, 47.254195002584346, 583.2388916015625 ], [ 11.321097998327168, 47.254326002584612, 582.19891357421875 ], [ 11.320977998326885, 47.254442002584867, 583.05426025390625 ], [ 11.320904998326707, 47.254512002585024, 582.66748046875 ], [ 11.32077899832642, 47.254626002585276, 582.8282470703125 ], [ 11.320676998326174, 47.254749002585527, 582.81158447265625 ], [ 11.320673998326164, 47.25479700258564, 582.79229736328125 ], [ 11.320689998326186, 47.254852002585743, 582.69775390625 ], [ 11.320699998326218, 47.254881002585833, 582.4356689453125 ], [ 11.320785998326409, 47.254868002585773, 582.0391845703125 ], [ 11.321032998326972, 47.254845002585725, 582.46783447265625 ], [ 11.321138998327212, 47.2548350025857, 582.46502685546875 ], [ 11.321155998327248, 47.254884002585797, 582.57421875 ], [ 11.321317998327569, 47.255343002586777, 583.95849609375 ], [ 11.321352998327642, 47.255436002586997, 584.502197265625 ], [ 11.321119998327102, 47.25553100258719, 584.2242431640625 ], [ 11.321142998327158, 47.255564002587263, 584.47723388671875 ], [ 11.321146998327162, 47.255570002587262, 584.58612060546875 ], [ 11.321158998327183, 47.255589002587307, 584.50506591796875 ], [ 11.321183998327244, 47.255583002587315, 584.58612060546875 ], [ 11.3212119983273, 47.255640002587398, 583.96173095703125 ], [ 11.32123499832735, 47.25568300258751, 583.982177734375 ] ] ] } },
{ "type": "Feature", "properties": { "name": "IBK Süd", "elevation gain": 102, "elevation loss": -463, "length": 9.7237180375832502 }, "geometry": { "type": "MultiLineString", "coordinates": [ [ [ 11.424905998565334, 47.222067002514464, 1001.1026611328125 ], [ 11.424895998565306, 47.222113002514575, 1000.7991943359375 ], [ 11.424819998565129, 47.222089002514508, 1001.23345947265625 ], [ 11.423875745860602, 47.22179803704897, 1002.79083251953125 ], [ 11.423234374400296, 47.221490557196944, 1005.5780029296875 ], [ 11.422159134010991, 47.220721849764978, 1009.5921630859375 ], [ 11.421564922216938, 47.219850634534865, 1013.275146484375 ], [ 11.421102757488269, 47.218774407720964, 1018.54998779296875 ], [ 11.42099900622269, 47.218133786150496, 1021.18798828125 ], [ 11.42087759530207, 47.21770510921143, 1022.428466796875 ], [ 11.420706998556184, 47.218234002506435, 1021.11553955078125 ], [ 11.420553998555821, 47.218449002506887, 1023.40325927734375 ], [ 11.42052099855573, 47.218563002507125, 1022.734375 ], [ 11.420429998555521, 47.21858900250718, 1023.10296630859375 ], [ 11.420191998554992, 47.218592002507208, 1024.0179443359375 ], [ 11.420162998554924, 47.218581002507165, 1024.1455078125 ], [ 11.420191998554992, 47.218592002507208, 1024.0179443359375 ], [ 11.42001799855457, 47.218854002507747, 1020.00628662109375 ], [ 11.419960998554419, 47.219060002508179, 1017.0673828125 ], [ 11.41978999855402, 47.219196002508482, 1016.37457275390625 ], [ 11.419697998553801, 47.21927000250863, 1016.55621337890625 ], [ 11.419598998553569, 47.219409002508939, 1015.2237548828125 ], [ 11.419508998553358, 47.219451002509018, 1014.64227294921875 ], [ 11.419493998553323, 47.219523002509185, 1014.04742431640625 ], [ 11.419346998552983, 47.219544002509217, 1012.29693603515625 ], [ 11.419308998552893, 47.219595002509337, 1011.82904052734375 ], [ 11.41923599855272, 47.219718002509588, 1008.2767333984375 ], [ 11.419193998552611, 47.219864002509922, 1004.3013916015625 ], [ 11.419215998552646, 47.219930002510026, 1004.42388916015625 ], [ 11.419330998552882, 47.220266002510741, 1003.69500732421875 ], [ 11.419387998552999, 47.220392002511012, 1003.53314208984375 ], [ 11.419332998552868, 47.220482002511204, 1002.73822021484375 ], [ 11.41916799855248, 47.220648002511574, 1001.07830810546875 ], [ 11.418869998551795, 47.220690002511631, 1000.26788330078125 ], [ 11.418802998551641, 47.220786002511858, 998.75445556640625 ], [ 11.418658998551294, 47.221059002512462, 996.3062744140625 ], [ 11.418504859638363, 47.221331161745475, 996.9422607421875 ], [ 11.417926146055818, 47.221755052650842, 1001.60107421875 ], [ 11.417926146055818, 47.221755052650842, 1001.60107421875 ], [ 11.417952749240596, 47.222047564549456, 1000.4273681640625 ], [ 11.418163146149562, 47.222183731755919, 1000.20208740234375 ], [ 11.418163146149562, 47.222183731755919, 1000.20208740234375 ], [ 11.418163146149562, 47.222183731755919, 1000.20208740234375 ], [ 11.41871404457806, 47.222433149622631, 1006.6280517578125 ], [ 11.418734524338829, 47.222442421782368, 1005.45928955078125 ], [ 11.418992623237488, 47.222531492735634, 997.80474853515625 ], [ 11.419012665228504, 47.222667608282855, 994.86688232421875 ], [ 11.418761998551359, 47.222715002515962, 1001.69384765625 ], [ 11.418497998550755, 47.222838002516212, 1004.18853759765625 ], [ 11.41811899854989, 47.222918002516394, 1003.8741455078125 ], [ 11.41800199854962, 47.22295200251645, 1000.60943603515625 ], [ 11.417885998549368, 47.222887002516337, 997.88568115234375 ], [ 11.417846998549278, 47.222878002516325, 1000.398193359375 ], [ 11.416819998546979, 47.222638002515843, 990.63165283203125 ], [ 11.416566998546408, 47.222617002515783, 988.21038818359375 ], [ 11.416442998546124, 47.22260800251577, 987.01361083984375 ], [ 11.416442998546135, 47.222533002515611, 987.7137451171875 ], [ 11.416428998546104, 47.222489002515509, 987.8958740234375 ], [ 11.41624687054586, 47.222374959424393, 986.1915283203125 ], [ 11.416066492631339, 47.222272872233184, 985.0809326171875 ], [ 11.41578590476457, 47.222238843125766, 983.591796875 ], [ 11.415455211922634, 47.222354542001924, 979.6551513671875 ], [ 11.415294875999219, 47.222619967881108, 974.8228759765625 ], [ 11.415019011369097, 47.223028738135469, 963.62762451171875 ], [ 11.414964183156169, 47.223109981397883, 962.1790771484375 ], [ 11.414473154389816, 47.223307346673906, 958.6995849609375 ], [ 11.414392986428592, 47.223606796033906, 957.7633056640625 ], [ 11.41438296543247, 47.223776936962231, 957.786376953125 ], [ 11.414272734485156, 47.223817770703995, 957.9134521484375 ], [ 11.413982125623329, 47.223708880656417, 957.7991943359375 ], [ 11.413771684723773, 47.223695269385054, 957.085693359375 ], [ 11.413511138848097, 47.223770131335733, 956.01611328125 ], [ 11.413170425010049, 47.223919854920311, 955.04461669921875 ], [ 11.412889837144334, 47.224096800429344, 955.2342529296875 ], [ 11.412742911146719, 47.224411076278919, 955.6298828125 ], [ 11.412663121040811, 47.224642495257491, 950.2965087890625 ], [ 11.41311130802732, 47.224811592369598, 950.21820068359375 ], [ 11.413314107875317, 47.2248534348454, 950.0989990234375 ], [ 11.413424338822624, 47.224948711592113, 951.17822265625 ], [ 11.41339427583647, 47.225078015474423, 951.18597412109375 ], [ 11.413023499013443, 47.225309400581395, 952.0289306640625 ], [ 11.41279259728128, 47.225555613254947, 943.73333740234375 ], [ 11.412432260294734, 47.22564967096308, 936.30999755859375 ], [ 11.412702959883951, 47.225819399970391, 931.70159912109375 ], [ 11.412692806170377, 47.226221320287287, 924.95513916015625 ], [ 11.412873184084779, 47.226425381048287, 923.3157958984375 ], [ 11.413083624984344, 47.226649955017159, 919.40765380859375 ], [ 11.413043541003194, 47.226765644266322, 917.1083984375 ], [ 11.413069998538099, 47.226785002524707, 917.1083984375 ], [ 11.412726998537309, 47.22699800252515, 913.58087158203125 ], [ 11.412392998536536, 47.227179002525538, 912.47271728515625 ], [ 11.412622998537051, 47.227232002525646, 912.40283203125 ], [ 11.412969998537823, 47.227349002525884, 912.16229248046875 ], [ 11.413493998538993, 47.227525002526257, 912.1556396484375 ], [ 11.414248998540703, 47.227562002526319, 911.7291259765625 ], [ 11.414719998541761, 47.227641002526482, 912.65826416015625 ], [ 11.41507899854258, 47.227577002526331, 913.70013427734375 ], [ 11.415331998543147, 47.227565002526312, 914.86383056640625 ], [ 11.41598799854463, 47.227640002526456, 916.22589111328125 ], [ 11.416591998545993, 47.227600002526351, 917.64495849609375 ], [ 11.417369998547754, 47.227628002526401, 922.21063232421875 ], [ 11.417653998548397, 47.227657002526477, 921.64324951171875 ], [ 11.417914998548985, 47.227723002526595, 923.18463134765625 ], [ 11.418187998549595, 47.227736002526633, 924.5103759765625 ], [ 11.418361998549996, 47.227745002526639, 925.43865966796875 ], [ 11.418427998550136, 47.227804002526788, 924.773681640625 ], [ 11.418567998550451, 47.227859002526863, 925.71337890625 ], [ 11.418743998550841, 47.227915002526991, 925.42413330078125 ], [ 11.419012998551434, 47.228033002527233, 928.12274169921875 ], [ 11.41910499855164, 47.228074002527315, 929.2264404296875 ], [ 11.419200998551855, 47.228155002527494, 926.30047607421875 ], [ 11.419206998551871, 47.228206002527621, 926.6502685546875 ], [ 11.419180998551802, 47.228248002527693, 927.7984619140625 ], [ 11.419133998551695, 47.22826400252773, 927.568115234375 ], [ 11.419125998551671, 47.22829900252782, 927.568115234375 ], [ 11.41884499855102, 47.228396002528015, 927.50775146484375 ], [ 11.418505998550245, 47.228574002528404, 922.45343017578125 ], [ 11.41829699854974, 47.228952002529198, 920.19195556640625 ], [ 11.418505998550184, 47.229204002529741, 916.9515380859375 ], [ 11.418811998550858, 47.229420002530198, 915.69573974609375 ], [ 11.419058998551412, 47.229516002530403, 915.1082763671875 ], [ 11.419088998551473, 47.229528002530401, 914.3814697265625 ], [ 11.419123998551548, 47.229555002530446, 914.62158203125 ], [ 11.419233998551789, 47.22970400253076, 913.1058349609375 ], [ 11.419377998552099, 47.229791002530952, 913.24444580078125 ], [ 11.419439998552228, 47.229925002531239, 912.9300537109375 ], [ 11.419550998552465, 47.230025002531434, 910.67144775390625 ], [ 11.419676998552758, 47.230066002531551, 911.74847412109375 ], [ 11.419835998553102, 47.230216002531847, 910.4234619140625 ], [ 11.419863998553154, 47.230289002532011, 909.9140625 ], [ 11.420167998553804, 47.230674002532808, 907.30914306640625 ], [ 11.42024599855398, 47.230724002532909, 907.15277099609375 ], [ 11.420244998553981, 47.230723002532919, 907.15277099609375 ], [ 11.420257998554009, 47.230732002532946, 907.15277099609375 ], [ 11.420467998554461, 47.230953002533404, 906.8331298828125 ], [ 11.420505998554528, 47.231159002533836, 906.27313232421875 ], [ 11.42048999855448, 47.231281002534118, 906.23394775390625 ], [ 11.420480998554451, 47.231352002534265, 906.02557373046875 ], [ 11.420391998554239, 47.231503002534581, 904.66741943359375 ], [ 11.42029499855399, 47.231762002535113, 903.66265869140625 ], [ 11.420284998553962, 47.231835002535277, 903.9656982421875 ], [ 11.420477998554407, 47.231797002535188, 905.4761962890625 ], [ 11.420649998554797, 47.231782002535162, 907.44268798828125 ], [ 11.421027998555642, 47.231852002535284, 909.37384033203125 ], [ 11.421470998556636, 47.232038002535681, 909.7979736328125 ], [ 11.4218129985574, 47.232105002535825, 910.3670654296875 ], [ 11.421804998557375, 47.232119002535853, 910.3670654296875 ], [ 11.421804998557375, 47.232119002535853, 910.3670654296875 ], [ 11.421636998556961, 47.232443002536527, 907.53802490234375 ], [ 11.421587998556836, 47.232642002536956, 904.13372802734375 ], [ 11.421571998556797, 47.232709002537106, 900.927978515625 ], [ 11.421510998556641, 47.232853002537404, 898.014404296875 ], [ 11.421926297785999, 47.233468892341229, 895.484619140625 ], [ 11.421964931199623, 47.233790240399557, 893.5682373046875 ], [ 11.421578597063096, 47.234065680041539, 893.2286376953125 ], [ 11.421143971159514, 47.234301770023691, 891.66265869140625 ], [ 11.420796270436657, 47.234446046717245, 889.45428466796875 ], [ 11.420738320316191, 47.234347676286994, 888.58197021484375 ], [ 11.420921829031046, 47.234170609052327, 883.89434814453125 ], [ 11.42094114573789, 47.233960750822931, 880.9053955078125 ], [ 11.420861998555084, 47.233768002539378, 880.0909423828125 ], [ 11.420824998555011, 47.233739002539309, 880.0909423828125 ], [ 11.420794998554943, 47.233742002539337, 880.703125 ], [ 11.420775998554898, 47.233744002539325, 880.703125 ], [ 11.420705998554737, 47.233761002539353, 883.12774658203125 ], [ 11.420656998554618, 47.233901002539675, 882.08477783203125 ], [ 11.420485998554224, 47.233984002539849, 883.8701171875 ], [ 11.42033999855389, 47.233986002539858, 883.21820068359375 ], [ 11.420091998553334, 47.233915002539696, 886.51287841796875 ], [ 11.419910998552922, 47.233942002539756, 887.88604736328125 ], [ 11.419579998552173, 47.233910002539702, 890.93597412109375 ], [ 11.418902998550628, 47.234093002540085, 896.35113525390625 ], [ 11.418573998549874, 47.234144002540198, 897.02716064453125 ], [ 11.418298998549254, 47.234148002540223, 896.83013916015625 ], [ 11.418292998549239, 47.234167002540261, 896.83709716796875 ], [ 11.418109998548763, 47.234767002541531, 885.466552734375 ], [ 11.417862998548179, 47.235094002542226, 879.55535888671875 ], [ 11.417812998548063, 47.235128002542318, 878.827880859375 ], [ 11.417843998548125, 47.235142002542347, 878.827880859375 ], [ 11.417812998548063, 47.235128002542318, 878.827880859375 ], [ 11.417551998547454, 47.2353060025427, 874.42108154296875 ], [ 11.417546998547433, 47.235440002542951, 872.0994873046875 ], [ 11.417626998547604, 47.235513002543136, 871.5538330078125 ], [ 11.417846998548088, 47.235713002543569, 864.353271484375 ], [ 11.417986998548397, 47.235783002543677, 864.43450927734375 ], [ 11.417942998548295, 47.235834002543804, 862.89239501953125 ], [ 11.417872998548122, 47.235917002543964, 859.8128662109375 ], [ 11.417787998547935, 47.235923002544006, 859.86907958984375 ], [ 11.417460998547149, 47.236357002544914, 857.9349365234375 ], [ 11.417428998547068, 47.236401002545016, 857.3702392578125 ], [ 11.417076998546243, 47.236777002545814, 853.53289794921875 ], [ 11.417009998546098, 47.23675500254577, 853.342041015625 ], [ 11.416951998545962, 47.236736002545733, 853.342041015625 ], [ 11.416957998545971, 47.236772002545806, 853.46905517578125 ], [ 11.416959998545975, 47.236787002545832, 853.46905517578125 ], [ 11.41695999854598, 47.236785002545837, 853.46905517578125 ], [ 11.416962998545982, 47.236803002545884, 853.46905517578125 ], [ 11.416968998545988, 47.236838002545937, 853.54522705078125 ], [ 11.416951998545942, 47.236945002546172, 853.84295654296875 ], [ 11.41687699854576, 47.237059002546431, 853.82171630859375 ], [ 11.416552998545006, 47.237366002547091, 852.94696044921875 ], [ 11.416403998544657, 47.237424002547208, 851.93341064453125 ], [ 11.416038998543817, 47.237617002547616, 847.31689453125 ], [ 11.415913998543525, 47.237732002547865, 845.12664794921875 ], [ 11.415881998543439, 47.237814002548049, 844.024169921875 ], [ 11.415874998543416, 47.23788800254821, 843.35626220703125 ], [ 11.415907998543489, 47.237959002548351, 842.96929931640625 ], [ 11.416070998543837, 47.238137002548733, 842.5872802734375 ], [ 11.416131998543969, 47.238192002548836, 842.2672119140625 ], [ 11.41624499854422, 47.23829400254904, 842.64251708984375 ], [ 11.416365998544475, 47.238505002549509, 840.17242431640625 ], [ 11.416368998544469, 47.238544002549574, 839.96270751953125 ], [ 11.416244998544158, 47.238921002550377, 843.0711669921875 ], [ 11.416219998544095, 47.239003002550554, 843.78460693359375 ], [ 11.416124998543872, 47.239087002550747, 845.50384521484375 ], [ 11.416103998543825, 47.239115002550783, 846.47705078125 ], [ 11.416100998543794, 47.239318002551222, 844.54608154296875 ], [ 11.41603199854363, 47.23942800255147, 842.51605224609375 ], [ 11.416074998543714, 47.239574002551763, 841.558349609375 ], [ 11.416760998545247, 47.23971000255203, 841.4083251953125 ], [ 11.416539998544724, 47.239987002552652, 843.1527099609375 ], [ 11.416457998544525, 47.24014200255295, 844.61883544921875 ], [ 11.416398998544377, 47.240313002553336, 848.84588623046875 ], [ 11.416377998544318, 47.240480002553682, 850.02911376953125 ], [ 11.416269998544049, 47.240670002554083, 850.25115966796875 ], [ 11.416244998543988, 47.24071500255419, 850.031494140625 ], [ 11.416229998543949, 47.240802002554375, 850.1424560546875 ], [ 11.416219998543919, 47.240864002554488, 849.877685546875 ], [ 11.416220998543897, 47.24113900255508, 849.86846923828125 ], [ 11.416231998543919, 47.241186002555175, 850.00927734375 ], [ 11.41627199854401, 47.24120500255524, 850.09991455078125 ], [ 11.417024998545706, 47.24122100255525, 851.768310546875 ], [ 11.417503998546792, 47.241260002555329, 858.48626708984375 ], [ 11.417758998547358, 47.241357002555517, 863.70257568359375 ], [ 11.417988998547871, 47.241446002555712, 857.48980712890625 ], [ 11.418133998548198, 47.241486002555781, 857.10101318359375 ], [ 11.418260998548483, 47.241481002555773, 855.50128173828125 ], [ 11.418372998548733, 47.241465002555742, 853.5059814453125 ], [ 11.418519998549066, 47.241459002555693, 852.71246337890625 ], [ 11.418817998549745, 47.2414870025558, 852.9742431640625 ], [ 11.419071998550319, 47.241524002555849, 851.4188232421875 ], [ 11.419328998550885, 47.241590002555974, 851.61505126953125 ], [ 11.41949199855126, 47.241655002556151, 851.58551025390625 ], [ 11.419583998551456, 47.241729002556269, 851.43426513671875 ], [ 11.4196149985515, 47.24198500255681, 852.942138671875 ], [ 11.419690998551637, 47.242372002557651, 854.5953369140625 ], [ 11.419773998551809, 47.242544002557999, 854.78765869140625 ], [ 11.419848998551966, 47.242699002558339, 855.0811767578125 ], [ 11.419958998552204, 47.242821002558593, 854.51849365234375 ], [ 11.42012699855256, 47.243000002558944, 854.85699462890625 ], [ 11.420165998552653, 47.24302900255902, 855.1824951171875 ], [ 11.420174998552671, 47.243066002559097, 855.1824951171875 ], [ 11.420380998553091, 47.243558002560157, 855.217041015625 ], [ 11.420455998553242, 47.243750002560553, 856.7362060546875 ], [ 11.4206159985536, 47.243826002560709, 859.164794921875 ], [ 11.420723998553827, 47.243929002560911, 858.06011962890625 ], [ 11.420834998554067, 47.244090002561244, 856.09600830078125 ], [ 11.420787998553939, 47.24428300256168, 856.39093017578125 ], [ 11.420835998554031, 47.244505002562128, 856.37152099609375 ], [ 11.420868998554095, 47.244637002562413, 858.01776123046875 ], [ 11.420958998554262, 47.244985002563141, 858.506103515625 ], [ 11.420966998554267, 47.245102002563407, 859.347412109375 ], [ 11.421110998554591, 47.245158002563514, 858.82586669921875 ], [ 11.421268998554948, 47.245165002563503, 856.23382568359375 ], [ 11.421399998555245, 47.245147002563485, 854.96014404296875 ], [ 11.42143299855532, 47.245145002563476, 854.551025390625 ], [ 11.42186338971646, 47.245246332957691, 851.1649169921875 ], [ 11.422387480709265, 47.245395115685909, 856.35333251953125 ], [ 11.422730522086223, 47.245569773138868, 857.93218994140625 ], [ 11.42276863779494, 47.245627992161879, 857.74700927734375 ], [ 11.422892513848163, 47.245666804808081, 856.99493408203125 ], [ 11.42323555522511, 47.24568621112018, 855.170166015625 ], [ 11.423530951966351, 47.245673273579577, 853.74908447265625 ], [ 11.423835877634515, 47.245718554958593, 851.7626953125 ], [ 11.42417891901243, 47.246009648615534, 847.2413330078125 ], [ 11.424455257898767, 47.246139023060671, 844.35467529296875 ], [ 11.424636307514653, 47.246294271977931, 840.7208251953125 ], [ 11.424903378918117, 47.246417354525789, 837.3125 ], [ 11.425151131023622, 47.246417354525803, 837.64141845703125 ], [ 11.425246420295041, 47.246397948480855, 837.4051513671875 ], [ 11.425465585619683, 47.246760193476135, 828.810546875 ], [ 11.425504980702231, 47.24694889588104, 821.6949462890625 ], [ 11.425388484428815, 47.247176838526826, 815.06964111328125 ], [ 11.425443306204524, 47.247279179803812, 812.8895263671875 ], [ 11.425642485380108, 47.247345712424803, 810.53070068359375 ], [ 11.425842592849882, 47.247481552157453, 806.32293701171875 ], [ 11.426290452425189, 47.247766167610934, 794.3404541015625 ], [ 11.426481030968011, 47.247843789741609, 791.32659912109375 ], [ 11.426747840928359, 47.247966691216426, 786.816162109375 ], [ 11.426919361616351, 47.2480960608817, 781.53125 ], [ 11.426898998567422, 47.248100002569643, 781.2144775390625 ], [ 11.426904998567434, 47.248110002569653, 781.2144775390625 ], [ 11.427055998567756, 47.248303002570083, 775.49163818359375 ], [ 11.427024998567667, 47.248500002570509, 770.10693359375 ], [ 11.427016998567636, 47.248718002570961, 765.4461669921875 ], [ 11.426643998566773, 47.248798002571135, 762.48388671875 ], [ 11.426654998566791, 47.248913002571378, 760.921630859375 ], [ 11.426665998566813, 47.24897900257151, 758.7860107421875 ], [ 11.42664699856677, 47.248983002571556, 758.14447021484375 ], [ 11.426463998566346, 47.249048002571655, 757.27313232421875 ], [ 11.426463998566346, 47.249048002571655, 757.27313232421875 ], [ 11.426130998565592, 47.249090002571776, 756.0810546875 ], [ 11.42575599856473, 47.249173002571965, 752.46917724609375 ], [ 11.425052998563139, 47.24921900257204, 747.9234619140625 ], [ 11.424910998562808, 47.249312002572253, 744.6793212890625 ], [ 11.424551998561995, 47.249321002572295, 745.90740966796875 ], [ 11.424239998561275, 47.24943000257251, 744.54193115234375 ], [ 11.424194998561156, 47.249565002572794, 740.936767578125 ], [ 11.423944998560579, 47.249720002573149, 737.37835693359375 ], [ 11.423928998560536, 47.249818002573356, 736.28076171875 ], [ 11.423890998560434, 47.250005002573744, 733.114990234375 ], [ 11.42372499856004, 47.250174002574106, 729.9312744140625 ], [ 11.423367998559222, 47.250311002574406, 728.986328125 ], [ 11.423336998559146, 47.250358002574494, 727.5091552734375 ], [ 11.423007998558388, 47.250474002574755, 726.41253662109375 ], [ 11.422785998557886, 47.250529002574879, 726.02044677734375 ], [ 11.42246499855715, 47.250587002575017, 725.9273681640625 ], [ 11.422385998556965, 47.250665002575175, 726.068359375 ], [ 11.42131699855458, 47.250272002574363, 730.1634521484375 ], [ 11.421097998554089, 47.250188002574191, 730.75848388671875 ], [ 11.420972998553815, 47.250155002574125, 731.2313232421875 ], [ 11.420350998552419, 47.249993002573774, 732.39727783203125 ], [ 11.419961998551534, 47.249998002573797, 734.305419921875 ], [ 11.419640998550801, 47.25011900257406, 736.1783447265625 ], [ 11.419454272312739, 47.250188235106577, 735.09674072265625 ], [ 11.419235106989092, 47.250421090509491, 724.96441650390625 ], [ 11.419130288790672, 47.250602199559935, 716.71002197265625 ], [ 11.418987354883514, 47.25088033010924, 707.4771728515625 ], [ 11.418730073850025, 47.250983820174049, 705.943603515625 ], [ 11.418320329983512, 47.251223140172861, 701.79217529296875 ], [ 11.417948701824702, 47.251430118759174, 696.07757568359375 ], [ 11.417767652208735, 47.251798797363229, 690.819580078125 ], [ 11.417472255467542, 47.251999305701652, 679.7154541015625 ], [ 11.416994998544626, 47.25208200257827, 669.7406005859375 ], [ 11.416846998544285, 47.252096002578305, 668.6480712890625 ], [ 11.416449998543369, 47.252331002578799, 663.23834228515625 ], [ 11.41632503099342, 47.2524333070509, 659.7933349609375 ], [ 11.416274998542947, 47.252549002579265, 657.572021484375 ], [ 11.41615955309444, 47.252653304800397, 656.51800537109375 ], [ 11.416014964442505, 47.25274594780312, 654.8197021484375 ], [ 11.415700509846403, 47.252823562635882, 649.406494140625 ], [ 11.415357468469461, 47.252810626838595, 643.5137939453125 ], [ 11.414957253529902, 47.252771819426926, 638.83648681640625 ], [ 11.414699972496445, 47.252771819426933, 635.17236328125 ], [ 11.414623741079886, 47.25284943422178, 629.3287353515625 ], [ 11.414823848549661, 47.253004663470797, 627.67041015625 ], [ 11.414881022112315, 47.25316636012122, 622.53863525390625 ], [ 11.414976311383757, 47.253211635094615, 625.6510009765625 ], [ 11.415233592416179, 47.253315120603858, 622.20562744140625 ], [ 11.415319352760655, 47.25337333111306, 622.290771484375 ], [ 11.414861964258407, 47.253353927617333, 615.92083740234375 ], [ 11.414848998539647, 47.253349002580983, 615.92083740234375 ], [ 11.414834998539613, 47.253369002581039, 615.92083740234375 ], [ 11.414816998539573, 47.253395002581087, 613.9283447265625 ], [ 11.414671998539253, 47.253347002580988, 614.7308349609375 ], [ 11.414493998538846, 47.253340002580998, 610.9820556640625 ], [ 11.414164998538102, 47.25329100258088, 608.49420166015625 ], [ 11.413906998537518, 47.253274002580852, 599.17138671875 ], [ 11.413637998536917, 47.253211002580699, 602.27783203125 ], [ 11.413508998536622, 47.253210002580722, 600.6302490234375 ], [ 11.413360998536291, 47.253225002580763, 599.57818603515625 ], [ 11.413233998535997, 47.253267002580856, 599.529541015625 ], [ 11.41326099853606, 47.253269002580886, 599.4310302734375 ] ] ] } },
{ "type": "Feature", "properties": { "name": "IBK Ost I", "elevation gain": 267, "elevation loss": -561, "length": 14.795332487594736 }, "geometry": { "type": "MultiLineString", "coordinates": [ [ [ 11.451710998623629, 47.247597002568128, 821.54193115234375 ], [ 11.451767998623765, 47.247534002567981, 822.1361083984375 ], [ 11.451675998623562, 47.247504002567929, 822.110595703125 ], [ 11.451648998623494, 47.247498002567909, 822.110595703125 ], [ 11.451614998623411, 47.247499002567885, 822.13214111328125 ], [ 11.451540998623249, 47.247545002568017, 822.2677001953125 ], [ 11.45141799862296, 47.24765000256825, 822.41705322265625 ], [ 11.451443998623018, 47.247667002568271, 822.45806884765625 ], [ 11.45177799862376, 47.247808002568568, 819.3359375 ], [ 11.451898998624033, 47.247869002568699, 819.4490966796875 ], [ 11.45199199862423, 47.247929002568796, 816.4693603515625 ], [ 11.452080998624428, 47.248017002569007, 817.24078369140625 ], [ 11.452146998624565, 47.248107002569185, 815.8529052734375 ], [ 11.452583998625562, 47.248032002569005, 817.5809326171875 ], [ 11.452920998626322, 47.248088002569133, 817.00177001953125 ], [ 11.45300799862652, 47.248102002569169, 816.7745361328125 ], [ 11.45312799862679, 47.24810800256919, 816.73687744140625 ], [ 11.45324899862706, 47.248116002569191, 816.5989990234375 ], [ 11.45370799862809, 47.248233002569428, 813.9573974609375 ], [ 11.454355998629547, 47.248360002569683, 812.38653564453125 ], [ 11.454352998629526, 47.248491002569992, 812.90252685546875 ], [ 11.454309998629398, 47.24879500257061, 812.9227294921875 ], [ 11.45385199862833, 47.249122002571312, 828.6285400390625 ], [ 11.454521998629829, 47.249344002571782, 830.02154541015625 ], [ 11.454703998630238, 47.249411002571932, 829.575439453125 ], [ 11.455659998632399, 47.24938300257184, 832.0643310546875 ], [ 11.456328998633907, 47.249433002571941, 831.13739013671875 ], [ 11.456877998635157, 47.249410002571871, 834.49151611328125 ], [ 11.457207998635898, 47.249478002571998, 834.443115234375 ], [ 11.457289998636078, 47.249497002572035, 834.30462646484375 ], [ 11.457302998636107, 47.24950100257206, 834.30462646484375 ], [ 11.457604998636777, 47.249667002572423, 831.39569091796875 ], [ 11.458193998638098, 47.249787002572631, 826.21942138671875 ], [ 11.458488998638739, 47.25012600257336, 820.62408447265625 ], [ 11.458532998638766, 47.250809002574805, 818.2332763671875 ], [ 11.458396998638428, 47.251179002575597, 819.9317626953125 ], [ 11.458359998638318, 47.251452002576166, 821.69256591796875 ], [ 11.458414998638416, 47.251713002576722, 820.67108154296875 ], [ 11.458473998638546, 47.251782002576853, 820.95538330078125 ], [ 11.458693998639022, 47.252042002577426, 819.0426025390625 ], [ 11.459072998639851, 47.252353002578076, 817.23760986328125 ], [ 11.459377998640516, 47.252531002578429, 816.4478759765625 ], [ 11.459649998641128, 47.252624002578635, 816.4974365234375 ], [ 11.459671998641184, 47.252638002578649, 816.91802978515625 ], [ 11.459791998641442, 47.252715002578825, 817.069580078125 ], [ 11.459908998641675, 47.253057002579546, 811.76690673828125 ], [ 11.459905998641638, 47.253376002580218, 806.676513671875 ], [ 11.460003998641827, 47.25374800258102, 804.681396484375 ], [ 11.45992199864159, 47.254348002582304, 791.83978271484375 ], [ 11.460116998641992, 47.254712002583034, 797.2781982421875 ], [ 11.4600009986417, 47.255028002583728, 796.99603271484375 ], [ 11.459680489098783, 47.255263623327409, 795.205078125 ], [ 11.459273189607748, 47.255461085616886, 792.95892333984375 ], [ 11.458943470971542, 47.255698039392172, 790.14764404296875 ], [ 11.458768914047145, 47.256000812117605, 787.55517578125 ], [ 11.458840121988644, 47.2564478674404, 782.24420166015625 ], [ 11.458846494902001, 47.256487877652404, 780.27874755859375 ], [ 11.458749518832619, 47.256830137239511, 774.62078857421875 ], [ 11.458555566693759, 47.257067084888568, 770.2662353515625 ], [ 11.459148145402693, 47.257268179035911, 772.868408203125 ], [ 11.45925379439405, 47.25730403147795, 771.20513916015625 ], [ 11.459850577825547, 47.257499318528978, 763.58685302734375 ], [ 11.460339926370962, 47.257659449372611, 765.2762451171875 ], [ 11.460766621076489, 47.257856902728001, 767.0657958984375 ], [ 11.461032177250734, 47.258268862202833, 757.121826171875 ], [ 11.461038154070199, 47.258278134091974, 755.38232421875 ], [ 11.461426058347749, 47.258501911891173, 759.69866943359375 ], [ 11.461794567411886, 47.258436094989591, 747.80206298828125 ], [ 11.461969124337259, 47.258304460941027, 737.7587890625 ], [ 11.461891543481311, 47.258199153466791, 731.9168701171875 ], [ 11.461891543481322, 47.258041191862247, 724.51678466796875 ], [ 11.462007914764209, 47.257962210883647, 718.46807861328125 ], [ 11.462201866903007, 47.258185990017324, 724.79376220703125 ], [ 11.462237998646469, 47.258166002590329, 723.086181640625 ], [ 11.462364998646747, 47.258281002590572, 721.6961669921875 ], [ 11.462395998646814, 47.258329002590656, 724.379150390625 ], [ 11.462413998646859, 47.258374002590763, 718.4146728515625 ], [ 11.462410998646838, 47.258408002590834, 716.6439208984375 ], [ 11.462136998646189, 47.258767002591604, 710.65826416015625 ], [ 11.461839998645488, 47.259072002592262, 702.96533203125 ], [ 11.461561998644841, 47.259238002592603, 696.74560546875 ], [ 11.461582998644891, 47.259246002592612, 696.74560546875 ], [ 11.461698998645153, 47.259286002592724, 693.59136962890625 ], [ 11.461726998645213, 47.259296002592748, 700.05218505859375 ], [ 11.461840998645464, 47.259391002592942, 700.14691162109375 ], [ 11.46208699864599, 47.259687002593552, 706.23614501953125 ], [ 11.462151998646133, 47.259740002593659, 706.503662109375 ], [ 11.462248998646345, 47.259787002593754, 710.51153564453125 ], [ 11.462310998646485, 47.25979800259379, 712.20269775390625 ], [ 11.462361998646603, 47.259798002593783, 712.17230224609375 ], [ 11.462415998646724, 47.259790002593768, 712.17230224609375 ], [ 11.462473998646855, 47.259771002593716, 712.09002685546875 ], [ 11.462547998647029, 47.259708002593605, 713.17999267578125 ], [ 11.462583998647114, 47.259663002593491, 713.897705078125 ], [ 11.462659998647299, 47.259536002593215, 716.82550048828125 ], [ 11.462677998647349, 47.259504002593168, 717.481689453125 ], [ 11.462725998647468, 47.259420002592989, 718.59515380859375 ], [ 11.462800998647635, 47.259357002592836, 718.99871826171875 ], [ 11.462886998647836, 47.259308002592746, 719.623779296875 ], [ 11.462936998647951, 47.259289002592702, 720.2847900390625 ], [ 11.463006998648114, 47.259271002592641, 720.6304931640625 ], [ 11.463082998648281, 47.259253002592608, 721.94659423828125 ], [ 11.463185998648518, 47.259239002592587, 722.720947265625 ], [ 11.463239998648639, 47.259239002592572, 723.12078857421875 ], [ 11.463334998648856, 47.259238002592568, 723.85723876953125 ], [ 11.463676998649628, 47.259277002592668, 724.5546875 ], [ 11.463924998650182, 47.259300002592703, 727.93157958984375 ], [ 11.464022998650409, 47.259300002592731, 728.42999267578125 ], [ 11.464255998650936, 47.259293002592656, 728.75836181640625 ], [ 11.464541998651587, 47.259266002592611, 733.22735595703125 ], [ 11.464674998651887, 47.259247002592573, 734.6868896484375 ], [ 11.464990998652613, 47.259189002592471, 737.67449951171875 ], [ 11.46530799865333, 47.25914100259233, 740.42523193359375 ], [ 11.465639998654089, 47.25910100259226, 743.76580810546875 ], [ 11.465742998654321, 47.259100002592227, 744.78485107421875 ], [ 11.465836998654533, 47.259107002592231, 745.75726318359375 ], [ 11.46623599865543, 47.259167002592385, 749.36505126953125 ], [ 11.466442998655893, 47.259179002592404, 749.2877197265625 ], [ 11.467247998657722, 47.259141002592294, 758.540771484375 ], [ 11.467539998658383, 47.259137002592297, 761.989013671875 ], [ 11.467754998658879, 47.259140002592297, 763.4638671875 ], [ 11.467906998659213, 47.259149002592309, 764.8411865234375 ], [ 11.468039998659506, 47.259164002592328, 763.42401123046875 ], [ 11.468144998659751, 47.259183002592373, 766.9700927734375 ], [ 11.468423998660374, 47.259245002592493, 769.01934814453125 ], [ 11.468847998661325, 47.259353002592704, 768.52679443359375 ], [ 11.469103998661893, 47.259418002592852, 776.038330078125 ], [ 11.469436998662644, 47.259482002592975, 778.80841064453125 ], [ 11.469486998662759, 47.259489002592993, 779.67535400390625 ], [ 11.469917998663727, 47.259551002593106, 781.92877197265625 ], [ 11.470044998664012, 47.259560002593133, 784.59820556640625 ], [ 11.470143998664234, 47.259559002593129, 784.84326171875 ], [ 11.47023799866445, 47.259551002593128, 785.19635009765625 ], [ 11.470578998665228, 47.259502002592995, 789.2584228515625 ], [ 11.470983998666149, 47.259418002592817, 791.40716552734375 ], [ 11.471247998666755, 47.259354002592666, 792.352783203125 ], [ 11.471263998666814, 47.259094002592121, 793.57757568359375 ], [ 11.471227998666741, 47.258997002591933, 793.8843994140625 ], [ 11.471193998666671, 47.25895200259184, 794.1641845703125 ], [ 11.470886998665993, 47.258636002591153, 795.95343017578125 ], [ 11.470814998665842, 47.258549002590968, 796.40179443359375 ], [ 11.470752998665725, 47.258420002590711, 797.4710693359375 ], [ 11.470725998665667, 47.258291002590433, 797.55645751953125 ], [ 11.470758998665756, 47.258111002590034, 799.283203125 ], [ 11.47095799866625, 47.257722002589226, 802.66705322265625 ], [ 11.471051998666471, 47.257583002588909, 804.53546142578125 ], [ 11.471089998666566, 47.257536002588829, 804.76666259765625 ], [ 11.471104998666599, 47.257518002588768, 804.95587158203125 ], [ 11.471171998666751, 47.25745600258864, 805.36053466796875 ], [ 11.471281998667012, 47.257379002588493, 806.49066162109375 ], [ 11.471387998667256, 47.257329002588364, 807.1888427734375 ], [ 11.471479998667469, 47.257295002588307, 807.60125732421875 ], [ 11.471582998667705, 47.257269002588245, 808.4368896484375 ], [ 11.47172199866802, 47.257245002588192, 808.594970703125 ], [ 11.472596998670005, 47.25716500258801, 813.14208984375 ], [ 11.472798998670473, 47.257132002587923, 814.59130859375 ], [ 11.472838998670561, 47.257119002587892, 815.3096923828125 ], [ 11.472897998670701, 47.25707900258783, 815.762451171875 ], [ 11.472915998670732, 47.257050002587725, 816.1834716796875 ], [ 11.472914998670742, 47.257019002587704, 816.2947998046875 ], [ 11.47288899867069, 47.256981002587615, 817.04620361328125 ], [ 11.472860998670621, 47.256963002587561, 817.04620361328125 ], [ 11.472424998669654, 47.256836002587306, 819.24200439453125 ], [ 11.471691998668009, 47.256610002586839, 823.72845458984375 ], [ 11.471543998667682, 47.256562002586733, 824.46795654296875 ], [ 11.471469998667516, 47.256530002586679, 824.63885498046875 ], [ 11.471425998667412, 47.256508002586621, 825.04473876953125 ], [ 11.471349998667252, 47.256456002586525, 825.24505615234375 ], [ 11.471018998666533, 47.256126002585837, 825.46502685546875 ], [ 11.470287998664903, 47.255840002585231, 824.35107421875 ], [ 11.469930998664122, 47.255614002584785, 824.98333740234375 ], [ 11.469480998663135, 47.255291002584087, 828.60308837890625 ], [ 11.469291998662706, 47.255164002583825, 830.14886474609375 ], [ 11.468823998661685, 47.25490900258329, 833.23016357421875 ], [ 11.468662998661328, 47.254811002583111, 835.15057373046875 ], [ 11.46858299866115, 47.254710002582883, 836.757080078125 ], [ 11.468374998660719, 47.254298002582011, 841.725341796875 ], [ 11.468082998660094, 47.253951002581296, 845.18133544921875 ], [ 11.468045998660015, 47.253859002581073, 846.96185302734375 ], [ 11.468037998660003, 47.253841002581062, 847.5008544921875 ], [ 11.468043998660029, 47.25369400258073, 848.14453125 ], [ 11.468079998660121, 47.253568002580458, 849.31103515625 ], [ 11.468161998660307, 47.25350800258034, 849.2386474609375 ], [ 11.468662998661463, 47.253302002579886, 851.438232421875 ], [ 11.468787998661757, 47.253228002579732, 851.7667236328125 ], [ 11.468952998662138, 47.253133002579524, 852.58343505859375 ], [ 11.468957998662139, 47.253234002579752, 853.46868896484375 ], [ 11.469292998662878, 47.253409002580106, 857.8765869140625 ], [ 11.46961299866358, 47.253656002580662, 864.2716064453125 ], [ 11.469899998664221, 47.25376300258084, 869.8829345703125 ], [ 11.470077998664618, 47.25383000258099, 872.844482421875 ], [ 11.470552998665665, 47.254157002581685, 882.39129638671875 ], [ 11.470831998666284, 47.254259002581882, 883.0416259765625 ], [ 11.470981998666618, 47.254261002581863, 885.41485595703125 ], [ 11.471069998666829, 47.254232002581844, 886.6552734375 ], [ 11.471826998668572, 47.253836002580975, 902.62744140625 ], [ 11.473435998672198, 47.253993002581275, 912.95623779296875 ], [ 11.474491998674562, 47.254332002581954, 914.83367919921875 ], [ 11.475675998677227, 47.25443900258216, 915.48492431640625 ], [ 11.476555998679206, 47.254581002582441, 909.98443603515625 ], [ 11.478291998683122, 47.254727002582712, 896.28363037109375 ], [ 11.478765998684203, 47.254632002582511, 895.43939208984375 ], [ 11.479199998685191, 47.254594002582444, 893.80706787109375 ], [ 11.479722998686357, 47.254752002582762, 889.23382568359375 ], [ 11.479774998686477, 47.254766002582762, 888.50390625 ], [ 11.481012998689241, 47.255120002583503, 874.29827880859375 ], [ 11.482198998691906, 47.255273002583813, 867.58807373046875 ], [ 11.483854998695644, 47.255390002584029, 861.46484375 ], [ 11.484324998696698, 47.255498002584233, 856.7078857421875 ], [ 11.485543998699439, 47.255732002584708, 852.908447265625 ], [ 11.485784998699966, 47.255924002585125, 852.02166748046875 ], [ 11.486769998702181, 47.255999002585256, 843.2208251953125 ], [ 11.486767998702179, 47.255999002585249, 843.2208251953125 ], [ 11.48685199870237, 47.256006002585281, 843.246826171875 ], [ 11.486886998702442, 47.256100002585477, 841.61590576171875 ], [ 11.486862998702373, 47.256263002585797, 840.19219970703125 ], [ 11.48675599870211, 47.25646900258625, 839.15802001953125 ], [ 11.486486998701457, 47.256942002587259, 833.15460205078125 ], [ 11.48644299870136, 47.25694700258726, 833.15460205078125 ], [ 11.48644299870136, 47.25694700258726, 833.15460205078125 ], [ 11.486663038783174, 47.257210336072681, 834.01751708984375 ], [ 11.486663038783174, 47.257210336072681, 834.01751708984375 ], [ 11.487195096069652, 47.257478279417128, 836.16473388671875 ], [ 11.487489199870945, 47.257626389701748, 835.8709716796875 ], [ 11.487489199870945, 47.257626389701748, 835.8709716796875 ], [ 11.487917609960521, 47.257969393942581, 838.2900390625 ], [ 11.488173314928899, 47.258174122754298, 839.69818115234375 ], [ 11.488173314928899, 47.258174122754298, 839.69818115234375 ], [ 11.488455454955904, 47.258580973103804, 834.58489990234375 ], [ 11.488487123564889, 47.258626639735276, 832.9185791015625 ], [ 11.488563611233861, 47.258898493287255, 827.837890625 ], [ 11.48850087188465, 47.258999621549087, 828.05426025390625 ], [ 11.488511530441132, 47.259449223542752, 833.351318359375 ], [ 11.4885159939413, 47.25963750406433, 834.888671875 ], [ 11.488861060364735, 47.259919594270997, 836.814208984375 ], [ 11.489268866138145, 47.260217650215139, 834.505615234375 ], [ 11.489252998707414, 47.260218002594144, 834.505615234375 ], [ 11.489460998707878, 47.26027600259426, 831.07489013671875 ], [ 11.489658998708338, 47.260161002594025, 825.71112060546875 ], [ 11.489998998709096, 47.260235002594165, 824.74920654296875 ], [ 11.490175998709496, 47.260275002594234, 822.4833984375 ], [ 11.490809998710894, 47.260653002595035, 812.67242431640625 ], [ 11.491768998713031, 47.261076002595942, 798.85858154296875 ], [ 11.492294998714193, 47.261328002596436, 797.31658935546875 ], [ 11.492900998715502, 47.261976002597798, 793.96136474609375 ], [ 11.492956998715616, 47.262152002598164, 791.81048583984375 ], [ 11.492924998715518, 47.26242200259874, 791.7255859375 ], [ 11.493021998715705, 47.262742002599424, 791.3760986328125 ], [ 11.493297998716315, 47.262935002599839, 790.364990234375 ], [ 11.4935609987169, 47.26305000260006, 788.95172119140625 ], [ 11.493774998717365, 47.263250002600472, 785.72137451171875 ], [ 11.493834998717499, 47.263269002600524, 783.75726318359375 ], [ 11.494203998718325, 47.263392002600774, 779.783203125 ], [ 11.494794998719652, 47.2634660026009, 772.40673828125 ], [ 11.495185998720524, 47.263574002601132, 768.1341552734375 ], [ 11.495493998721212, 47.263727002601478, 761.658935546875 ], [ 11.495815998721914, 47.264020002602088, 757.74298095703125 ], [ 11.495989998722285, 47.26427900260262, 750.78790283203125 ], [ 11.495992998722272, 47.264445002602962, 752.791015625 ], [ 11.495993998722271, 47.264482002603046, 753.55157470703125 ], [ 11.495966998722203, 47.264624002603341, 753.4620361328125 ], [ 11.495926998722101, 47.264715002603545, 753.82281494140625 ], [ 11.495873998721974, 47.264809002603734, 756.08709716796875 ], [ 11.49563999872141, 47.265106002604362, 753.4918212890625 ], [ 11.495510998721111, 47.265283002604754, 754.77923583984375 ], [ 11.49543299872092, 47.265412002605053, 754.1019287109375 ], [ 11.495405998720852, 47.265472002605158, 753.6336669921875 ], [ 11.495386998720804, 47.265515002605241, 755.4954833984375 ], [ 11.495552998721175, 47.265541002605296, 753.95489501953125 ], [ 11.495657998721382, 47.265883002606031, 762.015869140625 ], [ 11.495727998721527, 47.266010002606293, 762.91754150390625 ], [ 11.495996998722116, 47.266233002606768, 768.3905029296875 ], [ 11.49627099872272, 47.266477002607274, 768.9652099609375 ], [ 11.496522998723263, 47.266762002607855, 770.3037109375 ], [ 11.496659998723558, 47.26693000260822, 772.45086669921875 ], [ 11.496669998723572, 47.26693000260822, 772.89569091796875 ], [ 11.496745998723751, 47.266935002608236, 773.52197265625 ], [ 11.496785998723842, 47.266944002608227, 773.52197265625 ], [ 11.497102998724541, 47.267042002608434, 775.698486328125 ], [ 11.4972619987249, 47.267097002608551, 777.46075439453125 ], [ 11.497428998725272, 47.267171002608727, 780.44927978515625 ], [ 11.497520998725477, 47.267224002608835, 780.743896484375 ], [ 11.497682998725834, 47.267332002609059, 782.4229736328125 ], [ 11.498096998726737, 47.267680002609779, 789.5059814453125 ], [ 11.498270998727119, 47.267797002610017, 791.17877197265625 ], [ 11.498345998727288, 47.267834002610115, 792.16668701171875 ], [ 11.498436998727488, 47.267867002610181, 797.642333984375 ], [ 11.498778998728264, 47.267933002610278, 799.55419921875 ], [ 11.499018998728799, 47.267952002610343, 803.4781494140625 ], [ 11.499179998729169, 47.267949002610337, 805.38946533203125 ], [ 11.499246998729314, 47.267945002610311, 807.16357421875 ], [ 11.499593962335659, 47.268242917096529, 801.28887939453125 ], [ 11.501162000295444, 47.268888924485346, 786.66015625 ], [ 11.502076689105325, 47.269167591905131, 778.97320556640625 ], [ 11.502487365713804, 47.269661589634453, 765.74139404296875 ], [ 11.503700728420784, 47.270130249884765, 760.84820556640625 ], [ 11.504419412485673, 47.270491242113025, 755.73040771484375 ], [ 11.505054094516991, 47.271073891041688, 746.75836181640625 ], [ 11.505614108074063, 47.27118788682094, 744.38623046875 ], [ 11.505800779259733, 47.271567870978501, 737.6248779296875 ], [ 11.506958140610999, 47.272023848366288, 725.81829833984375 ], [ 11.507984832132257, 47.272707807081765, 717.2298583984375 ], [ 11.508955522297846, 47.27306244886168, 709.73443603515625 ], [ 11.510336889071976, 47.273189106064244, 690.67633056640625 ], [ 11.511624920253263, 47.273290431608068, 677.105712890625 ], [ 11.51242760635175, 47.273290431608054, 673.9989013671875 ], [ 11.513360962280238, 47.273163774647912, 672.54638671875 ], [ 11.513939642955899, 47.27318910606418, 663.63714599609375 ], [ 11.514330998762945, 47.273336002621427, 657.2191162109375 ], [ 11.514261998762779, 47.273453002621672, 652.52398681640625 ], [ 11.514091998762378, 47.273624002622036, 648.505859375 ], [ 11.513899998761932, 47.273741002622288, 644.66375732421875 ], [ 11.513698998761468, 47.273849002622526, 640.9454345703125 ], [ 11.5133209987606, 47.273961002622777, 636.93731689453125 ], [ 11.512873998759581, 47.274049002622988, 632.08184814453125 ], [ 11.512406998758513, 47.274163002623219, 625.2490234375 ], [ 11.511788998757105, 47.274370002623677, 617.9688720703125 ], [ 11.511539998756527, 47.274440002623805, 616.85443115234375 ], [ 11.511396998756195, 47.274499002623955, 611.99554443359375 ], [ 11.511119998755559, 47.274597002624141, 611.097412109375 ], [ 11.510763998754745, 47.274739002624479, 603.44256591796875 ], [ 11.510665998754522, 47.274806002624636, 601.56121826171875 ], [ 11.510576998754305, 47.274905002624813, 600.88433837890625 ], [ 11.51058199875431, 47.27501100262505, 597.670654296875 ], [ 11.510321998753721, 47.275038002625124, 595.3330078125 ], [ 11.51008399875318, 47.275091002625224, 593.811279296875 ], [ 11.510063998753123, 47.275130002625318, 593.463134765625 ], [ 11.509965998752907, 47.275148002625365, 593.0701904296875 ], [ 11.509896998752737, 47.27528100262564, 591.51605224609375 ], [ 11.509896998752737, 47.27528100262564, 591.51605224609375 ], [ 11.509703998752274, 47.275497002626089, 580.616455078125 ], [ 11.509772998752434, 47.275491002626111, 581.35235595703125 ], [ 11.509983998752919, 47.275475002626045, 581.551513671875 ], [ 11.510227998753468, 47.275512002626115, 576.20257568359375 ], [ 11.509998998752932, 47.275627002626386, 573.8184814453125 ], [ 11.510086998753128, 47.275683002626494, 571.8240966796875 ], [ 11.51053199875413, 47.275732002626576, 565.77362060546875 ], [ 11.509918998752722, 47.275968002627103, 563.6658935546875 ], [ 11.509590998751968, 47.276087002627364, 562.78564453125 ], [ 11.509546998751871, 47.276099002627376, 562.60089111328125 ], [ 11.509324998751353, 47.27616400262751, 562.10107421875 ], [ 11.50903999875071, 47.276216002627642, 561.5799560546875 ], [ 11.508807998750186, 47.276233002627684, 561.52471923828125 ], [ 11.508668998749874, 47.276233002627698, 561.55242919921875 ], [ 11.508669998749868, 47.276282002627788, 561.3916015625 ], [ 11.508718998749968, 47.276342002627914, 561.60174560546875 ], [ 11.50870099874993, 47.276378002627993, 557.610107421875 ], [ 11.508453998749292, 47.27720300262974, 561.45806884765625 ], [ 11.508428998749233, 47.277262002629868, 561.389404296875 ], [ 11.508401998749173, 47.277244002629814, 561.474853515625 ], [ 11.508400998749169, 47.277243002629824, 561.474853515625 ], [ 11.508428998749233, 47.277262002629868, 561.389404296875 ], [ 11.508327998748982, 47.2775100026304, 561.22235107421875 ], [ 11.508196998748657, 47.277770002630938, 560.71563720703125 ], [ 11.508270998748827, 47.277780002630976, 560.72296142578125 ], [ 11.508259998748798, 47.277822002631055, 560.859619140625 ], [ 11.508627998749624, 47.277872002631142, 560.831298828125 ], [ 11.508566998749471, 47.278036002631502, 560.2950439453125 ], [ 11.508479998749255, 47.278241002631944, 560.447998046875 ], [ 11.508015998748226, 47.278060002631577, 561.07550048828125 ], [ 11.507990998748173, 47.278028002631494, 561.07550048828125 ], [ 11.507888998747939, 47.277998002631449, 560.96612548828125 ], [ 11.507610998747316, 47.27795400263134, 560.9085693359375 ], [ 11.507512998747098, 47.277947002631343, 561.05938720703125 ], [ 11.507386998746803, 47.277997002631437, 560.83551025390625 ], [ 11.506925998745768, 47.277870002631168, 560.7669677734375 ], [ 11.506210998744162, 47.277752002630947, 560.23291015625 ], [ 11.50614999874403, 47.277751002630929, 560.6575927734375 ], [ 11.505430998742396, 47.277870002631225, 561.26763916015625 ], [ 11.505207998741891, 47.277871002631215, 561.21331787109375 ], [ 11.505231998741939, 47.277894002631292, 561.16802978515625 ], [ 11.505230998741935, 47.277893002631274, 561.16802978515625 ], [ 11.505207998741891, 47.277871002631215, 561.21331787109375 ], [ 11.504932998741268, 47.277865002631202, 560.65679931640625 ], [ 11.5042409987397, 47.277852002631199, 560.708984375 ], [ 11.50350699873804, 47.277844002631205, 560.96942138671875 ], [ 11.503495998738021, 47.277805002631126, 560.90081787109375 ], [ 11.503449998737922, 47.27776200263105, 561.0284423828125 ], [ 11.503372998737747, 47.277730002630953, 560.99566650390625 ], [ 11.501832998734285, 47.277514002630546, 561.22314453125 ], [ 11.501624998733815, 47.277486002630489, 561.0614013671875 ], [ 11.501560998733677, 47.277477002630469, 561.039794921875 ] ] ] } },
{ "type": "Feature", "properties": { "name": "IBK Ost II", "elevation gain": 467, "elevation loss": -718, "length": 17.360891423851683 }, "geometry": { "type": "MultiLineString", "coordinates": [ [ [ 11.523425998780315, 47.308279002695244, 774.07470703125 ], [ 11.523451998780368, 47.308297002695298, 774.07470703125 ], [ 11.523614998780724, 47.308428002695543, 772.96978759765625 ], [ 11.523859998781258, 47.308637002695967, 774.51922607421875 ], [ 11.524396998782427, 47.309129002696999, 776.95501708984375 ], [ 11.524520998782696, 47.309255002697292, 776.4329833984375 ], [ 11.524671998783013, 47.309470002697736, 777.02947998046875 ], [ 11.524830998783356, 47.309644002698086, 778.21844482421875 ], [ 11.525022998783783, 47.309803002698438, 778.4012451171875 ], [ 11.52570399878528, 47.310270002699383, 779.9033203125 ], [ 11.526315998786632, 47.31065800270018, 781.889404296875 ], [ 11.526534998787115, 47.310781002700466, 782.53662109375 ], [ 11.526781998787667, 47.310891002700693, 785.54083251953125 ], [ 11.526961998788067, 47.310934002700805, 787.26953125 ], [ 11.527224998788661, 47.310970002700849, 789.00006103515625 ], [ 11.527585998789471, 47.31099600270089, 791.1435546875 ], [ 11.527905998790192, 47.311011002700923, 793.70648193359375 ], [ 11.528339998791173, 47.311007002700904, 796.791015625 ], [ 11.528674998791931, 47.311047002700974, 799.6043701171875 ], [ 11.528933998792507, 47.311129002701158, 801.03277587890625 ], [ 11.529195998793098, 47.311233002701378, 805.1915283203125 ], [ 11.529583998793944, 47.311452002701806, 805.872314453125 ], [ 11.529929998794719, 47.311647002702244, 808.720458984375 ], [ 11.530117998795141, 47.311704002702342, 806.836669921875 ], [ 11.530354998795667, 47.311751002702437, 807.01129150390625 ], [ 11.530801998796679, 47.31177900270248, 806.15191650390625 ], [ 11.531678998798659, 47.311793002702501, 807.1585693359375 ], [ 11.532131998799683, 47.311856002702633, 808.4271240234375 ], [ 11.532320998800097, 47.311898002702691, 808.17730712890625 ], [ 11.533103998801854, 47.312073002703052, 812.173583984375 ], [ 11.533400998802524, 47.312168002703238, 813.6170654296875 ], [ 11.533571998802898, 47.312260002703447, 816.52838134765625 ], [ 11.533629998803026, 47.312291002703518, 816.54339599609375 ], [ 11.534139998804136, 47.31273600270444, 817.20233154296875 ], [ 11.534465998804865, 47.312900002704772, 817.9761962890625 ], [ 11.535295998806722, 47.313144002705286, 820.09185791015625 ], [ 11.535668998807546, 47.313293002705585, 821.39764404296875 ], [ 11.535896998808052, 47.313408002705806, 822.97369384765625 ], [ 11.536510998809407, 47.313784002706591, 826.97113037109375 ], [ 11.536786998810015, 47.313927002706897, 827.87811279296875 ], [ 11.53697499881044, 47.3140100027071, 827.63330078125 ], [ 11.53719599881093, 47.314090002707225, 828.505126953125 ], [ 11.537418998811431, 47.314154002707369, 830.49822998046875 ], [ 11.537649998811947, 47.314206002707465, 830.780517578125 ], [ 11.537813998812311, 47.314244002707539, 831.29071044921875 ], [ 11.538357998813533, 47.314361002707805, 832.3792724609375 ], [ 11.53972699881661, 47.31464000270833, 838.2657470703125 ], [ 11.53992799881706, 47.31467500270842, 838.040283203125 ], [ 11.540524998818407, 47.314748002708555, 839.06201171875 ], [ 11.540602998818583, 47.314760002708582, 838.55279541015625 ], [ 11.54069099881877, 47.314782002708633, 839.26800537109375 ], [ 11.540934998819317, 47.314851002708771, 838.8104248046875 ], [ 11.541698998821024, 47.315101002709262, 837.9395751953125 ], [ 11.542133998822001, 47.315258002709612, 838.761962890625 ], [ 11.542565998822949, 47.315449002709975, 838.5819091796875 ], [ 11.542840998823568, 47.315559002710224, 838.35162353515625 ], [ 11.542957998823832, 47.315596002710279, 840.02752685546875 ], [ 11.544213998826642, 47.315890002710887, 840.02142333984375 ], [ 11.544638998827596, 47.315999002711109, 841.563232421875 ], [ 11.544775998827896, 47.316037002711184, 841.928466796875 ], [ 11.545027998828465, 47.316114002711352, 843.38873291015625 ], [ 11.545617998829783, 47.316312002711769, 846.41241455078125 ], [ 11.546275998831254, 47.316532002712222, 849.30279541015625 ], [ 11.546547998831857, 47.31661400271237, 850.48883056640625 ], [ 11.546499998831747, 47.316665002712462, 850.77044677734375 ], [ 11.546863743465865, 47.316804980491263, 854.8394775390625 ], [ 11.546946896024904, 47.316897226787596, 856.02191162109375 ], [ 11.546954455348439, 47.317035595930129, 858.16436767578125 ], [ 11.546788150230324, 47.317245711342615, 861.87554931640625 ], [ 11.546674760377066, 47.317317457877458, 864.33905029296875 ], [ 11.546228760287613, 47.317353331108386, 866.58795166015625 ], [ 11.545518183873902, 47.317578819430608, 870.98321533203125 ], [ 11.545055474395848, 47.317678027342716, 872.52734375 ], [ 11.544301748980283, 47.318293279670407, 880.06585693359375 ], [ 11.54420599882639, 47.318458002716291, 882.3948974609375 ], [ 11.544165998826292, 47.318557002716553, 883.5782470703125 ], [ 11.544126998826179, 47.318805002717063, 887.4361572265625 ], [ 11.543944998825742, 47.319053002717567, 891.26519775390625 ], [ 11.543500998824703, 47.31944400271842, 893.38525390625 ], [ 11.543350998824344, 47.319636002718845, 894.86761474609375 ], [ 11.543268998824148, 47.319812002719225, 896.92388916015625 ], [ 11.543185998823937, 47.32002800271966, 899.578125 ], [ 11.543087998823692, 47.320208002720037, 901.26641845703125 ], [ 11.542912098695373, 47.320426997488731, 903.527099609375 ], [ 11.54267699882273, 47.320631002720958, 906.30438232421875 ], [ 11.543054998823566, 47.320828002721356, 910.38604736328125 ], [ 11.543209998823913, 47.320855002721416, 910.27972412109375 ], [ 11.543481998824538, 47.320770002721247, 911.96624755859375 ], [ 11.543727998825092, 47.320732002721137, 914.221923828125 ], [ 11.543965998825634, 47.320755002721178, 916.34820556640625 ], [ 11.544112998825959, 47.320808002721314, 917.16363525390625 ], [ 11.544276998826334, 47.320808002721314, 917.4259033203125 ], [ 11.544487998826815, 47.320749002721165, 919.4869384765625 ], [ 11.544669998827231, 47.320708002721084, 920.517333984375 ], [ 11.544856998827655, 47.320698002721038, 922.26995849609375 ], [ 11.545237998828517, 47.32071600272107, 923.70391845703125 ], [ 11.545277998828611, 47.320722002721098, 924.6497802734375 ], [ 11.545298998828653, 47.320725002721097, 924.6497802734375 ], [ 11.545333998828726, 47.320764002721177, 925.05224609375 ], [ 11.545304998828659, 47.32083400272132, 925.53961181640625 ], [ 11.545083998828147, 47.320948002721586, 927.663330078125 ], [ 11.54499799882794, 47.32106200272181, 929.5960693359375 ], [ 11.544962998827826, 47.321419002722564, 932.9383544921875 ], [ 11.544811998827463, 47.321724002723229, 936.60693359375 ], [ 11.544591998826942, 47.321943002723685, 938.51470947265625 ], [ 11.544604998826959, 47.322063002723951, 939.1304931640625 ], [ 11.544906998827615, 47.32238500272463, 942.4580078125 ], [ 11.544936998827673, 47.322470002724806, 943.622314453125 ], [ 11.54485999882748, 47.322704002725288, 945.986572265625 ], [ 11.544906998827567, 47.322912002725744, 946.54608154296875 ], [ 11.545131998828058, 47.323123002726177, 951.0380859375 ], [ 11.545126998828033, 47.323261002726461, 953.818603515625 ], [ 11.544941998827607, 47.323340002726638, 955.150146484375 ], [ 11.544755998827174, 47.323498002726986, 956.13580322265625 ], [ 11.544254998825993, 47.323943002727923, 960.84332275390625 ], [ 11.544254998825993, 47.324024002728102, 961.39312744140625 ], [ 11.544366998826243, 47.324024002728109, 963.00732421875 ], [ 11.544476998826495, 47.323953002727954, 963.030029296875 ], [ 11.544638998826867, 47.323921002727872, 967.394287109375 ], [ 11.544993998827675, 47.323853002727724, 968.04534912109375 ], [ 11.545319998828433, 47.323645002727275, 969.3333740234375 ], [ 11.545857998829662, 47.323538002727027, 973.18218994140625 ], [ 11.546922998832111, 47.323131002726171, 981.66766357421875 ], [ 11.547011998832312, 47.323121002726154, 983.05145263671875 ], [ 11.547343998833064, 47.323076002726005, 985.042236328125 ], [ 11.547475998833374, 47.323036002725971, 985.66815185546875 ], [ 11.547618998833697, 47.322967002725811, 984.47320556640625 ], [ 11.547739998833968, 47.322962002725767, 986.9537353515625 ], [ 11.547791998834088, 47.322968002725787, 987.3392333984375 ], [ 11.547834998834196, 47.322914002725668, 984.1920166015625 ], [ 11.547837998834199, 47.322880002725611, 983.8287353515625 ], [ 11.547819998834163, 47.322839002725516, 982.22381591796875 ], [ 11.54776099883404, 47.322758002725351, 980.3004150390625 ], [ 11.547705998833937, 47.322574002724984, 976.749267578125 ], [ 11.547663998833846, 47.322478002724736, 975.2764892578125 ], [ 11.547640998833801, 47.322399002724588, 973.9208984375 ], [ 11.547550998833612, 47.322239002724267, 969.42230224609375 ], [ 11.547518998833548, 47.322146002724054, 968.09320068359375 ], [ 11.547598998833731, 47.322092002723949, 966.75714111328125 ], [ 11.547945998834534, 47.321861002723438, 961.801025390625 ], [ 11.548143998835069, 47.320925002721459, 940.77667236328125 ], [ 11.548561998836062, 47.320466002720508, 929.12738037109375 ], [ 11.548657998836362, 47.319593002718648, 914.2088623046875 ], [ 11.54839599883579, 47.319332002718085, 909.48419189453125 ], [ 11.548345998835698, 47.319112002717603, 905.37005615234375 ], [ 11.548330998835667, 47.319044002717476, 904.154541015625 ], [ 11.548020998834971, 47.319032002717464, 902.47625732421875 ], [ 11.547727998834324, 47.318857002717102, 897.77215576171875 ], [ 11.547744998834377, 47.31872000271683, 897.07672119140625 ], [ 11.547950998834839, 47.318709002716759, 896.40869140625 ], [ 11.548456998835979, 47.31877300271691, 900.8463134765625 ], [ 11.548757998836662, 47.318749002716842, 901.845947265625 ], [ 11.549049998837317, 47.318813002716986, 902.2921142578125 ], [ 11.549098998837426, 47.318848002717047, 903.447265625 ], [ 11.549383998838053, 47.319052002717463, 905.16845703125 ], [ 11.549864998839126, 47.319110002717558, 905.9012451171875 ], [ 11.550061998839567, 47.319250002717887, 905.2723388671875 ], [ 11.550225998839935, 47.319286002717952, 904.3673095703125 ], [ 11.550379998840278, 47.319320002717994, 905.41619873046875 ], [ 11.550424998840379, 47.319361002718097, 904.8150634765625 ], [ 11.550433998840388, 47.319454002718295, 903.55523681640625 ], [ 11.55037499884024, 47.319581002718564, 902.16912841796875 ], [ 11.550404998840301, 47.319619002718639, 902.40771484375 ], [ 11.550563998840666, 47.319656002718737, 900.9564208984375 ], [ 11.550687998840946, 47.319627002718654, 900.7138671875 ], [ 11.550923998841489, 47.319522002718429, 902.2532958984375 ], [ 11.550997998841654, 47.31953800271846, 905.17822265625 ], [ 11.551073998841821, 47.319604002718613, 904.9423828125 ], [ 11.551194998842085, 47.31973900271889, 904.19891357421875 ], [ 11.55123799884217, 47.319881002719178, 905.317138671875 ], [ 11.551214998842109, 47.319950002719338, 904.356689453125 ], [ 11.551154998841966, 47.320010002719464, 905.41351318359375 ], [ 11.551079998841779, 47.320235002719919, 907.3092041015625 ], [ 11.551070998841753, 47.320286002720046, 907.26739501953125 ], [ 11.551077998841768, 47.320340002720151, 907.578369140625 ], [ 11.551093998841797, 47.320352002720171, 908.22869873046875 ], [ 11.551137998841895, 47.320365002720209, 906.08331298828125 ], [ 11.551141998841898, 47.320433002720343, 908.8111572265625 ], [ 11.551256998842144, 47.320595002720694, 910.98419189453125 ], [ 11.5514219988425, 47.320872002721288, 911.67523193359375 ], [ 11.551477998842614, 47.320941002721412, 913.7537841796875 ], [ 11.551602998842895, 47.321022002721577, 913.83172607421875 ], [ 11.55201899884381, 47.321243002722042, 920.25048828125 ], [ 11.55205399884389, 47.321264002722089, 921.76336669921875 ], [ 11.552110998844013, 47.321300002722161, 921.26568603515625 ], [ 11.552140998844081, 47.321319002722213, 922.8585205078125 ], [ 11.552280998844392, 47.321359002722275, 924.4464111328125 ], [ 11.552520998844926, 47.321415002722397, 926.4112548828125 ], [ 11.553308998846672, 47.321816002723217, 934.24310302734375 ], [ 11.553545998847197, 47.322013002723651, 937.56927490234375 ], [ 11.553776998847708, 47.322143002723905, 939.5863037109375 ], [ 11.554529998849357, 47.322765002725205, 947.26361083984375 ], [ 11.554747998849821, 47.323045002725799, 953.04998779296875 ], [ 11.554850998850029, 47.323287002726332, 956.4290771484375 ], [ 11.554950998850249, 47.323377002726509, 958.9320068359375 ], [ 11.555138998850659, 47.323497002726739, 957.4979248046875 ], [ 11.55516599885072, 47.323514002726789, 958.24871826171875 ], [ 11.555171998850728, 47.323564002726869, 958.5250244140625 ], [ 11.555125998850624, 47.323602002726979, 962.55206298828125 ], [ 11.555070998850496, 47.323606002726969, 963.03680419921875 ], [ 11.554776998849841, 47.323488002726741, 961.96539306640625 ], [ 11.554014998848141, 47.323241002726235, 970.8416748046875 ], [ 11.553121998846139, 47.323068002725876, 975.820068359375 ], [ 11.552588998844952, 47.322858002725468, 983.01214599609375 ], [ 11.552443998844625, 47.322844002725446, 984.8087158203125 ], [ 11.551663998842852, 47.322910002725592, 988.1552734375 ], [ 11.551317998842061, 47.32299100272575, 991.99267578125 ], [ 11.550945998841224, 47.322963002725714, 995.65203857421875 ], [ 11.550435998840067, 47.323006002725798, 999.03271484375 ], [ 11.550168998839467, 47.3229910027258, 1002.83544921875 ], [ 11.549296998837479, 47.323097002726023, 1007.67376708984375 ], [ 11.549076998836988, 47.32310200272606, 1010.24346923828125 ], [ 11.549030998836878, 47.323132002726091, 1010.24346923828125 ], [ 11.549019998836847, 47.323181002726194, 1010.3089599609375 ], [ 11.549047998836905, 47.323240002726322, 1009.9598388671875 ], [ 11.549095998837009, 47.323274002726407, 1012.23040771484375 ], [ 11.549742998838461, 47.3234170027267, 1017.33197021484375 ], [ 11.549923998838866, 47.323485002726819, 1021.00482177734375 ], [ 11.550454998840047, 47.323686002727257, 1026.1783447265625 ], [ 11.550668998840527, 47.323786002727481, 1026.6610107421875 ], [ 11.551074998841436, 47.323846002727564, 1031.1776123046875 ], [ 11.551225998841764, 47.3239100027277, 1033.896484375 ], [ 11.551365998842073, 47.324066002728046, 1035.072265625 ], [ 11.551420998842193, 47.324115002728114, 1035.36279296875 ], [ 11.551820998843082, 47.324271002728459, 1039.5367431640625 ], [ 11.551937998843341, 47.324331002728591, 1041.3829345703125 ], [ 11.552226998843965, 47.324670002729306, 1044.45751953125 ], [ 11.552418998844395, 47.324757002729456, 1048.6051025390625 ], [ 11.55253899884465, 47.324937002729854, 1049.60791015625 ], [ 11.552645998844877, 47.325028002730029, 1052.0440673828125 ], [ 11.552903998845462, 47.325079002730142, 1051.6202392578125 ], [ 11.553114998845933, 47.325177002730364, 1057.150634765625 ], [ 11.553253998846237, 47.325231002730462, 1056.372802734375 ], [ 11.553249998846223, 47.325288002730581, 1059.1785888671875 ], [ 11.553110998845906, 47.325308002730615, 1061.872314453125 ], [ 11.552837998845288, 47.325280002730558, 1062.90087890625 ], [ 11.552294998844056, 47.325330002730688, 1064.7508544921875 ], [ 11.552201998843845, 47.325339002730715, 1065.5821533203125 ], [ 11.551905998843187, 47.325256002730555, 1071.9508056640625 ], [ 11.551704998842729, 47.325248002730518, 1069.6759033203125 ], [ 11.551297998841799, 47.325346002730747, 1074.6357421875 ], [ 11.551113998841382, 47.32535500273076, 1077.4224853515625 ], [ 11.550923998840958, 47.325323002730677, 1077.6116943359375 ], [ 11.550871998840837, 47.325344002730759, 1077.8587646484375 ], [ 11.550838998840755, 47.325408002730889, 1073.210693359375 ], [ 11.551043998841195, 47.32574700273161, 1079.925048828125 ], [ 11.551046998841175, 47.325963002732053, 1087.0634765625 ], [ 11.5510599988412, 47.326064002732267, 1085.8228759765625 ], [ 11.551184998841466, 47.326236002732628, 1088.060302734375 ], [ 11.551238998841573, 47.326364002732895, 1089.9600830078125 ], [ 11.551260998841594, 47.326671002733555, 1092.009521484375 ], [ 11.551213998841471, 47.326848002733918, 1096.310546875 ], [ 11.551153998841331, 47.326946002734147, 1097.6458740234375 ], [ 11.55100899884099, 47.327036002734324, 1099.2274169921875 ], [ 11.550637998840145, 47.327189002734684, 1103.65673828125 ], [ 11.550574998839988, 47.327251002734762, 1102.78662109375 ], [ 11.550583998840008, 47.327304002734877, 1103.5560302734375 ], [ 11.550386998839555, 47.327409002735124, 1100.2923583984375 ], [ 11.550218998839149, 47.327584002735499, 1107.303955078125 ], [ 11.550198998839111, 47.327606002735557, 1107.303955078125 ], [ 11.550115998838923, 47.327637002735621, 1121.824951171875 ], [ 11.550036998838744, 47.327593002735533, 1124.15625 ], [ 11.549999998838668, 47.327425002735168, 1121.34130859375 ], [ 11.549886998838426, 47.327301002734899, 1131.660888671875 ], [ 11.549768998838175, 47.32718900273467, 1132.407470703125 ], [ 11.549589998837773, 47.32713900273459, 1133.76025390625 ], [ 11.549358998837256, 47.327131002734568, 1140.9298095703125 ], [ 11.549180998836851, 47.327060002734434, 1143.1722412109375 ], [ 11.548981998836418, 47.326922002734143, 1143.4415283203125 ], [ 11.548853998836142, 47.326771002733828, 1141.4622802734375 ], [ 11.548731998835871, 47.326685002733619, 1148.042724609375 ], [ 11.548567998835505, 47.326610002733474, 1145.845458984375 ], [ 11.548495998835351, 47.32648100273321, 1139.18896484375 ], [ 11.548556998835496, 47.326451002733144, 1137.87890625 ], [ 11.54850599883539, 47.326393002733042, 1133.868408203125 ], [ 11.548580998835565, 47.326337002732906, 1133.220458984375 ], [ 11.548540998835477, 47.326275002732778, 1129.453857421875 ], [ 11.548647998835721, 47.326241002732701, 1128.896484375 ], [ 11.548605998835635, 47.326164002732533, 1125.0213623046875 ], [ 11.548639998835721, 47.326096002732399, 1121.434814453125 ], [ 11.548464998835342, 47.325973002732148, 1114.86083984375 ], [ 11.548500998835422, 47.325907002731981, 1111.9976806640625 ], [ 11.548452998835325, 47.325775002731696, 1105.3116455078125 ], [ 11.548386998835184, 47.325697002731559, 1101.325439453125 ], [ 11.548271998834947, 47.325456002731059, 1089.629638671875 ], [ 11.548203998834797, 47.325410002730948, 1085.6866455078125 ], [ 11.548099998834566, 47.325372002730866, 1081.6376953125 ], [ 11.548030998834413, 47.3253000027307, 1079.9056396484375 ], [ 11.548089998834557, 47.325256002730647, 1078.00244140625 ], [ 11.548116998834612, 47.325214002730547, 1076.121337890625 ], [ 11.548141998834685, 47.325106002730315, 1070.9969482421875 ], [ 11.548147998834702, 47.32508300273026, 1070.9969482421875 ], [ 11.548085998834562, 47.325031002730157, 1068.7196044921875 ], [ 11.54813299883468, 47.324937002729946, 1064.0867919921875 ], [ 11.548031998834455, 47.324869002729798, 1059.002197265625 ], [ 11.548103998834625, 47.324809002729687, 1057.4481201171875 ], [ 11.548031998834466, 47.324753002729558, 1053.6124267578125 ], [ 11.548079998834583, 47.324714002729486, 1054.0576171875 ], [ 11.548076998834579, 47.324663002729373, 1052.489990234375 ], [ 11.547999998834404, 47.324636002729314, 1047.3988037109375 ], [ 11.547995998834397, 47.324578002729204, 1045.9512939453125 ], [ 11.547971998834354, 47.324518002729071, 1042.462890625 ], [ 11.547931998834262, 47.324485002728977, 1042.462890625 ], [ 11.54777099883391, 47.324424002728882, 1035.2412109375 ], [ 11.547636998833607, 47.3243920027288, 1034.7340087890625 ], [ 11.547582998833484, 47.324369002728773, 1032.2945556640625 ], [ 11.547544998833404, 47.324332002728681, 1030.3780517578125 ], [ 11.547593998833527, 47.324180002728369, 1025.5914306640625 ], [ 11.547590998833526, 47.324132002728255, 1023.52630615234375 ], [ 11.547641998833649, 47.324065002728112, 1020.4901123046875 ], [ 11.547654998833687, 47.324005002727993, 1019.04620361328125 ], [ 11.547652998833689, 47.323945002727861, 1017.4287109375 ], [ 11.547681998833758, 47.323872002727711, 1015.6380615234375 ], [ 11.547635998833659, 47.323803002727573, 1013.459228515625 ], [ 11.547636998833664, 47.323745002727421, 1010.419921875 ], [ 11.547580998833544, 47.32371600272738, 1009.30133056640625 ], [ 11.547596998833578, 47.323683002727307, 1008.53021240234375 ], [ 11.547568998833521, 47.323656002727247, 1007.23492431640625 ], [ 11.547681998833777, 47.323638002727215, 1006.96026611328125 ], [ 11.547755998833948, 47.32361000272715, 1003.8326416015625 ], [ 11.547783998834015, 47.323591002727113, 1003.8326416015625 ], [ 11.547783998834017, 47.323534002726987, 1000.0777587890625 ], [ 11.547770998833991, 47.323492002726887, 998.9454345703125 ], [ 11.547791998834047, 47.323440002726798, 998.40960693359375 ], [ 11.54778699883404, 47.323374002726645, 994.58892822265625 ], [ 11.547786998834038, 47.323372002726657, 994.58892822265625 ], [ 11.547780998834034, 47.323261002726419, 993.43243408203125 ], [ 11.54774099883395, 47.323231002726338, 991.61474609375 ], [ 11.547764998834007, 47.323200002726274, 991.36016845703125 ], [ 11.547754998833991, 47.323167002726208, 989.90814208984375 ], [ 11.547713998833901, 47.32311100272608, 989.2667236328125 ], [ 11.547707998833895, 47.323054002725968, 988.9468994140625 ], [ 11.547739998833968, 47.322962002725767, 986.9537353515625 ], [ 11.547791998834088, 47.322968002725787, 987.3392333984375 ], [ 11.547834998834196, 47.322914002725668, 984.1920166015625 ], [ 11.547837998834199, 47.322880002725611, 983.8287353515625 ], [ 11.547819998834163, 47.322839002725516, 982.22381591796875 ], [ 11.54776099883404, 47.322758002725351, 980.3004150390625 ], [ 11.547705998833937, 47.322574002724984, 976.749267578125 ], [ 11.547663998833846, 47.322478002724736, 975.2764892578125 ], [ 11.547640998833801, 47.322399002724588, 973.9208984375 ], [ 11.547550998833612, 47.322239002724267, 969.42230224609375 ], [ 11.547518998833548, 47.322146002724054, 968.09320068359375 ], [ 11.547945998834534, 47.321861002723438, 961.801025390625 ], [ 11.548143998835069, 47.320925002721459, 940.77667236328125 ], [ 11.548561998836062, 47.320466002720508, 929.12738037109375 ], [ 11.548657998836362, 47.319593002718648, 914.2088623046875 ], [ 11.54839599883579, 47.319332002718085, 909.48419189453125 ], [ 11.548330998835667, 47.319044002717476, 904.154541015625 ], [ 11.548020998834971, 47.319032002717464, 902.47625732421875 ], [ 11.547727998834324, 47.318857002717102, 897.77215576171875 ], [ 11.547744998834377, 47.31872000271683, 897.07672119140625 ], [ 11.547744998834371, 47.318719002716783, 897.07672119140625 ], [ 11.547950998834839, 47.318709002716759, 896.40869140625 ], [ 11.548456998835979, 47.31877300271691, 900.8463134765625 ], [ 11.548757998836662, 47.318749002716842, 901.845947265625 ], [ 11.549049998837317, 47.318813002716986, 902.2921142578125 ], [ 11.549383998838053, 47.319052002717463, 905.16845703125 ], [ 11.549864998839126, 47.319110002717558, 905.9012451171875 ], [ 11.550061998839567, 47.319250002717887, 905.2723388671875 ], [ 11.550225998839935, 47.319286002717952, 904.3673095703125 ], [ 11.550339998840206, 47.319094002717527, 901.08447265625 ], [ 11.550465998840499, 47.319000002717324, 898.9951171875 ], [ 11.550522998840647, 47.318872002717079, 895.91888427734375 ], [ 11.550574998840776, 47.318686002716689, 892.2677001953125 ], [ 11.550601998840856, 47.318518002716303, 888.2789306640625 ], [ 11.550586998840831, 47.318441002716156, 887.01983642578125 ], [ 11.550555998840775, 47.318270002715764, 884.94769287109375 ], [ 11.550647998840999, 47.318098002715438, 881.33428955078125 ], [ 11.550772998841294, 47.317984002715178, 877.66046142578125 ], [ 11.550596998840909, 47.317780002714755, 874.12542724609375 ], [ 11.550535998840779, 47.317716002714626, 872.93475341796875 ], [ 11.550534998840789, 47.317617002714421, 871.25836181640625 ], [ 11.551060998841955, 47.31782500271482, 872.985595703125 ], [ 11.551236998842352, 47.31789800271499, 870.55206298828125 ], [ 11.551560998843065, 47.318043002715292, 875.204833984375 ], [ 11.551670998843306, 47.318093002715379, 876.63323974609375 ], [ 11.551919998843857, 47.318287002715792, 878.19683837890625 ], [ 11.552147998844351, 47.318511002716271, 878.6065673828125 ], [ 11.552423998844949, 47.318804002716874, 880.7655029296875 ], [ 11.552500998845114, 47.318907002717111, 879.16534423828125 ], [ 11.552606998845363, 47.318853002716963, 878.446044921875 ], [ 11.552669998845504, 47.318798002716854, 877.986572265625 ], [ 11.552704998845591, 47.318733002716726, 875.92144775390625 ], [ 11.552729998845676, 47.318433002716084, 872.5162353515625 ], [ 11.552786998845832, 47.318135002715444, 867.38531494140625 ], [ 11.552733998845838, 47.316776002712572, 848.83782958984375 ], [ 11.552732998845839, 47.316747002712503, 848.50799560546875 ], [ 11.552608998845557, 47.316736002712503, 848.35406494140625 ], [ 11.552532998845388, 47.316745002712516, 847.7994384765625 ], [ 11.552668998845725, 47.316401002711778, 843.8416748046875 ], [ 11.553004998846582, 47.315355002709566, 839.49407958984375 ], [ 11.553126998846871, 47.315227002709292, 840.12506103515625 ], [ 11.553117998846854, 47.315152002709148, 838.85614013671875 ], [ 11.553217998847099, 47.314912002708603, 839.75982666015625 ], [ 11.55332599884736, 47.314748002708257, 839.79083251953125 ], [ 11.553357998847437, 47.314683002708129, 839.6473388671875 ], [ 11.553354998847441, 47.314606002707976, 838.95111083984375 ], [ 11.552977976470192, 47.314256121821977, 835.78546142578125 ], [ 11.551950936826243, 47.313965992258431, 844.2799072265625 ], [ 11.550941014509691, 47.313664255822601, 848.923828125 ], [ 11.54979415357392, 47.313455360357793, 853.60223388671875 ], [ 11.550187852104136, 47.313316096255825, 855.2003173828125 ], [ 11.550701371926136, 47.313165226397864, 860.03369140625 ], [ 11.550907793004098, 47.312920997458839, 862.908447265625 ], [ 11.551160753605808, 47.312840961381717, 865.0684814453125 ], [ 11.552122110100326, 47.313002750684525, 862.87176513671875 ], [ 11.552341236413728, 47.312995316564766, 862.0928955078125 ], [ 11.552872453677329, 47.312755208307365, 861.80377197265625 ], [ 11.553125414279036, 47.312640870658498, 863.48760986328125 ], [ 11.553235030539796, 47.31249794824955, 865.28863525390625 ], [ 11.553715655683018, 47.312497948249543, 864.12615966796875 ], [ 11.55402764042511, 47.312595135529662, 862.2022705078125 ], [ 11.554702202029638, 47.312652304434472, 859.16900634765625 ], [ 11.555348174120478, 47.312577113870852, 856.97589111328125 ], [ 11.556020692442468, 47.312621124538104, 855.06768798828125 ], [ 11.556336602120787, 47.312711654596271, 852.84808349609375 ], [ 11.556496808865086, 47.312621124538083, 852.89019775390625 ], [ 11.556776998855398, 47.312297002703019, 853.9873046875 ], [ 11.557062998856049, 47.312162002702706, 855.85284423828125 ], [ 11.557206998856381, 47.312143002702676, 856.5987548828125 ], [ 11.557411998856843, 47.312174002702733, 856.42498779296875 ], [ 11.557665998857408, 47.312246002702892, 855.2117919921875 ], [ 11.558059998858299, 47.312283002702962, 855.36712646484375 ], [ 11.558257998858739, 47.312303002702976, 855.96044921875 ], [ 11.559015998860442, 47.312468002703326, 853.73089599609375 ], [ 11.560239998863219, 47.312424002703217, 861.66534423828125 ], [ 11.560517998863849, 47.312348002703033, 864.00518798828125 ], [ 11.561323998865669, 47.31242400270321, 864.93792724609375 ], [ 11.562141998867492, 47.312655002703643, 859.02960205078125 ], [ 11.562643998868632, 47.31264000270361, 860.74847412109375 ], [ 11.563493998870589, 47.312228002702696, 851.56195068359375 ], [ 11.563554998870732, 47.31217500270261, 852.9124755859375 ], [ 11.56370599887109, 47.312046002702324, 855.2874755859375 ], [ 11.564304998872446, 47.312007002702217, 849.57666015625 ], [ 11.565317998874749, 47.311887002701944, 843.05584716796875 ], [ 11.567047998878708, 47.311346002700759, 832.774169921875 ], [ 11.567562998879918, 47.310888002699791, 819.79864501953125 ], [ 11.568084998881121, 47.310619002699198, 825.86907958984375 ], [ 11.568325998881695, 47.310318002698558, 823.318115234375 ], [ 11.568588998882305, 47.310183002698267, 820.14697265625 ], [ 11.56868499888253, 47.310022002697906, 819.471435546875 ], [ 11.569014998883297, 47.309824002697503, 817.8941650390625 ], [ 11.56978799888504, 47.309824002697482, 806.582763671875 ], [ 11.570366998886334, 47.310072002697993, 796.02813720703125 ], [ 11.570572998886799, 47.310080002698022, 790.462158203125 ], [ 11.571058998887914, 47.309947002697719, 787.0377197265625 ], [ 11.571898998889807, 47.309992002697797, 758.48638916015625 ], [ 11.572498998891165, 47.309955002697691, 738.2183837890625 ], [ 11.572777998891802, 47.309868002697506, 736.1605224609375 ], [ 11.572847998891977, 47.309761002697293, 732.1009521484375 ], [ 11.573532998893562, 47.309281002696238, 722.78228759765625 ], [ 11.574219998895135, 47.309092002695827, 715.59930419921875 ], [ 11.574552998895889, 47.309084002695812, 716.650146484375 ], [ 11.574804998896438, 47.309226002696079, 716.93792724609375 ], [ 11.575294998897634, 47.308388002694301, 697.7955322265625 ], [ 11.575498998898182, 47.307469002692379, 675.6036376953125 ], [ 11.575498998898182, 47.307469002692379, 675.6036376953125 ], [ 11.57554199889829, 47.307277002691961, 670.03436279296875 ], [ 11.575616998898477, 47.307020002691395, 661.2855224609375 ], [ 11.575177998897534, 47.306502002690323, 637.78021240234375 ], [ 11.575334998897898, 47.306451002690231, 642.10009765625 ], [ 11.575541998898366, 47.306452002690222, 642.6116943359375 ], [ 11.576425998900332, 47.306765002690845, 640.6080322265625 ], [ 11.576963998901574, 47.306510002690288, 642.22491455078125 ], [ 11.577117998901922, 47.3065110026903, 644.70977783203125 ], [ 11.577287998902298, 47.306616002690504, 646.1424560546875 ], [ 11.577576998902956, 47.306626002690535, 644.24468994140625 ], [ 11.578194998904349, 47.306593002690477, 642.68548583984375 ], [ 11.578714998905527, 47.306614002690502, 643.25152587890625 ], [ 11.578798998905723, 47.306531002690313, 639.5794677734375 ], [ 11.579406998907112, 47.306389002689983, 637.29327392578125 ], [ 11.579615998907586, 47.306347002689904, 637.1939697265625 ], [ 11.579615998907586, 47.306347002689904, 637.1939697265625 ], [ 11.579751202439253, 47.306150108590849, 630.6494140625 ], [ 11.579751202439253, 47.306150108590849, 630.6494140625 ], [ 11.580413430274302, 47.306173645032764, 629.50006103515625 ], [ 11.580994576702818, 47.306194299735616, 626.6591796875 ], [ 11.580994576702818, 47.306194299735616, 626.6591796875 ], [ 11.581387523620936, 47.306149977704465, 623.93438720703125 ], [ 11.581387523620936, 47.306149977704465, 623.93438720703125 ], [ 11.580858736683874, 47.305878632786602, 619.98797607421875 ], [ 11.580782132590585, 47.305839323700162, 619.59320068359375 ], [ 11.580863929571887, 47.305739475131261, 617.3843994140625 ], [ 11.580863929571887, 47.305739475131261, 617.3843994140625 ], [ 11.580700165030054, 47.305373334704001, 603.5648193359375 ], [ 11.580700165030054, 47.305373334704001, 603.5648193359375 ], [ 11.580438998909573, 47.304985002686998, 587.1156005859375 ], [ 11.580438998909573, 47.304985002686998, 587.1156005859375 ], [ 11.580405998909521, 47.304803002686619, 585.41326904296875 ], [ 11.580019998908654, 47.304641002686274, 573.617431640625 ], [ 11.580291998909276, 47.304594002686173, 571.07525634765625 ], [ 11.579828998908241, 47.304454002685887, 560.62554931640625 ], [ 11.579637998907824, 47.304265002685483, 554.70477294921875 ], [ 11.579596998907729, 47.304253002685456, 555.20703125 ], [ 11.579271998907009, 47.304166002685285, 554.95721435546875 ], [ 11.579342998907187, 47.303942002684806, 553.531494140625 ], [ 11.579390998907323, 47.303684002684271, 552.71240234375 ], [ 11.579342998907231, 47.303498002683881, 551.972412109375 ], [ 11.579048998906636, 47.302707002682197, 551.679443359375 ], [ 11.57917199890692, 47.302717002682236, 551.4810791015625 ], [ 11.579169998906909, 47.302717002682236, 551.4810791015625 ], [ 11.579424998907477, 47.302738002682254, 551.413330078125 ], [ 11.57955999890779, 47.302751002682278, 551.1962890625 ], [ 11.57963099890795, 47.302748002682279, 551.13604736328125 ], [ 11.579695998908091, 47.302733002682245, 551.10809326171875 ], [ 11.579753998908227, 47.302703002682179, 551.079833984375 ], [ 11.579853998908463, 47.30260400268196, 551.41351318359375 ], [ 11.579904998908587, 47.302542002681832, 551.41778564453125 ], [ 11.579730998908193, 47.302449002681627, 551.109375 ], [ 11.579504998907705, 47.302302002681337, 550.87060546875 ], [ 11.579369998907412, 47.302233002681199, 550.66021728515625 ], [ 11.579259998907164, 47.302187002681116, 550.60919189453125 ], [ 11.579119998906849, 47.302144002681018, 550.5596923828125 ], [ 11.578939998906447, 47.302103002680944, 550.714111328125 ], [ 11.578159998904697, 47.30195900268064, 550.55206298828125 ], [ 11.577446998903092, 47.301804002680321, 552.45111083984375 ], [ 11.577063998902231, 47.301752002680239, 551.900634765625 ], [ 11.576867998901793, 47.30170700268016, 552.94842529296875 ], [ 11.576692998901406, 47.301649002680016, 551.873291015625 ], [ 11.576772998901589, 47.30162300267996, 552.58673095703125 ], [ 11.577011998902128, 47.301646002680002, 552.3448486328125 ], [ 11.577086998902308, 47.301496002679698, 553.4503173828125 ], [ 11.576901998901905, 47.301395002679484, 552.42242431640625 ], [ 11.576804998901682, 47.301375002679436, 553.59039306640625 ], [ 11.57647799890095, 47.301310002679315, 553.252685546875 ], [ 11.576108998900121, 47.301226002679144, 553.749755859375 ], [ 11.575579998898942, 47.301057002678782, 551.64947509765625 ], [ 11.575361998898453, 47.30099700267867, 551.73651123046875 ], [ 11.575113998897894, 47.300942002678582, 551.7952880859375 ], [ 11.574954998897541, 47.300907002678471, 551.52752685546875 ], [ 11.574485998896499, 47.300769002678216, 551.47515869140625 ], [ 11.573609998894533, 47.300545002677751, 552.5103759765625 ], [ 11.573404998894075, 47.300498002677671, 553.889404296875 ], [ 11.573033998893248, 47.300393002677453, 552.25341796875 ], [ 11.572540998892142, 47.300234002677129, 554.02703857421875 ], [ 11.571942998890812, 47.300007002676644, 550.8671875 ], [ 11.571781998890449, 47.299941002676483, 554.0986328125 ], [ 11.571334998889455, 47.299799002676224, 554.1512451171875 ], [ 11.570193998886916, 47.299347002675297, 554.2669677734375 ], [ 11.569646998885705, 47.299108002674799, 554.84747314453125 ], [ 11.569241998884804, 47.298914002674401, 554.7659912109375 ], [ 11.569082998884449, 47.298839002674256, 554.12921142578125 ], [ 11.568604998883391, 47.298597002673745, 554.7899169921875 ], [ 11.568182998882458, 47.298372002673283, 554.7598876953125 ], [ 11.567440998880816, 47.297963002672439, 554.84393310546875 ], [ 11.566631998879034, 47.29748200267143, 555.0191650390625 ], [ 11.566080998877819, 47.29715000267074, 555.0341796875 ], [ 11.565982998877601, 47.297087002670594, 555.016845703125 ], [ 11.565735998877054, 47.296909002670226, 554.366943359375 ], [ 11.565281998876056, 47.29662600266964, 551.6246337890625 ] ] ] } }
]
}
