<?xml version="1.0" encoding="UTF-8"?>
<gpx creator="https://gpx.studio" version="1.1" xmlns="http://www.topografix.com/GPX/1/1" xmlns:xsi="http://www.w3.org/2001/XMLSchema-instance" xsi:schemaLocation="http://www.topografix.com/GPX/1/1 http://www.topografix.com/GPX/1/1/gpx.xsd http://www.garmin.com/xmlschemas/GpxExtensions/v3 http://www.garmin.com/xmlschemas/GpxExtensionsv3.xsd http://www.garmin.com/xmlschemas/TrackPointExtension/v1 http://www.garmin.com/xmlschemas/TrackPointExtensionv1.xsd http://www.garmin.com/xmlschemas/PowerExtension/v1 http://www.garmin.com/xmlschemas/PowerExtensionv1.xsd http://www.topografix.com/GPX/gpx_style/0/2 http://www.topografix.com/GPX/gpx_style/0/2/gpx_style.xsd" xmlns:gpxtpx="http://www.garmin.com/xmlschemas/TrackPointExtension/v1" xmlns:gpxx="http://www.garmin.com/xmlschemas/GpxExtensions/v3" xmlns:gpxpx="http://www.garmin.com/xmlschemas/PowerExtension/v1" xmlns:gpx_style="http://www.topografix.com/GPX/gpx_style/0/2">
  <metadata>
    <name>Unterland</name>
    <author>
      <name>gpx.studio</name>
      <link href="https://gpx.studio"/>
    </author>
  </metadata>
  <trk>
    <trkseg>
      <trkpt lat="47.350304" lon="11.701889">
        <ele>535.25</ele>
      </trkpt>
      <trkpt lat="47.350377" lon="11.701686">
        <ele>535.5</ele>
      </trkpt>
      <trkpt lat="47.3507" lon="11.700795">
        <ele>533.5</ele>
      </trkpt>
      <trkpt lat="47.350882" lon="11.70032">
        <ele>533.5</ele>
      </trkpt>
      <trkpt lat="47.350908" lon="11.700253">
        <ele>533.75</ele>
      </trkpt>
      <trkpt lat="47.350987" lon="11.700032">
        <ele>534</ele>
      </trkpt>
      <trkpt lat="47.351081" lon="11.699767">
        <ele>534.25</ele>
      </trkpt>
      <trkpt lat="47.351261" lon="11.699319">
        <ele>534.5</ele>
      </trkpt>
      <trkpt lat="47.351316" lon="11.699261">
        <ele>534.5</ele>
      </trkpt>
      <trkpt lat="47.351357" lon="11.69921">
        <ele>534.5</ele>
      </trkpt>
      <trkpt lat="47.35138" lon="11.6992">
        <ele>534.5</ele>
      </trkpt>
      <trkpt lat="47.351481" lon="11.699245">
        <ele>534.75</ele>
      </trkpt>
      <trkpt lat="47.351541" lon="11.699272">
        <ele>534.75</ele>
      </trkpt>
      <trkpt lat="47.351644" lon="11.699301">
        <ele>534.75</ele>
      </trkpt>
      <trkpt lat="47.351701" lon="11.69934">
        <ele>534.75</ele>
      </trkpt>
      <trkpt lat="47.352271" lon="11.699748">
        <ele>534</ele>
      </trkpt>
      <trkpt lat="47.35227" lon="11.699747">
        <ele>534</ele>
      </trkpt>
      <trkpt lat="47.352646" lon="11.700016">
        <ele>533.75</ele>
      </trkpt>
      <trkpt lat="47.352779" lon="11.700104">
        <ele>533.5</ele>
      </trkpt>
      <trkpt lat="47.352943" lon="11.700189">
        <ele>533.5</ele>
      </trkpt>
      <trkpt lat="47.35307" lon="11.700278">
        <ele>533.25</ele>
      </trkpt>
      <trkpt lat="47.353125" lon="11.700321">
        <ele>533.25</ele>
      </trkpt>
      <trkpt lat="47.353159" lon="11.700352">
        <ele>533.25</ele>
      </trkpt>
      <trkpt lat="47.353176" lon="11.700411">
        <ele>533.25</ele>
      </trkpt>
      <trkpt lat="47.353198" lon="11.700449">
        <ele>533.25</ele>
      </trkpt>
      <trkpt lat="47.353226" lon="11.700478">
        <ele>533</ele>
      </trkpt>
      <trkpt lat="47.353257" lon="11.700494">
        <ele>533</ele>
      </trkpt>
      <trkpt lat="47.353292" lon="11.700499">
        <ele>533</ele>
      </trkpt>
      <trkpt lat="47.353326" lon="11.700489">
        <ele>533</ele>
      </trkpt>
      <trkpt lat="47.353357" lon="11.700466">
        <ele>533</ele>
      </trkpt>
      <trkpt lat="47.353383" lon="11.700432">
        <ele>533</ele>
      </trkpt>
      <trkpt lat="47.353409" lon="11.70036">
        <ele>533</ele>
      </trkpt>
      <trkpt lat="47.353413" lon="11.700278">
        <ele>533.25</ele>
      </trkpt>
      <trkpt lat="47.353397" lon="11.700212">
        <ele>533</ele>
      </trkpt>
      <trkpt lat="47.353423" lon="11.700059">
        <ele>533.25</ele>
      </trkpt>
      <trkpt lat="47.353448" lon="11.699911">
        <ele>533.5</ele>
      </trkpt>
      <trkpt lat="47.353522" lon="11.699654">
        <ele>534.5</ele>
      </trkpt>
      <trkpt lat="47.353621" lon="11.699251">
        <ele>535.75</ele>
      </trkpt>
      <trkpt lat="47.35384" lon="11.698248">
        <ele>540.25</ele>
      </trkpt>
      <trkpt lat="47.353857" lon="11.698179">
        <ele>541</ele>
      </trkpt>
      <trkpt lat="47.353909" lon="11.697971">
        <ele>543.25</ele>
      </trkpt>
      <trkpt lat="47.353998" lon="11.697798">
        <ele>545.25</ele>
      </trkpt>
      <trkpt lat="47.354106" lon="11.697675">
        <ele>547</ele>
      </trkpt>
      <trkpt lat="47.354266" lon="11.69759">
        <ele>548.75</ele>
      </trkpt>
      <trkpt lat="47.35439" lon="11.697585">
        <ele>550</ele>
      </trkpt>
      <trkpt lat="47.354551" lon="11.697648">
        <ele>550.75</ele>
      </trkpt>
      <trkpt lat="47.354613" lon="11.697706">
        <ele>550.75</ele>
      </trkpt>
      <trkpt lat="47.35506" lon="11.698123">
        <ele>550.25</ele>
      </trkpt>
      <trkpt lat="47.355178" lon="11.698195">
        <ele>550</ele>
      </trkpt>
      <trkpt lat="47.355314" lon="11.698215">
        <ele>550.5</ele>
      </trkpt>
      <trkpt lat="47.355438" lon="11.698199">
        <ele>551.25</ele>
      </trkpt>
      <trkpt lat="47.355496" lon="11.698173">
        <ele>552</ele>
      </trkpt>
      <trkpt lat="47.355614" lon="11.698072">
        <ele>553.5</ele>
      </trkpt>
      <trkpt lat="47.355655" lon="11.69802">
        <ele>554.25</ele>
      </trkpt>
      <trkpt lat="47.355697" lon="11.697953">
        <ele>555.25</ele>
      </trkpt>
      <trkpt lat="47.355794" lon="11.697719">
        <ele>558.25</ele>
      </trkpt>
      <trkpt lat="47.3558" lon="11.697692">
        <ele>558.5</ele>
      </trkpt>
      <trkpt lat="47.355824" lon="11.697506">
        <ele>560.75</ele>
      </trkpt>
      <trkpt lat="47.355828" lon="11.697371">
        <ele>562</ele>
      </trkpt>
      <trkpt lat="47.355807" lon="11.697222">
        <ele>563</ele>
      </trkpt>
      <trkpt lat="47.355705" lon="11.69696">
        <ele>565</ele>
      </trkpt>
      <trkpt lat="47.355532" lon="11.696768">
        <ele>566.5</ele>
      </trkpt>
      <trkpt lat="47.355413" lon="11.696639">
        <ele>567.5</ele>
      </trkpt>
      <trkpt lat="47.355404" lon="11.696611">
        <ele>567.75</ele>
      </trkpt>
      <trkpt lat="47.355339" lon="11.696401">
        <ele>569</ele>
      </trkpt>
      <trkpt lat="47.355338" lon="11.696186">
        <ele>570.5</ele>
      </trkpt>
      <trkpt lat="47.35538" lon="11.696052">
        <ele>572</ele>
      </trkpt>
      <trkpt lat="47.355414" lon="11.69595">
        <ele>572</ele>
      </trkpt>
      <trkpt lat="47.355524" lon="11.695874">
        <ele>572.75</ele>
      </trkpt>
      <trkpt lat="47.355774" lon="11.695947">
        <ele>573</ele>
      </trkpt>
      <trkpt lat="47.355903" lon="11.696007">
        <ele>573.25</ele>
      </trkpt>
      <trkpt lat="47.356269" lon="11.696179">
        <ele>574.75</ele>
      </trkpt>
      <trkpt lat="47.356381" lon="11.696171">
        <ele>575.75</ele>
      </trkpt>
      <trkpt lat="47.356504" lon="11.696057">
        <ele>577.75</ele>
      </trkpt>
      <trkpt lat="47.356739" lon="11.695803">
        <ele>581.5</ele>
      </trkpt>
      <trkpt lat="47.356872" lon="11.695635">
        <ele>583.25</ele>
      </trkpt>
      <trkpt lat="47.357137" lon="11.695314">
        <ele>587.75</ele>
      </trkpt>
      <trkpt lat="47.357269" lon="11.695156">
        <ele>590.25</ele>
      </trkpt>
      <trkpt lat="47.357373" lon="11.695061">
        <ele>592</ele>
      </trkpt>
      <trkpt lat="47.357548" lon="11.694902">
        <ele>595</ele>
      </trkpt>
      <trkpt lat="47.357674" lon="11.694664">
        <ele>598.5</ele>
      </trkpt>
      <trkpt lat="47.357727" lon="11.694541">
        <ele>600.5</ele>
      </trkpt>
      <trkpt lat="47.357762" lon="11.694462">
        <ele>601.75</ele>
      </trkpt>
      <trkpt lat="47.357876" lon="11.694234">
        <ele>606</ele>
      </trkpt>
      <trkpt lat="47.357884" lon="11.694127">
        <ele>607.25</ele>
      </trkpt>
      <trkpt lat="47.35788" lon="11.693952">
        <ele>609</ele>
      </trkpt>
      <trkpt lat="47.357874" lon="11.69376">
        <ele>611</ele>
      </trkpt>
      <trkpt lat="47.35785" lon="11.693132">
        <ele>618.5</ele>
      </trkpt>
      <trkpt lat="47.357816" lon="11.693043">
        <ele>619.75</ele>
      </trkpt>
      <trkpt lat="47.357893" lon="11.692949">
        <ele>622.25</ele>
      </trkpt>
      <trkpt lat="47.357986" lon="11.692895">
        <ele>624.5</ele>
      </trkpt>
      <trkpt lat="47.358168" lon="11.69279">
        <ele>629</ele>
      </trkpt>
      <trkpt lat="47.35847" lon="11.692766">
        <ele>637</ele>
      </trkpt>
      <trkpt lat="47.358572" lon="11.692776">
        <ele>640.25</ele>
      </trkpt>
      <trkpt lat="47.358641" lon="11.692796">
        <ele>642.25</ele>
      </trkpt>
      <trkpt lat="47.358718" lon="11.692837">
        <ele>644.25</ele>
      </trkpt>
      <trkpt lat="47.358777" lon="11.692891">
        <ele>645</ele>
      </trkpt>
      <trkpt lat="47.358825" lon="11.69296">
        <ele>645.25</ele>
      </trkpt>
      <trkpt lat="47.358859" lon="11.693065">
        <ele>644.5</ele>
      </trkpt>
      <trkpt lat="47.358891" lon="11.693318">
        <ele>640.25</ele>
      </trkpt>
      <trkpt lat="47.358906" lon="11.693399">
        <ele>640.5</ele>
      </trkpt>
      <trkpt lat="47.358876" lon="11.69343">
        <ele>639.25</ele>
      </trkpt>
      <trkpt lat="47.358859" lon="11.693458">
        <ele>638.5</ele>
      </trkpt>
      <trkpt lat="47.358835" lon="11.693502">
        <ele>637.75</ele>
      </trkpt>
      <trkpt lat="47.3588" lon="11.693607">
        <ele>636.25</ele>
      </trkpt>
      <trkpt lat="47.358784" lon="11.693701">
        <ele>635.5</ele>
      </trkpt>
      <trkpt lat="47.358787" lon="11.693799">
        <ele>635.5</ele>
      </trkpt>
      <trkpt lat="47.358803" lon="11.6939">
        <ele>636</ele>
      </trkpt>
      <trkpt lat="47.358849" lon="11.694059">
        <ele>637.75</ele>
      </trkpt>
      <trkpt lat="47.358905" lon="11.694198">
        <ele>639.5</ele>
      </trkpt>
      <trkpt lat="47.35897" lon="11.694338">
        <ele>641</ele>
      </trkpt>
      <trkpt lat="47.359044" lon="11.694466">
        <ele>643</ele>
      </trkpt>
      <trkpt lat="47.35911" lon="11.694549">
        <ele>645</ele>
      </trkpt>
      <trkpt lat="47.359209" lon="11.694628">
        <ele>648.75</ele>
      </trkpt>
      <trkpt lat="47.359468" lon="11.694833">
        <ele>657.25</ele>
      </trkpt>
      <trkpt lat="47.359792" lon="11.695168">
        <ele>666.25</ele>
      </trkpt>
      <trkpt lat="47.360247" lon="11.69573">
        <ele>680</ele>
      </trkpt>
      <trkpt lat="47.360638" lon="11.696395">
        <ele>691.25</ele>
      </trkpt>
      <trkpt lat="47.36086" lon="11.69677">
        <ele>697.75</ele>
      </trkpt>
      <trkpt lat="47.361175" lon="11.697275">
        <ele>708</ele>
      </trkpt>
      <trkpt lat="47.361478" lon="11.69794">
        <ele>713</ele>
      </trkpt>
      <trkpt lat="47.361771" lon="11.698366">
        <ele>720.75</ele>
      </trkpt>
      <trkpt lat="47.362045" lon="11.69881">
        <ele>725.25</ele>
      </trkpt>
      <trkpt lat="47.362269" lon="11.699229">
        <ele>730.25</ele>
      </trkpt>
      <trkpt lat="47.362674" lon="11.700006">
        <ele>733.25</ele>
      </trkpt>
      <trkpt lat="47.363108" lon="11.700926">
        <ele>746.25</ele>
      </trkpt>
      <trkpt lat="47.363448" lon="11.702118">
        <ele>750.5</ele>
      </trkpt>
      <trkpt lat="47.363658" lon="11.702511">
        <ele>750</ele>
      </trkpt>
      <trkpt lat="47.363816" lon="11.702777">
        <ele>748.25</ele>
      </trkpt>
      <trkpt lat="47.364258" lon="11.70278">
        <ele>757</ele>
      </trkpt>
      <trkpt lat="47.364322" lon="11.702794">
        <ele>758.25</ele>
      </trkpt>
      <trkpt lat="47.364454" lon="11.702823">
        <ele>760.75</ele>
      </trkpt>
      <trkpt lat="47.364763" lon="11.702884">
        <ele>766.75</ele>
      </trkpt>
      <trkpt lat="47.364924" lon="11.702891">
        <ele>770</ele>
      </trkpt>
      <trkpt lat="47.365051" lon="11.702876">
        <ele>771.5</ele>
      </trkpt>
      <trkpt lat="47.365794" lon="11.702715">
        <ele>773.25</ele>
      </trkpt>
      <trkpt lat="47.365983" lon="11.702657">
        <ele>772.25</ele>
      </trkpt>
      <trkpt lat="47.366151" lon="11.702595">
        <ele>771</ele>
      </trkpt>
      <trkpt lat="47.366234" lon="11.702542">
        <ele>771</ele>
      </trkpt>
      <trkpt lat="47.366305" lon="11.702472">
        <ele>771</ele>
      </trkpt>
      <trkpt lat="47.366369" lon="11.702373">
        <ele>771.5</ele>
      </trkpt>
      <trkpt lat="47.366396" lon="11.702287">
        <ele>772</ele>
      </trkpt>
      <trkpt lat="47.366414" lon="11.701498">
        <ele>781.5</ele>
      </trkpt>
      <trkpt lat="47.366407" lon="11.701384">
        <ele>783.25</ele>
      </trkpt>
      <trkpt lat="47.366389" lon="11.701272">
        <ele>785</ele>
      </trkpt>
      <trkpt lat="47.366355" lon="11.701117">
        <ele>787.75</ele>
      </trkpt>
      <trkpt lat="47.366309" lon="11.700974">
        <ele>790.25</ele>
      </trkpt>
      <trkpt lat="47.366175" lon="11.700699">
        <ele>792.75</ele>
      </trkpt>
      <trkpt lat="47.365773" lon="11.700089">
        <ele>787.25</ele>
      </trkpt>
      <trkpt lat="47.365682" lon="11.699917">
        <ele>789</ele>
      </trkpt>
      <trkpt lat="47.365517" lon="11.699507">
        <ele>790.25</ele>
      </trkpt>
      <trkpt lat="47.365296" lon="11.698953">
        <ele>792.25</ele>
      </trkpt>
      <trkpt lat="47.364923" lon="11.698125">
        <ele>786.5</ele>
      </trkpt>
      <trkpt lat="47.364769" lon="11.697737">
        <ele>790</ele>
      </trkpt>
      <trkpt lat="47.364731" lon="11.697591">
        <ele>790.5</ele>
      </trkpt>
      <trkpt lat="47.364642" lon="11.697089">
        <ele>794</ele>
      </trkpt>
      <trkpt lat="47.364586" lon="11.696897">
        <ele>795.5</ele>
      </trkpt>
      <trkpt lat="47.36437" lon="11.696321">
        <ele>798.25</ele>
      </trkpt>
      <trkpt lat="47.364193" lon="11.695804">
        <ele>794.75</ele>
      </trkpt>
      <trkpt lat="47.364128" lon="11.695587">
        <ele>796.25</ele>
      </trkpt>
      <trkpt lat="47.364074" lon="11.695348">
        <ele>799</ele>
      </trkpt>
      <trkpt lat="47.364069" lon="11.695246">
        <ele>800</ele>
      </trkpt>
      <trkpt lat="47.364083" lon="11.69516">
        <ele>801</ele>
      </trkpt>
      <trkpt lat="47.364122" lon="11.695096">
        <ele>801.75</ele>
      </trkpt>
      <trkpt lat="47.364166" lon="11.695052">
        <ele>802.25</ele>
      </trkpt>
      <trkpt lat="47.36421" lon="11.695046">
        <ele>803.75</ele>
      </trkpt>
      <trkpt lat="47.364273" lon="11.695061">
        <ele>805.5</ele>
      </trkpt>
      <trkpt lat="47.364329" lon="11.695103">
        <ele>806.75</ele>
      </trkpt>
      <trkpt lat="47.364547" lon="11.695366">
        <ele>809</ele>
      </trkpt>
      <trkpt lat="47.36484" lon="11.695754">
        <ele>808.5</ele>
      </trkpt>
      <trkpt lat="47.365049" lon="11.696006">
        <ele>808.5</ele>
      </trkpt>
      <trkpt lat="47.365184" lon="11.696195">
        <ele>809.5</ele>
      </trkpt>
      <trkpt lat="47.365358" lon="11.696499">
        <ele>808.5</ele>
      </trkpt>
      <trkpt lat="47.365407" lon="11.696554">
        <ele>808.75</ele>
      </trkpt>
      <trkpt lat="47.365468" lon="11.696584">
        <ele>810</ele>
      </trkpt>
      <trkpt lat="47.365537" lon="11.696592">
        <ele>812</ele>
      </trkpt>
      <trkpt lat="47.365658" lon="11.69658">
        <ele>816</ele>
      </trkpt>
      <trkpt lat="47.36577" lon="11.696597">
        <ele>819</ele>
      </trkpt>
      <trkpt lat="47.365959" lon="11.696665">
        <ele>823.5</ele>
      </trkpt>
      <trkpt lat="47.3662" lon="11.696711">
        <ele>831.25</ele>
      </trkpt>
      <trkpt lat="47.36626" lon="11.69675">
        <ele>832.5</ele>
      </trkpt>
      <trkpt lat="47.366318" lon="11.696821">
        <ele>833.25</ele>
      </trkpt>
      <trkpt lat="47.366354" lon="11.696879">
        <ele>833.25</ele>
      </trkpt>
      <trkpt lat="47.366445" lon="11.697141">
        <ele>831</ele>
      </trkpt>
      <trkpt lat="47.366507" lon="11.697276">
        <ele>830.25</ele>
      </trkpt>
      <trkpt lat="47.366544" lon="11.697341">
        <ele>830.25</ele>
      </trkpt>
      <trkpt lat="47.366582" lon="11.697389">
        <ele>830.5</ele>
      </trkpt>
      <trkpt lat="47.366657" lon="11.697448">
        <ele>831.75</ele>
      </trkpt>
      <trkpt lat="47.367012" lon="11.697609">
        <ele>834.75</ele>
      </trkpt>
      <trkpt lat="47.367096" lon="11.697605">
        <ele>836.25</ele>
      </trkpt>
      <trkpt lat="47.367171" lon="11.697579">
        <ele>837.75</ele>
      </trkpt>
      <trkpt lat="47.367287" lon="11.697495">
        <ele>840.75</ele>
      </trkpt>
      <trkpt lat="47.367349" lon="11.697438">
        <ele>842.75</ele>
      </trkpt>
      <trkpt lat="47.367408" lon="11.697353">
        <ele>845.5</ele>
      </trkpt>
      <trkpt lat="47.367443" lon="11.697279">
        <ele>847.5</ele>
      </trkpt>
      <trkpt lat="47.367481" lon="11.697176">
        <ele>850.25</ele>
      </trkpt>
      <trkpt lat="47.367536" lon="11.696968">
        <ele>855.25</ele>
      </trkpt>
      <trkpt lat="47.367579" lon="11.696864">
        <ele>858</ele>
      </trkpt>
      <trkpt lat="47.367628" lon="11.696797">
        <ele>860</ele>
      </trkpt>
      <trkpt lat="47.367687" lon="11.696755">
        <ele>861.75</ele>
      </trkpt>
      <trkpt lat="47.367743" lon="11.696737">
        <ele>862.75</ele>
      </trkpt>
      <trkpt lat="47.367819" lon="11.696731">
        <ele>864</ele>
      </trkpt>
      <trkpt lat="47.367885" lon="11.696754">
        <ele>864.5</ele>
      </trkpt>
      <trkpt lat="47.367967" lon="11.696797">
        <ele>865</ele>
      </trkpt>
      <trkpt lat="47.36803" lon="11.696845">
        <ele>865</ele>
      </trkpt>
      <trkpt lat="47.368078" lon="11.696912">
        <ele>864.75</ele>
      </trkpt>
      <trkpt lat="47.368114" lon="11.696995">
        <ele>864</ele>
      </trkpt>
      <trkpt lat="47.368181" lon="11.697187">
        <ele>862.25</ele>
      </trkpt>
      <trkpt lat="47.368251" lon="11.697356">
        <ele>861.25</ele>
      </trkpt>
      <trkpt lat="47.368333" lon="11.697526">
        <ele>860.75</ele>
      </trkpt>
      <trkpt lat="47.368376" lon="11.697654">
        <ele>861.5</ele>
      </trkpt>
      <trkpt lat="47.368398" lon="11.697755">
        <ele>861.75</ele>
      </trkpt>
      <trkpt lat="47.368406" lon="11.697864">
        <ele>861.5</ele>
      </trkpt>
      <trkpt lat="47.368409" lon="11.698082">
        <ele>860.75</ele>
      </trkpt>
      <trkpt lat="47.368429" lon="11.698156">
        <ele>861</ele>
      </trkpt>
      <trkpt lat="47.368462" lon="11.698223">
        <ele>861.5</ele>
      </trkpt>
      <trkpt lat="47.368528" lon="11.698302">
        <ele>863</ele>
      </trkpt>
      <trkpt lat="47.368619" lon="11.698379">
        <ele>865</ele>
      </trkpt>
      <trkpt lat="47.368716" lon="11.698424">
        <ele>867</ele>
      </trkpt>
      <trkpt lat="47.369015" lon="11.698524">
        <ele>873.75</ele>
      </trkpt>
      <trkpt lat="47.36921" lon="11.698673">
        <ele>876.75</ele>
      </trkpt>
      <trkpt lat="47.369443" lon="11.698985">
        <ele>878.25</ele>
      </trkpt>
      <trkpt lat="47.369614" lon="11.699251">
        <ele>879</ele>
      </trkpt>
      <trkpt lat="47.369993" lon="11.698571">
        <ele>893</ele>
      </trkpt>
      <trkpt lat="47.370038" lon="11.69843">
        <ele>895.5</ele>
      </trkpt>
      <trkpt lat="47.370028" lon="11.698226">
        <ele>897.5</ele>
      </trkpt>
      <trkpt lat="47.36998" lon="11.698035">
        <ele>898.75</ele>
      </trkpt>
      <trkpt lat="47.369886" lon="11.69782">
        <ele>898.75</ele>
      </trkpt>
      <trkpt lat="47.369828" lon="11.697688">
        <ele>899</ele>
      </trkpt>
      <trkpt lat="47.369623" lon="11.69732">
        <ele>898.5</ele>
      </trkpt>
      <trkpt lat="47.369495" lon="11.696879">
        <ele>900</ele>
      </trkpt>
      <trkpt lat="47.369507" lon="11.69665">
        <ele>902.75</ele>
      </trkpt>
      <trkpt lat="47.369656" lon="11.696036">
        <ele>912.5</ele>
      </trkpt>
      <trkpt lat="47.369679" lon="11.69571">
        <ele>916.25</ele>
      </trkpt>
      <trkpt lat="47.369512" lon="11.694946">
        <ele>924.25</ele>
      </trkpt>
      <trkpt lat="47.369524" lon="11.694765">
        <ele>927.5</ele>
      </trkpt>
      <trkpt lat="47.369658" lon="11.694169">
        <ele>938</ele>
      </trkpt>
      <trkpt lat="47.369842" lon="11.693745">
        <ele>946.25</ele>
      </trkpt>
      <trkpt lat="47.369973" lon="11.693564">
        <ele>949.25</ele>
      </trkpt>
      <trkpt lat="47.370466" lon="11.692964">
        <ele>955.5</ele>
      </trkpt>
      <trkpt lat="47.370674" lon="11.692765">
        <ele>958.5</ele>
      </trkpt>
      <trkpt lat="47.370946" lon="11.692331">
        <ele>968.5</ele>
      </trkpt>
      <trkpt lat="47.371402" lon="11.692044">
        <ele>971.25</ele>
      </trkpt>
      <trkpt lat="47.371494" lon="11.691964">
        <ele>973</ele>
      </trkpt>
      <trkpt lat="47.371665" lon="11.691812">
        <ele>976.25</ele>
      </trkpt>
      <trkpt lat="47.371846" lon="11.691469">
        <ele>984.75</ele>
      </trkpt>
      <trkpt lat="47.372073" lon="11.690937">
        <ele>998</ele>
      </trkpt>
      <trkpt lat="47.372453" lon="11.690515">
        <ele>997</ele>
      </trkpt>
      <trkpt lat="47.372712" lon="11.689778">
        <ele>1007.5</ele>
      </trkpt>
      <trkpt lat="47.372929" lon="11.68891">
        <ele>1014.25</ele>
      </trkpt>
      <trkpt lat="47.372949" lon="11.688833">
        <ele>1015</ele>
      </trkpt>
      <trkpt lat="47.373095" lon="11.687824">
        <ele>1022.75</ele>
      </trkpt>
      <trkpt lat="47.373277" lon="11.687368">
        <ele>1021.75</ele>
      </trkpt>
      <trkpt lat="47.37348" lon="11.687036">
        <ele>1021.25</ele>
      </trkpt>
      <trkpt lat="47.373573" lon="11.686823">
        <ele>1022.75</ele>
      </trkpt>
      <trkpt lat="47.373628" lon="11.6868">
        <ele>1021.75</ele>
      </trkpt>
      <trkpt lat="47.37381" lon="11.686183">
        <ele>1028</ele>
      </trkpt>
      <trkpt lat="47.373888" lon="11.685668">
        <ele>1034.25</ele>
      </trkpt>
      <trkpt lat="47.374075" lon="11.685048">
        <ele>1037.25</ele>
      </trkpt>
      <trkpt lat="47.374314" lon="11.684286">
        <ele>1034.75</ele>
      </trkpt>
      <trkpt lat="47.374437" lon="11.684181">
        <ele>1029.25</ele>
      </trkpt>
      <trkpt lat="47.374555" lon="11.683505">
        <ele>1028.5</ele>
      </trkpt>
      <trkpt lat="47.374617" lon="11.683567">
        <ele>1024.5</ele>
      </trkpt>
      <trkpt lat="47.374593" lon="11.683928">
        <ele>1022.75</ele>
      </trkpt>
      <trkpt lat="47.374597" lon="11.684358">
        <ele>1018.75</ele>
      </trkpt>
      <trkpt lat="47.374634" lon="11.684795">
        <ele>1012.75</ele>
      </trkpt>
      <trkpt lat="47.374722" lon="11.685142">
        <ele>1004.25</ele>
      </trkpt>
      <trkpt lat="47.374633" lon="11.685364">
        <ele>1006</ele>
      </trkpt>
      <trkpt lat="47.374701" lon="11.685629">
        <ele>999</ele>
      </trkpt>
      <trkpt lat="47.374743" lon="11.685986">
        <ele>989.5</ele>
      </trkpt>
      <trkpt lat="47.374646" lon="11.686049">
        <ele>993</ele>
      </trkpt>
      <trkpt lat="47.37462" lon="11.686558">
        <ele>980.25</ele>
      </trkpt>
      <trkpt lat="47.374557" lon="11.686766">
        <ele>978.75</ele>
      </trkpt>
      <trkpt lat="47.374402" lon="11.686983">
        <ele>985</ele>
      </trkpt>
      <trkpt lat="47.37429" lon="11.687346">
        <ele>986.25</ele>
      </trkpt>
      <trkpt lat="47.374273" lon="11.687624">
        <ele>982.25</ele>
      </trkpt>
      <trkpt lat="47.374202" lon="11.688029">
        <ele>981.75</ele>
      </trkpt>
      <trkpt lat="47.374243" lon="11.688705">
        <ele>967</ele>
      </trkpt>
      <trkpt lat="47.374226" lon="11.688963">
        <ele>965.25</ele>
      </trkpt>
      <trkpt lat="47.374235" lon="11.689008">
        <ele>963.75</ele>
      </trkpt>
      <trkpt lat="47.37428" lon="11.689228">
        <ele>957</ele>
      </trkpt>
      <trkpt lat="47.374273" lon="11.689721">
        <ele>953.25</ele>
      </trkpt>
      <trkpt lat="47.374149" lon="11.689965">
        <ele>957.75</ele>
      </trkpt>
      <trkpt lat="47.37434" lon="11.690303">
        <ele>945</ele>
      </trkpt>
      <trkpt lat="47.374311" lon="11.690561">
        <ele>945.25</ele>
      </trkpt>
      <trkpt lat="47.374531" lon="11.690907">
        <ele>930.25</ele>
      </trkpt>
      <trkpt lat="47.374632" lon="11.691285">
        <ele>920.75</ele>
      </trkpt>
      <trkpt lat="47.374436" lon="11.691528">
        <ele>929.5</ele>
      </trkpt>
      <trkpt lat="47.374527" lon="11.691802">
        <ele>918.5</ele>
      </trkpt>
      <trkpt lat="47.374423" lon="11.692308">
        <ele>907.75</ele>
      </trkpt>
      <trkpt lat="47.37421" lon="11.692387">
        <ele>916.5</ele>
      </trkpt>
      <trkpt lat="47.374013" lon="11.692671">
        <ele>912.5</ele>
      </trkpt>
      <trkpt lat="47.37394" lon="11.692978">
        <ele>903</ele>
      </trkpt>
      <trkpt lat="47.373875" lon="11.693314">
        <ele>892.25</ele>
      </trkpt>
      <trkpt lat="47.373476" lon="11.693416">
        <ele>900.5</ele>
      </trkpt>
      <trkpt lat="47.373212" lon="11.69357">
        <ele>898.5</ele>
      </trkpt>
      <trkpt lat="47.373014" lon="11.693927">
        <ele>886.25</ele>
      </trkpt>
      <trkpt lat="47.372902" lon="11.694113">
        <ele>880.5</ele>
      </trkpt>
      <trkpt lat="47.372847" lon="11.694332">
        <ele>875</ele>
      </trkpt>
      <trkpt lat="47.372743" lon="11.694203">
        <ele>878.75</ele>
      </trkpt>
      <trkpt lat="47.372444" lon="11.694066">
        <ele>884.25</ele>
      </trkpt>
      <trkpt lat="47.372333" lon="11.694233">
        <ele>881.75</ele>
      </trkpt>
      <trkpt lat="47.372024" lon="11.694458">
        <ele>882.25</ele>
      </trkpt>
      <trkpt lat="47.372006" lon="11.69456">
        <ele>880.75</ele>
      </trkpt>
      <trkpt lat="47.372253" lon="11.694549">
        <ele>876.75</ele>
      </trkpt>
      <trkpt lat="47.372591" lon="11.694962">
        <ele>862.5</ele>
      </trkpt>
      <trkpt lat="47.372677" lon="11.695152">
        <ele>858.75</ele>
      </trkpt>
      <trkpt lat="47.372725" lon="11.695203">
        <ele>857.5</ele>
      </trkpt>
      <trkpt lat="47.372789" lon="11.695536">
        <ele>852.5</ele>
      </trkpt>
      <trkpt lat="47.372855" lon="11.695676">
        <ele>849.25</ele>
      </trkpt>
      <trkpt lat="47.372876" lon="11.695704">
        <ele>848.5</ele>
      </trkpt>
      <trkpt lat="47.37296" lon="11.695743">
        <ele>846</ele>
      </trkpt>
      <trkpt lat="47.37314" lon="11.695767">
        <ele>841.5</ele>
      </trkpt>
      <trkpt lat="47.373224" lon="11.695811">
        <ele>839</ele>
      </trkpt>
      <trkpt lat="47.373282" lon="11.695877">
        <ele>837</ele>
      </trkpt>
      <trkpt lat="47.373381" lon="11.695945">
        <ele>833.75</ele>
      </trkpt>
      <trkpt lat="47.373521" lon="11.696078">
        <ele>827</ele>
      </trkpt>
      <trkpt lat="47.373614" lon="11.696129">
        <ele>822.75</ele>
      </trkpt>
      <trkpt lat="47.373614" lon="11.696064">
        <ele>823</ele>
      </trkpt>
      <trkpt lat="47.373627" lon="11.695996">
        <ele>822.5</ele>
      </trkpt>
      <trkpt lat="47.373669" lon="11.69593">
        <ele>821</ele>
      </trkpt>
      <trkpt lat="47.373766" lon="11.695873">
        <ele>817</ele>
      </trkpt>
      <trkpt lat="47.373864" lon="11.695784">
        <ele>814</ele>
      </trkpt>
      <trkpt lat="47.373933" lon="11.695627">
        <ele>815</ele>
      </trkpt>
      <trkpt lat="47.373992" lon="11.695447">
        <ele>817</ele>
      </trkpt>
      <trkpt lat="47.374211" lon="11.695136">
        <ele>817.75</ele>
      </trkpt>
      <trkpt lat="47.37457" lon="11.69472">
        <ele>813.75</ele>
      </trkpt>
      <trkpt lat="47.37457" lon="11.69472">
        <ele>813.75</ele>
      </trkpt>
      <trkpt lat="47.374885" lon="11.694357">
        <ele>810.5</ele>
      </trkpt>
      <trkpt lat="47.374975" lon="11.694265">
        <ele>806.75</ele>
      </trkpt>
      <trkpt lat="47.375198" lon="11.694094">
        <ele>813</ele>
      </trkpt>
      <trkpt lat="47.375354" lon="11.693897">
        <ele>822.5</ele>
      </trkpt>
      <trkpt lat="47.375425" lon="11.693809">
        <ele>822.5</ele>
      </trkpt>
      <trkpt lat="47.375506" lon="11.693708">
        <ele>824.5</ele>
      </trkpt>
      <trkpt lat="47.375553" lon="11.693644">
        <ele>825.25</ele>
      </trkpt>
      <trkpt lat="47.375637" lon="11.693497">
        <ele>826</ele>
      </trkpt>
      <trkpt lat="47.375691" lon="11.693417">
        <ele>825.75</ele>
      </trkpt>
      <trkpt lat="47.375799" lon="11.693399">
        <ele>824.5</ele>
      </trkpt>
      <trkpt lat="47.375938" lon="11.693507">
        <ele>826.5</ele>
      </trkpt>
      <trkpt lat="47.376052" lon="11.693527">
        <ele>829</ele>
      </trkpt>
      <trkpt lat="47.376167" lon="11.693522">
        <ele>831</ele>
      </trkpt>
      <trkpt lat="47.376294" lon="11.6936">
        <ele>834.25</ele>
      </trkpt>
      <trkpt lat="47.37644" lon="11.693591">
        <ele>837</ele>
      </trkpt>
      <trkpt lat="47.376527" lon="11.693543">
        <ele>838</ele>
      </trkpt>
      <trkpt lat="47.376747" lon="11.693272">
        <ele>842.25</ele>
      </trkpt>
      <trkpt lat="47.376788" lon="11.693299">
        <ele>843</ele>
      </trkpt>
      <trkpt lat="47.376795" lon="11.693382">
        <ele>843.5</ele>
      </trkpt>
      <trkpt lat="47.376657" lon="11.693814">
        <ele>845.25</ele>
      </trkpt>
      <trkpt lat="47.376464" lon="11.694212">
        <ele>847.5</ele>
      </trkpt>
      <trkpt lat="47.376325" lon="11.694281">
        <ele>845.75</ele>
      </trkpt>
      <trkpt lat="47.376117" lon="11.694302">
        <ele>840.5</ele>
      </trkpt>
      <trkpt lat="47.376108" lon="11.694373">
        <ele>842.75</ele>
      </trkpt>
      <trkpt lat="47.376152" lon="11.694457">
        <ele>846.75</ele>
      </trkpt>
      <trkpt lat="47.376208" lon="11.694447">
        <ele>848</ele>
      </trkpt>
      <trkpt lat="47.376397" lon="11.694462">
        <ele>854</ele>
      </trkpt>
      <trkpt lat="47.376522" lon="11.694552">
        <ele>860.75</ele>
      </trkpt>
      <trkpt lat="47.37665" lon="11.694555">
        <ele>864.5</ele>
      </trkpt>
      <trkpt lat="47.376631" lon="11.694635">
        <ele>866.5</ele>
      </trkpt>
      <trkpt lat="47.376404" lon="11.694668">
        <ele>861.25</ele>
      </trkpt>
      <trkpt lat="47.376109" lon="11.69486">
        <ele>859</ele>
      </trkpt>
      <trkpt lat="47.375978" lon="11.694936">
        <ele>857.75</ele>
      </trkpt>
      <trkpt lat="47.375869" lon="11.695113">
        <ele>857.75</ele>
      </trkpt>
      <trkpt lat="47.375762" lon="11.695315">
        <ele>854</ele>
      </trkpt>
      <trkpt lat="47.375657" lon="11.695388">
        <ele>848.5</ele>
      </trkpt>
      <trkpt lat="47.375614" lon="11.69546">
        <ele>847</ele>
      </trkpt>
      <trkpt lat="47.37559" lon="11.695576">
        <ele>847</ele>
      </trkpt>
      <trkpt lat="47.375599" lon="11.695739">
        <ele>849.25</ele>
      </trkpt>
      <trkpt lat="47.375597" lon="11.695889">
        <ele>850.25</ele>
      </trkpt>
      <trkpt lat="47.375575" lon="11.696068">
        <ele>849.5</ele>
      </trkpt>
      <trkpt lat="47.375535" lon="11.696413">
        <ele>848.5</ele>
      </trkpt>
      <trkpt lat="47.375556" lon="11.696577">
        <ele>850</ele>
      </trkpt>
      <trkpt lat="47.375642" lon="11.696689">
        <ele>854.5</ele>
      </trkpt>
      <trkpt lat="47.375774" lon="11.69681">
        <ele>861.75</ele>
      </trkpt>
      <trkpt lat="47.3758" lon="11.696884">
        <ele>863.5</ele>
      </trkpt>
      <trkpt lat="47.375796" lon="11.69695">
        <ele>863.5</ele>
      </trkpt>
      <trkpt lat="47.37574" lon="11.697283">
        <ele>862</ele>
      </trkpt>
      <trkpt lat="47.375669" lon="11.697446">
        <ele>858.5</ele>
      </trkpt>
      <trkpt lat="47.375628" lon="11.69759">
        <ele>856.75</ele>
      </trkpt>
      <trkpt lat="47.375598" lon="11.697928">
        <ele>858.25</ele>
      </trkpt>
      <trkpt lat="47.37555" lon="11.698182">
        <ele>857.5</ele>
      </trkpt>
      <trkpt lat="47.375457" lon="11.698548">
        <ele>854.25</ele>
      </trkpt>
      <trkpt lat="47.375389" lon="11.698903">
        <ele>852</ele>
      </trkpt>
      <trkpt lat="47.375381" lon="11.699127">
        <ele>853</ele>
      </trkpt>
      <trkpt lat="47.375385" lon="11.699349">
        <ele>852.5</ele>
      </trkpt>
      <trkpt lat="47.37534" lon="11.699694">
        <ele>848.25</ele>
      </trkpt>
      <trkpt lat="47.375333" lon="11.69998">
        <ele>846.25</ele>
      </trkpt>
      <trkpt lat="47.375344" lon="11.70011">
        <ele>844</ele>
      </trkpt>
      <trkpt lat="47.37548" lon="11.700308">
        <ele>848.25</ele>
      </trkpt>
      <trkpt lat="47.375522" lon="11.700411">
        <ele>849</ele>
      </trkpt>
      <trkpt lat="47.375522" lon="11.700548">
        <ele>845.75</ele>
      </trkpt>
      <trkpt lat="47.375484" lon="11.700633">
        <ele>840.5</ele>
      </trkpt>
      <trkpt lat="47.375408" lon="11.700657">
        <ele>833.75</ele>
      </trkpt>
      <trkpt lat="47.375366" lon="11.700799">
        <ele>826.5</ele>
      </trkpt>
      <trkpt lat="47.375408" lon="11.700991">
        <ele>828</ele>
      </trkpt>
      <trkpt lat="47.375421" lon="11.701154">
        <ele>828</ele>
      </trkpt>
      <trkpt lat="47.375503" lon="11.701408">
        <ele>833.75</ele>
      </trkpt>
      <trkpt lat="47.375643" lon="11.701705">
        <ele>845.5</ele>
      </trkpt>
      <trkpt lat="47.375803" lon="11.702095">
        <ele>862.75</ele>
      </trkpt>
      <trkpt lat="47.375926" lon="11.702467">
        <ele>870.75</ele>
      </trkpt>
      <trkpt lat="47.375909" lon="11.702699">
        <ele>867.5</ele>
      </trkpt>
      <trkpt lat="47.375926" lon="11.702997">
        <ele>863.75</ele>
      </trkpt>
      <trkpt lat="47.37591" lon="11.70349">
        <ele>856.5</ele>
      </trkpt>
      <trkpt lat="47.375914" lon="11.703982">
        <ele>852.25</ele>
      </trkpt>
      <trkpt lat="47.375896" lon="11.704335">
        <ele>848.75</ele>
      </trkpt>
      <trkpt lat="47.375903" lon="11.704441">
        <ele>848.75</ele>
      </trkpt>
      <trkpt lat="47.375919" lon="11.704656">
        <ele>848.75</ele>
      </trkpt>
      <trkpt lat="47.375973" lon="11.704938">
        <ele>850.75</ele>
      </trkpt>
      <trkpt lat="47.375985" lon="11.705115">
        <ele>851.25</ele>
      </trkpt>
      <trkpt lat="47.375977" lon="11.705508">
        <ele>852</ele>
      </trkpt>
      <trkpt lat="47.376014" lon="11.705716">
        <ele>854.5</ele>
      </trkpt>
      <trkpt lat="47.376046" lon="11.705819">
        <ele>856.5</ele>
      </trkpt>
      <trkpt lat="47.376044" lon="11.705904">
        <ele>854</ele>
      </trkpt>
      <trkpt lat="47.376018" lon="11.705966">
        <ele>850.5</ele>
      </trkpt>
      <trkpt lat="47.37597" lon="11.70603">
        <ele>845.5</ele>
      </trkpt>
      <trkpt lat="47.375949" lon="11.70613">
        <ele>840.5</ele>
      </trkpt>
      <trkpt lat="47.375958" lon="11.706995">
        <ele>822.75</ele>
      </trkpt>
      <trkpt lat="47.376" lon="11.707522">
        <ele>827</ele>
      </trkpt>
      <trkpt lat="47.376" lon="11.707919">
        <ele>831.75</ele>
      </trkpt>
      <trkpt lat="47.376012" lon="11.708055">
        <ele>834</ele>
      </trkpt>
      <trkpt lat="47.376053" lon="11.708219">
        <ele>838</ele>
      </trkpt>
      <trkpt lat="47.376113" lon="11.708305">
        <ele>841.75</ele>
      </trkpt>
      <trkpt lat="47.376154" lon="11.708381">
        <ele>843.75</ele>
      </trkpt>
      <trkpt lat="47.376154" lon="11.708493">
        <ele>843.5</ele>
      </trkpt>
      <trkpt lat="47.376134" lon="11.708606">
        <ele>842.5</ele>
      </trkpt>
      <trkpt lat="47.375647" lon="11.709599">
        <ele>821.25</ele>
      </trkpt>
      <trkpt lat="47.375387" lon="11.710154">
        <ele>810</ele>
      </trkpt>
      <trkpt lat="47.375284" lon="11.710237">
        <ele>804.25</ele>
      </trkpt>
      <trkpt lat="47.375219" lon="11.710308">
        <ele>800.5</ele>
      </trkpt>
      <trkpt lat="47.37515" lon="11.710438">
        <ele>795.5</ele>
      </trkpt>
      <trkpt lat="47.375162" lon="11.710486">
        <ele>795</ele>
      </trkpt>
      <trkpt lat="47.375203" lon="11.71065">
        <ele>794.25</ele>
      </trkpt>
      <trkpt lat="47.375248" lon="11.710704">
        <ele>795.25</ele>
      </trkpt>
      <trkpt lat="47.375272" lon="11.71075">
        <ele>795.25</ele>
      </trkpt>
      <trkpt lat="47.375546" lon="11.711424">
        <ele>780.5</ele>
      </trkpt>
      <trkpt lat="47.375641" lon="11.711546">
        <ele>779.25</ele>
      </trkpt>
      <trkpt lat="47.376004" lon="11.711912">
        <ele>775.75</ele>
      </trkpt>
      <trkpt lat="47.376111" lon="11.712046">
        <ele>772.75</ele>
      </trkpt>
      <trkpt lat="47.37615" lon="11.712067">
        <ele>772.75</ele>
      </trkpt>
      <trkpt lat="47.376172" lon="11.71212">
        <ele>771</ele>
      </trkpt>
      <trkpt lat="47.3762" lon="11.712137">
        <ele>771</ele>
      </trkpt>
      <trkpt lat="47.376229" lon="11.712133">
        <ele>771.75</ele>
      </trkpt>
      <trkpt lat="47.376268" lon="11.71217">
        <ele>771.25</ele>
      </trkpt>
      <trkpt lat="47.376351" lon="11.712431">
        <ele>762</ele>
      </trkpt>
      <trkpt lat="47.376379" lon="11.712709">
        <ele>755.25</ele>
      </trkpt>
      <trkpt lat="47.376325" lon="11.712784">
        <ele>752.5</ele>
      </trkpt>
      <trkpt lat="47.376392" lon="11.712856">
        <ele>752.75</ele>
      </trkpt>
      <trkpt lat="47.376438" lon="11.712904">
        <ele>753</ele>
      </trkpt>
      <trkpt lat="47.376391" lon="11.71294">
        <ele>750.75</ele>
      </trkpt>
      <trkpt lat="47.376381" lon="11.712949">
        <ele>750.5</ele>
      </trkpt>
      <trkpt lat="47.376373" lon="11.712987">
        <ele>749.5</ele>
      </trkpt>
      <trkpt lat="47.376386" lon="11.713022">
        <ele>749.25</ele>
      </trkpt>
      <trkpt lat="47.376344" lon="11.713029">
        <ele>747.75</ele>
      </trkpt>
      <trkpt lat="47.376165" lon="11.713061">
        <ele>742</ele>
      </trkpt>
      <trkpt lat="47.376018" lon="11.71305">
        <ele>738</ele>
      </trkpt>
      <trkpt lat="47.375953" lon="11.713052">
        <ele>736</ele>
      </trkpt>
      <trkpt lat="47.375928" lon="11.713065">
        <ele>735</ele>
      </trkpt>
      <trkpt lat="47.375928" lon="11.71311">
        <ele>733.75</ele>
      </trkpt>
      <trkpt lat="47.375947" lon="11.713146">
        <ele>733.5</ele>
      </trkpt>
      <trkpt lat="47.376017" lon="11.713173">
        <ele>734.75</ele>
      </trkpt>
      <trkpt lat="47.376022" lon="11.713214">
        <ele>734</ele>
      </trkpt>
      <trkpt lat="47.376009" lon="11.71326">
        <ele>732.5</ele>
      </trkpt>
      <trkpt lat="47.37598" lon="11.713287">
        <ele>730.75</ele>
      </trkpt>
      <trkpt lat="47.375672" lon="11.713412">
        <ele>721.75</ele>
      </trkpt>
      <trkpt lat="47.375354" lon="11.713393">
        <ele>713.25</ele>
      </trkpt>
      <trkpt lat="47.375183" lon="11.713417">
        <ele>709</ele>
      </trkpt>
      <trkpt lat="47.375134" lon="11.713424">
        <ele>708</ele>
      </trkpt>
      <trkpt lat="47.374921" lon="11.71338">
        <ele>700.75</ele>
      </trkpt>
      <trkpt lat="47.374721" lon="11.713274">
        <ele>693.25</ele>
      </trkpt>
      <trkpt lat="47.374634" lon="11.713253">
        <ele>690</ele>
      </trkpt>
      <trkpt lat="47.374596" lon="11.713188">
        <ele>690</ele>
      </trkpt>
      <trkpt lat="47.374527" lon="11.713158">
        <ele>688</ele>
      </trkpt>
      <trkpt lat="47.374412" lon="11.713175">
        <ele>682.75</ele>
      </trkpt>
      <trkpt lat="47.374339" lon="11.713205">
        <ele>679</ele>
      </trkpt>
      <trkpt lat="47.374329" lon="11.713221">
        <ele>678</ele>
      </trkpt>
      <trkpt lat="47.374337" lon="11.713266">
        <ele>677.25</ele>
      </trkpt>
      <trkpt lat="47.37436" lon="11.713299">
        <ele>677.25</ele>
      </trkpt>
      <trkpt lat="47.374395" lon="11.713372">
        <ele>677.75</ele>
      </trkpt>
      <trkpt lat="47.374395" lon="11.713408">
        <ele>677.75</ele>
      </trkpt>
      <trkpt lat="47.374237" lon="11.713506">
        <ele>670.5</ele>
      </trkpt>
      <trkpt lat="47.374002" lon="11.713568">
        <ele>661.75</ele>
      </trkpt>
      <trkpt lat="47.373836" lon="11.713637">
        <ele>655.25</ele>
      </trkpt>
      <trkpt lat="47.373637" lon="11.713735">
        <ele>647</ele>
      </trkpt>
      <trkpt lat="47.373529" lon="11.71377">
        <ele>642.5</ele>
      </trkpt>
      <trkpt lat="47.37339" lon="11.713922">
        <ele>634.5</ele>
      </trkpt>
      <trkpt lat="47.373238" lon="11.713974">
        <ele>628.25</ele>
      </trkpt>
      <trkpt lat="47.373163" lon="11.714051">
        <ele>624.75</ele>
      </trkpt>
      <trkpt lat="47.37308" lon="11.714085">
        <ele>621.75</ele>
      </trkpt>
      <trkpt lat="47.373112" lon="11.71411">
        <ele>622.5</ele>
      </trkpt>
      <trkpt lat="47.373119" lon="11.714125">
        <ele>622.5</ele>
      </trkpt>
      <trkpt lat="47.373117" lon="11.714141">
        <ele>622.25</ele>
      </trkpt>
      <trkpt lat="47.373061" lon="11.714184">
        <ele>620.25</ele>
      </trkpt>
      <trkpt lat="47.373058" lon="11.714205">
        <ele>620</ele>
      </trkpt>
      <trkpt lat="47.373069" lon="11.714221">
        <ele>620.25</ele>
      </trkpt>
      <trkpt lat="47.373109" lon="11.714208">
        <ele>621.5</ele>
      </trkpt>
      <trkpt lat="47.373129" lon="11.714215">
        <ele>622</ele>
      </trkpt>
      <trkpt lat="47.373135" lon="11.714247">
        <ele>622</ele>
      </trkpt>
      <trkpt lat="47.373111" lon="11.714313">
        <ele>621</ele>
      </trkpt>
      <trkpt lat="47.373101" lon="11.71442">
        <ele>620.25</ele>
      </trkpt>
      <trkpt lat="47.373044" lon="11.714462">
        <ele>618.25</ele>
      </trkpt>
      <trkpt lat="47.372904" lon="11.714573">
        <ele>612.75</ele>
      </trkpt>
      <trkpt lat="47.372763" lon="11.714679">
        <ele>607</ele>
      </trkpt>
      <trkpt lat="47.372611" lon="11.714806">
        <ele>599.75</ele>
      </trkpt>
      <trkpt lat="47.372552" lon="11.714872">
        <ele>596.75</ele>
      </trkpt>
      <trkpt lat="47.372423" lon="11.715042">
        <ele>591.25</ele>
      </trkpt>
      <trkpt lat="47.372382" lon="11.71512">
        <ele>590</ele>
      </trkpt>
      <trkpt lat="47.372358" lon="11.715181">
        <ele>589.25</ele>
      </trkpt>
      <trkpt lat="47.372336" lon="11.715235">
        <ele>588.5</ele>
      </trkpt>
      <trkpt lat="47.372096" lon="11.715609">
        <ele>581.75</ele>
      </trkpt>
      <trkpt lat="47.372065" lon="11.715672">
        <ele>580.75</ele>
      </trkpt>
      <trkpt lat="47.372034" lon="11.715759">
        <ele>579.5</ele>
      </trkpt>
      <trkpt lat="47.372029" lon="11.715798">
        <ele>579.25</ele>
      </trkpt>
      <trkpt lat="47.372024" lon="11.715869">
        <ele>578.5</ele>
      </trkpt>
      <trkpt lat="47.372029" lon="11.715939">
        <ele>578</ele>
      </trkpt>
      <trkpt lat="47.372045" lon="11.716045">
        <ele>577.25</ele>
      </trkpt>
      <trkpt lat="47.372088" lon="11.716314">
        <ele>575.75</ele>
      </trkpt>
      <trkpt lat="47.372095" lon="11.716399">
        <ele>575</ele>
      </trkpt>
      <trkpt lat="47.372104" lon="11.716765">
        <ele>571.75</ele>
      </trkpt>
      <trkpt lat="47.372126" lon="11.717277">
        <ele>567.25</ele>
      </trkpt>
      <trkpt lat="47.372122" lon="11.717372">
        <ele>566.25</ele>
      </trkpt>
      <trkpt lat="47.372096" lon="11.717641">
        <ele>564</ele>
      </trkpt>
      <trkpt lat="47.372068" lon="11.717677">
        <ele>563.75</ele>
      </trkpt>
      <trkpt lat="47.371885" lon="11.717933">
        <ele>561.5</ele>
      </trkpt>
      <trkpt lat="47.371724" lon="11.718127">
        <ele>560.5</ele>
      </trkpt>
      <trkpt lat="47.371651" lon="11.718212">
        <ele>560.25</ele>
      </trkpt>
      <trkpt lat="47.371531" lon="11.718297">
        <ele>560</ele>
      </trkpt>
      <trkpt lat="47.371495" lon="11.718319">
        <ele>560</ele>
      </trkpt>
      <trkpt lat="47.371662" lon="11.718638">
        <ele>558.5</ele>
      </trkpt>
      <trkpt lat="47.371775" lon="11.718848">
        <ele>557.5</ele>
      </trkpt>
      <trkpt lat="47.371937" lon="11.719129">
        <ele>556</ele>
      </trkpt>
      <trkpt lat="47.372017" lon="11.719273">
        <ele>555.5</ele>
      </trkpt>
      <trkpt lat="47.372159" lon="11.71948">
        <ele>554.75</ele>
      </trkpt>
      <trkpt lat="47.372618" lon="11.720222">
        <ele>553.75</ele>
      </trkpt>
      <trkpt lat="47.372887" lon="11.720777">
        <ele>553.5</ele>
      </trkpt>
      <trkpt lat="47.373544" lon="11.722772">
        <ele>544.75</ele>
      </trkpt>
      <trkpt lat="47.3736" lon="11.722991">
        <ele>543.5</ele>
      </trkpt>
      <trkpt lat="47.373628" lon="11.723151">
        <ele>542.5</ele>
      </trkpt>
      <trkpt lat="47.373661" lon="11.723682">
        <ele>539</ele>
      </trkpt>
      <trkpt lat="47.3737" lon="11.724071">
        <ele>536.25</ele>
      </trkpt>
      <trkpt lat="47.373725" lon="11.724161">
        <ele>535.5</ele>
      </trkpt>
      <trkpt lat="47.373757" lon="11.724272">
        <ele>534.75</ele>
      </trkpt>
      <trkpt lat="47.373781" lon="11.724334">
        <ele>534.25</ele>
      </trkpt>
      <trkpt lat="47.37382" lon="11.724434">
        <ele>533.5</ele>
      </trkpt>
      <trkpt lat="47.373852" lon="11.724546">
        <ele>532.75</ele>
      </trkpt>
      <trkpt lat="47.373869" lon="11.724655">
        <ele>532</ele>
      </trkpt>
      <trkpt lat="47.373875" lon="11.724697">
        <ele>531.75</ele>
      </trkpt>
      <trkpt lat="47.373895" lon="11.724878">
        <ele>530.5</ele>
      </trkpt>
      <trkpt lat="47.373946" lon="11.724903">
        <ele>530.25</ele>
      </trkpt>
      <trkpt lat="47.374094" lon="11.725099">
        <ele>529.25</ele>
      </trkpt>
      <trkpt lat="47.374265" lon="11.724866">
        <ele>529.75</ele>
      </trkpt>
      <trkpt lat="47.374647" lon="11.724762">
        <ele>531.25</ele>
      </trkpt>
      <trkpt lat="47.374964" lon="11.724712">
        <ele>532.25</ele>
      </trkpt>
      <trkpt lat="47.375335" lon="11.724735">
        <ele>534</ele>
      </trkpt>
      <trkpt lat="47.375719" lon="11.724913">
        <ele>532.5</ele>
      </trkpt>
      <trkpt lat="47.376037" lon="11.725256">
        <ele>533.5</ele>
      </trkpt>
      <trkpt lat="47.376185" lon="11.725468">
        <ele>534.5</ele>
      </trkpt>
      <trkpt lat="47.376231" lon="11.725669">
        <ele>533.25</ele>
      </trkpt>
      <trkpt lat="47.37629" lon="11.725871">
        <ele>532.25</ele>
      </trkpt>
      <trkpt lat="47.376395" lon="11.726092">
        <ele>532.25</ele>
      </trkpt>
      <trkpt lat="47.376504" lon="11.726596">
        <ele>529.75</ele>
      </trkpt>
      <trkpt lat="47.376793" lon="11.727399">
        <ele>530.5</ele>
      </trkpt>
      <trkpt lat="47.377031" lon="11.72777">
        <ele>531.75</ele>
      </trkpt>
      <trkpt lat="47.37703" lon="11.727769">
        <ele>531.75</ele>
      </trkpt>
      <trkpt lat="47.377041" lon="11.727786">
        <ele>532</ele>
      </trkpt>
      <trkpt lat="47.377371" lon="11.728253">
        <ele>531.25</ele>
      </trkpt>
      <trkpt lat="47.377737" lon="11.728887">
        <ele>537.75</ele>
      </trkpt>
      <trkpt lat="47.378094" lon="11.729583">
        <ele>541.25</ele>
      </trkpt>
      <trkpt lat="47.378499" lon="11.730668">
        <ele>540.5</ele>
      </trkpt>
      <trkpt lat="47.378802" lon="11.73174">
        <ele>541.25</ele>
      </trkpt>
      <trkpt lat="47.379011" lon="11.732504">
        <ele>539.25</ele>
      </trkpt>
      <trkpt lat="47.379102" lon="11.732441">
        <ele>541.25</ele>
      </trkpt>
      <trkpt lat="47.379161" lon="11.732399">
        <ele>542.5</ele>
      </trkpt>
      <trkpt lat="47.379428" lon="11.733187">
        <ele>544.5</ele>
      </trkpt>
      <trkpt lat="47.379516" lon="11.735027">
        <ele>535.5</ele>
      </trkpt>
      <trkpt lat="47.379529" lon="11.735276">
        <ele>534.5</ele>
      </trkpt>
      <trkpt lat="47.379703" lon="11.736404">
        <ele>532</ele>
      </trkpt>
      <trkpt lat="47.38064" lon="11.739098">
        <ele>530.75</ele>
      </trkpt>
      <trkpt lat="47.380706" lon="11.739287">
        <ele>530.75</ele>
      </trkpt>
      <trkpt lat="47.380908" lon="11.739184">
        <ele>533</ele>
      </trkpt>
      <trkpt lat="47.381301" lon="11.738985">
        <ele>538</ele>
      </trkpt>
      <trkpt lat="47.381402" lon="11.738963">
        <ele>539.25</ele>
      </trkpt>
      <trkpt lat="47.381438" lon="11.738956">
        <ele>539.75</ele>
      </trkpt>
      <trkpt lat="47.38152" lon="11.738908">
        <ele>541.5</ele>
      </trkpt>
      <trkpt lat="47.381539" lon="11.738977">
        <ele>540.75</ele>
      </trkpt>
      <trkpt lat="47.381595" lon="11.739172">
        <ele>539.5</ele>
      </trkpt>
      <trkpt lat="47.381595" lon="11.73917">
        <ele>539.75</ele>
      </trkpt>
      <trkpt lat="47.381822" lon="11.739953">
        <ele>535.75</ele>
      </trkpt>
      <trkpt lat="47.382046" lon="11.741007">
        <ele>535</ele>
      </trkpt>
      <trkpt lat="47.382244" lon="11.741929">
        <ele>531.5</ele>
      </trkpt>
      <trkpt lat="47.382573" lon="11.742844">
        <ele>527.75</ele>
      </trkpt>
      <trkpt lat="47.382941" lon="11.74333">
        <ele>531.25</ele>
      </trkpt>
      <trkpt lat="47.38335" lon="11.743739">
        <ele>533</ele>
      </trkpt>
      <trkpt lat="47.383812" lon="11.744131">
        <ele>544.25</ele>
      </trkpt>
      <trkpt lat="47.384313" lon="11.7445">
        <ele>555</ele>
      </trkpt>
      <trkpt lat="47.384409" lon="11.744598">
        <ele>557.25</ele>
      </trkpt>
      <trkpt lat="47.384619" lon="11.744966">
        <ele>556.5</ele>
      </trkpt>
      <trkpt lat="47.384676" lon="11.74511">
        <ele>555.25</ele>
      </trkpt>
      <trkpt lat="47.385073" lon="11.745756">
        <ele>550.25</ele>
      </trkpt>
      <trkpt lat="47.385189" lon="11.746021">
        <ele>547.75</ele>
      </trkpt>
      <trkpt lat="47.385318" lon="11.746213">
        <ele>546.5</ele>
      </trkpt>
      <trkpt lat="47.385433" lon="11.746366">
        <ele>544.75</ele>
      </trkpt>
      <trkpt lat="47.385655" lon="11.746497">
        <ele>545</ele>
      </trkpt>
      <trkpt lat="47.385802" lon="11.746543">
        <ele>545.75</ele>
      </trkpt>
      <trkpt lat="47.385962" lon="11.746616">
        <ele>549.5</ele>
      </trkpt>
      <trkpt lat="47.386125" lon="11.74679">
        <ele>552.5</ele>
      </trkpt>
      <trkpt lat="47.38647" lon="11.747185">
        <ele>555.75</ele>
      </trkpt>
      <trkpt lat="47.386558" lon="11.747348">
        <ele>553.25</ele>
      </trkpt>
      <trkpt lat="47.386606" lon="11.747511">
        <ele>549.25</ele>
      </trkpt>
      <trkpt lat="47.386604" lon="11.74779">
        <ele>545.25</ele>
      </trkpt>
      <trkpt lat="47.386553" lon="11.748181">
        <ele>538.75</ele>
      </trkpt>
      <trkpt lat="47.386576" lon="11.748564">
        <ele>535.25</ele>
      </trkpt>
      <trkpt lat="47.38671" lon="11.748891">
        <ele>534.5</ele>
      </trkpt>
      <trkpt lat="47.386829" lon="11.749056">
        <ele>535</ele>
      </trkpt>
      <trkpt lat="47.386963" lon="11.749208">
        <ele>535.75</ele>
      </trkpt>
      <trkpt lat="47.387468" lon="11.749683">
        <ele>540.5</ele>
      </trkpt>
      <trkpt lat="47.387569" lon="11.749853">
        <ele>539.5</ele>
      </trkpt>
      <trkpt lat="47.387614" lon="11.75001">
        <ele>538</ele>
      </trkpt>
      <trkpt lat="47.387722" lon="11.75049">
        <ele>539.25</ele>
      </trkpt>
      <trkpt lat="47.387853" lon="11.750832">
        <ele>545.25</ele>
      </trkpt>
      <trkpt lat="47.387879" lon="11.750883">
        <ele>544</ele>
      </trkpt>
      <trkpt lat="47.388271" lon="11.751638">
        <ele>527.75</ele>
      </trkpt>
      <trkpt lat="47.388634" lon="11.752402">
        <ele>547</ele>
      </trkpt>
      <trkpt lat="47.388776" lon="11.752899">
        <ele>541.75</ele>
      </trkpt>
      <trkpt lat="47.388807" lon="11.753277">
        <ele>531.5</ele>
      </trkpt>
      <trkpt lat="47.388843" lon="11.75349">
        <ele>529.5</ele>
      </trkpt>
      <trkpt lat="47.388933" lon="11.75376">
        <ele>528.75</ele>
      </trkpt>
      <trkpt lat="47.389049" lon="11.753976">
        <ele>528.5</ele>
      </trkpt>
      <trkpt lat="47.389153" lon="11.754131">
        <ele>528</ele>
      </trkpt>
      <trkpt lat="47.389243" lon="11.754265">
        <ele>529.25</ele>
      </trkpt>
      <trkpt lat="47.389497" lon="11.754589">
        <ele>533.25</ele>
      </trkpt>
      <trkpt lat="47.38977" lon="11.75497">
        <ele>537</ele>
      </trkpt>
      <trkpt lat="47.390259" lon="11.756132">
        <ele>541</ele>
      </trkpt>
      <trkpt lat="47.390522" lon="11.756777">
        <ele>539</ele>
      </trkpt>
      <trkpt lat="47.39057" lon="11.756936">
        <ele>539.75</ele>
      </trkpt>
      <trkpt lat="47.390633" lon="11.757223">
        <ele>540.25</ele>
      </trkpt>
      <trkpt lat="47.39075" lon="11.757704">
        <ele>541</ele>
      </trkpt>
      <trkpt lat="47.390793" lon="11.757728">
        <ele>541.75</ele>
      </trkpt>
      <trkpt lat="47.39081" lon="11.757776">
        <ele>541.75</ele>
      </trkpt>
      <trkpt lat="47.390842" lon="11.757987">
        <ele>541.5</ele>
      </trkpt>
      <trkpt lat="47.390936" lon="11.759066">
        <ele>541</ele>
      </trkpt>
      <trkpt lat="47.390954" lon="11.75917">
        <ele>541</ele>
      </trkpt>
      <trkpt lat="47.391069" lon="11.75953">
        <ele>543.75</ele>
      </trkpt>
      <trkpt lat="47.391106" lon="11.759636">
        <ele>544.5</ele>
      </trkpt>
      <trkpt lat="47.391335" lon="11.760276">
        <ele>548</ele>
      </trkpt>
      <trkpt lat="47.391372" lon="11.760444">
        <ele>548.5</ele>
      </trkpt>
      <trkpt lat="47.391345" lon="11.760543">
        <ele>547.5</ele>
      </trkpt>
      <trkpt lat="47.391354" lon="11.760592">
        <ele>547.5</ele>
      </trkpt>
      <trkpt lat="47.391372" lon="11.760723">
        <ele>547.5</ele>
      </trkpt>
      <trkpt lat="47.391379" lon="11.760821">
        <ele>547.25</ele>
      </trkpt>
      <trkpt lat="47.39138" lon="11.761038">
        <ele>546.25</ele>
      </trkpt>
      <trkpt lat="47.391445" lon="11.761056">
        <ele>547.75</ele>
      </trkpt>
      <trkpt lat="47.391477" lon="11.761081">
        <ele>548.5</ele>
      </trkpt>
      <trkpt lat="47.391545" lon="11.761194">
        <ele>549.5</ele>
      </trkpt>
      <trkpt lat="47.391589" lon="11.76132">
        <ele>549.5</ele>
      </trkpt>
      <trkpt lat="47.391596" lon="11.761377">
        <ele>549.25</ele>
      </trkpt>
      <trkpt lat="47.39157" lon="11.76187">
        <ele>546.75</ele>
      </trkpt>
      <trkpt lat="47.391631" lon="11.762822">
        <ele>547.25</ele>
      </trkpt>
      <trkpt lat="47.391648" lon="11.763241">
        <ele>547.5</ele>
      </trkpt>
      <trkpt lat="47.391659" lon="11.7635">
        <ele>548</ele>
      </trkpt>
      <trkpt lat="47.391641" lon="11.763599">
        <ele>547.75</ele>
      </trkpt>
      <trkpt lat="47.391664" lon="11.76396">
        <ele>548.5</ele>
      </trkpt>
      <trkpt lat="47.391489" lon="11.763991">
        <ele>544.75</ele>
      </trkpt>
      <trkpt lat="47.391536" lon="11.764527">
        <ele>547.25</ele>
      </trkpt>
      <trkpt lat="47.391558" lon="11.764716">
        <ele>548.5</ele>
      </trkpt>
      <trkpt lat="47.391584" lon="11.764865">
        <ele>549.5</ele>
      </trkpt>
      <trkpt lat="47.391683" lon="11.765308">
        <ele>553.25</ele>
      </trkpt>
      <trkpt lat="47.391727" lon="11.765488">
        <ele>554.75</ele>
      </trkpt>
      <trkpt lat="47.39175" lon="11.765578">
        <ele>555.25</ele>
      </trkpt>
      <trkpt lat="47.391869" lon="11.766122">
        <ele>557.75</ele>
      </trkpt>
      <trkpt lat="47.391902" lon="11.766356">
        <ele>558</ele>
      </trkpt>
      <trkpt lat="47.391908" lon="11.766444">
        <ele>558.25</ele>
      </trkpt>
      <trkpt lat="47.391923" lon="11.766676">
        <ele>558.25</ele>
      </trkpt>
      <trkpt lat="47.39193" lon="11.766868">
        <ele>559</ele>
      </trkpt>
      <trkpt lat="47.391928" lon="11.767015">
        <ele>559.5</ele>
      </trkpt>
      <trkpt lat="47.391909" lon="11.76736">
        <ele>560.75</ele>
      </trkpt>
      <trkpt lat="47.391902" lon="11.767433">
        <ele>561</ele>
      </trkpt>
      <trkpt lat="47.391895" lon="11.767496">
        <ele>561</ele>
      </trkpt>
      <trkpt lat="47.391876" lon="11.767707">
        <ele>560.75</ele>
      </trkpt>
      <trkpt lat="47.391822" lon="11.768227">
        <ele>560.25</ele>
      </trkpt>
      <trkpt lat="47.391815" lon="11.768343">
        <ele>560.25</ele>
      </trkpt>
      <trkpt lat="47.391817" lon="11.768648">
        <ele>560.75</ele>
      </trkpt>
      <trkpt lat="47.391828" lon="11.768868">
        <ele>561.25</ele>
      </trkpt>
      <trkpt lat="47.391877" lon="11.769827">
        <ele>565</ele>
      </trkpt>
      <trkpt lat="47.39189" lon="11.770242">
        <ele>565.5</ele>
      </trkpt>
      <trkpt lat="47.391885" lon="11.770305">
        <ele>565.25</ele>
      </trkpt>
      <trkpt lat="47.391874" lon="11.770372">
        <ele>565</ele>
      </trkpt>
      <trkpt lat="47.391866" lon="11.770415">
        <ele>565</ele>
      </trkpt>
      <trkpt lat="47.391801" lon="11.770782">
        <ele>563.5</ele>
      </trkpt>
      <trkpt lat="47.391784" lon="11.770848">
        <ele>563.25</ele>
      </trkpt>
      <trkpt lat="47.391758" lon="11.770914">
        <ele>563</ele>
      </trkpt>
      <trkpt lat="47.391619" lon="11.771163">
        <ele>562.75</ele>
      </trkpt>
      <trkpt lat="47.39156" lon="11.771274">
        <ele>562.75</ele>
      </trkpt>
      <trkpt lat="47.391517" lon="11.771336">
        <ele>562.75</ele>
      </trkpt>
      <trkpt lat="47.391545" lon="11.771384">
        <ele>563</ele>
      </trkpt>
      <trkpt lat="47.39157" lon="11.771445">
        <ele>563.5</ele>
      </trkpt>
      <trkpt lat="47.391621" lon="11.77163">
        <ele>564.5</ele>
      </trkpt>
      <trkpt lat="47.391756" lon="11.772115">
        <ele>564.5</ele>
      </trkpt>
      <trkpt lat="47.391818" lon="11.772218">
        <ele>564.25</ele>
      </trkpt>
      <trkpt lat="47.391857" lon="11.772259">
        <ele>564.25</ele>
      </trkpt>
      <trkpt lat="47.391927" lon="11.772315">
        <ele>564.25</ele>
      </trkpt>
      <trkpt lat="47.392029" lon="11.772378">
        <ele>564</ele>
      </trkpt>
      <trkpt lat="47.392122" lon="11.77242">
        <ele>563.75</ele>
      </trkpt>
      <trkpt lat="47.392165" lon="11.772424">
        <ele>563.75</ele>
      </trkpt>
      <trkpt lat="47.392183" lon="11.772478">
        <ele>563.25</ele>
      </trkpt>
      <trkpt lat="47.392183" lon="11.772476">
        <ele>563.25</ele>
      </trkpt>
      <trkpt lat="47.392206" lon="11.772542">
        <ele>563</ele>
      </trkpt>
      <trkpt lat="47.392283" lon="11.772591">
        <ele>563</ele>
      </trkpt>
      <trkpt lat="47.392301" lon="11.772619">
        <ele>562.75</ele>
      </trkpt>
      <trkpt lat="47.392364" lon="11.77272">
        <ele>562.5</ele>
      </trkpt>
      <trkpt lat="47.392131" lon="11.772922">
        <ele>561.75</ele>
      </trkpt>
      <trkpt lat="47.39199" lon="11.773021">
        <ele>561</ele>
      </trkpt>
      <trkpt lat="47.391878" lon="11.773078">
        <ele>560.25</ele>
      </trkpt>
      <trkpt lat="47.391733" lon="11.773096">
        <ele>559.75</ele>
      </trkpt>
      <trkpt lat="47.39168" lon="11.773104">
        <ele>559.5</ele>
      </trkpt>
      <trkpt lat="47.391699" lon="11.773304">
        <ele>558</ele>
      </trkpt>
      <trkpt lat="47.391702" lon="11.77333">
        <ele>558</ele>
      </trkpt>
      <trkpt lat="47.391705" lon="11.77338">
        <ele>558</ele>
      </trkpt>
      <trkpt lat="47.391701" lon="11.77342">
        <ele>558.25</ele>
      </trkpt>
      <trkpt lat="47.391686" lon="11.77348">
        <ele>558.25</ele>
      </trkpt>
      <trkpt lat="47.391659" lon="11.77354">
        <ele>558</ele>
      </trkpt>
      <trkpt lat="47.391627" lon="11.773585">
        <ele>558</ele>
      </trkpt>
      <trkpt lat="47.39158" lon="11.773636">
        <ele>557.75</ele>
      </trkpt>
      <trkpt lat="47.391427" lon="11.773743">
        <ele>557</ele>
      </trkpt>
      <trkpt lat="47.391404" lon="11.773776">
        <ele>557</ele>
      </trkpt>
      <trkpt lat="47.391386" lon="11.773828">
        <ele>557</ele>
      </trkpt>
      <trkpt lat="47.391376" lon="11.773885">
        <ele>557</ele>
      </trkpt>
      <trkpt lat="47.391372" lon="11.773968">
        <ele>557.25</ele>
      </trkpt>
      <trkpt lat="47.39139" lon="11.774111">
        <ele>557.5</ele>
      </trkpt>
      <trkpt lat="47.391417" lon="11.774271">
        <ele>557.75</ele>
      </trkpt>
      <trkpt lat="47.391423" lon="11.774295">
        <ele>558</ele>
      </trkpt>
      <trkpt lat="47.391426" lon="11.77431">
        <ele>558</ele>
      </trkpt>
      <trkpt lat="47.391469" lon="11.77451">
        <ele>558.5</ele>
      </trkpt>
      <trkpt lat="47.391479" lon="11.774553">
        <ele>558.75</ele>
      </trkpt>
      <trkpt lat="47.391536" lon="11.774786">
        <ele>559.5</ele>
      </trkpt>
      <trkpt lat="47.391543" lon="11.774816">
        <ele>559.5</ele>
      </trkpt>
      <trkpt lat="47.391664" lon="11.775325">
        <ele>560.75</ele>
      </trkpt>
      <trkpt lat="47.391707" lon="11.775506">
        <ele>561.25</ele>
      </trkpt>
      <trkpt lat="47.391727" lon="11.775578">
        <ele>561.25</ele>
      </trkpt>
      <trkpt lat="47.391758" lon="11.775677">
        <ele>561.5</ele>
      </trkpt>
      <trkpt lat="47.391851" lon="11.775927">
        <ele>562</ele>
      </trkpt>
      <trkpt lat="47.391972" lon="11.776296">
        <ele>561.75</ele>
      </trkpt>
      <trkpt lat="47.392009" lon="11.776444">
        <ele>561.5</ele>
      </trkpt>
      <trkpt lat="47.392036" lon="11.776569">
        <ele>561.5</ele>
      </trkpt>
      <trkpt lat="47.392043" lon="11.776658">
        <ele>561.25</ele>
      </trkpt>
      <trkpt lat="47.392044" lon="11.77684">
        <ele>560.75</ele>
      </trkpt>
      <trkpt lat="47.392011" lon="11.777202">
        <ele>560</ele>
      </trkpt>
      <trkpt lat="47.392008" lon="11.77728">
        <ele>559.75</ele>
      </trkpt>
      <trkpt lat="47.392022" lon="11.77746">
        <ele>559.5</ele>
      </trkpt>
      <trkpt lat="47.392031" lon="11.777502">
        <ele>559.5</ele>
      </trkpt>
    </trkseg>
  </trk>
  <trk>
    <trkseg>
      <trkpt lat="47.413897" lon="11.764202">
        <ele>969.5</ele>
      </trkpt>
      <trkpt lat="47.413901" lon="11.764213">
        <ele>969.75</ele>
      </trkpt>
      <trkpt lat="47.413925" lon="11.764296">
        <ele>970.5</ele>
      </trkpt>
      <trkpt lat="47.413932" lon="11.764358">
        <ele>971</ele>
      </trkpt>
      <trkpt lat="47.413932" lon="11.764433">
        <ele>971.5</ele>
      </trkpt>
      <trkpt lat="47.413925" lon="11.7645">
        <ele>971.75</ele>
      </trkpt>
      <trkpt lat="47.413886" lon="11.764627">
        <ele>971.75</ele>
      </trkpt>
      <trkpt lat="47.413845" lon="11.764741">
        <ele>971.5</ele>
      </trkpt>
      <trkpt lat="47.413833" lon="11.764818">
        <ele>971.75</ele>
      </trkpt>
      <trkpt lat="47.413847" lon="11.764919">
        <ele>972.5</ele>
      </trkpt>
      <trkpt lat="47.413856" lon="11.76494">
        <ele>972.75</ele>
      </trkpt>
      <trkpt lat="47.413864" lon="11.764958">
        <ele>973</ele>
      </trkpt>
      <trkpt lat="47.413924" lon="11.765034">
        <ele>974.75</ele>
      </trkpt>
      <trkpt lat="47.413997" lon="11.765062">
        <ele>976.5</ele>
      </trkpt>
      <trkpt lat="47.41405" lon="11.764674">
        <ele>975</ele>
      </trkpt>
      <trkpt lat="47.4142" lon="11.764659">
        <ele>978.25</ele>
      </trkpt>
      <trkpt lat="47.414298" lon="11.764613">
        <ele>981.5</ele>
      </trkpt>
      <trkpt lat="47.414395" lon="11.76453">
        <ele>984.25</ele>
      </trkpt>
      <trkpt lat="47.414484" lon="11.764405">
        <ele>985.75</ele>
      </trkpt>
      <trkpt lat="47.41464" lon="11.764278">
        <ele>989</ele>
      </trkpt>
      <trkpt lat="47.414664" lon="11.764259">
        <ele>989.25</ele>
      </trkpt>
      <trkpt lat="47.414715" lon="11.764161">
        <ele>989.25</ele>
      </trkpt>
      <trkpt lat="47.414747" lon="11.763993">
        <ele>989.5</ele>
      </trkpt>
      <trkpt lat="47.414763" lon="11.763794">
        <ele>989</ele>
      </trkpt>
      <trkpt lat="47.414838" lon="11.763518">
        <ele>989.75</ele>
      </trkpt>
      <trkpt lat="47.414852" lon="11.763338">
        <ele>989.25</ele>
      </trkpt>
      <trkpt lat="47.414849" lon="11.763157">
        <ele>987.25</ele>
      </trkpt>
      <trkpt lat="47.414858" lon="11.762997">
        <ele>985.75</ele>
      </trkpt>
      <trkpt lat="47.41494" lon="11.76281">
        <ele>985.75</ele>
      </trkpt>
      <trkpt lat="47.415232" lon="11.762331">
        <ele>990.75</ele>
      </trkpt>
      <trkpt lat="47.415332" lon="11.762183">
        <ele>991.75</ele>
      </trkpt>
      <trkpt lat="47.415381" lon="11.762135">
        <ele>992.75</ele>
      </trkpt>
      <trkpt lat="47.415531" lon="11.761832">
        <ele>991</ele>
      </trkpt>
      <trkpt lat="47.415713" lon="11.761544">
        <ele>990.5</ele>
      </trkpt>
      <trkpt lat="47.4158" lon="11.761337">
        <ele>989</ele>
      </trkpt>
      <trkpt lat="47.415908" lon="11.761085">
        <ele>987.25</ele>
      </trkpt>
      <trkpt lat="47.415983" lon="11.761017">
        <ele>988</ele>
      </trkpt>
      <trkpt lat="47.416122" lon="11.760903">
        <ele>989.25</ele>
      </trkpt>
      <trkpt lat="47.416398" lon="11.76083">
        <ele>994.75</ele>
      </trkpt>
      <trkpt lat="47.416528" lon="11.760617">
        <ele>993.5</ele>
      </trkpt>
      <trkpt lat="47.416717" lon="11.760414">
        <ele>994.75</ele>
      </trkpt>
      <trkpt lat="47.416863" lon="11.760119">
        <ele>993.75</ele>
      </trkpt>
      <trkpt lat="47.416968" lon="11.759968">
        <ele>994</ele>
      </trkpt>
      <trkpt lat="47.417077" lon="11.759808">
        <ele>993.75</ele>
      </trkpt>
      <trkpt lat="47.417138" lon="11.759754">
        <ele>994.25</ele>
      </trkpt>
      <trkpt lat="47.41731" lon="11.75963">
        <ele>996.5</ele>
      </trkpt>
      <trkpt lat="47.417463" lon="11.759559">
        <ele>999.5</ele>
      </trkpt>
      <trkpt lat="47.417549" lon="11.759429">
        <ele>999</ele>
      </trkpt>
      <trkpt lat="47.417667" lon="11.759329">
        <ele>1001.75</ele>
      </trkpt>
      <trkpt lat="47.417714" lon="11.75931">
        <ele>1003.5</ele>
      </trkpt>
      <trkpt lat="47.417949" lon="11.759037">
        <ele>1006.25</ele>
      </trkpt>
      <trkpt lat="47.417949" lon="11.759037">
        <ele>1006.25</ele>
      </trkpt>
      <trkpt lat="47.418003" lon="11.758975">
        <ele>1007</ele>
      </trkpt>
      <trkpt lat="47.418186" lon="11.758607">
        <ele>1003.25</ele>
      </trkpt>
      <trkpt lat="47.418243" lon="11.758561">
        <ele>1004</ele>
      </trkpt>
      <trkpt lat="47.41845" lon="11.758329">
        <ele>1003.25</ele>
      </trkpt>
      <trkpt lat="47.418589" lon="11.758115">
        <ele>999.5</ele>
      </trkpt>
      <trkpt lat="47.418733" lon="11.758031">
        <ele>1001</ele>
      </trkpt>
      <trkpt lat="47.418867" lon="11.757804">
        <ele>996.5</ele>
      </trkpt>
      <trkpt lat="47.418951" lon="11.757761">
        <ele>997.75</ele>
      </trkpt>
      <trkpt lat="47.418984" lon="11.75765">
        <ele>994.5</ele>
      </trkpt>
      <trkpt lat="47.419029" lon="11.757701">
        <ele>998</ele>
      </trkpt>
      <trkpt lat="47.419087" lon="11.757642">
        <ele>997.5</ele>
      </trkpt>
      <trkpt lat="47.419024" lon="11.75762">
        <ele>994.75</ele>
      </trkpt>
      <trkpt lat="47.419043" lon="11.757528">
        <ele>992</ele>
      </trkpt>
      <trkpt lat="47.419182" lon="11.757336">
        <ele>990</ele>
      </trkpt>
      <trkpt lat="47.419385" lon="11.75713">
        <ele>986.25</ele>
      </trkpt>
      <trkpt lat="47.419385" lon="11.75713">
        <ele>988.7086432666988</ele>
      </trkpt>
      <trkpt lat="47.419370781720346" lon="11.756961795428168">
        <ele>983.8663648504905</ele>
      </trkpt>
      <trkpt lat="47.419796353662726" lon="11.756747201719971">
        <ele>983.0379231904967</ele>
      </trkpt>
      <trkpt lat="47.419903548716576" lon="11.756693148851781">
        <ele>981.4862266444213</ele>
      </trkpt>
      <trkpt lat="47.42032647835421" lon="11.756467429678912">
        <ele>977.7531106783001</ele>
      </trkpt>
      <trkpt lat="47.42074940799185" lon="11.756241710506044">
        <ele>982.1161839037673</ele>
      </trkpt>
      <trkpt lat="47.420985" lon="11.756127">
        <ele>980</ele>
      </trkpt>
      <trkpt lat="47.421444" lon="11.755892">
        <ele>981.25</ele>
      </trkpt>
      <trkpt lat="47.421816" lon="11.755694">
        <ele>982</ele>
      </trkpt>
      <trkpt lat="47.421921" lon="11.755717">
        <ele>983.75</ele>
      </trkpt>
      <trkpt lat="47.422152" lon="11.755619">
        <ele>984.75</ele>
      </trkpt>
      <trkpt lat="47.422346" lon="11.755589">
        <ele>986.5</ele>
      </trkpt>
      <trkpt lat="47.422472" lon="11.755664">
        <ele>989.75</ele>
      </trkpt>
      <trkpt lat="47.422524" lon="11.755643">
        <ele>990</ele>
      </trkpt>
      <trkpt lat="47.422669" lon="11.755593">
        <ele>991.25</ele>
      </trkpt>
      <trkpt lat="47.422744" lon="11.7556">
        <ele>992.5</ele>
      </trkpt>
      <trkpt lat="47.422848" lon="11.75561">
        <ele>994.5</ele>
      </trkpt>
      <trkpt lat="47.422877" lon="11.755605">
        <ele>994.75</ele>
      </trkpt>
      <trkpt lat="47.422992" lon="11.755588">
        <ele>996.25</ele>
      </trkpt>
      <trkpt lat="47.423071" lon="11.755564">
        <ele>997</ele>
      </trkpt>
      <trkpt lat="47.423122" lon="11.7556">
        <ele>998.75</ele>
      </trkpt>
      <trkpt lat="47.423198" lon="11.755598">
        <ele>999.5</ele>
      </trkpt>
      <trkpt lat="47.42358" lon="11.755592">
        <ele>1003.75</ele>
      </trkpt>
      <trkpt lat="47.423885" lon="11.755641">
        <ele>1007.25</ele>
      </trkpt>
      <trkpt lat="47.424075" lon="11.755619">
        <ele>1008.25</ele>
      </trkpt>
      <trkpt lat="47.424608" lon="11.755388">
        <ele>1010</ele>
      </trkpt>
      <trkpt lat="47.424739" lon="11.755351">
        <ele>1010.75</ele>
      </trkpt>
      <trkpt lat="47.424888" lon="11.755359">
        <ele>1012.75</ele>
      </trkpt>
      <trkpt lat="47.425025" lon="11.755407">
        <ele>1015.25</ele>
      </trkpt>
      <trkpt lat="47.425197" lon="11.755489">
        <ele>1019.25</ele>
      </trkpt>
      <trkpt lat="47.425383" lon="11.75564">
        <ele>1024.5</ele>
      </trkpt>
      <trkpt lat="47.425486" lon="11.755704">
        <ele>1027.25</ele>
      </trkpt>
      <trkpt lat="47.425554" lon="11.755685">
        <ele>1028</ele>
      </trkpt>
      <trkpt lat="47.42567" lon="11.755567">
        <ele>1028.25</ele>
      </trkpt>
      <trkpt lat="47.425766" lon="11.755508">
        <ele>1029</ele>
      </trkpt>
      <trkpt lat="47.425825" lon="11.755517">
        <ele>1030.25</ele>
      </trkpt>
      <trkpt lat="47.425866" lon="11.75548">
        <ele>1030.5</ele>
      </trkpt>
      <trkpt lat="47.426073" lon="11.755619">
        <ele>1036</ele>
      </trkpt>
      <trkpt lat="47.426213" lon="11.755546">
        <ele>1037.5</ele>
      </trkpt>
      <trkpt lat="47.42641" lon="11.755382">
        <ele>1039.5</ele>
      </trkpt>
      <trkpt lat="47.426553" lon="11.755414">
        <ele>1042.75</ele>
      </trkpt>
      <trkpt lat="47.426603" lon="11.755391">
        <ele>1043.5</ele>
      </trkpt>
      <trkpt lat="47.426746" lon="11.755234">
        <ele>1045.25</ele>
      </trkpt>
      <trkpt lat="47.426824" lon="11.755191">
        <ele>1046.75</ele>
      </trkpt>
      <trkpt lat="47.426862" lon="11.755253">
        <ele>1048</ele>
      </trkpt>
      <trkpt lat="47.426886" lon="11.755377">
        <ele>1049.25</ele>
      </trkpt>
      <trkpt lat="47.426924" lon="11.755639">
        <ele>1051.5</ele>
      </trkpt>
      <trkpt lat="47.427002" lon="11.755782">
        <ele>1054</ele>
      </trkpt>
      <trkpt lat="47.427062" lon="11.755945">
        <ele>1057.75</ele>
      </trkpt>
      <trkpt lat="47.427078" lon="11.756052">
        <ele>1060</ele>
      </trkpt>
      <trkpt lat="47.427082" lon="11.756243">
        <ele>1064</ele>
      </trkpt>
      <trkpt lat="47.427071" lon="11.756364">
        <ele>1066.25</ele>
      </trkpt>
      <trkpt lat="47.427086" lon="11.756449">
        <ele>1068</ele>
      </trkpt>
      <trkpt lat="47.427126" lon="11.756527">
        <ele>1070</ele>
      </trkpt>
      <trkpt lat="47.42716" lon="11.756543">
        <ele>1070.75</ele>
      </trkpt>
      <trkpt lat="47.427215" lon="11.756519">
        <ele>1071</ele>
      </trkpt>
      <trkpt lat="47.427259" lon="11.75644">
        <ele>1070.25</ele>
      </trkpt>
      <trkpt lat="47.427307" lon="11.756354">
        <ele>1069.25</ele>
      </trkpt>
      <trkpt lat="47.427377" lon="11.756279">
        <ele>1069</ele>
      </trkpt>
      <trkpt lat="47.427492" lon="11.75624">
        <ele>1070</ele>
      </trkpt>
      <trkpt lat="47.427586" lon="11.756224">
        <ele>1071.5</ele>
      </trkpt>
      <trkpt lat="47.427679" lon="11.756254">
        <ele>1073.5</ele>
      </trkpt>
      <trkpt lat="47.427853" lon="11.756544">
        <ele>1079.75</ele>
      </trkpt>
      <trkpt lat="47.427948" lon="11.75663">
        <ele>1081.75</ele>
      </trkpt>
      <trkpt lat="47.428224" lon="11.756652">
        <ele>1085.5</ele>
      </trkpt>
      <trkpt lat="47.428231" lon="11.756726">
        <ele>1087.5</ele>
      </trkpt>
      <trkpt lat="47.428218" lon="11.756786">
        <ele>1089.25</ele>
      </trkpt>
      <trkpt lat="47.428199" lon="11.756824">
        <ele>1090.25</ele>
      </trkpt>
      <trkpt lat="47.428167" lon="11.756851">
        <ele>1090.75</ele>
      </trkpt>
      <trkpt lat="47.428089" lon="11.756902">
        <ele>1091.25</ele>
      </trkpt>
      <trkpt lat="47.427883" lon="11.756889">
        <ele>1088.5</ele>
      </trkpt>
      <trkpt lat="47.427804" lon="11.756907">
        <ele>1088.25</ele>
      </trkpt>
      <trkpt lat="47.427745" lon="11.756971">
        <ele>1089.5</ele>
      </trkpt>
      <trkpt lat="47.427632" lon="11.757258">
        <ele>1097.5</ele>
      </trkpt>
      <trkpt lat="47.427447" lon="11.757434">
        <ele>1101.25</ele>
      </trkpt>
      <trkpt lat="47.427251" lon="11.757401">
        <ele>1098.75</ele>
      </trkpt>
      <trkpt lat="47.427179" lon="11.757407">
        <ele>1098.5</ele>
      </trkpt>
      <trkpt lat="47.426864" lon="11.75759">
        <ele>1102</ele>
      </trkpt>
      <trkpt lat="47.426819" lon="11.757631">
        <ele>1103</ele>
      </trkpt>
      <trkpt lat="47.426726" lon="11.757884">
        <ele>1109.25</ele>
      </trkpt>
      <trkpt lat="47.426685" lon="11.757939">
        <ele>1110.25</ele>
      </trkpt>
      <trkpt lat="47.426519" lon="11.758035">
        <ele>1111.75</ele>
      </trkpt>
      <trkpt lat="47.426002" lon="11.758326">
        <ele>1118.25</ele>
      </trkpt>
      <trkpt lat="47.425923" lon="11.75839">
        <ele>1120.25</ele>
      </trkpt>
      <trkpt lat="47.425717" lon="11.758628">
        <ele>1127.75</ele>
      </trkpt>
      <trkpt lat="47.425589" lon="11.758675">
        <ele>1129</ele>
      </trkpt>
      <trkpt lat="47.425569" lon="11.758756">
        <ele>1132.25</ele>
      </trkpt>
      <trkpt lat="47.425648" lon="11.758801">
        <ele>1134.25</ele>
      </trkpt>
      <trkpt lat="47.425942" lon="11.75876">
        <ele>1134</ele>
      </trkpt>
      <trkpt lat="47.426201" lon="11.758751">
        <ele>1135</ele>
      </trkpt>
      <trkpt lat="47.426342" lon="11.758798">
        <ele>1137.75</ele>
      </trkpt>
      <trkpt lat="47.42658" lon="11.75895">
        <ele>1145.5</ele>
      </trkpt>
      <trkpt lat="47.426734" lon="11.758984">
        <ele>1149.25</ele>
      </trkpt>
      <trkpt lat="47.426831" lon="11.758954">
        <ele>1150.5</ele>
      </trkpt>
      <trkpt lat="47.426941" lon="11.758859">
        <ele>1149.25</ele>
      </trkpt>
      <trkpt lat="47.427003" lon="11.75884">
        <ele>1150</ele>
      </trkpt>
      <trkpt lat="47.42704" lon="11.758829">
        <ele>1150.5</ele>
      </trkpt>
      <trkpt lat="47.427874" lon="11.758736">
        <ele>1164.5</ele>
      </trkpt>
      <trkpt lat="47.428057" lon="11.758667">
        <ele>1164.25</ele>
      </trkpt>
      <trkpt lat="47.428433" lon="11.75868">
        <ele>1168.75</ele>
      </trkpt>
      <trkpt lat="47.42864" lon="11.758795">
        <ele>1172</ele>
      </trkpt>
      <trkpt lat="47.429014" lon="11.75915">
        <ele>1181.25</ele>
      </trkpt>
      <trkpt lat="47.429389" lon="11.759358">
        <ele>1195</ele>
      </trkpt>
      <trkpt lat="47.429716" lon="11.75945">
        <ele>1202.75</ele>
      </trkpt>
      <trkpt lat="47.429862" lon="11.759356">
        <ele>1198.25</ele>
      </trkpt>
      <trkpt lat="47.429954" lon="11.759233">
        <ele>1192.75</ele>
      </trkpt>
      <trkpt lat="47.43008" lon="11.759244">
        <ele>1194.5</ele>
      </trkpt>
      <trkpt lat="47.430206" lon="11.759285">
        <ele>1197.5</ele>
      </trkpt>
      <trkpt lat="47.430355" lon="11.75941">
        <ele>1204.5</ele>
      </trkpt>
      <trkpt lat="47.430597" lon="11.759406">
        <ele>1205.75</ele>
      </trkpt>
      <trkpt lat="47.430626" lon="11.759435">
        <ele>1207.25</ele>
      </trkpt>
      <trkpt lat="47.430621" lon="11.759501">
        <ele>1210</ele>
      </trkpt>
      <trkpt lat="47.430571" lon="11.759548">
        <ele>1211.75</ele>
      </trkpt>
      <trkpt lat="47.430171" lon="11.759541">
        <ele>1209.5</ele>
      </trkpt>
      <trkpt lat="47.430125" lon="11.759586">
        <ele>1211.5</ele>
      </trkpt>
      <trkpt lat="47.430092" lon="11.759844">
        <ele>1224</ele>
      </trkpt>
      <trkpt lat="47.430039" lon="11.759956">
        <ele>1229.5</ele>
      </trkpt>
      <trkpt lat="47.429891" lon="11.760094">
        <ele>1238.75</ele>
      </trkpt>
      <trkpt lat="47.429739" lon="11.760151">
        <ele>1244.5</ele>
      </trkpt>
      <trkpt lat="47.429403" lon="11.760119">
        <ele>1247.25</ele>
      </trkpt>
      <trkpt lat="47.429086" lon="11.760132">
        <ele>1253.75</ele>
      </trkpt>
      <trkpt lat="47.429064" lon="11.760201">
        <ele>1259.25</ele>
      </trkpt>
      <trkpt lat="47.429089" lon="11.76025">
        <ele>1262.25</ele>
      </trkpt>
      <trkpt lat="47.429336" lon="11.760271">
        <ele>1259.25</ele>
      </trkpt>
      <trkpt lat="47.429478" lon="11.760385">
        <ele>1264.5</ele>
      </trkpt>
      <trkpt lat="47.429677" lon="11.76057">
        <ele>1272.25</ele>
      </trkpt>
      <trkpt lat="47.429771" lon="11.760589">
        <ele>1271</ele>
      </trkpt>
      <trkpt lat="47.430595" lon="11.760555">
        <ele>1262</ele>
      </trkpt>
      <trkpt lat="47.431457" lon="11.760856">
        <ele>1273.25</ele>
      </trkpt>
      <trkpt lat="47.431484" lon="11.760909">
        <ele>1275.5</ele>
      </trkpt>
      <trkpt lat="47.431486" lon="11.760974">
        <ele>1278.25</ele>
      </trkpt>
      <trkpt lat="47.431434" lon="11.761008">
        <ele>1280.25</ele>
      </trkpt>
      <trkpt lat="47.431241" lon="11.760976">
        <ele>1280.5</ele>
      </trkpt>
      <trkpt lat="47.430853" lon="11.760932">
        <ele>1281.5</ele>
      </trkpt>
      <trkpt lat="47.430617" lon="11.76099">
        <ele>1285.5</ele>
      </trkpt>
      <trkpt lat="47.430461" lon="11.76106">
        <ele>1290</ele>
      </trkpt>
      <trkpt lat="47.430342" lon="11.761169">
        <ele>1296.75</ele>
      </trkpt>
      <trkpt lat="47.429923" lon="11.761332">
        <ele>1310</ele>
      </trkpt>
      <trkpt lat="47.429758" lon="11.76142">
        <ele>1317.5</ele>
      </trkpt>
      <trkpt lat="47.429728" lon="11.761471">
        <ele>1320.5</ele>
      </trkpt>
      <trkpt lat="47.429751" lon="11.761508">
        <ele>1322.25</ele>
      </trkpt>
      <trkpt lat="47.429814" lon="11.761528">
        <ele>1322.75</ele>
      </trkpt>
      <trkpt lat="47.430018" lon="11.761484">
        <ele>1317.75</ele>
      </trkpt>
      <trkpt lat="47.43013" lon="11.761518">
        <ele>1318.5</ele>
      </trkpt>
      <trkpt lat="47.430247" lon="11.76157">
        <ele>1320</ele>
      </trkpt>
      <trkpt lat="47.430356" lon="11.761579">
        <ele>1319.25</ele>
      </trkpt>
      <trkpt lat="47.430511" lon="11.761541">
        <ele>1315.5</ele>
      </trkpt>
      <trkpt lat="47.430585" lon="11.76155">
        <ele>1315</ele>
      </trkpt>
      <trkpt lat="47.430699" lon="11.7616">
        <ele>1316.25</ele>
      </trkpt>
      <trkpt lat="47.430898" lon="11.761726">
        <ele>1319.5</ele>
      </trkpt>
      <trkpt lat="47.431523" lon="11.762475">
        <ele>1332.5</ele>
      </trkpt>
      <trkpt lat="47.431881" lon="11.762844">
        <ele>1337.5</ele>
      </trkpt>
      <trkpt lat="47.431893" lon="11.762966">
        <ele>1340.75</ele>
      </trkpt>
      <trkpt lat="47.431589" lon="11.762838">
        <ele>1342.5</ele>
      </trkpt>
      <trkpt lat="47.431406" lon="11.762728">
        <ele>1345.5</ele>
      </trkpt>
      <trkpt lat="47.431002" lon="11.762505">
        <ele>1349</ele>
      </trkpt>
      <trkpt lat="47.430813" lon="11.762431">
        <ele>1351.25</ele>
      </trkpt>
      <trkpt lat="47.430701" lon="11.762437">
        <ele>1354</ele>
      </trkpt>
      <trkpt lat="47.430619" lon="11.76253">
        <ele>1360.25</ele>
      </trkpt>
      <trkpt lat="47.430437" lon="11.762501">
        <ele>1363</ele>
      </trkpt>
      <trkpt lat="47.430281" lon="11.76249">
        <ele>1366</ele>
      </trkpt>
      <trkpt lat="47.429986" lon="11.762544">
        <ele>1374.25</ele>
      </trkpt>
      <trkpt lat="47.429514" lon="11.762519">
        <ele>1366.5</ele>
      </trkpt>
      <trkpt lat="47.429404" lon="11.762551">
        <ele>1365.75</ele>
      </trkpt>
      <trkpt lat="47.429336" lon="11.762596">
        <ele>1366</ele>
      </trkpt>
      <trkpt lat="47.429274" lon="11.762679">
        <ele>1367</ele>
      </trkpt>
      <trkpt lat="47.429247" lon="11.762792">
        <ele>1369.5</ele>
      </trkpt>
      <trkpt lat="47.429227" lon="11.762913">
        <ele>1372.5</ele>
      </trkpt>
      <trkpt lat="47.429232" lon="11.763071">
        <ele>1376.5</ele>
      </trkpt>
      <trkpt lat="47.429265" lon="11.763358">
        <ele>1384.75</ele>
      </trkpt>
      <trkpt lat="47.429259" lon="11.763532">
        <ele>1388.25</ele>
      </trkpt>
      <trkpt lat="47.429223" lon="11.763782">
        <ele>1392.75</ele>
      </trkpt>
      <trkpt lat="47.429167" lon="11.763916">
        <ele>1394.5</ele>
      </trkpt>
      <trkpt lat="47.428912" lon="11.764047">
        <ele>1393.25</ele>
      </trkpt>
      <trkpt lat="47.4288" lon="11.76413">
        <ele>1393.25</ele>
      </trkpt>
      <trkpt lat="47.428525" lon="11.764472">
        <ele>1398.75</ele>
      </trkpt>
      <trkpt lat="47.428363" lon="11.764615">
        <ele>1400.75</ele>
      </trkpt>
      <trkpt lat="47.428103" lon="11.764745">
        <ele>1403</ele>
      </trkpt>
      <trkpt lat="47.427751" lon="11.764862">
        <ele>1405.5</ele>
      </trkpt>
      <trkpt lat="47.427519" lon="11.764809">
        <ele>1402.5</ele>
      </trkpt>
      <trkpt lat="47.427474" lon="11.764864">
        <ele>1405</ele>
      </trkpt>
      <trkpt lat="47.427467" lon="11.764874">
        <ele>1405.5</ele>
      </trkpt>
      <trkpt lat="47.426728" lon="11.764558">
        <ele>1396.75</ele>
      </trkpt>
      <trkpt lat="47.426114" lon="11.764483">
        <ele>1400.5</ele>
      </trkpt>
      <trkpt lat="47.425845" lon="11.764379">
        <ele>1399.25</ele>
      </trkpt>
      <trkpt lat="47.425582" lon="11.764165">
        <ele>1399.25</ele>
      </trkpt>
      <trkpt lat="47.425228" lon="11.763998">
        <ele>1405.5</ele>
      </trkpt>
      <trkpt lat="47.424965" lon="11.763903">
        <ele>1410.75</ele>
      </trkpt>
      <trkpt lat="47.424694" lon="11.764072">
        <ele>1421</ele>
      </trkpt>
      <trkpt lat="47.424528" lon="11.764047">
        <ele>1420.75</ele>
      </trkpt>
      <trkpt lat="47.424404" lon="11.763948">
        <ele>1415.75</ele>
      </trkpt>
      <trkpt lat="47.424318" lon="11.763806">
        <ele>1408</ele>
      </trkpt>
      <trkpt lat="47.424241" lon="11.763833">
        <ele>1410</ele>
      </trkpt>
      <trkpt lat="47.424167" lon="11.763914">
        <ele>1415</ele>
      </trkpt>
      <trkpt lat="47.42399" lon="11.763961">
        <ele>1421.25</ele>
      </trkpt>
      <trkpt lat="47.423797" lon="11.763916">
        <ele>1422.5</ele>
      </trkpt>
      <trkpt lat="47.423637" lon="11.763977">
        <ele>1429.25</ele>
      </trkpt>
      <trkpt lat="47.423473" lon="11.763959">
        <ele>1431.5</ele>
      </trkpt>
      <trkpt lat="47.423325" lon="11.763972">
        <ele>1435.25</ele>
      </trkpt>
      <trkpt lat="47.423191" lon="11.763916">
        <ele>1431.25</ele>
      </trkpt>
      <trkpt lat="47.422943" lon="11.763701">
        <ele>1419.5</ele>
      </trkpt>
      <trkpt lat="47.422848" lon="11.763648">
        <ele>1417</ele>
      </trkpt>
      <trkpt lat="47.422752" lon="11.763642">
        <ele>1417</ele>
      </trkpt>
      <trkpt lat="47.422655" lon="11.763674">
        <ele>1418.75</ele>
      </trkpt>
      <trkpt lat="47.422547" lon="11.763741">
        <ele>1421.5</ele>
      </trkpt>
      <trkpt lat="47.42246" lon="11.76386">
        <ele>1424.75</ele>
      </trkpt>
      <trkpt lat="47.422504" lon="11.763917">
        <ele>1428.25</ele>
      </trkpt>
      <trkpt lat="47.422624" lon="11.763869">
        <ele>1426.75</ele>
      </trkpt>
      <trkpt lat="47.422732" lon="11.763901">
        <ele>1428.5</ele>
      </trkpt>
      <trkpt lat="47.42283" lon="11.763963">
        <ele>1431.75</ele>
      </trkpt>
      <trkpt lat="47.422766" lon="11.764093">
        <ele>1437.5</ele>
      </trkpt>
      <trkpt lat="47.422851" lon="11.764163">
        <ele>1441.5</ele>
      </trkpt>
      <trkpt lat="47.422687" lon="11.764291">
        <ele>1445.25</ele>
      </trkpt>
      <trkpt lat="47.42254" lon="11.764495">
        <ele>1452.5</ele>
      </trkpt>
      <trkpt lat="47.422346" lon="11.7647">
        <ele>1454.5</ele>
      </trkpt>
      <trkpt lat="47.422143" lon="11.764957">
        <ele>1456</ele>
      </trkpt>
      <trkpt lat="47.422046" lon="11.765162">
        <ele>1458.75</ele>
      </trkpt>
      <trkpt lat="47.421991" lon="11.765349">
        <ele>1462.5</ele>
      </trkpt>
      <trkpt lat="47.421921" lon="11.765544">
        <ele>1465.25</ele>
      </trkpt>
      <trkpt lat="47.421864" lon="11.765874">
        <ele>1473</ele>
      </trkpt>
      <trkpt lat="47.421859" lon="11.766052">
        <ele>1479.75</ele>
      </trkpt>
      <trkpt lat="47.421881" lon="11.766105">
        <ele>1483</ele>
      </trkpt>
      <trkpt lat="47.421839" lon="11.766233">
        <ele>1485.25</ele>
      </trkpt>
      <trkpt lat="47.421785" lon="11.766481">
        <ele>1491.25</ele>
      </trkpt>
      <trkpt lat="47.421728" lon="11.766686">
        <ele>1494.75</ele>
      </trkpt>
      <trkpt lat="47.421562" lon="11.766764">
        <ele>1485.5</ele>
      </trkpt>
      <trkpt lat="47.421457" lon="11.766926">
        <ele>1482.75</ele>
      </trkpt>
      <trkpt lat="47.421361" lon="11.767194">
        <ele>1483.5</ele>
      </trkpt>
      <trkpt lat="47.421358" lon="11.767519">
        <ele>1492.75</ele>
      </trkpt>
      <trkpt lat="47.421372" lon="11.767752">
        <ele>1500.75</ele>
      </trkpt>
      <trkpt lat="47.421374" lon="11.767896">
        <ele>1505.25</ele>
      </trkpt>
      <trkpt lat="47.421346" lon="11.767959">
        <ele>1505.25</ele>
      </trkpt>
      <trkpt lat="47.421282" lon="11.767969">
        <ele>1501.25</ele>
      </trkpt>
      <trkpt lat="47.421218" lon="11.767953">
        <ele>1496.25</ele>
      </trkpt>
      <trkpt lat="47.421142" lon="11.768047">
        <ele>1494.5</ele>
      </trkpt>
      <trkpt lat="47.42107" lon="11.768114">
        <ele>1492.25</ele>
      </trkpt>
      <trkpt lat="47.420952" lon="11.768165">
        <ele>1486.5</ele>
      </trkpt>
      <trkpt lat="47.420842" lon="11.76825">
        <ele>1483</ele>
      </trkpt>
      <trkpt lat="47.420804" lon="11.768323">
        <ele>1484</ele>
      </trkpt>
      <trkpt lat="47.42078" lon="11.768404">
        <ele>1487</ele>
      </trkpt>
      <trkpt lat="47.420734" lon="11.768426">
        <ele>1486</ele>
      </trkpt>
      <trkpt lat="47.42068" lon="11.76843">
        <ele>1483.75</ele>
      </trkpt>
      <trkpt lat="47.420606" lon="11.768492">
        <ele>1483.25</ele>
      </trkpt>
      <trkpt lat="47.420551" lon="11.768569">
        <ele>1484.5</ele>
      </trkpt>
      <trkpt lat="47.420474" lon="11.768607">
        <ele>1482.75</ele>
      </trkpt>
      <trkpt lat="47.420419" lon="11.768663">
        <ele>1482.75</ele>
      </trkpt>
      <trkpt lat="47.420313" lon="11.768673">
        <ele>1478.25</ele>
      </trkpt>
      <trkpt lat="47.420166" lon="11.768746">
        <ele>1474.75</ele>
      </trkpt>
      <trkpt lat="47.420078" lon="11.768904">
        <ele>1477.75</ele>
      </trkpt>
      <trkpt lat="47.419975" lon="11.769131">
        <ele>1482.75</ele>
      </trkpt>
      <trkpt lat="47.419953" lon="11.769225">
        <ele>1484.5</ele>
      </trkpt>
      <trkpt lat="47.419934" lon="11.769391">
        <ele>1487.75</ele>
      </trkpt>
      <trkpt lat="47.419911" lon="11.769631">
        <ele>1492.25</ele>
      </trkpt>
      <trkpt lat="47.419864" lon="11.769708">
        <ele>1491.25</ele>
      </trkpt>
      <trkpt lat="47.419786" lon="11.769789">
        <ele>1488</ele>
      </trkpt>
      <trkpt lat="47.419685" lon="11.769945">
        <ele>1484.75</ele>
      </trkpt>
      <trkpt lat="47.419691" lon="11.770135">
        <ele>1487.5</ele>
      </trkpt>
      <trkpt lat="47.419685" lon="11.770244">
        <ele>1488.25</ele>
      </trkpt>
      <trkpt lat="47.419672" lon="11.77033">
        <ele>1488</ele>
      </trkpt>
      <trkpt lat="47.419679" lon="11.770424">
        <ele>1489.5</ele>
      </trkpt>
      <trkpt lat="47.41973" lon="11.770469">
        <ele>1493.5</ele>
      </trkpt>
      <trkpt lat="47.41974" lon="11.770527">
        <ele>1495</ele>
      </trkpt>
      <trkpt lat="47.419699" lon="11.77065">
        <ele>1493</ele>
      </trkpt>
      <trkpt lat="47.419694" lon="11.770707">
        <ele>1493.25</ele>
      </trkpt>
      <trkpt lat="47.419663" lon="11.77087">
        <ele>1492.25</ele>
      </trkpt>
      <trkpt lat="47.419648" lon="11.771013">
        <ele>1492</ele>
      </trkpt>
      <trkpt lat="47.419615" lon="11.771158">
        <ele>1490.25</ele>
      </trkpt>
      <trkpt lat="47.419621" lon="11.77134">
        <ele>1491.75</ele>
      </trkpt>
      <trkpt lat="47.419637" lon="11.771436">
        <ele>1493.75</ele>
      </trkpt>
      <trkpt lat="47.419586" lon="11.77155">
        <ele>1490</ele>
      </trkpt>
      <trkpt lat="47.419533" lon="11.771759">
        <ele>1484</ele>
      </trkpt>
      <trkpt lat="47.419584" lon="11.772185">
        <ele>1480.75</ele>
      </trkpt>
      <trkpt lat="47.419649" lon="11.77236">
        <ele>1483.5</ele>
      </trkpt>
      <trkpt lat="47.419654" lon="11.772372">
        <ele>1483.75</ele>
      </trkpt>
      <trkpt lat="47.419753" lon="11.772517">
        <ele>1490</ele>
      </trkpt>
      <trkpt lat="47.419845" lon="11.772707">
        <ele>1495.25</ele>
      </trkpt>
      <trkpt lat="47.419953" lon="11.772809">
        <ele>1503.25</ele>
      </trkpt>
      <trkpt lat="47.419956" lon="11.772838">
        <ele>1503</ele>
      </trkpt>
      <trkpt lat="47.419948" lon="11.772883">
        <ele>1501.5</ele>
      </trkpt>
      <trkpt lat="47.419936" lon="11.772911">
        <ele>1500</ele>
      </trkpt>
      <trkpt lat="47.419946" lon="11.773029">
        <ele>1498.75</ele>
      </trkpt>
      <trkpt lat="47.420001" lon="11.773214">
        <ele>1500</ele>
      </trkpt>
      <trkpt lat="47.420002" lon="11.773349">
        <ele>1498.25</ele>
      </trkpt>
      <trkpt lat="47.420074" lon="11.773579">
        <ele>1507.5</ele>
      </trkpt>
      <trkpt lat="47.420076" lon="11.77362">
        <ele>1508.25</ele>
      </trkpt>
      <trkpt lat="47.420066" lon="11.773659">
        <ele>1508</ele>
      </trkpt>
      <trkpt lat="47.420065" lon="11.773697">
        <ele>1508.5</ele>
      </trkpt>
      <trkpt lat="47.420078" lon="11.773741">
        <ele>1510.25</ele>
      </trkpt>
      <trkpt lat="47.420076" lon="11.773781">
        <ele>1510.75</ele>
      </trkpt>
      <trkpt lat="47.420014" lon="11.773828">
        <ele>1506.25</ele>
      </trkpt>
      <trkpt lat="47.419928" lon="11.773848">
        <ele>1500</ele>
      </trkpt>
      <trkpt lat="47.419858" lon="11.773894">
        <ele>1495.5</ele>
      </trkpt>
      <trkpt lat="47.41975" lon="11.77399">
        <ele>1489.25</ele>
      </trkpt>
      <trkpt lat="47.419689" lon="11.774001">
        <ele>1485</ele>
      </trkpt>
      <trkpt lat="47.419588" lon="11.774046">
        <ele>1478.75</ele>
      </trkpt>
      <trkpt lat="47.419573" lon="11.774077">
        <ele>1478.25</ele>
      </trkpt>
      <trkpt lat="47.419582" lon="11.774625">
        <ele>1489.25</ele>
      </trkpt>
      <trkpt lat="47.41961" lon="11.77472">
        <ele>1493.5</ele>
      </trkpt>
      <trkpt lat="47.419608" lon="11.774868">
        <ele>1496</ele>
      </trkpt>
      <trkpt lat="47.419552" lon="11.775027">
        <ele>1493.5</ele>
      </trkpt>
      <trkpt lat="47.419534" lon="11.775401">
        <ele>1492</ele>
      </trkpt>
      <trkpt lat="47.419537" lon="11.775673">
        <ele>1492.5</ele>
      </trkpt>
      <trkpt lat="47.419519" lon="11.775955">
        <ele>1491.25</ele>
      </trkpt>
      <trkpt lat="47.419495" lon="11.776115">
        <ele>1489.75</ele>
      </trkpt>
      <trkpt lat="47.419503" lon="11.776187">
        <ele>1490.25</ele>
      </trkpt>
      <trkpt lat="47.419494" lon="11.776205">
        <ele>1489.75</ele>
      </trkpt>
      <trkpt lat="47.419495" lon="11.77629">
        <ele>1489.75</ele>
      </trkpt>
      <trkpt lat="47.419521" lon="11.776471">
        <ele>1491.25</ele>
      </trkpt>
      <trkpt lat="47.419524" lon="11.776555">
        <ele>1491.25</ele>
      </trkpt>
      <trkpt lat="47.419498" lon="11.776589">
        <ele>1490.25</ele>
      </trkpt>
      <trkpt lat="47.419483" lon="11.776631">
        <ele>1489.5</ele>
      </trkpt>
      <trkpt lat="47.419482" lon="11.777007">
        <ele>1489.75</ele>
      </trkpt>
      <trkpt lat="47.419529" lon="11.777152">
        <ele>1491.5</ele>
      </trkpt>
      <trkpt lat="47.4196" lon="11.777293">
        <ele>1494</ele>
      </trkpt>
      <trkpt lat="47.419592" lon="11.777397">
        <ele>1493.75</ele>
      </trkpt>
      <trkpt lat="47.419561" lon="11.777512">
        <ele>1492.5</ele>
      </trkpt>
      <trkpt lat="47.419455" lon="11.777597">
        <ele>1488.75</ele>
      </trkpt>
      <trkpt lat="47.419429" lon="11.777671">
        <ele>1487.75</ele>
      </trkpt>
      <trkpt lat="47.419398" lon="11.777719">
        <ele>1486.75</ele>
      </trkpt>
      <trkpt lat="47.419392" lon="11.777754">
        <ele>1486.5</ele>
      </trkpt>
      <trkpt lat="47.41939" lon="11.777779">
        <ele>1486.25</ele>
      </trkpt>
      <trkpt lat="47.419384" lon="11.777888">
        <ele>1486.25</ele>
      </trkpt>
      <trkpt lat="47.419392" lon="11.777922">
        <ele>1486.5</ele>
      </trkpt>
      <trkpt lat="47.419407" lon="11.77794">
        <ele>1487</ele>
      </trkpt>
      <trkpt lat="47.419384" lon="11.778071">
        <ele>1486.25</ele>
      </trkpt>
      <trkpt lat="47.419398" lon="11.778139">
        <ele>1486.5</ele>
      </trkpt>
      <trkpt lat="47.419284" lon="11.778215">
        <ele>1483.25</ele>
      </trkpt>
      <trkpt lat="47.419301" lon="11.778242">
        <ele>1483.75</ele>
      </trkpt>
      <trkpt lat="47.419343" lon="11.778536">
        <ele>1484.75</ele>
      </trkpt>
      <trkpt lat="47.419327" lon="11.778637">
        <ele>1484.25</ele>
      </trkpt>
      <trkpt lat="47.419288" lon="11.778678">
        <ele>1483.25</ele>
      </trkpt>
      <trkpt lat="47.419211" lon="11.778731">
        <ele>1480.75</ele>
      </trkpt>
      <trkpt lat="47.419056" lon="11.778777">
        <ele>1476</ele>
      </trkpt>
      <trkpt lat="47.418977" lon="11.778768">
        <ele>1473.75</ele>
      </trkpt>
      <trkpt lat="47.418817" lon="11.778652">
        <ele>1469.75</ele>
      </trkpt>
      <trkpt lat="47.418733" lon="11.778613">
        <ele>1467.5</ele>
      </trkpt>
      <trkpt lat="47.418654" lon="11.77864">
        <ele>1465.25</ele>
      </trkpt>
      <trkpt lat="47.418603" lon="11.778639">
        <ele>1463.75</ele>
      </trkpt>
      <trkpt lat="47.418536" lon="11.778543">
        <ele>1462.5</ele>
      </trkpt>
      <trkpt lat="47.418403" lon="11.778402">
        <ele>1460</ele>
      </trkpt>
      <trkpt lat="47.418212" lon="11.778319">
        <ele>1453.5</ele>
      </trkpt>
      <trkpt lat="47.417987" lon="11.778396">
        <ele>1442.5</ele>
      </trkpt>
      <trkpt lat="47.417944" lon="11.778393">
        <ele>1440.5</ele>
      </trkpt>
      <trkpt lat="47.417865" lon="11.778312">
        <ele>1437.75</ele>
      </trkpt>
      <trkpt lat="47.41783" lon="11.778316">
        <ele>1436</ele>
      </trkpt>
      <trkpt lat="47.417715" lon="11.778098">
        <ele>1432.25</ele>
      </trkpt>
      <trkpt lat="47.41765" lon="11.777864">
        <ele>1431.25</ele>
      </trkpt>
      <trkpt lat="47.41755" lon="11.77754">
        <ele>1428</ele>
      </trkpt>
      <trkpt lat="47.417495" lon="11.777362">
        <ele>1426.25</ele>
      </trkpt>
      <trkpt lat="47.417462" lon="11.777194">
        <ele>1423</ele>
      </trkpt>
      <trkpt lat="47.417446" lon="11.777007">
        <ele>1420.25</ele>
      </trkpt>
      <trkpt lat="47.417385" lon="11.777018">
        <ele>1417.25</ele>
      </trkpt>
      <trkpt lat="47.417333" lon="11.77718">
        <ele>1416</ele>
      </trkpt>
      <trkpt lat="47.417314" lon="11.777185">
        <ele>1415</ele>
      </trkpt>
      <trkpt lat="47.417278" lon="11.777104">
        <ele>1412.5</ele>
      </trkpt>
      <trkpt lat="47.417247" lon="11.776995">
        <ele>1409.75</ele>
      </trkpt>
      <trkpt lat="47.417243" lon="11.776662">
        <ele>1406.5</ele>
      </trkpt>
      <trkpt lat="47.417233" lon="11.776668">
        <ele>1406</ele>
      </trkpt>
      <trkpt lat="47.417159" lon="11.776809">
        <ele>1403.5</ele>
      </trkpt>
      <trkpt lat="47.417143" lon="11.776828">
        <ele>1403</ele>
      </trkpt>
      <trkpt lat="47.417136" lon="11.776817">
        <ele>1402.5</ele>
      </trkpt>
      <trkpt lat="47.417133" lon="11.776659">
        <ele>1400.75</ele>
      </trkpt>
      <trkpt lat="47.417121" lon="11.776643">
        <ele>1399.75</ele>
      </trkpt>
      <trkpt lat="47.417081" lon="11.776625">
        <ele>1397.5</ele>
      </trkpt>
      <trkpt lat="47.417048" lon="11.776638">
        <ele>1396</ele>
      </trkpt>
      <trkpt lat="47.41706" lon="11.776693">
        <ele>1397.5</ele>
      </trkpt>
      <trkpt lat="47.417057" lon="11.776748">
        <ele>1397.75</ele>
      </trkpt>
      <trkpt lat="47.417044" lon="11.776813">
        <ele>1397.75</ele>
      </trkpt>
      <trkpt lat="47.416948" lon="11.776934">
        <ele>1393.75</ele>
      </trkpt>
      <trkpt lat="47.41693" lon="11.776937">
        <ele>1392.75</ele>
      </trkpt>
      <trkpt lat="47.416946" lon="11.776872">
        <ele>1393</ele>
      </trkpt>
      <trkpt lat="47.416913" lon="11.77675">
        <ele>1390.25</ele>
      </trkpt>
      <trkpt lat="47.416891" lon="11.776746">
        <ele>1389</ele>
      </trkpt>
      <trkpt lat="47.416863" lon="11.776768">
        <ele>1387.75</ele>
      </trkpt>
      <trkpt lat="47.416845" lon="11.776801">
        <ele>1387.25</ele>
      </trkpt>
      <trkpt lat="47.416828" lon="11.776865">
        <ele>1387</ele>
      </trkpt>
      <trkpt lat="47.416788" lon="11.776887">
        <ele>1385</ele>
      </trkpt>
      <trkpt lat="47.41675" lon="11.776945">
        <ele>1383.5</ele>
      </trkpt>
      <trkpt lat="47.416659" lon="11.776924">
        <ele>1378.5</ele>
      </trkpt>
      <trkpt lat="47.41664" lon="11.776971">
        <ele>1377.75</ele>
      </trkpt>
      <trkpt lat="47.416576" lon="11.777134">
        <ele>1375</ele>
      </trkpt>
      <trkpt lat="47.416524" lon="11.777175">
        <ele>1371.75</ele>
      </trkpt>
      <trkpt lat="47.416477" lon="11.777213">
        <ele>1369</ele>
      </trkpt>
      <trkpt lat="47.416409" lon="11.777208">
        <ele>1364.5</ele>
      </trkpt>
      <trkpt lat="47.416299" lon="11.777332">
        <ele>1358</ele>
      </trkpt>
      <trkpt lat="47.416226" lon="11.777488">
        <ele>1353.75</ele>
      </trkpt>
      <trkpt lat="47.416133" lon="11.777601">
        <ele>1346.5</ele>
      </trkpt>
      <trkpt lat="47.416122" lon="11.777707">
        <ele>1345</ele>
      </trkpt>
      <trkpt lat="47.416135" lon="11.777811">
        <ele>1345</ele>
      </trkpt>
      <trkpt lat="47.416099" lon="11.777875">
        <ele>1342.25</ele>
      </trkpt>
      <trkpt lat="47.416037" lon="11.777876">
        <ele>1338.5</ele>
      </trkpt>
      <trkpt lat="47.415921" lon="11.777764">
        <ele>1332</ele>
      </trkpt>
      <trkpt lat="47.415847" lon="11.777542">
        <ele>1327.75</ele>
      </trkpt>
      <trkpt lat="47.415814" lon="11.777379">
        <ele>1325.25</ele>
      </trkpt>
      <trkpt lat="47.415751" lon="11.777272">
        <ele>1319.75</ele>
      </trkpt>
      <trkpt lat="47.415744" lon="11.777064">
        <ele>1319</ele>
      </trkpt>
      <trkpt lat="47.415761" lon="11.776941">
        <ele>1320.5</ele>
      </trkpt>
      <trkpt lat="47.415751" lon="11.776853">
        <ele>1319.5</ele>
      </trkpt>
      <trkpt lat="47.415706" lon="11.776834">
        <ele>1315.5</ele>
      </trkpt>
      <trkpt lat="47.415657" lon="11.776878">
        <ele>1311.25</ele>
      </trkpt>
      <trkpt lat="47.415569" lon="11.776934">
        <ele>1303.5</ele>
      </trkpt>
      <trkpt lat="47.41557" lon="11.776996">
        <ele>1303.75</ele>
      </trkpt>
      <trkpt lat="47.41555" lon="11.777007">
        <ele>1302</ele>
      </trkpt>
      <trkpt lat="47.415519" lon="11.776873">
        <ele>1299</ele>
      </trkpt>
      <trkpt lat="47.415545" lon="11.776806">
        <ele>1301.25</ele>
      </trkpt>
      <trkpt lat="47.415554" lon="11.776633">
        <ele>1301.25</ele>
      </trkpt>
      <trkpt lat="47.415516" lon="11.776598">
        <ele>1297.25</ele>
      </trkpt>
      <trkpt lat="47.41549" lon="11.776692">
        <ele>1296</ele>
      </trkpt>
      <trkpt lat="47.415427" lon="11.776548">
        <ele>1288.75</ele>
      </trkpt>
      <trkpt lat="47.415409" lon="11.776382">
        <ele>1285.25</ele>
      </trkpt>
      <trkpt lat="47.41531" lon="11.775717">
        <ele>1266.5</ele>
      </trkpt>
      <trkpt lat="47.415291" lon="11.775583">
        <ele>1262.75</ele>
      </trkpt>
      <trkpt lat="47.415316" lon="11.775459">
        <ele>1261</ele>
      </trkpt>
      <trkpt lat="47.415363" lon="11.775393">
        <ele>1262</ele>
      </trkpt>
      <trkpt lat="47.415468" lon="11.775305">
        <ele>1265.75</ele>
      </trkpt>
      <trkpt lat="47.415286" lon="11.775289">
        <ele>1254</ele>
      </trkpt>
      <trkpt lat="47.415216" lon="11.775242">
        <ele>1248.5</ele>
      </trkpt>
      <trkpt lat="47.415261" lon="11.775119">
        <ele>1247.75</ele>
      </trkpt>
      <trkpt lat="47.415502" lon="11.775066">
        <ele>1259.75</ele>
      </trkpt>
      <trkpt lat="47.415633" lon="11.774831">
        <ele>1257.75</ele>
      </trkpt>
      <trkpt lat="47.415656" lon="11.774717">
        <ele>1254.25</ele>
      </trkpt>
      <trkpt lat="47.415703" lon="11.774607">
        <ele>1252.25</ele>
      </trkpt>
      <trkpt lat="47.415722" lon="11.774277">
        <ele>1239.5</ele>
      </trkpt>
      <trkpt lat="47.415816" lon="11.773799">
        <ele>1225</ele>
      </trkpt>
      <trkpt lat="47.416022" lon="11.773529">
        <ele>1224.25</ele>
      </trkpt>
      <trkpt lat="47.416187" lon="11.773157">
        <ele>1218.75</ele>
      </trkpt>
      <trkpt lat="47.416277" lon="11.773046">
        <ele>1220.25</ele>
      </trkpt>
      <trkpt lat="47.416426" lon="11.772932">
        <ele>1225.5</ele>
      </trkpt>
      <trkpt lat="47.416455" lon="11.772902">
        <ele>1226.25</ele>
      </trkpt>
      <trkpt lat="47.416469" lon="11.772551">
        <ele>1218</ele>
      </trkpt>
      <trkpt lat="47.416494" lon="11.772335">
        <ele>1220.5</ele>
      </trkpt>
      <trkpt lat="47.41643" lon="11.771968">
        <ele>1219.75</ele>
      </trkpt>
      <trkpt lat="47.416385" lon="11.771859">
        <ele>1217</ele>
      </trkpt>
      <trkpt lat="47.416369" lon="11.77182">
        <ele>1216</ele>
      </trkpt>
      <trkpt lat="47.416072" lon="11.771381">
        <ele>1195.25</ele>
      </trkpt>
      <trkpt lat="47.415817" lon="11.770938">
        <ele>1181.75</ele>
      </trkpt>
      <trkpt lat="47.415502" lon="11.770684">
        <ele>1161</ele>
      </trkpt>
      <trkpt lat="47.415498" lon="11.77068">
        <ele>1160.75</ele>
      </trkpt>
      <trkpt lat="47.415474" lon="11.77072">
        <ele>1159</ele>
      </trkpt>
      <trkpt lat="47.415481" lon="11.770827">
        <ele>1159.5</ele>
      </trkpt>
      <trkpt lat="47.415384" lon="11.770818">
        <ele>1152.5</ele>
      </trkpt>
      <trkpt lat="47.415234" lon="11.770464">
        <ele>1142.5</ele>
      </trkpt>
      <trkpt lat="47.415154" lon="11.770725">
        <ele>1136.25</ele>
      </trkpt>
      <trkpt lat="47.415084" lon="11.770705">
        <ele>1131.25</ele>
      </trkpt>
      <trkpt lat="47.415038" lon="11.770543">
        <ele>1128.5</ele>
      </trkpt>
      <trkpt lat="47.415049" lon="11.770278">
        <ele>1130.25</ele>
      </trkpt>
      <trkpt lat="47.415145" lon="11.769725">
        <ele>1130.5</ele>
      </trkpt>
      <trkpt lat="47.415139" lon="11.769596">
        <ele>1127</ele>
      </trkpt>
      <trkpt lat="47.415109" lon="11.769388">
        <ele>1119.5</ele>
      </trkpt>
      <trkpt lat="47.415119" lon="11.769285">
        <ele>1117.5</ele>
      </trkpt>
      <trkpt lat="47.415149" lon="11.769194">
        <ele>1117.5</ele>
      </trkpt>
      <trkpt lat="47.415137" lon="11.769119">
        <ele>1115</ele>
      </trkpt>
      <trkpt lat="47.415028" lon="11.76914">
        <ele>1107.5</ele>
      </trkpt>
      <trkpt lat="47.415011" lon="11.769095">
        <ele>1105.25</ele>
      </trkpt>
      <trkpt lat="47.415034" lon="11.769024">
        <ele>1105.75</ele>
      </trkpt>
      <trkpt lat="47.4151" lon="11.768963">
        <ele>1109.5</ele>
      </trkpt>
      <trkpt lat="47.415126" lon="11.768877">
        <ele>1110</ele>
      </trkpt>
      <trkpt lat="47.415023" lon="11.768001">
        <ele>1086.5</ele>
      </trkpt>
      <trkpt lat="47.415049" lon="11.767726">
        <ele>1083.75</ele>
      </trkpt>
      <trkpt lat="47.415004" lon="11.767005">
        <ele>1063</ele>
      </trkpt>
      <trkpt lat="47.415055" lon="11.766537">
        <ele>1055</ele>
      </trkpt>
      <trkpt lat="47.415132" lon="11.766109">
        <ele>1051.25</ele>
      </trkpt>
      <trkpt lat="47.415253" lon="11.76512">
        <ele>1036.5</ele>
      </trkpt>
      <trkpt lat="47.415333" lon="11.764923">
        <ele>1036.75</ele>
      </trkpt>
      <trkpt lat="47.415327" lon="11.764878">
        <ele>1035.25</ele>
      </trkpt>
      <trkpt lat="47.415352" lon="11.764813">
        <ele>1035.25</ele>
      </trkpt>
      <trkpt lat="47.415342" lon="11.764722">
        <ele>1032</ele>
      </trkpt>
      <trkpt lat="47.415365" lon="11.764629">
        <ele>1031</ele>
      </trkpt>
      <trkpt lat="47.415373" lon="11.764562">
        <ele>1029.75</ele>
      </trkpt>
      <trkpt lat="47.41541" lon="11.764511">
        <ele>1030.75</ele>
      </trkpt>
      <trkpt lat="47.415403" lon="11.764431">
        <ele>1028.25</ele>
      </trkpt>
      <trkpt lat="47.415374" lon="11.764285">
        <ele>1022.5</ele>
      </trkpt>
      <trkpt lat="47.415394" lon="11.764226">
        <ele>1022.25</ele>
      </trkpt>
      <trkpt lat="47.415368" lon="11.764184">
        <ele>1019.5</ele>
      </trkpt>
      <trkpt lat="47.415377" lon="11.764116">
        <ele>1019.25</ele>
      </trkpt>
      <trkpt lat="47.415349" lon="11.764016">
        <ele>1016.75</ele>
      </trkpt>
      <trkpt lat="47.415367" lon="11.763861">
        <ele>1016.5</ele>
      </trkpt>
      <trkpt lat="47.415331" lon="11.763785">
        <ele>1014</ele>
      </trkpt>
      <trkpt lat="47.415223" lon="11.763497">
        <ele>1005.75</ele>
      </trkpt>
      <trkpt lat="47.415167" lon="11.763363">
        <ele>1002</ele>
      </trkpt>
      <trkpt lat="47.415156" lon="11.763299">
        <ele>1000.5</ele>
      </trkpt>
      <trkpt lat="47.415155" lon="11.763298">
        <ele>1000.5</ele>
      </trkpt>
      <trkpt lat="47.41513" lon="11.763148">
        <ele>997.5</ele>
      </trkpt>
      <trkpt lat="47.415145" lon="11.762882">
        <ele>995</ele>
      </trkpt>
      <trkpt lat="47.41517" lon="11.7627">
        <ele>994</ele>
      </trkpt>
      <trkpt lat="47.415209" lon="11.762503">
        <ele>993.5</ele>
      </trkpt>
      <trkpt lat="47.415232" lon="11.762331">
        <ele>990.75</ele>
      </trkpt>
      <trkpt lat="47.415332" lon="11.762183">
        <ele>991.75</ele>
      </trkpt>
      <trkpt lat="47.415381" lon="11.762135">
        <ele>992.75</ele>
      </trkpt>
      <trkpt lat="47.415531" lon="11.761832">
        <ele>991</ele>
      </trkpt>
      <trkpt lat="47.415713" lon="11.761544">
        <ele>990.5</ele>
      </trkpt>
      <trkpt lat="47.415908" lon="11.761085">
        <ele>987.25</ele>
      </trkpt>
      <trkpt lat="47.415983" lon="11.761017">
        <ele>988</ele>
      </trkpt>
      <trkpt lat="47.416037" lon="11.760888">
        <ele>986.5</ele>
      </trkpt>
      <trkpt lat="47.416157" lon="11.760709">
        <ele>986</ele>
      </trkpt>
      <trkpt lat="47.416239" lon="11.760618">
        <ele>986.25</ele>
      </trkpt>
      <trkpt lat="47.416293" lon="11.760508">
        <ele>985.25</ele>
      </trkpt>
      <trkpt lat="47.416284" lon="11.760371">
        <ele>978.4114506283138</ele>
      </trkpt>
      <trkpt lat="47.41618296909442" lon="11.76024986961258">
        <ele>973.1441415872906</ele>
      </trkpt>
      <trkpt lat="47.41600262373669" lon="11.760453923403702">
        <ele>975.8911325558024</ele>
      </trkpt>
      <trkpt lat="47.416013" lon="11.760474">
        <ele>977.25</ele>
      </trkpt>
      <trkpt lat="47.415872" lon="11.760636">
        <ele>977</ele>
      </trkpt>
      <trkpt lat="47.415501" lon="11.761076">
        <ele>976.5</ele>
      </trkpt>
      <trkpt lat="47.415157" lon="11.76157">
        <ele>973</ele>
      </trkpt>
      <trkpt lat="47.414883" lon="11.762061">
        <ele>973.75</ele>
      </trkpt>
      <trkpt lat="47.414676" lon="11.762497">
        <ele>975.75</ele>
      </trkpt>
      <trkpt lat="47.414493" lon="11.762939">
        <ele>975.75</ele>
      </trkpt>
      <trkpt lat="47.414301" lon="11.763538">
        <ele>975.75</ele>
      </trkpt>
      <trkpt lat="47.414177" lon="11.764048">
        <ele>973</ele>
      </trkpt>
      <trkpt lat="47.41416" lon="11.764121">
        <ele>972.75</ele>
      </trkpt>
      <trkpt lat="47.41405" lon="11.764674">
        <ele>975</ele>
      </trkpt>
      <trkpt lat="47.413997" lon="11.765062">
        <ele>976.5</ele>
      </trkpt>
      <trkpt lat="47.413924" lon="11.765034">
        <ele>974.75</ele>
      </trkpt>
      <trkpt lat="47.413864" lon="11.764958">
        <ele>973</ele>
      </trkpt>
      <trkpt lat="47.413847" lon="11.764919">
        <ele>972.5</ele>
      </trkpt>
      <trkpt lat="47.413833" lon="11.764818">
        <ele>971.75</ele>
      </trkpt>
      <trkpt lat="47.413845" lon="11.764741">
        <ele>971.5</ele>
      </trkpt>
      <trkpt lat="47.413886" lon="11.764627">
        <ele>971.75</ele>
      </trkpt>
      <trkpt lat="47.413925" lon="11.7645">
        <ele>971.75</ele>
      </trkpt>
      <trkpt lat="47.413932" lon="11.764433">
        <ele>971.5</ele>
      </trkpt>
      <trkpt lat="47.413932" lon="11.764358">
        <ele>971</ele>
      </trkpt>
      <trkpt lat="47.413925" lon="11.764296">
        <ele>970.5</ele>
      </trkpt>
      <trkpt lat="47.413901" lon="11.764213">
        <ele>969.75</ele>
      </trkpt>
      <trkpt lat="47.413887" lon="11.764175">
        <ele>969.25</ele>
      </trkpt>
      <trkpt lat="47.413817" lon="11.764073">
        <ele>968.25</ele>
      </trkpt>
      <trkpt lat="47.413747" lon="11.764018">
        <ele>967.25</ele>
      </trkpt>
      <trkpt lat="47.413739" lon="11.764013">
        <ele>967</ele>
      </trkpt>
      <trkpt lat="47.413728" lon="11.764005">
        <ele>967</ele>
      </trkpt>
      <trkpt lat="47.413689" lon="11.763983">
        <ele>966.5</ele>
      </trkpt>
      <trkpt lat="47.413527" lon="11.763962">
        <ele>964.5</ele>
      </trkpt>
      <trkpt lat="47.413495" lon="11.763948">
        <ele>964.25</ele>
      </trkpt>
      <trkpt lat="47.413436" lon="11.763905">
        <ele>963.5</ele>
      </trkpt>
      <trkpt lat="47.413385" lon="11.763842">
        <ele>963</ele>
      </trkpt>
      <trkpt lat="47.41337" lon="11.763802">
        <ele>962.75</ele>
      </trkpt>
      <trkpt lat="47.413345" lon="11.763709">
        <ele>962.5</ele>
      </trkpt>
      <trkpt lat="47.413334" lon="11.763567">
        <ele>962.5</ele>
      </trkpt>
      <trkpt lat="47.413135" lon="11.763593">
        <ele>961.25</ele>
      </trkpt>
      <trkpt lat="47.413007" lon="11.763541">
        <ele>960.5</ele>
      </trkpt>
      <trkpt lat="47.41296" lon="11.763539">
        <ele>960.25</ele>
      </trkpt>
      <trkpt lat="47.412921" lon="11.763577">
        <ele>960</ele>
      </trkpt>
      <trkpt lat="47.412882" lon="11.76366">
        <ele>959.75</ele>
      </trkpt>
      <trkpt lat="47.412751" lon="11.764358">
        <ele>957.75</ele>
      </trkpt>
      <trkpt lat="47.412425" lon="11.76429">
        <ele>956</ele>
      </trkpt>
      <trkpt lat="47.412035" lon="11.764367">
        <ele>952.75</ele>
      </trkpt>
      <trkpt lat="47.411772" lon="11.764529">
        <ele>949.5</ele>
      </trkpt>
      <trkpt lat="47.411578" lon="11.764603">
        <ele>948</ele>
      </trkpt>
      <trkpt lat="47.411578" lon="11.764603">
        <ele>948</ele>
      </trkpt>
      <trkpt lat="47.41143" lon="11.76466">
        <ele>947</ele>
      </trkpt>
      <trkpt lat="47.411201" lon="11.764973">
        <ele>944.5</ele>
      </trkpt>
      <trkpt lat="47.411086" lon="11.765079">
        <ele>943.5</ele>
      </trkpt>
      <trkpt lat="47.410967" lon="11.765147">
        <ele>943.25</ele>
      </trkpt>
      <trkpt lat="47.410786" lon="11.765406">
        <ele>942</ele>
      </trkpt>
      <trkpt lat="47.410635" lon="11.765713">
        <ele>940.25</ele>
      </trkpt>
      <trkpt lat="47.410478" lon="11.76607">
        <ele>934.75</ele>
      </trkpt>
      <trkpt lat="47.410367" lon="11.766268">
        <ele>931.25</ele>
      </trkpt>
      <trkpt lat="47.41028" lon="11.766505">
        <ele>927.5</ele>
      </trkpt>
      <trkpt lat="47.410225" lon="11.766798">
        <ele>923.5</ele>
      </trkpt>
      <trkpt lat="47.410163" lon="11.767045">
        <ele>921</ele>
      </trkpt>
      <trkpt lat="47.410041" lon="11.767353">
        <ele>919.5</ele>
      </trkpt>
      <trkpt lat="47.409642" lon="11.768103">
        <ele>902.5</ele>
      </trkpt>
      <trkpt lat="47.409387" lon="11.768045">
        <ele>900.5</ele>
      </trkpt>
      <trkpt lat="47.409052" lon="11.768258">
        <ele>890.25</ele>
      </trkpt>
      <trkpt lat="47.408848" lon="11.768483">
        <ele>877.5</ele>
      </trkpt>
      <trkpt lat="47.408826" lon="11.768507">
        <ele>876.25</ele>
      </trkpt>
      <trkpt lat="47.408656" lon="11.768762">
        <ele>867.75</ele>
      </trkpt>
      <trkpt lat="47.408597" lon="11.768852">
        <ele>865</ele>
      </trkpt>
      <trkpt lat="47.408515" lon="11.768976">
        <ele>862.25</ele>
      </trkpt>
      <trkpt lat="47.408376" lon="11.769092">
        <ele>859.5</ele>
      </trkpt>
      <trkpt lat="47.407939" lon="11.769397">
        <ele>843.25</ele>
      </trkpt>
      <trkpt lat="47.407791" lon="11.769475">
        <ele>839</ele>
      </trkpt>
      <trkpt lat="47.407477" lon="11.769528">
        <ele>832.5</ele>
      </trkpt>
      <trkpt lat="47.407245" lon="11.769802">
        <ele>829</ele>
      </trkpt>
      <trkpt lat="47.406912" lon="11.769601">
        <ele>819.5</ele>
      </trkpt>
      <trkpt lat="47.406723" lon="11.769598">
        <ele>815</ele>
      </trkpt>
      <trkpt lat="47.406572" lon="11.769779">
        <ele>816.25</ele>
      </trkpt>
      <trkpt lat="47.40629" lon="11.769872">
        <ele>815</ele>
      </trkpt>
      <trkpt lat="47.406179" lon="11.769718">
        <ele>812.25</ele>
      </trkpt>
      <trkpt lat="47.405484" lon="11.769338">
        <ele>802</ele>
      </trkpt>
      <trkpt lat="47.40545" lon="11.76932">
        <ele>801.5</ele>
      </trkpt>
      <trkpt lat="47.405231" lon="11.769501">
        <ele>798.75</ele>
      </trkpt>
      <trkpt lat="47.40513" lon="11.769584">
        <ele>797.5</ele>
      </trkpt>
      <trkpt lat="47.404935" lon="11.769661">
        <ele>793.25</ele>
      </trkpt>
      <trkpt lat="47.404788" lon="11.769609">
        <ele>788.75</ele>
      </trkpt>
      <trkpt lat="47.40458" lon="11.769466">
        <ele>782.75</ele>
      </trkpt>
      <trkpt lat="47.404535" lon="11.769364">
        <ele>781.75</ele>
      </trkpt>
      <trkpt lat="47.404334" lon="11.769247">
        <ele>776.75</ele>
      </trkpt>
      <trkpt lat="47.404283" lon="11.769303">
        <ele>775</ele>
      </trkpt>
      <trkpt lat="47.404171" lon="11.769232">
        <ele>772.5</ele>
      </trkpt>
      <trkpt lat="47.403793" lon="11.769229">
        <ele>760.75</ele>
      </trkpt>
      <trkpt lat="47.403253" lon="11.768883">
        <ele>739.5</ele>
      </trkpt>
      <trkpt lat="47.403203" lon="11.768934">
        <ele>739.25</ele>
      </trkpt>
      <trkpt lat="47.403184" lon="11.76894">
        <ele>738.75</ele>
      </trkpt>
      <trkpt lat="47.402897" lon="11.769037">
        <ele>735</ele>
      </trkpt>
      <trkpt lat="47.402917" lon="11.769074">
        <ele>736.25</ele>
      </trkpt>
      <trkpt lat="47.402932" lon="11.769117">
        <ele>737.75</ele>
      </trkpt>
      <trkpt lat="47.402953" lon="11.769152">
        <ele>739.25</ele>
      </trkpt>
      <trkpt lat="47.402703" lon="11.769444">
        <ele>735.75</ele>
      </trkpt>
      <trkpt lat="47.402614" lon="11.769568">
        <ele>734.75</ele>
      </trkpt>
      <trkpt lat="47.402506" lon="11.769773">
        <ele>734.5</ele>
      </trkpt>
      <trkpt lat="47.402496" lon="11.76986">
        <ele>734.75</ele>
      </trkpt>
      <trkpt lat="47.402397" lon="11.770163">
        <ele>732</ele>
      </trkpt>
      <trkpt lat="47.402212" lon="11.770631">
        <ele>728.25</ele>
      </trkpt>
      <trkpt lat="47.402023" lon="11.771046">
        <ele>729</ele>
      </trkpt>
      <trkpt lat="47.401974" lon="11.771155">
        <ele>729.25</ele>
      </trkpt>
      <trkpt lat="47.401872" lon="11.771333">
        <ele>730.75</ele>
      </trkpt>
      <trkpt lat="47.401809" lon="11.77149">
        <ele>732.75</ele>
      </trkpt>
      <trkpt lat="47.401689" lon="11.77172">
        <ele>736</ele>
      </trkpt>
      <trkpt lat="47.401648" lon="11.771757">
        <ele>735.75</ele>
      </trkpt>
      <trkpt lat="47.401622" lon="11.771799">
        <ele>735.75</ele>
      </trkpt>
      <trkpt lat="47.401622" lon="11.771845">
        <ele>736.5</ele>
      </trkpt>
      <trkpt lat="47.401647" lon="11.772018">
        <ele>740.5</ele>
      </trkpt>
      <trkpt lat="47.401645" lon="11.772047">
        <ele>741</ele>
      </trkpt>
      <trkpt lat="47.401624" lon="11.772073">
        <ele>741</ele>
      </trkpt>
      <trkpt lat="47.4016" lon="11.772086">
        <ele>740.5</ele>
      </trkpt>
      <trkpt lat="47.401584" lon="11.772103">
        <ele>740.25</ele>
      </trkpt>
      <trkpt lat="47.401556" lon="11.772137">
        <ele>740.25</ele>
      </trkpt>
      <trkpt lat="47.401452" lon="11.77222">
        <ele>739.25</ele>
      </trkpt>
      <trkpt lat="47.401425" lon="11.772164">
        <ele>737.25</ele>
      </trkpt>
      <trkpt lat="47.400713" lon="11.772965">
        <ele>732</ele>
      </trkpt>
      <trkpt lat="47.400621" lon="11.773078">
        <ele>730.25</ele>
      </trkpt>
      <trkpt lat="47.400495" lon="11.77326">
        <ele>729</ele>
      </trkpt>
      <trkpt lat="47.400353" lon="11.773531">
        <ele>727.75</ele>
      </trkpt>
      <trkpt lat="47.400247" lon="11.773781">
        <ele>727.5</ele>
      </trkpt>
      <trkpt lat="47.400206" lon="11.773901">
        <ele>727.75</ele>
      </trkpt>
      <trkpt lat="47.400127" lon="11.774206">
        <ele>729</ele>
      </trkpt>
      <trkpt lat="47.400031" lon="11.774709">
        <ele>727.5</ele>
      </trkpt>
      <trkpt lat="47.399972" lon="11.775164">
        <ele>725.75</ele>
      </trkpt>
      <trkpt lat="47.399915" lon="11.775669">
        <ele>723.75</ele>
      </trkpt>
      <trkpt lat="47.399874" lon="11.776192">
        <ele>722</ele>
      </trkpt>
      <trkpt lat="47.399847" lon="11.776676">
        <ele>720.75</ele>
      </trkpt>
      <trkpt lat="47.399826" lon="11.777289">
        <ele>720.25</ele>
      </trkpt>
      <trkpt lat="47.399827" lon="11.777871">
        <ele>720.25</ele>
      </trkpt>
      <trkpt lat="47.399829" lon="11.778085">
        <ele>720</ele>
      </trkpt>
      <trkpt lat="47.399841" lon="11.778319">
        <ele>720.25</ele>
      </trkpt>
      <trkpt lat="47.39986" lon="11.778546">
        <ele>718.75</ele>
      </trkpt>
      <trkpt lat="47.399635" lon="11.778634">
        <ele>716.5</ele>
      </trkpt>
      <trkpt lat="47.399522" lon="11.778684">
        <ele>715.5</ele>
      </trkpt>
      <trkpt lat="47.399452" lon="11.778739">
        <ele>715</ele>
      </trkpt>
      <trkpt lat="47.399411" lon="11.778803">
        <ele>714.5</ele>
      </trkpt>
      <trkpt lat="47.399324" lon="11.778764">
        <ele>714.25</ele>
      </trkpt>
      <trkpt lat="47.399266" lon="11.778759">
        <ele>714</ele>
      </trkpt>
      <trkpt lat="47.399078" lon="11.778806">
        <ele>713.75</ele>
      </trkpt>
      <trkpt lat="47.398973" lon="11.778848">
        <ele>714.5</ele>
      </trkpt>
      <trkpt lat="47.398664" lon="11.77901">
        <ele>717.75</ele>
      </trkpt>
      <trkpt lat="47.39854" lon="11.779086">
        <ele>719.75</ele>
      </trkpt>
      <trkpt lat="47.398475" lon="11.779155">
        <ele>721.25</ele>
      </trkpt>
      <trkpt lat="47.398369" lon="11.779164">
        <ele>722.5</ele>
      </trkpt>
      <trkpt lat="47.398193" lon="11.779164">
        <ele>721</ele>
      </trkpt>
      <trkpt lat="47.39811" lon="11.779122">
        <ele>719</ele>
      </trkpt>
      <trkpt lat="47.398054" lon="11.779126">
        <ele>718.25</ele>
      </trkpt>
      <trkpt lat="47.398033" lon="11.779189">
        <ele>718.5</ele>
      </trkpt>
      <trkpt lat="47.397973" lon="11.779196">
        <ele>717.5</ele>
      </trkpt>
      <trkpt lat="47.398" lon="11.779257">
        <ele>716.5</ele>
      </trkpt>
      <trkpt lat="47.397988" lon="11.77928">
        <ele>715.75</ele>
      </trkpt>
      <trkpt lat="47.397881" lon="11.779271">
        <ele>714.75</ele>
      </trkpt>
      <trkpt lat="47.397787" lon="11.779298">
        <ele>713.5</ele>
      </trkpt>
      <trkpt lat="47.397733" lon="11.77934">
        <ele>712.25</ele>
      </trkpt>
      <trkpt lat="47.397639" lon="11.77934">
        <ele>711.5</ele>
      </trkpt>
      <trkpt lat="47.397617" lon="11.779327">
        <ele>711.5</ele>
      </trkpt>
      <trkpt lat="47.397562" lon="11.779314">
        <ele>711</ele>
      </trkpt>
      <trkpt lat="47.397481" lon="11.779357">
        <ele>709.5</ele>
      </trkpt>
      <trkpt lat="47.397457" lon="11.779406">
        <ele>708.25</ele>
      </trkpt>
      <trkpt lat="47.397384" lon="11.779498">
        <ele>705.5</ele>
      </trkpt>
      <trkpt lat="47.397314" lon="11.779524">
        <ele>703.5</ele>
      </trkpt>
      <trkpt lat="47.397356" lon="11.779583">
        <ele>704.25</ele>
      </trkpt>
      <trkpt lat="47.397321" lon="11.779584">
        <ele>703.5</ele>
      </trkpt>
      <trkpt lat="47.397301" lon="11.779634">
        <ele>702.75</ele>
      </trkpt>
      <trkpt lat="47.397272" lon="11.779667">
        <ele>702</ele>
      </trkpt>
      <trkpt lat="47.397284" lon="11.77975">
        <ele>701.75</ele>
      </trkpt>
      <trkpt lat="47.39732" lon="11.779752">
        <ele>702.5</ele>
      </trkpt>
      <trkpt lat="47.397427" lon="11.779686">
        <ele>705.25</ele>
      </trkpt>
      <trkpt lat="47.397513" lon="11.779702">
        <ele>706.75</ele>
      </trkpt>
      <trkpt lat="47.397563" lon="11.779702">
        <ele>706.75</ele>
      </trkpt>
      <trkpt lat="47.397613" lon="11.77969">
        <ele>706.75</ele>
      </trkpt>
      <trkpt lat="47.397613" lon="11.779755">
        <ele>706</ele>
      </trkpt>
      <trkpt lat="47.397547" lon="11.779792">
        <ele>705.75</ele>
      </trkpt>
      <trkpt lat="47.397492" lon="11.779837">
        <ele>705.25</ele>
      </trkpt>
      <trkpt lat="47.397467" lon="11.779936">
        <ele>704</ele>
      </trkpt>
      <trkpt lat="47.397403" lon="11.780025">
        <ele>701.75</ele>
      </trkpt>
      <trkpt lat="47.39742" lon="11.780148">
        <ele>697.75</ele>
      </trkpt>
      <trkpt lat="47.397405" lon="11.780228">
        <ele>694.75</ele>
      </trkpt>
      <trkpt lat="47.397382" lon="11.780287">
        <ele>692.75</ele>
      </trkpt>
      <trkpt lat="47.397337" lon="11.780334">
        <ele>690.5</ele>
      </trkpt>
      <trkpt lat="47.397284" lon="11.780449">
        <ele>686.5</ele>
      </trkpt>
      <trkpt lat="47.397213" lon="11.78053">
        <ele>683.25</ele>
      </trkpt>
      <trkpt lat="47.397171" lon="11.780521">
        <ele>683.25</ele>
      </trkpt>
      <trkpt lat="47.397137" lon="11.780472">
        <ele>684.5</ele>
      </trkpt>
      <trkpt lat="47.397118" lon="11.780432">
        <ele>685.5</ele>
      </trkpt>
      <trkpt lat="47.397057" lon="11.78036">
        <ele>687</ele>
      </trkpt>
      <trkpt lat="47.397042" lon="11.780379">
        <ele>686.25</ele>
      </trkpt>
      <trkpt lat="47.397045" lon="11.780432">
        <ele>684.75</ele>
      </trkpt>
      <trkpt lat="47.397073" lon="11.780479">
        <ele>683.75</ele>
      </trkpt>
      <trkpt lat="47.397036" lon="11.780425">
        <ele>685</ele>
      </trkpt>
      <trkpt lat="47.396992" lon="11.780379">
        <ele>685.75</ele>
      </trkpt>
      <trkpt lat="47.396955" lon="11.780353">
        <ele>686.25</ele>
      </trkpt>
      <trkpt lat="47.396932" lon="11.780313">
        <ele>687</ele>
      </trkpt>
      <trkpt lat="47.396895" lon="11.780313">
        <ele>686.75</ele>
      </trkpt>
      <trkpt lat="47.396898" lon="11.780417">
        <ele>684</ele>
      </trkpt>
      <trkpt lat="47.396915" lon="11.780472">
        <ele>682.5</ele>
      </trkpt>
      <trkpt lat="47.39693" lon="11.780631">
        <ele>678.5</ele>
      </trkpt>
      <trkpt lat="47.396924" lon="11.780705">
        <ele>676.25</ele>
      </trkpt>
      <trkpt lat="47.396957" lon="11.780782">
        <ele>674.25</ele>
      </trkpt>
      <trkpt lat="47.396992" lon="11.780908">
        <ele>671</ele>
      </trkpt>
      <trkpt lat="47.39703" lon="11.78091">
        <ele>671</ele>
      </trkpt>
      <trkpt lat="47.397064" lon="11.780936">
        <ele>670.25</ele>
      </trkpt>
      <trkpt lat="47.397077" lon="11.780982">
        <ele>669</ele>
      </trkpt>
      <trkpt lat="47.397074" lon="11.781025">
        <ele>667.75</ele>
      </trkpt>
      <trkpt lat="47.397112" lon="11.781222">
        <ele>662.25</ele>
      </trkpt>
      <trkpt lat="47.397132" lon="11.781283">
        <ele>660.5</ele>
      </trkpt>
      <trkpt lat="47.397159" lon="11.781334">
        <ele>659</ele>
      </trkpt>
      <trkpt lat="47.397112" lon="11.781331">
        <ele>659</ele>
      </trkpt>
      <trkpt lat="47.397057" lon="11.781295">
        <ele>660</ele>
      </trkpt>
      <trkpt lat="47.396857" lon="11.78115">
        <ele>664</ele>
      </trkpt>
      <trkpt lat="47.396836" lon="11.781162">
        <ele>663.75</ele>
      </trkpt>
      <trkpt lat="47.396833" lon="11.781191">
        <ele>663</ele>
      </trkpt>
      <trkpt lat="47.396932" lon="11.7815">
        <ele>654.5</ele>
      </trkpt>
      <trkpt lat="47.396996" lon="11.781652">
        <ele>650</ele>
      </trkpt>
      <trkpt lat="47.397055" lon="11.782041">
        <ele>639</ele>
      </trkpt>
      <trkpt lat="47.397045" lon="11.782072">
        <ele>638</ele>
      </trkpt>
      <trkpt lat="47.397009" lon="11.782099">
        <ele>637.25</ele>
      </trkpt>
      <trkpt lat="47.396911" lon="11.782005">
        <ele>640.25</ele>
      </trkpt>
      <trkpt lat="47.396834" lon="11.78198">
        <ele>641</ele>
      </trkpt>
      <trkpt lat="47.396617" lon="11.781866">
        <ele>643.75</ele>
      </trkpt>
      <trkpt lat="47.396501" lon="11.781765">
        <ele>643.75</ele>
      </trkpt>
      <trkpt lat="47.396403" lon="11.781695">
        <ele>643.5</ele>
      </trkpt>
      <trkpt lat="47.396327" lon="11.781666">
        <ele>642.25</ele>
      </trkpt>
      <trkpt lat="47.39615" lon="11.781618">
        <ele>639</ele>
      </trkpt>
      <trkpt lat="47.396017" lon="11.781582">
        <ele>636.75</ele>
      </trkpt>
      <trkpt lat="47.395909" lon="11.781875">
        <ele>626.75</ele>
      </trkpt>
      <trkpt lat="47.395876" lon="11.782176">
        <ele>618.5</ele>
      </trkpt>
      <trkpt lat="47.395873" lon="11.782343">
        <ele>614.5</ele>
      </trkpt>
      <trkpt lat="47.395762" lon="11.782225">
        <ele>614.5</ele>
      </trkpt>
      <trkpt lat="47.395623" lon="11.782144">
        <ele>612.25</ele>
      </trkpt>
      <trkpt lat="47.395608" lon="11.782135">
        <ele>612.25</ele>
      </trkpt>
      <trkpt lat="47.39545" lon="11.781976">
        <ele>611.25</ele>
      </trkpt>
      <trkpt lat="47.395324" lon="11.781789">
        <ele>611.5</ele>
      </trkpt>
      <trkpt lat="47.395241" lon="11.78169">
        <ele>611</ele>
      </trkpt>
      <trkpt lat="47.395148" lon="11.78162">
        <ele>609.5</ele>
      </trkpt>
      <trkpt lat="47.395019" lon="11.781542">
        <ele>607</ele>
      </trkpt>
      <trkpt lat="47.394899" lon="11.781392">
        <ele>605.25</ele>
      </trkpt>
      <trkpt lat="47.39451" lon="11.780844">
        <ele>595.5</ele>
      </trkpt>
      <trkpt lat="47.394462" lon="11.780746">
        <ele>592.5</ele>
      </trkpt>
      <trkpt lat="47.394455" lon="11.780688">
        <ele>592</ele>
      </trkpt>
      <trkpt lat="47.394462" lon="11.780597">
        <ele>591.75</ele>
      </trkpt>
      <trkpt lat="47.394494" lon="11.780467">
        <ele>592.5</ele>
      </trkpt>
      <trkpt lat="47.394578" lon="11.780232">
        <ele>595.25</ele>
      </trkpt>
      <trkpt lat="47.394842" lon="11.779754">
        <ele>601.25</ele>
      </trkpt>
      <trkpt lat="47.394868" lon="11.779556">
        <ele>598.75</ele>
      </trkpt>
      <trkpt lat="47.39491" lon="11.779468">
        <ele>598.75</ele>
      </trkpt>
      <trkpt lat="47.394928" lon="11.779361">
        <ele>597.25</ele>
      </trkpt>
      <trkpt lat="47.394933" lon="11.77922">
        <ele>594.75</ele>
      </trkpt>
      <trkpt lat="47.394944" lon="11.779142">
        <ele>593.75</ele>
      </trkpt>
      <trkpt lat="47.395029" lon="11.778857">
        <ele>591.5</ele>
      </trkpt>
      <trkpt lat="47.395029" lon="11.778776">
        <ele>590</ele>
      </trkpt>
      <trkpt lat="47.395006" lon="11.778709">
        <ele>587.75</ele>
      </trkpt>
      <trkpt lat="47.394969" lon="11.778651">
        <ele>586</ele>
      </trkpt>
      <trkpt lat="47.394921" lon="11.778628">
        <ele>584.5</ele>
      </trkpt>
      <trkpt lat="47.394915" lon="11.778595">
        <ele>583.75</ele>
      </trkpt>
      <trkpt lat="47.394964" lon="11.778542">
        <ele>584</ele>
      </trkpt>
      <trkpt lat="47.394886" lon="11.778408">
        <ele>580.5</ele>
      </trkpt>
      <trkpt lat="47.394862" lon="11.778308">
        <ele>578.75</ele>
      </trkpt>
      <trkpt lat="47.394802" lon="11.778137">
        <ele>577.25</ele>
      </trkpt>
      <trkpt lat="47.394781" lon="11.778092">
        <ele>576.75</ele>
      </trkpt>
      <trkpt lat="47.394743" lon="11.778008">
        <ele>576.25</ele>
      </trkpt>
      <trkpt lat="47.394753" lon="11.77791">
        <ele>576</ele>
      </trkpt>
      <trkpt lat="47.394399" lon="11.778388">
        <ele>572.5</ele>
      </trkpt>
      <trkpt lat="47.393753" lon="11.77926">
        <ele>566.25</ele>
      </trkpt>
      <trkpt lat="47.393205" lon="11.779996">
        <ele>561.5</ele>
      </trkpt>
      <trkpt lat="47.393183" lon="11.780026">
        <ele>561.25</ele>
      </trkpt>
      <trkpt lat="47.393048" lon="11.779659">
        <ele>561.25</ele>
      </trkpt>
      <trkpt lat="47.393008" lon="11.77956">
        <ele>561.25</ele>
      </trkpt>
      <trkpt lat="47.392963" lon="11.779448">
        <ele>561.25</ele>
      </trkpt>
      <trkpt lat="47.392935" lon="11.779395">
        <ele>561.25</ele>
      </trkpt>
      <trkpt lat="47.392907" lon="11.779342">
        <ele>561.25</ele>
      </trkpt>
      <trkpt lat="47.392848" lon="11.779249">
        <ele>561</ele>
      </trkpt>
      <trkpt lat="47.392731" lon="11.779065">
        <ele>560.75</ele>
      </trkpt>
      <trkpt lat="47.39249" lon="11.778695">
        <ele>560.5</ele>
      </trkpt>
      <trkpt lat="47.392276" lon="11.778947">
        <ele>558.75</ele>
      </trkpt>
      <trkpt lat="47.392206" lon="11.779112">
        <ele>558.25</ele>
      </trkpt>
      <trkpt lat="47.391837" lon="11.779444">
        <ele>555.25</ele>
      </trkpt>
      <trkpt lat="47.391781" lon="11.779318">
        <ele>555.25</ele>
      </trkpt>
      <trkpt lat="47.391369" lon="11.778397">
        <ele>553.25</ele>
      </trkpt>
      <trkpt lat="47.391367" lon="11.778392">
        <ele>553.25</ele>
      </trkpt>
      <trkpt lat="47.391076" lon="11.778739">
        <ele>550.25</ele>
      </trkpt>
      <trkpt lat="47.391027" lon="11.778798">
        <ele>549.75</ele>
      </trkpt>
      <trkpt lat="47.390875" lon="11.779015">
        <ele>548.75</ele>
      </trkpt>
      <trkpt lat="47.390593" lon="11.779432">
        <ele>546.25</ele>
      </trkpt>
      <trkpt lat="47.390532" lon="11.779502">
        <ele>545.5</ele>
      </trkpt>
      <trkpt lat="47.390459" lon="11.779568">
        <ele>544.5</ele>
      </trkpt>
      <trkpt lat="47.390354" lon="11.779645">
        <ele>543.25</ele>
      </trkpt>
      <trkpt lat="47.390255" lon="11.779691">
        <ele>542.25</ele>
      </trkpt>
      <trkpt lat="47.390013" lon="11.779757">
        <ele>539.75</ele>
      </trkpt>
      <trkpt lat="47.389961" lon="11.779765">
        <ele>539.25</ele>
      </trkpt>
      <trkpt lat="47.389922" lon="11.779759">
        <ele>538.75</ele>
      </trkpt>
      <trkpt lat="47.389893" lon="11.779738">
        <ele>538.25</ele>
      </trkpt>
      <trkpt lat="47.389868" lon="11.779704">
        <ele>538.25</ele>
      </trkpt>
      <trkpt lat="47.389848" lon="11.779654">
        <ele>538</ele>
      </trkpt>
      <trkpt lat="47.389823" lon="11.779532">
        <ele>538</ele>
      </trkpt>
      <trkpt lat="47.389572" lon="11.779747">
        <ele>534</ele>
      </trkpt>
      <trkpt lat="47.389517" lon="11.779748">
        <ele>533.25</ele>
      </trkpt>
      <trkpt lat="47.389479" lon="11.779701">
        <ele>532.75</ele>
      </trkpt>
      <trkpt lat="47.389108" lon="11.778655">
        <ele>532</ele>
      </trkpt>
      <trkpt lat="47.389041" lon="11.778609">
        <ele>532</ele>
      </trkpt>
      <trkpt lat="47.388974" lon="11.778593">
        <ele>531.75</ele>
      </trkpt>
      <trkpt lat="47.388927" lon="11.778592">
        <ele>531.5</ele>
      </trkpt>
      <trkpt lat="47.388877" lon="11.778551">
        <ele>531.25</ele>
      </trkpt>
      <trkpt lat="47.388871" lon="11.778509">
        <ele>531.5</ele>
      </trkpt>
      <trkpt lat="47.388876" lon="11.778488">
        <ele>531.5</ele>
      </trkpt>
      <trkpt lat="47.38885" lon="11.778472">
        <ele>531.5</ele>
      </trkpt>
      <trkpt lat="47.388832" lon="11.778441">
        <ele>531.5</ele>
      </trkpt>
    </trkseg>
  </trk>
</gpx>
