<?xml version="1.0" encoding="UTF-8"?>
<gpx version="1.1" creator="Tiroltrailhead.com" schemaLocation="http://www.topografix.com/GPX/1/1 http://www.topografix.com/GPX/1/1/gpx.xsd http://www.garmin.com/xmlschemas/GpxExtensions/v3 http://www.garmin.com/xmlschemas/GpxExtensionsv3.xsd http://www.garmin.com/xmlschemas/TrackPointExtension/v1 http://www.garmin.com/xmlschemas/TrackPointExtensionv1.xsd http://www.garmin.com/xmlschemas/PowerExtension/v1 http://www.garmin.com/xmlschemas/PowerExtensionv1.xsd http://www.topografix.com/GPX/gpx_style/0/2 http://www.topografix.com/GPX/gpx_style/0/2/gpx_style.xsd" xmlns="http://www.topografix.com/GPX/1/1" xmlns:xsi="http://www.w3.org/2001/XMLSchema-instance" xsi:schemaLocation="http://www.topografix.com/GPX/1/1 http://www.topografix.com/GPX/1/1/gpx.xsd http://www.garmin.com/xmlschemas/GpxExtensions/v3 http://www.garmin.com/xmlschemas/GpxExtensionsv3.xsd http://www.garmin.com/xmlschemas/TrackPointExtension/v1 http://www.garmin.com/xmlschemas/TrackPointExtensionv1.xsd http://www.garmin.com/xmlschemas/PowerExtension/v1 http://www.garmin.com/xmlschemas/PowerExtensionv1.xsd http://www.topografix.com/GPX/gpx_style/0/2 http://www.topografix.com/GPX/gpx_style/0/2/gpx_style.xsd" xmlns:gpxtpx="http://www.garmin.com/xmlschemas/TrackPointExtension/v1" xmlns:gpxx="http://www.garmin.com/xmlschemas/GpxExtensions/v3" xmlns:gpxpx="http://www.garmin.com/xmlschemas/PowerExtension/v1" xmlns:gpx_style="http://www.topografix.com/GPX/gpx_style/0/2">
  <metadata>
    <name>The Hunt 25 Route</name>
    <author>
      <name>gpx.studio</name>
      <link href="https://gpx.studio"/>
    </author>
    <link href="https://www.tiroltrailhead.com/">
      <text>Tiroltrailhead - The Hunt 25</text>
    </link>
  </metadata>

  <wpt lat="47.275" lon="11.3758">
    <ele>786.5924640336326</ele>
    <name>Treffpunkt - Start</name>
    <desc>Alle Infos zum Ablauf 
gibt es hier! 13. April, 14:00 Uhr</desc>
  </wpt>

  <wpt lat="47.263" lon="11.451">
    <ele>599.8351814559207</ele>
    <name>Ende</name>
    <desc>geschafft..
🍸😎Chill!!</desc>
  </wpt>

  <wpt lat="47.282309" lon="11.369485">
    <ele>921.4680930127705</ele>
    <name>#1 Bischof Stecher</name>
    <desc>Füllt euere Trinkflaschen mit dem 
gesegneten, heiligen Wasser vom 
Bischof Stecher Brunnen! 
1: Natürlich zum Trinken! 
2: Zur Abwehr von Wutbürgern, 
die euch am Trail begegnen 
könnten (Das Wassser wirkt 
nicht nur gegen 🦇 und böse 👻
sondern auch gegen 👺)!  

(Whatsapp Foto #1)</desc>
  </wpt>

  <wpt lat="47.27515" lon="11.374">
    <ele>791.9086471097422</ele>
    <name>#2 Büsst eure Sünden!</name>
    <desc>..mit 20 💪Liegestützen für euer
sündiges Mountainbiker-Dasein! 

(Whatsapp Foto #2)</desc>
  </wpt>

  <wpt lat="47.268219" lon="11.372795">
    <ele>636.8964473747903</ele>
    <name>#3 Petition an den Großen Gott</name>
    <desc>Unterschreibt die Petition 
für die MTB-Freigabe für alle 
Forststraßen und Waldwege 
in Österreich und schmeißt
sie in den Mülleimer 🚮 
Zettel findet ihr bei der Kapelle! 

(Whatsapp Foto #3)</desc>
  </wpt>

  <wpt lat="47.279917" lon="11.389206">
    <ele>636.8964473747903</ele>
    <name>#4 Ölbergkapelle</name>
    <desc>Hier gibt es ein ❓ Rätsel 
für Euch: 
Unter dem Giebel der Ölberg 
Kapelle findet ihr ein Symbol 
aufgemalt. Schickt uns das 
Symbol als Emoji!

(Whatsapp Text #4)</desc>
  </wpt>

  <wpt lat="47.287991" lon="11.403338">
    <ele>863.3986306187</ele>
    <name>#5 Innsbruck steht Kopf!</name>
    <desc>Manchmal braucht&apos;s eine anderen
Blick auf die Stadt -  
Mach&apos; einen Hand- oder 
Kopfstand 🤸‍♂️ (anlehnen erlaubt) 
für mindestens 10 Sekunden!

(Whatsapp Foto #5)</desc>
  </wpt>
  
  <wpt lat="47.285298" lon="11.40553">
    <ele>672.1842241742502</ele>
    <name>#6 Die Bederlunger Quelle</name>
    <desc>Hier gibt es ein ❓ Rätsel 
für Euch: 
Heinrich Bederlunger, ein großer
Innsbrucker! 1883 bis 1885 Obmann 
des Innsbrucker ___vereines. 
Texte uns auf Whatsapp: 
&quot;So wie der Bederlunger, 
möcht&apos; ich Innsbruck 
___ machen!&quot; 

(Whatsapp Nachricht #6)</desc>
  </wpt>

  <wpt lat="47.282422" lon="11.404874">
    <ele>607.9892455001966</ele>
    <name>#7 Limbo Dance</name>
    <desc>MTB in Innsbruck ist so 
ähnlich wie Limbo Dance.. 
Mache einen Limbo Dance 
unter der 🚧 Absperrung durch! 

(Whatsapp Foto #7)</desc>
  </wpt>

  <wpt lat="47.277393" lon="11.423495">
    <ele>567.6444304814047</ele>
    <name>#8 Aero-Position</name>
    <desc>Innsbrucker MTBiker
sind schnell! Wir brauchen ein 
Foto von Dir in Aero-Position!
🚴‍♀️ ..aber richtig tief!!

(Whatsapp Foto #8)</desc>
  </wpt>

  <wpt lat="47.27137" lon="11.438846">
    <ele>568.0588975618606</ele>
    <name>#9 Haxn waschen</name>
    <desc>MTBiker 🦶 riechen 🧀? 
Geht mal besser Füsse 💧 waschen!
Bitte mit Beweis-Foto!  

(Whatsapp Foto #9)</desc>
  </wpt>

  <wpt lat="47.263101" lon="11.451467">
    <ele>599.8351814559207</ele>
    <name>#10 Finisher-Foto</name>
    <desc>Du hast es geschafft!! 
Finisher-Foto 🥇 
von Dir! 

(Whatsapp Foto #10)

Alle # gemacht? Dann 
hol&apos; 👕🥤 dir Goodies 
und Getränk!</desc>
  </wpt>

  <trk>
    <name>The Hunt 25 Route</name>
    <link href="tiroltrailhead.com"/>
    <trkseg>
      <trkpt lat="47.27506" lon="11.37516">
        <ele>785</ele>
      </trkpt>
      <trkpt lat="47.27548" lon="11.37502">
        <ele>800</ele>
      </trkpt>
      <trkpt lat="47.27636" lon="11.37475">
        <ele>821</ele>
      </trkpt>
      <trkpt lat="47.27654" lon="11.37474">
        <ele>824</ele>
      </trkpt>
      <trkpt lat="47.27669" lon="11.37477">
        <ele>824</ele>
      </trkpt>
      <trkpt lat="47.27676" lon="11.37482">
        <ele>824</ele>
      </trkpt>
      <trkpt lat="47.27694" lon="11.37488">
        <ele>824</ele>
      </trkpt>
      <trkpt lat="47.27706" lon="11.37486">
        <ele>828</ele>
      </trkpt>
      <trkpt lat="47.27718" lon="11.3748">
        <ele>830</ele>
      </trkpt>
      <trkpt lat="47.27773" lon="11.37423">
        <ele>839</ele>
      </trkpt>
      <trkpt lat="47.27822" lon="11.3739">
        <ele>834</ele>
      </trkpt>
      <trkpt lat="47.27871" lon="11.37324">
        <ele>838</ele>
      </trkpt>
      <trkpt lat="47.27881" lon="11.37315">
        <ele>841</ele>
      </trkpt>
      <trkpt lat="47.27921" lon="11.37302">
        <ele>840</ele>
      </trkpt>
      <trkpt lat="47.27941" lon="11.37298">
        <ele>846</ele>
      </trkpt>
      <trkpt lat="47.27966" lon="11.37304">
        <ele>850</ele>
      </trkpt>
      <trkpt lat="47.27986" lon="11.37315">
        <ele>850</ele>
      </trkpt>
      <trkpt lat="47.27999" lon="11.37313">
        <ele>852</ele>
      </trkpt>
      <trkpt lat="47.28021" lon="11.37296">
        <ele>855</ele>
      </trkpt>
      <trkpt lat="47.28054" lon="11.37266">
        <ele>862</ele>
      </trkpt>
      <trkpt lat="47.2806" lon="11.37255">
        <ele>872</ele>
      </trkpt>
      <trkpt lat="47.28081" lon="11.37225">
        <ele>874</ele>
      </trkpt>
      <trkpt lat="47.28094" lon="11.37215">
        <ele>874</ele>
      </trkpt>
      <trkpt lat="47.281" lon="11.37213">
        <ele>864</ele>
      </trkpt>
      <trkpt lat="47.28109" lon="11.37205">
        <ele>876</ele>
      </trkpt>
      <trkpt lat="47.28123" lon="11.37184">
        <ele>876</ele>
      </trkpt>
      <trkpt lat="47.2813" lon="11.37177">
        <ele>881</ele>
      </trkpt>
      <trkpt lat="47.28139" lon="11.37172">
        <ele>881</ele>
      </trkpt>
      <trkpt lat="47.28152" lon="11.3717">
        <ele>881</ele>
      </trkpt>
      <trkpt lat="47.28172" lon="11.37172">
        <ele>883</ele>
      </trkpt>
      <trkpt lat="47.28187" lon="11.37176">
        <ele>886</ele>
      </trkpt>
      <trkpt lat="47.28193" lon="11.37176">
        <ele>886</ele>
      </trkpt>
      <trkpt lat="47.28198" lon="11.37173">
        <ele>886</ele>
      </trkpt>
      <trkpt lat="47.282" lon="11.37167">
        <ele>886</ele>
      </trkpt>
      <trkpt lat="47.282" lon="11.37129">
        <ele>892</ele>
      </trkpt>
      <trkpt lat="47.28198" lon="11.37098">
        <ele>896</ele>
      </trkpt>
      <trkpt lat="47.282" lon="11.37079">
        <ele>901</ele>
      </trkpt>
      <trkpt lat="47.28203" lon="11.37076">
        <ele>901</ele>
      </trkpt>
      <trkpt lat="47.2821" lon="11.37075">
        <ele>898</ele>
      </trkpt>
      <trkpt lat="47.28248" lon="11.371">
        <ele>903</ele>
      </trkpt>
      <trkpt lat="47.28254" lon="11.37102">
        <ele>903</ele>
      </trkpt>
      <trkpt lat="47.2826" lon="11.371">
        <ele>903</ele>
      </trkpt>
      <trkpt lat="47.28262" lon="11.37097">
        <ele>905</ele>
      </trkpt>
      <trkpt lat="47.282616" lon="11.370968">
        <ele>904.75</ele>
      </trkpt>
      <trkpt lat="47.28264" lon="11.370838">
        <ele>906.75</ele>
      </trkpt>
      <trkpt lat="47.282548" lon="11.370212">
        <ele>913</ele>
      </trkpt>
      <trkpt lat="47.282548" lon="11.370212">
        <ele>908.343125848259</ele>
      </trkpt>
      <trkpt lat="47.28253727413144" lon="11.36987783586926">
        <ele>914.1797203829909</ele>
      </trkpt>
      <trkpt lat="47.28240709185451" lon="11.36975721273538">
        <ele>915.7090837921128</ele>
      </trkpt>
      <trkpt lat="47.28240709185451" lon="11.36975721273538">
        <ele>915.7090837921128</ele>
      </trkpt>
      <trkpt lat="47.28238105536087" lon="11.369537897945776">
        <ele>920.584161839249</ele>
      </trkpt>
      <trkpt lat="47.28238105536087" lon="11.369537897945776">
        <ele>920.584161839249</ele>
      </trkpt>
      <trkpt lat="47.28238105536087" lon="11.369537897945776">
        <ele>920.584161839249</ele>
      </trkpt>
      <trkpt lat="47.282414530850474" lon="11.36975721273538">
        <ele>915.7450862128599</ele>
      </trkpt>
      <trkpt lat="47.282414530850474" lon="11.36975721273538">
        <ele>915.7450862128599</ele>
      </trkpt>
      <trkpt lat="47.28253355464241" lon="11.36987783586926">
        <ele>914.1327299805247</ele>
      </trkpt>
      <trkpt lat="47.282672" lon="11.369821">
        <ele>916.6574470745926</ele>
      </trkpt>
      <trkpt lat="47.282672" lon="11.369821">
        <ele>925</ele>
      </trkpt>
      <trkpt lat="47.28303" lon="11.369976">
        <ele>925</ele>
      </trkpt>
      <trkpt lat="47.283473" lon="11.370071">
        <ele>933.25</ele>
      </trkpt>
      <trkpt lat="47.28371" lon="11.370227">
        <ele>938</ele>
      </trkpt>
      <trkpt lat="47.283745" lon="11.370215">
        <ele>939.25</ele>
      </trkpt>
      <trkpt lat="47.283752" lon="11.370185">
        <ele>941.5</ele>
      </trkpt>
      <trkpt lat="47.28376" lon="11.37019">
        <ele>941</ele>
      </trkpt>
      <trkpt lat="47.28377" lon="11.37016">
        <ele>941</ele>
      </trkpt>
      <trkpt lat="47.28376" lon="11.37004">
        <ele>945</ele>
      </trkpt>
      <trkpt lat="47.28359" lon="11.36974">
        <ele>944</ele>
      </trkpt>
      <trkpt lat="47.28349" lon="11.36932">
        <ele>949</ele>
      </trkpt>
      <trkpt lat="47.28345" lon="11.36928">
        <ele>946</ele>
      </trkpt>
      <trkpt lat="47.28329" lon="11.36922">
        <ele>946</ele>
      </trkpt>
      <trkpt lat="47.28327" lon="11.36915">
        <ele>946</ele>
      </trkpt>
      <trkpt lat="47.28333" lon="11.36897">
        <ele>953</ele>
      </trkpt>
      <trkpt lat="47.28332" lon="11.36878">
        <ele>953</ele>
      </trkpt>
      <trkpt lat="47.28325" lon="11.3687">
        <ele>958</ele>
      </trkpt>
      <trkpt lat="47.28323" lon="11.36861">
        <ele>958</ele>
      </trkpt>
      <trkpt lat="47.28323" lon="11.36842">
        <ele>964</ele>
      </trkpt>
      <trkpt lat="47.28328" lon="11.36827">
        <ele>964</ele>
      </trkpt>
      <trkpt lat="47.28329" lon="11.36819">
        <ele>981</ele>
      </trkpt>
      <trkpt lat="47.28323" lon="11.36806">
        <ele>981</ele>
      </trkpt>
      <trkpt lat="47.2832" lon="11.36803">
        <ele>981</ele>
      </trkpt>
      <trkpt lat="47.28318" lon="11.36795">
        <ele>974</ele>
      </trkpt>
      <trkpt lat="47.28313" lon="11.36795">
        <ele>974</ele>
      </trkpt>
      <trkpt lat="47.283" lon="11.36799">
        <ele>974</ele>
      </trkpt>
      <trkpt lat="47.28285" lon="11.36807">
        <ele>964</ele>
      </trkpt>
      <trkpt lat="47.28275" lon="11.3681">
        <ele>964</ele>
      </trkpt>
      <trkpt lat="47.28263" lon="11.36806">
        <ele>959</ele>
      </trkpt>
      <trkpt lat="47.28259" lon="11.36803">
        <ele>959</ele>
      </trkpt>
      <trkpt lat="47.28254" lon="11.36797">
        <ele>959</ele>
      </trkpt>
      <trkpt lat="47.28254" lon="11.36797">
        <ele>956.671087011145</ele>
      </trkpt>
      <trkpt lat="47.28243748020651" lon="11.367954672513804">
        <ele>955.1576927996377</ele>
      </trkpt>
      <trkpt lat="47.2822998586729" lon="11.367587320242194">
        <ele>960.0647415609824</ele>
      </trkpt>
      <trkpt lat="47.2822998586729" lon="11.367587320242194">
        <ele>960.0647415609824</ele>
      </trkpt>
      <trkpt lat="47.2822998586729" lon="11.367587320242194">
        <ele>960.0647415609824</ele>
      </trkpt>
      <trkpt lat="47.28228498064803" lon="11.368047881299532">
        <ele>949.3045921386329</ele>
      </trkpt>
      <trkpt lat="47.28228498064803" lon="11.368047881299532">
        <ele>949.3045921386329</ele>
      </trkpt>
      <trkpt lat="47.28216223678169" lon="11.367801152161746">
        <ele>951.6033532197416</ele>
      </trkpt>
      <trkpt lat="47.28216223678169" lon="11.367801152161746">
        <ele>951.6033532197416</ele>
      </trkpt>
      <trkpt lat="47.282197691846676" lon="11.368081792853474">
        <ele>946.0947698775808</ele>
      </trkpt>
      <trkpt lat="47.28214933815647" lon="11.368213381726349">
        <ele>941.7343359559113</ele>
      </trkpt>
      <trkpt lat="47.28214933815647" lon="11.368213381726349">
        <ele>941.7343359559113</ele>
      </trkpt>
      <trkpt lat="47.28214933815647" lon="11.368213381726349">
        <ele>941.7343359559113</ele>
      </trkpt>
      <trkpt lat="47.28201872005676" lon="11.368847635625436">
        <ele>924.2833148334767</ele>
      </trkpt>
      <trkpt lat="47.28195964248374" lon="11.369134503839888">
        <ele>919.6644276636753</ele>
      </trkpt>
      <trkpt lat="47.281647748775285" lon="11.36961196720211">
        <ele>916.1443226900194</ele>
      </trkpt>
      <trkpt lat="47.28144" lon="11.36993">
        <ele>912.4732745897693</ele>
      </trkpt>
      <trkpt lat="47.28144" lon="11.36993">
        <ele>915</ele>
      </trkpt>
      <trkpt lat="47.28116" lon="11.37">
        <ele>907</ele>
      </trkpt>
      <trkpt lat="47.28092" lon="11.37014">
        <ele>903</ele>
      </trkpt>
      <trkpt lat="47.2806" lon="11.37056">
        <ele>897</ele>
      </trkpt>
      <trkpt lat="47.28046" lon="11.37061">
        <ele>897</ele>
      </trkpt>
      <trkpt lat="47.28024" lon="11.37092">
        <ele>890</ele>
      </trkpt>
      <trkpt lat="47.28017" lon="11.37093">
        <ele>890</ele>
      </trkpt>
      <trkpt lat="47.28011" lon="11.37102">
        <ele>884</ele>
      </trkpt>
      <trkpt lat="47.27993" lon="11.37124">
        <ele>884</ele>
      </trkpt>
      <trkpt lat="47.27982" lon="11.37135">
        <ele>882</ele>
      </trkpt>
      <trkpt lat="47.27946" lon="11.37142">
        <ele>875</ele>
      </trkpt>
      <trkpt lat="47.27893" lon="11.37147">
        <ele>869</ele>
      </trkpt>
      <trkpt lat="47.27864" lon="11.37131">
        <ele>870</ele>
      </trkpt>
      <trkpt lat="47.27843" lon="11.371">
        <ele>870</ele>
      </trkpt>
      <trkpt lat="47.27809" lon="11.37068">
        <ele>860</ele>
      </trkpt>
      <trkpt lat="47.27766" lon="11.37084">
        <ele>860</ele>
      </trkpt>
      <trkpt lat="47.27728" lon="11.37123">
        <ele>857</ele>
      </trkpt>
      <trkpt lat="47.27694" lon="11.37171">
        <ele>852</ele>
      </trkpt>
      <trkpt lat="47.27662" lon="11.37182">
        <ele>845</ele>
      </trkpt>
      <trkpt lat="47.27629" lon="11.372">
        <ele>840</ele>
      </trkpt>
      <trkpt lat="47.27599" lon="11.37198">
        <ele>834</ele>
      </trkpt>
      <trkpt lat="47.2756" lon="11.37206">
        <ele>820</ele>
      </trkpt>
      <trkpt lat="47.27541" lon="11.37234">
        <ele>815</ele>
      </trkpt>
      <trkpt lat="47.27521" lon="11.37248">
        <ele>815</ele>
      </trkpt>
      <trkpt lat="47.27514" lon="11.37276">
        <ele>815</ele>
      </trkpt>
      <trkpt lat="47.27518" lon="11.37302">
        <ele>813</ele>
      </trkpt>
      <trkpt lat="47.27524" lon="11.37326">
        <ele>810</ele>
      </trkpt>
      <trkpt lat="47.27525" lon="11.37352">
        <ele>809</ele>
      </trkpt>
      <trkpt lat="47.27513" lon="11.37436">
        <ele>797</ele>
      </trkpt>
      <trkpt lat="47.27512" lon="11.37464">
        <ele>794</ele>
      </trkpt>
      <trkpt lat="47.27514" lon="11.37488">
        <ele>796</ele>
      </trkpt>
      <trkpt lat="47.27496" lon="11.37435">
        <ele>797</ele>
      </trkpt>
      <trkpt lat="47.27487" lon="11.37412">
        <ele>799</ele>
      </trkpt>
      <trkpt lat="47.27487" lon="11.37393">
        <ele>801</ele>
      </trkpt>
      <trkpt lat="47.27493" lon="11.37363">
        <ele>802</ele>
      </trkpt>
      <trkpt lat="47.27487" lon="11.37332">
        <ele>803</ele>
      </trkpt>
      <trkpt lat="47.27475" lon="11.37303">
        <ele>795</ele>
      </trkpt>
      <trkpt lat="47.27477" lon="11.3729">
        <ele>795</ele>
      </trkpt>
      <trkpt lat="47.27474" lon="11.37273">
        <ele>795</ele>
      </trkpt>
      <trkpt lat="47.27462" lon="11.37253">
        <ele>795</ele>
      </trkpt>
      <trkpt lat="47.2746" lon="11.37244">
        <ele>795</ele>
      </trkpt>
      <trkpt lat="47.27463" lon="11.37225">
        <ele>796</ele>
      </trkpt>
      <trkpt lat="47.27459" lon="11.37203">
        <ele>796</ele>
      </trkpt>
      <trkpt lat="47.27453" lon="11.37191">
        <ele>788</ele>
      </trkpt>
      <trkpt lat="47.27449" lon="11.37189">
        <ele>788</ele>
      </trkpt>
      <trkpt lat="47.27437" lon="11.37189">
        <ele>788</ele>
      </trkpt>
      <trkpt lat="47.27434" lon="11.37187">
        <ele>788</ele>
      </trkpt>
      <trkpt lat="47.27421" lon="11.37159">
        <ele>778</ele>
      </trkpt>
      <trkpt lat="47.27418" lon="11.37158">
        <ele>778</ele>
      </trkpt>
      <trkpt lat="47.27416" lon="11.37161">
        <ele>778</ele>
      </trkpt>
      <trkpt lat="47.27407" lon="11.37157">
        <ele>778</ele>
      </trkpt>
      <trkpt lat="47.27396" lon="11.37148">
        <ele>767</ele>
      </trkpt>
      <trkpt lat="47.27391" lon="11.37141">
        <ele>767</ele>
      </trkpt>
      <trkpt lat="47.273918" lon="11.371392">
        <ele>764.5</ele>
        <extensions>
          <gpxtpx:TrackPointExtension>
            <gpxtpx:Extensions>
              <highway>path</highway>
              <surface>dirt</surface>
              <foot>no</foot>
              <bicycle>yes</bicycle>
              <mtb_scale>2</mtb_scale>
              <oneway>yes</oneway>
            </gpxtpx:Extensions>
          </gpxtpx:TrackPointExtension>
        </extensions>
      </trkpt>
      <trkpt lat="47.273861" lon="11.371327">
        <ele>761.75</ele>
        <extensions>
          <gpxtpx:TrackPointExtension>
            <gpxtpx:Extensions>
              <highway>path</highway>
              <surface>dirt</surface>
              <foot>no</foot>
              <bicycle>yes</bicycle>
              <mtb_scale>2</mtb_scale>
              <oneway>yes</oneway>
            </gpxtpx:Extensions>
          </gpxtpx:TrackPointExtension>
        </extensions>
      </trkpt>
      <trkpt lat="47.273897" lon="11.37108">
        <ele>759.25</ele>
        <extensions>
          <gpxtpx:TrackPointExtension>
            <gpxtpx:Extensions>
              <highway>path</highway>
              <surface>dirt</surface>
              <foot>no</foot>
              <bicycle>yes</bicycle>
              <mtb_scale>2</mtb_scale>
              <oneway>yes</oneway>
            </gpxtpx:Extensions>
          </gpxtpx:TrackPointExtension>
        </extensions>
      </trkpt>
      <trkpt lat="47.274115" lon="11.370973">
        <ele>769.75</ele>
        <extensions>
          <gpxtpx:TrackPointExtension>
            <gpxtpx:Extensions>
              <highway>path</highway>
              <surface>dirt</surface>
              <foot>no</foot>
              <bicycle>yes</bicycle>
              <mtb_scale>2</mtb_scale>
              <oneway>yes</oneway>
            </gpxtpx:Extensions>
          </gpxtpx:TrackPointExtension>
        </extensions>
      </trkpt>
      <trkpt lat="47.274115" lon="11.370973">
        <ele>764.25</ele>
        <extensions>
          <gpxtpx:TrackPointExtension>
            <gpxtpx:Extensions>
              <highway>path</highway>
              <surface>dirt</surface>
              <foot>no</foot>
              <bicycle>yes</bicycle>
              <mtb_scale>2</mtb_scale>
              <oneway>yes</oneway>
            </gpxtpx:Extensions>
          </gpxtpx:TrackPointExtension>
        </extensions>
      </trkpt>
      <trkpt lat="47.274352" lon="11.370858">
        <ele>769.75</ele>
        <extensions>
          <gpxtpx:TrackPointExtension>
            <gpxtpx:Extensions>
              <highway>path</highway>
              <surface>dirt</surface>
              <foot>no</foot>
              <bicycle>yes</bicycle>
              <mtb_scale>2</mtb_scale>
              <oneway>yes</oneway>
            </gpxtpx:Extensions>
          </gpxtpx:TrackPointExtension>
        </extensions>
      </trkpt>
      <trkpt lat="47.274722" lon="11.370308">
        <ele>776</ele>
        <extensions>
          <gpxtpx:TrackPointExtension>
            <gpxtpx:Extensions>
              <highway>path</highway>
              <surface>dirt</surface>
              <foot>no</foot>
              <bicycle>yes</bicycle>
              <mtb_scale>2</mtb_scale>
              <oneway>yes</oneway>
            </gpxtpx:Extensions>
          </gpxtpx:TrackPointExtension>
        </extensions>
      </trkpt>
      <trkpt lat="47.274712" lon="11.370241">
        <ele>775</ele>
        <extensions>
          <gpxtpx:TrackPointExtension>
            <gpxtpx:Extensions>
              <highway>path</highway>
              <surface>dirt</surface>
              <foot>no</foot>
              <bicycle>yes</bicycle>
              <mtb_scale>2</mtb_scale>
              <oneway>yes</oneway>
            </gpxtpx:Extensions>
          </gpxtpx:TrackPointExtension>
        </extensions>
      </trkpt>
      <trkpt lat="47.2747" lon="11.370152">
        <ele>774</ele>
        <extensions>
          <gpxtpx:TrackPointExtension>
            <gpxtpx:Extensions>
              <highway>path</highway>
              <surface>dirt</surface>
              <foot>no</foot>
              <bicycle>yes</bicycle>
              <mtb_scale>2</mtb_scale>
              <oneway>yes</oneway>
            </gpxtpx:Extensions>
          </gpxtpx:TrackPointExtension>
        </extensions>
      </trkpt>
      <trkpt lat="47.274802" lon="11.36986">
        <ele>776.75</ele>
        <extensions>
          <gpxtpx:TrackPointExtension>
            <gpxtpx:Extensions>
              <highway>path</highway>
              <surface>dirt</surface>
              <foot>no</foot>
              <bicycle>yes</bicycle>
              <mtb_scale>2</mtb_scale>
              <oneway>yes</oneway>
            </gpxtpx:Extensions>
          </gpxtpx:TrackPointExtension>
        </extensions>
      </trkpt>
      <trkpt lat="47.274916" lon="11.369895">
        <ele>778.75</ele>
        <extensions>
          <gpxtpx:TrackPointExtension>
            <gpxtpx:Extensions>
              <highway>path</highway>
              <surface>dirt</surface>
              <foot>no</foot>
              <bicycle>yes</bicycle>
              <mtb_scale>2</mtb_scale>
              <oneway>yes</oneway>
            </gpxtpx:Extensions>
          </gpxtpx:TrackPointExtension>
        </extensions>
      </trkpt>
      <trkpt lat="47.274937" lon="11.369858">
        <ele>787.25</ele>
        <extensions>
          <gpxtpx:TrackPointExtension>
            <gpxtpx:Extensions>
              <reversedirection>yes</reversedirection>
              <highway>path</highway>
              <surface>dirt</surface>
              <foot>no</foot>
              <bicycle>yes</bicycle>
              <mtb_scale>2</mtb_scale>
              <oneway>yes</oneway>
            </gpxtpx:Extensions>
          </gpxtpx:TrackPointExtension>
        </extensions>
      </trkpt>
      <trkpt lat="47.274937" lon="11.369858">
        <ele>779.5</ele>
        <extensions>
          <gpxtpx:TrackPointExtension>
            <gpxtpx:Extensions>
              <highway>path</highway>
              <surface>dirt</surface>
              <foot>no</foot>
              <bicycle>yes</bicycle>
              <mtb_scale>2</mtb_scale>
              <oneway>yes</oneway>
            </gpxtpx:Extensions>
          </gpxtpx:TrackPointExtension>
        </extensions>
      </trkpt>
      <trkpt lat="47.275123" lon="11.369547">
        <ele>787.25</ele>
        <extensions>
          <gpxtpx:TrackPointExtension>
            <gpxtpx:Extensions>
              <highway>path</highway>
              <surface>dirt</surface>
              <foot>no</foot>
              <bicycle>yes</bicycle>
              <mtb_scale>2</mtb_scale>
              <oneway>yes</oneway>
            </gpxtpx:Extensions>
          </gpxtpx:TrackPointExtension>
        </extensions>
      </trkpt>
      <trkpt lat="47.275098" lon="11.369487">
        <ele>787.75</ele>
        <extensions>
          <gpxtpx:TrackPointExtension>
            <gpxtpx:Extensions>
              <highway>path</highway>
              <surface>dirt</surface>
              <foot>no</foot>
              <bicycle>yes</bicycle>
              <mtb_scale>2</mtb_scale>
              <oneway>yes</oneway>
            </gpxtpx:Extensions>
          </gpxtpx:TrackPointExtension>
        </extensions>
      </trkpt>
      <trkpt lat="47.275081" lon="11.369489">
        <ele>772</ele>
        <extensions>
          <gpxtpx:TrackPointExtension>
            <gpxtpx:Extensions>
              <highway>path</highway>
              <surface>dirt</surface>
              <foot>no</foot>
              <bicycle>yes</bicycle>
              <mtb_scale>2</mtb_scale>
              <oneway>yes</oneway>
            </gpxtpx:Extensions>
          </gpxtpx:TrackPointExtension>
        </extensions>
      </trkpt>
      <trkpt lat="47.27439" lon="11.369592">
        <ele>772</ele>
        <extensions>
          <gpxtpx:TrackPointExtension>
            <gpxtpx:Extensions>
              <highway>path</highway>
              <surface>dirt</surface>
              <foot>no</foot>
              <bicycle>yes</bicycle>
              <mtb_scale>2</mtb_scale>
              <oneway>yes</oneway>
            </gpxtpx:Extensions>
          </gpxtpx:TrackPointExtension>
        </extensions>
      </trkpt>
      <trkpt lat="47.274366" lon="11.369542">
        <ele>772.25</ele>
      </trkpt>
      <trkpt lat="47.27438" lon="11.36953">
        <ele>776</ele>
      </trkpt>
      <trkpt lat="47.274366" lon="11.369542">
        <ele>772</ele>
        <extensions>
          <gpxtpx:TrackPointExtension>
            <gpxtpx:Extensions>
              <highway>path</highway>
              <surface>dirt</surface>
              <foot>no</foot>
              <bicycle>yes</bicycle>
              <mtb_scale>2</mtb_scale>
              <oneway>yes</oneway>
            </gpxtpx:Extensions>
          </gpxtpx:TrackPointExtension>
        </extensions>
      </trkpt>
      <trkpt lat="47.274335" lon="11.369476">
        <ele>772.25</ele>
        <extensions>
          <gpxtpx:TrackPointExtension>
            <gpxtpx:Extensions>
              <highway>path</highway>
              <surface>dirt</surface>
              <foot>no</foot>
              <bicycle>yes</bicycle>
              <mtb_scale>2</mtb_scale>
              <oneway>yes</oneway>
            </gpxtpx:Extensions>
          </gpxtpx:TrackPointExtension>
        </extensions>
      </trkpt>
      <trkpt lat="47.274412" lon="11.368626">
        <ele>781.5</ele>
        <extensions>
          <gpxtpx:TrackPointExtension>
            <gpxtpx:Extensions>
              <highway>path</highway>
              <surface>dirt</surface>
              <foot>no</foot>
              <bicycle>yes</bicycle>
              <mtb_scale>2</mtb_scale>
              <oneway>yes</oneway>
            </gpxtpx:Extensions>
          </gpxtpx:TrackPointExtension>
        </extensions>
      </trkpt>
      <trkpt lat="47.274121" lon="11.368224">
        <ele>779.5</ele>
        <extensions>
          <gpxtpx:TrackPointExtension>
            <gpxtpx:Extensions>
              <highway>path</highway>
              <surface>dirt</surface>
              <foot>no</foot>
              <bicycle>yes</bicycle>
              <mtb_scale>2</mtb_scale>
              <oneway>yes</oneway>
            </gpxtpx:Extensions>
          </gpxtpx:TrackPointExtension>
        </extensions>
      </trkpt>
      <trkpt lat="47.273691" lon="11.368326">
        <ele>770.5</ele>
        <extensions>
          <gpxtpx:TrackPointExtension>
            <gpxtpx:Extensions>
              <highway>path</highway>
              <surface>dirt</surface>
              <foot>no</foot>
              <bicycle>yes</bicycle>
              <mtb_scale>2</mtb_scale>
              <oneway>yes</oneway>
            </gpxtpx:Extensions>
          </gpxtpx:TrackPointExtension>
        </extensions>
      </trkpt>
      <trkpt lat="47.273402" lon="11.368009">
        <ele>773</ele>
        <extensions>
          <gpxtpx:TrackPointExtension>
            <gpxtpx:Extensions>
              <highway>path</highway>
              <surface>dirt</surface>
              <foot>no</foot>
              <bicycle>yes</bicycle>
              <mtb_scale>2</mtb_scale>
              <oneway>yes</oneway>
            </gpxtpx:Extensions>
          </gpxtpx:TrackPointExtension>
        </extensions>
      </trkpt>
      <trkpt lat="47.273131" lon="11.36799">
        <ele>764.75</ele>
        <extensions>
          <gpxtpx:TrackPointExtension>
            <gpxtpx:Extensions>
              <highway>path</highway>
              <surface>dirt</surface>
              <foot>no</foot>
              <bicycle>yes</bicycle>
              <mtb_scale>2</mtb_scale>
              <oneway>yes</oneway>
            </gpxtpx:Extensions>
          </gpxtpx:TrackPointExtension>
        </extensions>
      </trkpt>
      <trkpt lat="47.272905" lon="11.367652">
        <ele>763.75</ele>
        <extensions>
          <gpxtpx:TrackPointExtension>
            <gpxtpx:Extensions>
              <highway>path</highway>
              <surface>dirt</surface>
              <foot>no</foot>
              <bicycle>yes</bicycle>
              <mtb_scale>2</mtb_scale>
              <oneway>yes</oneway>
            </gpxtpx:Extensions>
          </gpxtpx:TrackPointExtension>
        </extensions>
      </trkpt>
      <trkpt lat="47.272506" lon="11.367535">
        <ele>749.25</ele>
      </trkpt>
      <trkpt lat="47.27251" lon="11.36752">
        <ele>754</ele>
      </trkpt>
      <trkpt lat="47.272506" lon="11.367535">
        <ele>751</ele>
        <extensions>
          <gpxtpx:TrackPointExtension>
            <gpxtpx:Extensions>
              <highway>path</highway>
              <surface>dirt</surface>
              <foot>no</foot>
              <bicycle>yes</bicycle>
              <mtb_scale>2</mtb_scale>
              <oneway>yes</oneway>
            </gpxtpx:Extensions>
          </gpxtpx:TrackPointExtension>
        </extensions>
      </trkpt>
      <trkpt lat="47.272447" lon="11.367518">
        <ele>749.25</ele>
        <extensions>
          <gpxtpx:TrackPointExtension>
            <gpxtpx:Extensions>
              <highway>path</highway>
              <surface>dirt</surface>
              <foot>no</foot>
              <bicycle>yes</bicycle>
              <mtb_scale>2</mtb_scale>
              <oneway>yes</oneway>
            </gpxtpx:Extensions>
          </gpxtpx:TrackPointExtension>
        </extensions>
      </trkpt>
      <trkpt lat="47.272245" lon="11.367025">
        <ele>746.5</ele>
        <extensions>
          <gpxtpx:TrackPointExtension>
            <gpxtpx:Extensions>
              <highway>path</highway>
              <surface>dirt</surface>
              <foot>no</foot>
              <bicycle>yes</bicycle>
              <mtb_scale>2</mtb_scale>
              <oneway>yes</oneway>
            </gpxtpx:Extensions>
          </gpxtpx:TrackPointExtension>
        </extensions>
      </trkpt>
      <trkpt lat="47.272117" lon="11.366883">
        <ele>735</ele>
        <extensions>
          <gpxtpx:TrackPointExtension>
            <gpxtpx:Extensions>
              <highway>path</highway>
              <surface>dirt</surface>
              <foot>no</foot>
              <bicycle>yes</bicycle>
              <mtb_scale>2</mtb_scale>
              <oneway>yes</oneway>
            </gpxtpx:Extensions>
          </gpxtpx:TrackPointExtension>
        </extensions>
      </trkpt>
      <trkpt lat="47.272116" lon="11.366882">
        <ele>742.5</ele>
        <extensions>
          <gpxtpx:TrackPointExtension>
            <gpxtpx:Extensions>
              <highway>path</highway>
              <surface>dirt</surface>
              <foot>no</foot>
              <bicycle>yes</bicycle>
              <mtb_scale>2</mtb_scale>
              <oneway>yes</oneway>
            </gpxtpx:Extensions>
          </gpxtpx:TrackPointExtension>
        </extensions>
      </trkpt>
      <trkpt lat="47.271854" lon="11.366593">
        <ele>735</ele>
        <extensions>
          <gpxtpx:TrackPointExtension>
            <gpxtpx:Extensions>
              <highway>path</highway>
              <surface>dirt</surface>
              <foot>no</foot>
              <bicycle>yes</bicycle>
              <mtb_scale>2</mtb_scale>
              <oneway>yes</oneway>
            </gpxtpx:Extensions>
          </gpxtpx:TrackPointExtension>
        </extensions>
      </trkpt>
      <trkpt lat="47.271828" lon="11.366487">
        <ele>734.5</ele>
        <extensions>
          <gpxtpx:TrackPointExtension>
            <gpxtpx:Extensions>
              <highway>path</highway>
              <surface>dirt</surface>
              <foot>no</foot>
              <bicycle>yes</bicycle>
              <mtb_scale>2</mtb_scale>
              <oneway>yes</oneway>
            </gpxtpx:Extensions>
          </gpxtpx:TrackPointExtension>
        </extensions>
      </trkpt>
      <trkpt lat="47.271935" lon="11.36622">
        <ele>743.5</ele>
        <extensions>
          <gpxtpx:TrackPointExtension>
            <gpxtpx:Extensions>
              <highway>path</highway>
              <surface>dirt</surface>
              <foot>no</foot>
              <bicycle>yes</bicycle>
              <mtb_scale>2</mtb_scale>
              <oneway>yes</oneway>
            </gpxtpx:Extensions>
          </gpxtpx:TrackPointExtension>
        </extensions>
      </trkpt>
      <trkpt lat="47.27203" lon="11.365984">
        <ele>743.5</ele>
        <extensions>
          <gpxtpx:TrackPointExtension>
            <gpxtpx:Extensions>
              <highway>path</highway>
              <surface>dirt</surface>
              <foot>no</foot>
              <bicycle>yes</bicycle>
              <mtb_scale>2</mtb_scale>
              <oneway>yes</oneway>
            </gpxtpx:Extensions>
          </gpxtpx:TrackPointExtension>
        </extensions>
      </trkpt>
      <trkpt lat="47.271564" lon="11.366006">
        <ele>728.75</ele>
        <extensions>
          <gpxtpx:TrackPointExtension>
            <gpxtpx:Extensions>
              <highway>path</highway>
              <surface>dirt</surface>
              <foot>no</foot>
              <bicycle>yes</bicycle>
              <mtb_scale>2</mtb_scale>
              <oneway>yes</oneway>
            </gpxtpx:Extensions>
          </gpxtpx:TrackPointExtension>
        </extensions>
      </trkpt>
      <trkpt lat="47.271433" lon="11.36591">
        <ele>720</ele>
      </trkpt>
      <trkpt lat="47.271434" lon="11.365911">
        <ele>720</ele>
        <extensions>
          <gpxtpx:TrackPointExtension>
            <gpxtpx:Extensions>
              <highway>path</highway>
              <surface>dirt</surface>
              <foot>no</foot>
              <bicycle>yes</bicycle>
              <mtb_scale>2</mtb_scale>
              <oneway>yes</oneway>
            </gpxtpx:Extensions>
          </gpxtpx:TrackPointExtension>
        </extensions>
      </trkpt>
      <trkpt lat="47.271433" lon="11.36591">
        <ele>724.25</ele>
        <extensions>
          <gpxtpx:TrackPointExtension>
            <gpxtpx:Extensions>
              <highway>path</highway>
              <surface>dirt</surface>
              <foot>no</foot>
              <bicycle>yes</bicycle>
              <mtb_scale>2</mtb_scale>
              <oneway>yes</oneway>
            </gpxtpx:Extensions>
          </gpxtpx:TrackPointExtension>
        </extensions>
      </trkpt>
      <trkpt lat="47.271296" lon="11.36581">
        <ele>720</ele>
        <extensions>
          <gpxtpx:TrackPointExtension>
            <gpxtpx:Extensions>
              <highway>path</highway>
              <surface>dirt</surface>
              <foot>no</foot>
              <bicycle>yes</bicycle>
              <mtb_scale>2</mtb_scale>
              <oneway>yes</oneway>
            </gpxtpx:Extensions>
          </gpxtpx:TrackPointExtension>
        </extensions>
      </trkpt>
      <trkpt lat="47.271147" lon="11.365886">
        <ele>714.25</ele>
        <extensions>
          <gpxtpx:TrackPointExtension>
            <gpxtpx:Extensions>
              <highway>path</highway>
              <surface>dirt</surface>
              <foot>no</foot>
              <bicycle>yes</bicycle>
              <mtb_scale>2</mtb_scale>
              <oneway>yes</oneway>
            </gpxtpx:Extensions>
          </gpxtpx:TrackPointExtension>
        </extensions>
      </trkpt>
      <trkpt lat="47.271071" lon="11.366001">
        <ele>710.75</ele>
        <extensions>
          <gpxtpx:TrackPointExtension>
            <gpxtpx:Extensions>
              <highway>track</highway>
              <tracktype>grade2</tracktype>
              <surface>gravel</surface>
              <bicycle>yes</bicycle>
              <sac_scale>hiking</sac_scale>
            </gpxtpx:Extensions>
          </gpxtpx:TrackPointExtension>
        </extensions>
      </trkpt>
      <trkpt lat="47.271045" lon="11.365861">
        <ele>710.5</ele>
        <extensions>
          <gpxtpx:TrackPointExtension>
            <gpxtpx:Extensions>
              <highway>track</highway>
              <tracktype>grade2</tracktype>
              <surface>gravel</surface>
              <bicycle>yes</bicycle>
              <sac_scale>hiking</sac_scale>
            </gpxtpx:Extensions>
          </gpxtpx:TrackPointExtension>
        </extensions>
      </trkpt>
      <trkpt lat="47.27104" lon="11.365835">
        <ele>710.5</ele>
        <extensions>
          <gpxtpx:TrackPointExtension>
            <gpxtpx:Extensions>
              <highway>track</highway>
              <tracktype>grade2</tracktype>
              <surface>gravel</surface>
              <bicycle>yes</bicycle>
              <sac_scale>hiking</sac_scale>
            </gpxtpx:Extensions>
          </gpxtpx:TrackPointExtension>
        </extensions>
      </trkpt>
      <trkpt lat="47.271018" lon="11.365805">
        <ele>709.5</ele>
        <extensions>
          <gpxtpx:TrackPointExtension>
            <gpxtpx:Extensions>
              <reversedirection>yes</reversedirection>
              <highway>track</highway>
              <tracktype>grade2</tracktype>
              <surface>gravel</surface>
            </gpxtpx:Extensions>
          </gpxtpx:TrackPointExtension>
        </extensions>
      </trkpt>
      <trkpt lat="47.270933" lon="11.365903">
        <ele>706.25</ele>
        <extensions>
          <gpxtpx:TrackPointExtension>
            <gpxtpx:Extensions>
              <reversedirection>yes</reversedirection>
              <highway>residential</highway>
              <foot>yes</foot>
              <bicycle>yes</bicycle>
            </gpxtpx:Extensions>
          </gpxtpx:TrackPointExtension>
        </extensions>
      </trkpt>
      <trkpt lat="47.270681" lon="11.366212">
        <ele>699.25</ele>
        <extensions>
          <gpxtpx:TrackPointExtension>
            <gpxtpx:Extensions>
              <reversedirection>yes</reversedirection>
              <highway>residential</highway>
              <foot>yes</foot>
              <bicycle>yes</bicycle>
            </gpxtpx:Extensions>
          </gpxtpx:TrackPointExtension>
        </extensions>
      </trkpt>
      <trkpt lat="47.270521" lon="11.36636">
        <ele>696.5</ele>
        <extensions>
          <gpxtpx:TrackPointExtension>
            <gpxtpx:Extensions>
              <reversedirection>yes</reversedirection>
              <highway>residential</highway>
              <foot>yes</foot>
              <bicycle>yes</bicycle>
            </gpxtpx:Extensions>
          </gpxtpx:TrackPointExtension>
        </extensions>
      </trkpt>
      <trkpt lat="47.270283" lon="11.366522">
        <ele>692.75</ele>
        <extensions>
          <gpxtpx:TrackPointExtension>
            <gpxtpx:Extensions>
              <reversedirection>yes</reversedirection>
              <highway>residential</highway>
              <surface>asphalt</surface>
            </gpxtpx:Extensions>
          </gpxtpx:TrackPointExtension>
        </extensions>
      </trkpt>
      <trkpt lat="47.270161" lon="11.366624">
        <ele>691</ele>
        <extensions>
          <gpxtpx:TrackPointExtension>
            <gpxtpx:Extensions>
              <reversedirection>yes</reversedirection>
              <highway>residential</highway>
              <surface>asphalt</surface>
            </gpxtpx:Extensions>
          </gpxtpx:TrackPointExtension>
        </extensions>
      </trkpt>
      <trkpt lat="47.270143" lon="11.366637">
        <ele>687.25</ele>
      </trkpt>
      <trkpt lat="47.270143" lon="11.366637">
        <ele>690.5</ele>
        <extensions>
          <gpxtpx:TrackPointExtension>
            <gpxtpx:Extensions>
              <reversedirection>yes</reversedirection>
              <highway>residential</highway>
              <surface>asphalt</surface>
            </gpxtpx:Extensions>
          </gpxtpx:TrackPointExtension>
        </extensions>
      </trkpt>
      <trkpt lat="47.270143" lon="11.366637">
        <ele>690.5</ele>
        <extensions>
          <gpxtpx:TrackPointExtension>
            <gpxtpx:Extensions>
              <reversedirection>yes</reversedirection>
              <highway>residential</highway>
              <surface>asphalt</surface>
            </gpxtpx:Extensions>
          </gpxtpx:TrackPointExtension>
        </extensions>
      </trkpt>
      <trkpt lat="47.269916" lon="11.366809">
        <ele>687.25</ele>
        <extensions>
          <gpxtpx:TrackPointExtension>
            <gpxtpx:Extensions>
              <reversedirection>yes</reversedirection>
              <highway>residential</highway>
              <surface>asphalt</surface>
            </gpxtpx:Extensions>
          </gpxtpx:TrackPointExtension>
        </extensions>
      </trkpt>
      <trkpt lat="47.269767" lon="11.366975">
        <ele>685</ele>
        <extensions>
          <gpxtpx:TrackPointExtension>
            <gpxtpx:Extensions>
              <reversedirection>yes</reversedirection>
              <highway>residential</highway>
              <surface>asphalt</surface>
            </gpxtpx:Extensions>
          </gpxtpx:TrackPointExtension>
        </extensions>
      </trkpt>
      <trkpt lat="47.269634" lon="11.36724">
        <ele>683.25</ele>
        <extensions>
          <gpxtpx:TrackPointExtension>
            <gpxtpx:Extensions>
              <reversedirection>yes</reversedirection>
              <highway>residential</highway>
              <surface>asphalt</surface>
            </gpxtpx:Extensions>
          </gpxtpx:TrackPointExtension>
        </extensions>
      </trkpt>
      <trkpt lat="47.269547" lon="11.367535">
        <ele>682</ele>
        <extensions>
          <gpxtpx:TrackPointExtension>
            <gpxtpx:Extensions>
              <reversedirection>yes</reversedirection>
              <highway>residential</highway>
              <surface>asphalt</surface>
            </gpxtpx:Extensions>
          </gpxtpx:TrackPointExtension>
        </extensions>
      </trkpt>
      <trkpt lat="47.269488" lon="11.367937">
        <ele>680.5</ele>
        <extensions>
          <gpxtpx:TrackPointExtension>
            <gpxtpx:Extensions>
              <reversedirection>yes</reversedirection>
              <highway>residential</highway>
              <surface>asphalt</surface>
            </gpxtpx:Extensions>
          </gpxtpx:TrackPointExtension>
        </extensions>
      </trkpt>
      <trkpt lat="47.269494" lon="11.368222">
        <ele>679.75</ele>
        <extensions>
          <gpxtpx:TrackPointExtension>
            <gpxtpx:Extensions>
              <reversedirection>yes</reversedirection>
              <highway>residential</highway>
              <surface>asphalt</surface>
            </gpxtpx:Extensions>
          </gpxtpx:TrackPointExtension>
        </extensions>
      </trkpt>
      <trkpt lat="47.269559" lon="11.368538">
        <ele>678.25</ele>
        <extensions>
          <gpxtpx:TrackPointExtension>
            <gpxtpx:Extensions>
              <reversedirection>yes</reversedirection>
              <highway>residential</highway>
              <surface>asphalt</surface>
            </gpxtpx:Extensions>
          </gpxtpx:TrackPointExtension>
        </extensions>
      </trkpt>
      <trkpt lat="47.269592" lon="11.36862">
        <ele>677.75</ele>
        <extensions>
          <gpxtpx:TrackPointExtension>
            <gpxtpx:Extensions>
              <reversedirection>yes</reversedirection>
              <highway>residential</highway>
              <surface>asphalt</surface>
            </gpxtpx:Extensions>
          </gpxtpx:TrackPointExtension>
        </extensions>
      </trkpt>
      <trkpt lat="47.269505" lon="11.368898">
        <ele>675</ele>
        <extensions>
          <gpxtpx:TrackPointExtension>
            <gpxtpx:Extensions>
              <reversedirection>yes</reversedirection>
              <highway>residential</highway>
              <surface>asphalt</surface>
            </gpxtpx:Extensions>
          </gpxtpx:TrackPointExtension>
        </extensions>
      </trkpt>
      <trkpt lat="47.269483" lon="11.368939">
        <ele>674.5</ele>
        <extensions>
          <gpxtpx:TrackPointExtension>
            <gpxtpx:Extensions>
              <reversedirection>yes</reversedirection>
              <highway>residential</highway>
              <surface>asphalt</surface>
            </gpxtpx:Extensions>
          </gpxtpx:TrackPointExtension>
        </extensions>
      </trkpt>
      <trkpt lat="47.269246" lon="11.369172">
        <ele>671.25</ele>
        <extensions>
          <gpxtpx:TrackPointExtension>
            <gpxtpx:Extensions>
              <reversedirection>yes</reversedirection>
              <highway>residential</highway>
              <surface>asphalt</surface>
            </gpxtpx:Extensions>
          </gpxtpx:TrackPointExtension>
        </extensions>
      </trkpt>
      <trkpt lat="47.268947" lon="11.369479">
        <ele>667</ele>
        <extensions>
          <gpxtpx:TrackPointExtension>
            <gpxtpx:Extensions>
              <reversedirection>yes</reversedirection>
              <highway>residential</highway>
              <surface>asphalt</surface>
            </gpxtpx:Extensions>
          </gpxtpx:TrackPointExtension>
        </extensions>
      </trkpt>
      <trkpt lat="47.268808" lon="11.369622">
        <ele>664.75</ele>
        <extensions>
          <gpxtpx:TrackPointExtension>
            <gpxtpx:Extensions>
              <reversedirection>yes</reversedirection>
              <highway>residential</highway>
              <surface>asphalt</surface>
            </gpxtpx:Extensions>
          </gpxtpx:TrackPointExtension>
        </extensions>
      </trkpt>
      <trkpt lat="47.268552" lon="11.369853">
        <ele>661.5</ele>
        <extensions>
          <gpxtpx:TrackPointExtension>
            <gpxtpx:Extensions>
              <reversedirection>yes</reversedirection>
              <highway>residential</highway>
              <surface>asphalt</surface>
            </gpxtpx:Extensions>
          </gpxtpx:TrackPointExtension>
        </extensions>
      </trkpt>
      <trkpt lat="47.268451" lon="11.369944">
        <ele>660</ele>
        <extensions>
          <gpxtpx:TrackPointExtension>
            <gpxtpx:Extensions>
              <reversedirection>yes</reversedirection>
              <highway>tertiary</highway>
              <surface>asphalt</surface>
              <estimated_traffic_class>4</estimated_traffic_class>
            </gpxtpx:Extensions>
          </gpxtpx:TrackPointExtension>
        </extensions>
      </trkpt>
      <trkpt lat="47.268437" lon="11.370038">
        <ele>659.25</ele>
        <extensions>
          <gpxtpx:TrackPointExtension>
            <gpxtpx:Extensions>
              <reversedirection>yes</reversedirection>
              <highway>tertiary</highway>
              <surface>asphalt</surface>
              <estimated_traffic_class>4</estimated_traffic_class>
            </gpxtpx:Extensions>
          </gpxtpx:TrackPointExtension>
        </extensions>
      </trkpt>
      <trkpt lat="47.268437" lon="11.370038">
        <ele>659.25</ele>
        <extensions>
          <gpxtpx:TrackPointExtension>
            <gpxtpx:Extensions>
              <reversedirection>yes</reversedirection>
              <highway>tertiary</highway>
              <surface>asphalt</surface>
              <sidewalk>both</sidewalk>
            </gpxtpx:Extensions>
          </gpxtpx:TrackPointExtension>
        </extensions>
      </trkpt>
      <trkpt lat="47.268376" lon="11.370486">
        <ele>656.25</ele>
        <extensions>
          <gpxtpx:TrackPointExtension>
            <gpxtpx:Extensions>
              <reversedirection>yes</reversedirection>
              <highway>tertiary</highway>
              <surface>asphalt</surface>
              <sidewalk>both</sidewalk>
            </gpxtpx:Extensions>
          </gpxtpx:TrackPointExtension>
        </extensions>
      </trkpt>
      <trkpt lat="47.268357" lon="11.370667">
        <ele>655</ele>
        <extensions>
          <gpxtpx:TrackPointExtension>
            <gpxtpx:Extensions>
              <reversedirection>yes</reversedirection>
              <highway>tertiary</highway>
              <surface>asphalt</surface>
              <sidewalk>both</sidewalk>
            </gpxtpx:Extensions>
          </gpxtpx:TrackPointExtension>
        </extensions>
      </trkpt>
      <trkpt lat="47.26835" lon="11.370728">
        <ele>654.75</ele>
        <extensions>
          <gpxtpx:TrackPointExtension>
            <gpxtpx:Extensions>
              <reversedirection>yes</reversedirection>
              <highway>tertiary</highway>
              <surface>asphalt</surface>
              <sidewalk>both</sidewalk>
            </gpxtpx:Extensions>
          </gpxtpx:TrackPointExtension>
        </extensions>
      </trkpt>
      <trkpt lat="47.268346" lon="11.370766">
        <ele>654.5</ele>
        <extensions>
          <gpxtpx:TrackPointExtension>
            <gpxtpx:Extensions>
              <reversedirection>yes</reversedirection>
              <highway>tertiary</highway>
              <surface>asphalt</surface>
              <sidewalk>both</sidewalk>
            </gpxtpx:Extensions>
          </gpxtpx:TrackPointExtension>
        </extensions>
      </trkpt>
      <trkpt lat="47.268341" lon="11.370822">
        <ele>654</ele>
        <extensions>
          <gpxtpx:TrackPointExtension>
            <gpxtpx:Extensions>
              <reversedirection>yes</reversedirection>
              <highway>tertiary</highway>
              <surface>asphalt</surface>
              <sidewalk>both</sidewalk>
            </gpxtpx:Extensions>
          </gpxtpx:TrackPointExtension>
        </extensions>
      </trkpt>
      <trkpt lat="47.268335" lon="11.370898">
        <ele>653.5</ele>
        <extensions>
          <gpxtpx:TrackPointExtension>
            <gpxtpx:Extensions>
              <reversedirection>yes</reversedirection>
              <highway>tertiary</highway>
              <surface>asphalt</surface>
              <sidewalk>both</sidewalk>
            </gpxtpx:Extensions>
          </gpxtpx:TrackPointExtension>
        </extensions>
      </trkpt>
      <trkpt lat="47.268295" lon="11.371362">
        <ele>650.75</ele>
        <extensions>
          <gpxtpx:TrackPointExtension>
            <gpxtpx:Extensions>
              <reversedirection>yes</reversedirection>
              <highway>tertiary</highway>
              <surface>asphalt</surface>
              <sidewalk>both</sidewalk>
            </gpxtpx:Extensions>
          </gpxtpx:TrackPointExtension>
        </extensions>
      </trkpt>
      <trkpt lat="47.268283" lon="11.371581">
        <ele>649.5</ele>
        <extensions>
          <gpxtpx:TrackPointExtension>
            <gpxtpx:Extensions>
              <reversedirection>yes</reversedirection>
              <highway>tertiary</highway>
              <surface>asphalt</surface>
              <sidewalk>both</sidewalk>
            </gpxtpx:Extensions>
          </gpxtpx:TrackPointExtension>
        </extensions>
      </trkpt>
      <trkpt lat="47.26827" lon="11.37178">
        <ele>648</ele>
        <extensions>
          <gpxtpx:TrackPointExtension>
            <gpxtpx:Extensions>
              <reversedirection>yes</reversedirection>
              <highway>tertiary</highway>
              <surface>asphalt</surface>
              <sidewalk>both</sidewalk>
            </gpxtpx:Extensions>
          </gpxtpx:TrackPointExtension>
        </extensions>
      </trkpt>
      <trkpt lat="47.268263" lon="11.372037">
        <ele>645.5</ele>
        <extensions>
          <gpxtpx:TrackPointExtension>
            <gpxtpx:Extensions>
              <reversedirection>yes</reversedirection>
              <highway>tertiary</highway>
              <surface>asphalt</surface>
              <sidewalk>right</sidewalk>
            </gpxtpx:Extensions>
          </gpxtpx:TrackPointExtension>
        </extensions>
      </trkpt>
      <trkpt lat="47.268302" lon="11.37245">
        <ele>641.5</ele>
        <extensions>
          <gpxtpx:TrackPointExtension>
            <gpxtpx:Extensions>
              <reversedirection>yes</reversedirection>
              <highway>unclassified</highway>
              <surface>asphalt</surface>
              <sidewalk>right</sidewalk>
            </gpxtpx:Extensions>
          </gpxtpx:TrackPointExtension>
        </extensions>
      </trkpt>
      <trkpt lat="47.268258" lon="11.372451">
        <ele>641.75</ele>
        <extensions>
          <gpxtpx:TrackPointExtension>
            <gpxtpx:Extensions>
              <reversedirection>yes</reversedirection>
              <highway>unclassified</highway>
              <surface>asphalt</surface>
              <sidewalk>right</sidewalk>
            </gpxtpx:Extensions>
          </gpxtpx:TrackPointExtension>
        </extensions>
      </trkpt>
      <trkpt lat="47.268214" lon="11.372451">
        <ele>642</ele>
        <extensions>
          <gpxtpx:TrackPointExtension>
            <gpxtpx:Extensions>
              <reversedirection>yes</reversedirection>
              <highway>footway</highway>
              <surface>asphalt</surface>
              <foot>yes</foot>
            </gpxtpx:Extensions>
          </gpxtpx:TrackPointExtension>
        </extensions>
      </trkpt>
      <trkpt lat="47.268188" lon="11.37257">
        <ele>641</ele>
        <extensions>
          <gpxtpx:TrackPointExtension>
            <gpxtpx:Extensions>
              <reversedirection>yes</reversedirection>
              <highway>footway</highway>
              <surface>asphalt</surface>
              <foot>yes</foot>
            </gpxtpx:Extensions>
          </gpxtpx:TrackPointExtension>
        </extensions>
      </trkpt>
      <trkpt lat="47.268182" lon="11.37287">
        <ele>639</ele>
        <extensions>
          <gpxtpx:TrackPointExtension>
            <gpxtpx:Extensions>
              <reversedirection>yes</reversedirection>
              <highway>footway</highway>
              <surface>asphalt</surface>
              <foot>yes</foot>
            </gpxtpx:Extensions>
          </gpxtpx:TrackPointExtension>
        </extensions>
      </trkpt>
      <trkpt lat="47.268182" lon="11.37287">
        <ele>639</ele>
        <extensions>
          <gpxtpx:TrackPointExtension>
            <gpxtpx:Extensions>
              <reversedirection>yes</reversedirection>
              <highway>footway</highway>
              <surface>asphalt</surface>
              <foot>yes</foot>
            </gpxtpx:Extensions>
          </gpxtpx:TrackPointExtension>
        </extensions>
      </trkpt>
      <trkpt lat="47.268277" lon="11.373099">
        <ele>637.25</ele>
        <extensions>
          <gpxtpx:TrackPointExtension>
            <gpxtpx:Extensions>
              <highway>footway</highway>
              <surface>asphalt</surface>
              <foot>yes</foot>
            </gpxtpx:Extensions>
          </gpxtpx:TrackPointExtension>
        </extensions>
      </trkpt>
      <trkpt lat="47.268381" lon="11.373068">
        <ele>638.25</ele>
        <extensions>
          <gpxtpx:TrackPointExtension>
            <gpxtpx:Extensions>
              <reversedirection>yes</reversedirection>
              <highway>tertiary</highway>
              <surface>asphalt</surface>
              <estimated_traffic_class>5</estimated_traffic_class>
            </gpxtpx:Extensions>
          </gpxtpx:TrackPointExtension>
        </extensions>
      </trkpt>
      <trkpt lat="47.268424" lon="11.373369">
        <ele>637</ele>
        <extensions>
          <gpxtpx:TrackPointExtension>
            <gpxtpx:Extensions>
              <reversedirection>yes</reversedirection>
              <highway>tertiary</highway>
              <surface>asphalt</surface>
              <estimated_traffic_class>5</estimated_traffic_class>
            </gpxtpx:Extensions>
          </gpxtpx:TrackPointExtension>
        </extensions>
      </trkpt>
      <trkpt lat="47.268465" lon="11.373733">
        <ele>636</ele>
        <extensions>
          <gpxtpx:TrackPointExtension>
            <gpxtpx:Extensions>
              <reversedirection>yes</reversedirection>
              <highway>tertiary</highway>
              <surface>asphalt</surface>
              <estimated_traffic_class>5</estimated_traffic_class>
            </gpxtpx:Extensions>
          </gpxtpx:TrackPointExtension>
        </extensions>
      </trkpt>
      <trkpt lat="47.268497" lon="11.374402">
        <ele>633.75</ele>
        <extensions>
          <gpxtpx:TrackPointExtension>
            <gpxtpx:Extensions>
              <reversedirection>yes</reversedirection>
              <highway>tertiary</highway>
              <surface>asphalt</surface>
              <estimated_traffic_class>5</estimated_traffic_class>
            </gpxtpx:Extensions>
          </gpxtpx:TrackPointExtension>
        </extensions>
      </trkpt>
      <trkpt lat="47.268514" lon="11.374566">
        <ele>633.75</ele>
        <extensions>
          <gpxtpx:TrackPointExtension>
            <gpxtpx:Extensions>
              <reversedirection>yes</reversedirection>
              <highway>tertiary</highway>
              <surface>asphalt</surface>
              <estimated_traffic_class>5</estimated_traffic_class>
            </gpxtpx:Extensions>
          </gpxtpx:TrackPointExtension>
        </extensions>
      </trkpt>
      <trkpt lat="47.268531" lon="11.374742">
        <ele>633.5</ele>
        <extensions>
          <gpxtpx:TrackPointExtension>
            <gpxtpx:Extensions>
              <reversedirection>yes</reversedirection>
              <highway>tertiary</highway>
              <surface>asphalt</surface>
              <estimated_traffic_class>5</estimated_traffic_class>
            </gpxtpx:Extensions>
          </gpxtpx:TrackPointExtension>
        </extensions>
      </trkpt>
      <trkpt lat="47.268562" lon="11.375">
        <ele>633.5</ele>
        <extensions>
          <gpxtpx:TrackPointExtension>
            <gpxtpx:Extensions>
              <reversedirection>yes</reversedirection>
              <highway>tertiary</highway>
              <surface>asphalt</surface>
              <estimated_traffic_class>5</estimated_traffic_class>
            </gpxtpx:Extensions>
          </gpxtpx:TrackPointExtension>
        </extensions>
      </trkpt>
      <trkpt lat="47.268612" lon="11.375416">
        <ele>633.5</ele>
        <extensions>
          <gpxtpx:TrackPointExtension>
            <gpxtpx:Extensions>
              <reversedirection>yes</reversedirection>
              <highway>tertiary</highway>
              <surface>asphalt</surface>
              <estimated_traffic_class>5</estimated_traffic_class>
            </gpxtpx:Extensions>
          </gpxtpx:TrackPointExtension>
        </extensions>
      </trkpt>
      <trkpt lat="47.268623" lon="11.375505">
        <ele>633.25</ele>
        <extensions>
          <gpxtpx:TrackPointExtension>
            <gpxtpx:Extensions>
              <reversedirection>yes</reversedirection>
              <highway>tertiary</highway>
              <surface>asphalt</surface>
              <estimated_traffic_class>5</estimated_traffic_class>
            </gpxtpx:Extensions>
          </gpxtpx:TrackPointExtension>
        </extensions>
      </trkpt>
      <trkpt lat="47.268647" lon="11.375686">
        <ele>633.25</ele>
        <extensions>
          <gpxtpx:TrackPointExtension>
            <gpxtpx:Extensions>
              <reversedirection>yes</reversedirection>
              <highway>tertiary</highway>
              <surface>asphalt</surface>
              <estimated_traffic_class>5</estimated_traffic_class>
            </gpxtpx:Extensions>
          </gpxtpx:TrackPointExtension>
        </extensions>
      </trkpt>
      <trkpt lat="47.26869" lon="11.37604">
        <ele>632.5</ele>
        <extensions>
          <gpxtpx:TrackPointExtension>
            <gpxtpx:Extensions>
              <reversedirection>yes</reversedirection>
              <highway>tertiary</highway>
              <surface>asphalt</surface>
              <estimated_traffic_class>5</estimated_traffic_class>
            </gpxtpx:Extensions>
          </gpxtpx:TrackPointExtension>
        </extensions>
      </trkpt>
      <trkpt lat="47.26871" lon="11.376213">
        <ele>632.25</ele>
        <extensions>
          <gpxtpx:TrackPointExtension>
            <gpxtpx:Extensions>
              <reversedirection>yes</reversedirection>
              <highway>tertiary</highway>
              <surface>asphalt</surface>
              <estimated_traffic_class>5</estimated_traffic_class>
            </gpxtpx:Extensions>
          </gpxtpx:TrackPointExtension>
        </extensions>
      </trkpt>
      <trkpt lat="47.268806" lon="11.376958">
        <ele>629.75</ele>
        <extensions>
          <gpxtpx:TrackPointExtension>
            <gpxtpx:Extensions>
              <reversedirection>yes</reversedirection>
              <highway>tertiary</highway>
              <surface>asphalt</surface>
              <estimated_traffic_class>5</estimated_traffic_class>
            </gpxtpx:Extensions>
          </gpxtpx:TrackPointExtension>
        </extensions>
      </trkpt>
      <trkpt lat="47.268867" lon="11.377244">
        <ele>628.75</ele>
        <extensions>
          <gpxtpx:TrackPointExtension>
            <gpxtpx:Extensions>
              <reversedirection>yes</reversedirection>
              <highway>tertiary</highway>
              <surface>asphalt</surface>
              <estimated_traffic_class>5</estimated_traffic_class>
            </gpxtpx:Extensions>
          </gpxtpx:TrackPointExtension>
        </extensions>
      </trkpt>
      <trkpt lat="47.268917" lon="11.377478">
        <ele>627.75</ele>
        <extensions>
          <gpxtpx:TrackPointExtension>
            <gpxtpx:Extensions>
              <reversedirection>yes</reversedirection>
              <highway>tertiary</highway>
              <surface>asphalt</surface>
              <estimated_traffic_class>5</estimated_traffic_class>
            </gpxtpx:Extensions>
          </gpxtpx:TrackPointExtension>
        </extensions>
      </trkpt>
      <trkpt lat="47.268984" lon="11.377789">
        <ele>627.5</ele>
        <extensions>
          <gpxtpx:TrackPointExtension>
            <gpxtpx:Extensions>
              <reversedirection>yes</reversedirection>
              <highway>tertiary</highway>
              <surface>asphalt</surface>
              <estimated_traffic_class>5</estimated_traffic_class>
            </gpxtpx:Extensions>
          </gpxtpx:TrackPointExtension>
        </extensions>
      </trkpt>
      <trkpt lat="47.268986" lon="11.3778">
        <ele>627.5</ele>
        <extensions>
          <gpxtpx:TrackPointExtension>
            <gpxtpx:Extensions>
              <reversedirection>yes</reversedirection>
              <highway>tertiary</highway>
              <surface>asphalt</surface>
              <estimated_traffic_class>5</estimated_traffic_class>
            </gpxtpx:Extensions>
          </gpxtpx:TrackPointExtension>
        </extensions>
      </trkpt>
      <trkpt lat="47.26901" lon="11.3779">
        <ele>627.5</ele>
        <extensions>
          <gpxtpx:TrackPointExtension>
            <gpxtpx:Extensions>
              <reversedirection>yes</reversedirection>
              <highway>tertiary</highway>
              <surface>asphalt</surface>
              <estimated_traffic_class>5</estimated_traffic_class>
            </gpxtpx:Extensions>
          </gpxtpx:TrackPointExtension>
        </extensions>
      </trkpt>
      <trkpt lat="47.269426" lon="11.379573">
        <ele>629.75</ele>
        <extensions>
          <gpxtpx:TrackPointExtension>
            <gpxtpx:Extensions>
              <reversedirection>yes</reversedirection>
              <highway>tertiary</highway>
              <surface>asphalt</surface>
              <estimated_traffic_class>5</estimated_traffic_class>
            </gpxtpx:Extensions>
          </gpxtpx:TrackPointExtension>
        </extensions>
      </trkpt>
      <trkpt lat="47.269437" lon="11.379621">
        <ele>629.75</ele>
        <extensions>
          <gpxtpx:TrackPointExtension>
            <gpxtpx:Extensions>
              <reversedirection>yes</reversedirection>
              <highway>tertiary</highway>
              <surface>asphalt</surface>
              <estimated_traffic_class>5</estimated_traffic_class>
            </gpxtpx:Extensions>
          </gpxtpx:TrackPointExtension>
        </extensions>
      </trkpt>
      <trkpt lat="47.269502" lon="11.379842">
        <ele>629.5</ele>
        <extensions>
          <gpxtpx:TrackPointExtension>
            <gpxtpx:Extensions>
              <reversedirection>yes</reversedirection>
              <highway>tertiary</highway>
              <surface>asphalt</surface>
              <estimated_traffic_class>5</estimated_traffic_class>
            </gpxtpx:Extensions>
          </gpxtpx:TrackPointExtension>
        </extensions>
      </trkpt>
      <trkpt lat="47.269534" lon="11.379951">
        <ele>629.5</ele>
        <extensions>
          <gpxtpx:TrackPointExtension>
            <gpxtpx:Extensions>
              <reversedirection>yes</reversedirection>
              <highway>tertiary</highway>
              <surface>asphalt</surface>
              <estimated_traffic_class>5</estimated_traffic_class>
            </gpxtpx:Extensions>
          </gpxtpx:TrackPointExtension>
        </extensions>
      </trkpt>
      <trkpt lat="47.26958" lon="11.380109">
        <ele>629.25</ele>
        <extensions>
          <gpxtpx:TrackPointExtension>
            <gpxtpx:Extensions>
              <reversedirection>yes</reversedirection>
              <highway>tertiary</highway>
              <surface>asphalt</surface>
              <estimated_traffic_class>5</estimated_traffic_class>
            </gpxtpx:Extensions>
          </gpxtpx:TrackPointExtension>
        </extensions>
      </trkpt>
      <trkpt lat="47.269759" lon="11.380596">
        <ele>628.5</ele>
        <extensions>
          <gpxtpx:TrackPointExtension>
            <gpxtpx:Extensions>
              <reversedirection>yes</reversedirection>
              <highway>tertiary</highway>
              <surface>asphalt</surface>
              <estimated_traffic_class>5</estimated_traffic_class>
            </gpxtpx:Extensions>
          </gpxtpx:TrackPointExtension>
        </extensions>
      </trkpt>
      <trkpt lat="47.269932" lon="11.381039">
        <ele>628.25</ele>
        <extensions>
          <gpxtpx:TrackPointExtension>
            <gpxtpx:Extensions>
              <reversedirection>yes</reversedirection>
              <highway>tertiary</highway>
              <surface>asphalt</surface>
              <estimated_traffic_class>5</estimated_traffic_class>
            </gpxtpx:Extensions>
          </gpxtpx:TrackPointExtension>
        </extensions>
      </trkpt>
      <trkpt lat="47.270088" lon="11.381444">
        <ele>628.5</ele>
        <extensions>
          <gpxtpx:TrackPointExtension>
            <gpxtpx:Extensions>
              <reversedirection>yes</reversedirection>
              <highway>tertiary</highway>
              <surface>asphalt</surface>
              <estimated_traffic_class>5</estimated_traffic_class>
            </gpxtpx:Extensions>
          </gpxtpx:TrackPointExtension>
        </extensions>
      </trkpt>
      <trkpt lat="47.270226" lon="11.381768">
        <ele>628.5</ele>
        <extensions>
          <gpxtpx:TrackPointExtension>
            <gpxtpx:Extensions>
              <reversedirection>yes</reversedirection>
              <highway>tertiary</highway>
              <surface>asphalt</surface>
              <estimated_traffic_class>5</estimated_traffic_class>
            </gpxtpx:Extensions>
          </gpxtpx:TrackPointExtension>
        </extensions>
      </trkpt>
      <trkpt lat="47.270289" lon="11.381871">
        <ele>628.25</ele>
        <extensions>
          <gpxtpx:TrackPointExtension>
            <gpxtpx:Extensions>
              <reversedirection>yes</reversedirection>
              <highway>tertiary</highway>
              <surface>asphalt</surface>
              <estimated_traffic_class>5</estimated_traffic_class>
            </gpxtpx:Extensions>
          </gpxtpx:TrackPointExtension>
        </extensions>
      </trkpt>
      <trkpt lat="47.270531" lon="11.382316">
        <ele>626.75</ele>
        <extensions>
          <gpxtpx:TrackPointExtension>
            <gpxtpx:Extensions>
              <reversedirection>yes</reversedirection>
              <highway>tertiary</highway>
              <surface>asphalt</surface>
              <estimated_traffic_class>5</estimated_traffic_class>
            </gpxtpx:Extensions>
          </gpxtpx:TrackPointExtension>
        </extensions>
      </trkpt>
      <trkpt lat="47.27059" lon="11.382433">
        <ele>626.25</ele>
        <extensions>
          <gpxtpx:TrackPointExtension>
            <gpxtpx:Extensions>
              <reversedirection>yes</reversedirection>
              <highway>tertiary</highway>
              <surface>asphalt</surface>
              <estimated_traffic_class>5</estimated_traffic_class>
            </gpxtpx:Extensions>
          </gpxtpx:TrackPointExtension>
        </extensions>
      </trkpt>
      <trkpt lat="47.270609" lon="11.382486">
        <ele>626</ele>
        <extensions>
          <gpxtpx:TrackPointExtension>
            <gpxtpx:Extensions>
              <highway>residential</highway>
              <surface>asphalt</surface>
            </gpxtpx:Extensions>
          </gpxtpx:TrackPointExtension>
        </extensions>
      </trkpt>
      <trkpt lat="47.270654" lon="11.382476">
        <ele>626.25</ele>
        <extensions>
          <gpxtpx:TrackPointExtension>
            <gpxtpx:Extensions>
              <highway>residential</highway>
              <surface>asphalt</surface>
            </gpxtpx:Extensions>
          </gpxtpx:TrackPointExtension>
        </extensions>
      </trkpt>
      <trkpt lat="47.270983" lon="11.382678">
        <ele>626.25</ele>
      </trkpt>
      <trkpt lat="47.270984" lon="11.382679">
        <ele>626.25</ele>
        <extensions>
          <gpxtpx:TrackPointExtension>
            <gpxtpx:Extensions>
              <highway>residential</highway>
              <surface>asphalt</surface>
            </gpxtpx:Extensions>
          </gpxtpx:TrackPointExtension>
        </extensions>
      </trkpt>
      <trkpt lat="47.271108" lon="11.382756">
        <ele>626.25</ele>
        <extensions>
          <gpxtpx:TrackPointExtension>
            <gpxtpx:Extensions>
              <highway>residential</highway>
              <surface>asphalt</surface>
            </gpxtpx:Extensions>
          </gpxtpx:TrackPointExtension>
        </extensions>
      </trkpt>
      <trkpt lat="47.271431" lon="11.382897">
        <ele>627.25</ele>
        <extensions>
          <gpxtpx:TrackPointExtension>
            <gpxtpx:Extensions>
              <highway>residential</highway>
              <surface>asphalt</surface>
            </gpxtpx:Extensions>
          </gpxtpx:TrackPointExtension>
        </extensions>
      </trkpt>
      <trkpt lat="47.27151" lon="11.382887">
        <ele>627.75</ele>
        <extensions>
          <gpxtpx:TrackPointExtension>
            <gpxtpx:Extensions>
              <highway>residential</highway>
              <surface>asphalt</surface>
            </gpxtpx:Extensions>
          </gpxtpx:TrackPointExtension>
        </extensions>
      </trkpt>
      <trkpt lat="47.271608" lon="11.382829">
        <ele>628.75</ele>
        <extensions>
          <gpxtpx:TrackPointExtension>
            <gpxtpx:Extensions>
              <highway>residential</highway>
              <surface>asphalt</surface>
            </gpxtpx:Extensions>
          </gpxtpx:TrackPointExtension>
        </extensions>
      </trkpt>
      <trkpt lat="47.271667" lon="11.382812">
        <ele>629.25</ele>
        <extensions>
          <gpxtpx:TrackPointExtension>
            <gpxtpx:Extensions>
              <highway>residential</highway>
              <surface>asphalt</surface>
            </gpxtpx:Extensions>
          </gpxtpx:TrackPointExtension>
        </extensions>
      </trkpt>
      <trkpt lat="47.271718" lon="11.382838">
        <ele>629.5</ele>
        <extensions>
          <gpxtpx:TrackPointExtension>
            <gpxtpx:Extensions>
              <highway>residential</highway>
              <surface>asphalt</surface>
            </gpxtpx:Extensions>
          </gpxtpx:TrackPointExtension>
        </extensions>
      </trkpt>
      <trkpt lat="47.2718" lon="11.382934">
        <ele>629.75</ele>
        <extensions>
          <gpxtpx:TrackPointExtension>
            <gpxtpx:Extensions>
              <highway>residential</highway>
              <surface>asphalt</surface>
            </gpxtpx:Extensions>
          </gpxtpx:TrackPointExtension>
        </extensions>
      </trkpt>
      <trkpt lat="47.27184" lon="11.382946">
        <ele>630.25</ele>
        <extensions>
          <gpxtpx:TrackPointExtension>
            <gpxtpx:Extensions>
              <highway>residential</highway>
              <surface>asphalt</surface>
            </gpxtpx:Extensions>
          </gpxtpx:TrackPointExtension>
        </extensions>
      </trkpt>
      <trkpt lat="47.272057" lon="11.383175">
        <ele>631.5</ele>
        <extensions>
          <gpxtpx:TrackPointExtension>
            <gpxtpx:Extensions>
              <highway>residential</highway>
              <surface>asphalt</surface>
            </gpxtpx:Extensions>
          </gpxtpx:TrackPointExtension>
        </extensions>
      </trkpt>
      <trkpt lat="47.272121" lon="11.383196">
        <ele>632</ele>
        <extensions>
          <gpxtpx:TrackPointExtension>
            <gpxtpx:Extensions>
              <highway>residential</highway>
              <surface>asphalt</surface>
            </gpxtpx:Extensions>
          </gpxtpx:TrackPointExtension>
        </extensions>
      </trkpt>
      <trkpt lat="47.272289" lon="11.383222">
        <ele>634.25</ele>
        <extensions>
          <gpxtpx:TrackPointExtension>
            <gpxtpx:Extensions>
              <highway>residential</highway>
              <surface>asphalt</surface>
            </gpxtpx:Extensions>
          </gpxtpx:TrackPointExtension>
        </extensions>
      </trkpt>
      <trkpt lat="47.272319" lon="11.383266">
        <ele>634.5</ele>
        <extensions>
          <gpxtpx:TrackPointExtension>
            <gpxtpx:Extensions>
              <highway>residential</highway>
              <surface>asphalt</surface>
            </gpxtpx:Extensions>
          </gpxtpx:TrackPointExtension>
        </extensions>
      </trkpt>
      <trkpt lat="47.272338" lon="11.383366">
        <ele>634.5</ele>
        <extensions>
          <gpxtpx:TrackPointExtension>
            <gpxtpx:Extensions>
              <highway>residential</highway>
              <surface>asphalt</surface>
            </gpxtpx:Extensions>
          </gpxtpx:TrackPointExtension>
        </extensions>
      </trkpt>
      <trkpt lat="47.272308" lon="11.383896">
        <ele>633</ele>
        <extensions>
          <gpxtpx:TrackPointExtension>
            <gpxtpx:Extensions>
              <highway>residential</highway>
              <surface>sett</surface>
              <oneway>yes</oneway>
            </gpxtpx:Extensions>
          </gpxtpx:TrackPointExtension>
        </extensions>
      </trkpt>
      <trkpt lat="47.27255" lon="11.383852">
        <ele>638.25</ele>
        <extensions>
          <gpxtpx:TrackPointExtension>
            <gpxtpx:Extensions>
              <highway>residential</highway>
              <surface>sett</surface>
              <oneway>yes</oneway>
            </gpxtpx:Extensions>
          </gpxtpx:TrackPointExtension>
        </extensions>
      </trkpt>
      <trkpt lat="47.272628" lon="11.383873">
        <ele>641.5</ele>
        <extensions>
          <gpxtpx:TrackPointExtension>
            <gpxtpx:Extensions>
              <highway>residential</highway>
              <surface>sett</surface>
              <oneway>yes</oneway>
            </gpxtpx:Extensions>
          </gpxtpx:TrackPointExtension>
        </extensions>
      </trkpt>
      <trkpt lat="47.27277" lon="11.383963">
        <ele>647</ele>
        <extensions>
          <gpxtpx:TrackPointExtension>
            <gpxtpx:Extensions>
              <highway>residential</highway>
              <surface>asphalt</surface>
              <oneway>yes</oneway>
            </gpxtpx:Extensions>
          </gpxtpx:TrackPointExtension>
        </extensions>
      </trkpt>
      <trkpt lat="47.272947" lon="11.384165">
        <ele>653</ele>
        <extensions>
          <gpxtpx:TrackPointExtension>
            <gpxtpx:Extensions>
              <highway>residential</highway>
              <surface>asphalt</surface>
              <oneway>yes</oneway>
            </gpxtpx:Extensions>
          </gpxtpx:TrackPointExtension>
        </extensions>
      </trkpt>
      <trkpt lat="47.273115" lon="11.384411">
        <ele>658.25</ele>
        <extensions>
          <gpxtpx:TrackPointExtension>
            <gpxtpx:Extensions>
              <highway>residential</highway>
              <surface>asphalt</surface>
              <oneway>yes</oneway>
            </gpxtpx:Extensions>
          </gpxtpx:TrackPointExtension>
        </extensions>
      </trkpt>
      <trkpt lat="47.27331" lon="11.385009">
        <ele>662.75</ele>
        <extensions>
          <gpxtpx:TrackPointExtension>
            <gpxtpx:Extensions>
              <highway>residential</highway>
              <surface>asphalt</surface>
              <oneway>yes</oneway>
            </gpxtpx:Extensions>
          </gpxtpx:TrackPointExtension>
        </extensions>
      </trkpt>
      <trkpt lat="47.27345" lon="11.38542">
        <ele>664</ele>
        <extensions>
          <gpxtpx:TrackPointExtension>
            <gpxtpx:Extensions>
              <highway>residential</highway>
              <surface>asphalt</surface>
              <oneway>yes</oneway>
            </gpxtpx:Extensions>
          </gpxtpx:TrackPointExtension>
        </extensions>
      </trkpt>
      <trkpt lat="47.273481" lon="11.38547">
        <ele>666</ele>
      </trkpt>
      <trkpt lat="47.27347444166037" lon="11.385482352696386">
        <ele>660.5582473460257</ele>
      </trkpt>
      <trkpt lat="47.273481" lon="11.38547">
        <ele>664.25</ele>
        <extensions>
          <gpxtpx:TrackPointExtension>
            <gpxtpx:Extensions>
              <highway>residential</highway>
              <surface>asphalt</surface>
              <sidewalk>no</sidewalk>
            </gpxtpx:Extensions>
          </gpxtpx:TrackPointExtension>
        </extensions>
      </trkpt>
      <trkpt lat="47.273585" lon="11.385639">
        <ele>666</ele>
        <extensions>
          <gpxtpx:TrackPointExtension>
            <gpxtpx:Extensions>
              <highway>residential</highway>
              <surface>asphalt</surface>
              <sidewalk>no</sidewalk>
            </gpxtpx:Extensions>
          </gpxtpx:TrackPointExtension>
        </extensions>
      </trkpt>
      <trkpt lat="47.273744" lon="11.385815">
        <ele>668.5</ele>
        <extensions>
          <gpxtpx:TrackPointExtension>
            <gpxtpx:Extensions>
              <highway>residential</highway>
              <surface>asphalt</surface>
              <sidewalk>no</sidewalk>
            </gpxtpx:Extensions>
          </gpxtpx:TrackPointExtension>
        </extensions>
      </trkpt>
      <trkpt lat="47.273967" lon="11.385994">
        <ele>672.75</ele>
        <extensions>
          <gpxtpx:TrackPointExtension>
            <gpxtpx:Extensions>
              <highway>residential</highway>
              <surface>asphalt</surface>
              <sidewalk>no</sidewalk>
            </gpxtpx:Extensions>
          </gpxtpx:TrackPointExtension>
        </extensions>
      </trkpt>
      <trkpt lat="47.274068" lon="11.3861">
        <ele>674.25</ele>
        <extensions>
          <gpxtpx:TrackPointExtension>
            <gpxtpx:Extensions>
              <highway>residential</highway>
              <surface>asphalt</surface>
              <sidewalk>no</sidewalk>
            </gpxtpx:Extensions>
          </gpxtpx:TrackPointExtension>
        </extensions>
      </trkpt>
      <trkpt lat="47.274135" lon="11.386142">
        <ele>676.75</ele>
        <extensions>
          <gpxtpx:TrackPointExtension>
            <gpxtpx:Extensions>
              <highway>residential</highway>
              <surface>asphalt</surface>
              <sidewalk>no</sidewalk>
            </gpxtpx:Extensions>
          </gpxtpx:TrackPointExtension>
        </extensions>
      </trkpt>
      <trkpt lat="47.274133" lon="11.386142">
        <ele>675.25</ele>
        <extensions>
          <gpxtpx:TrackPointExtension>
            <gpxtpx:Extensions>
              <highway>residential</highway>
              <surface>asphalt</surface>
              <oneway>yes</oneway>
            </gpxtpx:Extensions>
          </gpxtpx:TrackPointExtension>
        </extensions>
      </trkpt>
      <trkpt lat="47.274213" lon="11.386193">
        <ele>676.75</ele>
        <extensions>
          <gpxtpx:TrackPointExtension>
            <gpxtpx:Extensions>
              <highway>residential</highway>
              <surface>asphalt</surface>
              <oneway>yes</oneway>
            </gpxtpx:Extensions>
          </gpxtpx:TrackPointExtension>
        </extensions>
      </trkpt>
      <trkpt lat="47.274266" lon="11.386223">
        <ele>677.25</ele>
        <extensions>
          <gpxtpx:TrackPointExtension>
            <gpxtpx:Extensions>
              <highway>residential</highway>
              <surface>asphalt</surface>
              <oneway>yes</oneway>
            </gpxtpx:Extensions>
          </gpxtpx:TrackPointExtension>
        </extensions>
      </trkpt>
      <trkpt lat="47.274397" lon="11.386299">
        <ele>679</ele>
        <extensions>
          <gpxtpx:TrackPointExtension>
            <gpxtpx:Extensions>
              <highway>residential</highway>
              <surface>asphalt</surface>
              <oneway>yes</oneway>
            </gpxtpx:Extensions>
          </gpxtpx:TrackPointExtension>
        </extensions>
      </trkpt>
      <trkpt lat="47.27468" lon="11.386473">
        <ele>682</ele>
        <extensions>
          <gpxtpx:TrackPointExtension>
            <gpxtpx:Extensions>
              <highway>tertiary</highway>
              <surface>asphalt</surface>
              <estimated_traffic_class>5</estimated_traffic_class>
            </gpxtpx:Extensions>
          </gpxtpx:TrackPointExtension>
        </extensions>
      </trkpt>
      <trkpt lat="47.274691" lon="11.386421">
        <ele>683</ele>
        <extensions>
          <gpxtpx:TrackPointExtension>
            <gpxtpx:Extensions>
              <highway>tertiary</highway>
              <surface>asphalt</surface>
              <estimated_traffic_class>5</estimated_traffic_class>
            </gpxtpx:Extensions>
          </gpxtpx:TrackPointExtension>
        </extensions>
      </trkpt>
      <trkpt lat="47.274713" lon="11.386372">
        <ele>684.25</ele>
        <extensions>
          <gpxtpx:TrackPointExtension>
            <gpxtpx:Extensions>
              <highway>tertiary</highway>
              <surface>asphalt</surface>
              <estimated_traffic_class>5</estimated_traffic_class>
            </gpxtpx:Extensions>
          </gpxtpx:TrackPointExtension>
        </extensions>
      </trkpt>
      <trkpt lat="47.274754" lon="11.386332">
        <ele>685.75</ele>
        <extensions>
          <gpxtpx:TrackPointExtension>
            <gpxtpx:Extensions>
              <highway>tertiary</highway>
              <surface>asphalt</surface>
              <estimated_traffic_class>5</estimated_traffic_class>
            </gpxtpx:Extensions>
          </gpxtpx:TrackPointExtension>
        </extensions>
      </trkpt>
      <trkpt lat="47.274797" lon="11.386317">
        <ele>687</ele>
        <extensions>
          <gpxtpx:TrackPointExtension>
            <gpxtpx:Extensions>
              <highway>tertiary</highway>
              <surface>asphalt</surface>
              <estimated_traffic_class>5</estimated_traffic_class>
            </gpxtpx:Extensions>
          </gpxtpx:TrackPointExtension>
        </extensions>
      </trkpt>
      <trkpt lat="47.274841" lon="11.386325">
        <ele>687.75</ele>
        <extensions>
          <gpxtpx:TrackPointExtension>
            <gpxtpx:Extensions>
              <highway>tertiary</highway>
              <surface>asphalt</surface>
              <estimated_traffic_class>5</estimated_traffic_class>
            </gpxtpx:Extensions>
          </gpxtpx:TrackPointExtension>
        </extensions>
      </trkpt>
      <trkpt lat="47.274877" lon="11.386355">
        <ele>688</ele>
        <extensions>
          <gpxtpx:TrackPointExtension>
            <gpxtpx:Extensions>
              <highway>tertiary</highway>
              <surface>asphalt</surface>
              <estimated_traffic_class>5</estimated_traffic_class>
            </gpxtpx:Extensions>
          </gpxtpx:TrackPointExtension>
        </extensions>
      </trkpt>
      <trkpt lat="47.274909" lon="11.386407">
        <ele>687.75</ele>
        <extensions>
          <gpxtpx:TrackPointExtension>
            <gpxtpx:Extensions>
              <highway>tertiary</highway>
              <surface>asphalt</surface>
              <estimated_traffic_class>5</estimated_traffic_class>
            </gpxtpx:Extensions>
          </gpxtpx:TrackPointExtension>
        </extensions>
      </trkpt>
      <trkpt lat="47.275009" lon="11.386691">
        <ele>684.75</ele>
        <extensions>
          <gpxtpx:TrackPointExtension>
            <gpxtpx:Extensions>
              <highway>tertiary</highway>
              <surface>asphalt</surface>
              <estimated_traffic_class>5</estimated_traffic_class>
            </gpxtpx:Extensions>
          </gpxtpx:TrackPointExtension>
        </extensions>
      </trkpt>
      <trkpt lat="47.275064" lon="11.386801">
        <ele>684</ele>
        <extensions>
          <gpxtpx:TrackPointExtension>
            <gpxtpx:Extensions>
              <highway>tertiary</highway>
              <surface>asphalt</surface>
              <estimated_traffic_class>5</estimated_traffic_class>
            </gpxtpx:Extensions>
          </gpxtpx:TrackPointExtension>
        </extensions>
      </trkpt>
      <trkpt lat="47.27514" lon="11.386903">
        <ele>683.5</ele>
        <extensions>
          <gpxtpx:TrackPointExtension>
            <gpxtpx:Extensions>
              <highway>tertiary</highway>
              <surface>asphalt</surface>
              <estimated_traffic_class>5</estimated_traffic_class>
            </gpxtpx:Extensions>
          </gpxtpx:TrackPointExtension>
        </extensions>
      </trkpt>
      <trkpt lat="47.275188" lon="11.38695">
        <ele>683.5</ele>
        <extensions>
          <gpxtpx:TrackPointExtension>
            <gpxtpx:Extensions>
              <highway>tertiary</highway>
              <surface>asphalt</surface>
              <estimated_traffic_class>5</estimated_traffic_class>
            </gpxtpx:Extensions>
          </gpxtpx:TrackPointExtension>
        </extensions>
      </trkpt>
      <trkpt lat="47.27525" lon="11.386994">
        <ele>683.5</ele>
      </trkpt>
      <trkpt lat="47.275251" lon="11.386995">
        <ele>683.5</ele>
        <extensions>
          <gpxtpx:TrackPointExtension>
            <gpxtpx:Extensions>
              <highway>tertiary</highway>
              <surface>asphalt</surface>
            </gpxtpx:Extensions>
          </gpxtpx:TrackPointExtension>
        </extensions>
      </trkpt>
      <trkpt lat="47.27525" lon="11.386994">
        <ele>683.5</ele>
        <extensions>
          <gpxtpx:TrackPointExtension>
            <gpxtpx:Extensions>
              <highway>tertiary</highway>
              <surface>asphalt</surface>
              <estimated_traffic_class>5</estimated_traffic_class>
            </gpxtpx:Extensions>
          </gpxtpx:TrackPointExtension>
        </extensions>
      </trkpt>
      <trkpt lat="47.275333" lon="11.387053">
        <ele>683.5</ele>
        <extensions>
          <gpxtpx:TrackPointExtension>
            <gpxtpx:Extensions>
              <highway>tertiary</highway>
              <surface>asphalt</surface>
              <estimated_traffic_class>5</estimated_traffic_class>
            </gpxtpx:Extensions>
          </gpxtpx:TrackPointExtension>
        </extensions>
      </trkpt>
      <trkpt lat="47.275415" lon="11.387098">
        <ele>683.75</ele>
        <extensions>
          <gpxtpx:TrackPointExtension>
            <gpxtpx:Extensions>
              <highway>tertiary</highway>
              <surface>asphalt</surface>
              <estimated_traffic_class>5</estimated_traffic_class>
            </gpxtpx:Extensions>
          </gpxtpx:TrackPointExtension>
        </extensions>
      </trkpt>
      <trkpt lat="47.27555" lon="11.387137">
        <ele>684.75</ele>
        <extensions>
          <gpxtpx:TrackPointExtension>
            <gpxtpx:Extensions>
              <highway>tertiary</highway>
              <surface>asphalt</surface>
              <estimated_traffic_class>5</estimated_traffic_class>
            </gpxtpx:Extensions>
          </gpxtpx:TrackPointExtension>
        </extensions>
      </trkpt>
      <trkpt lat="47.27566" lon="11.387136">
        <ele>686</ele>
        <extensions>
          <gpxtpx:TrackPointExtension>
            <gpxtpx:Extensions>
              <highway>tertiary</highway>
              <surface>asphalt</surface>
              <estimated_traffic_class>5</estimated_traffic_class>
            </gpxtpx:Extensions>
          </gpxtpx:TrackPointExtension>
        </extensions>
      </trkpt>
      <trkpt lat="47.27577" lon="11.387095">
        <ele>688.25</ele>
        <extensions>
          <gpxtpx:TrackPointExtension>
            <gpxtpx:Extensions>
              <highway>tertiary</highway>
              <surface>asphalt</surface>
              <estimated_traffic_class>5</estimated_traffic_class>
            </gpxtpx:Extensions>
          </gpxtpx:TrackPointExtension>
        </extensions>
      </trkpt>
      <trkpt lat="47.275896" lon="11.386987">
        <ele>692.25</ele>
        <extensions>
          <gpxtpx:TrackPointExtension>
            <gpxtpx:Extensions>
              <highway>tertiary</highway>
              <surface>asphalt</surface>
              <estimated_traffic_class>5</estimated_traffic_class>
            </gpxtpx:Extensions>
          </gpxtpx:TrackPointExtension>
        </extensions>
      </trkpt>
      <trkpt lat="47.275941" lon="11.386921">
        <ele>694.25</ele>
        <extensions>
          <gpxtpx:TrackPointExtension>
            <gpxtpx:Extensions>
              <highway>tertiary</highway>
              <surface>asphalt</surface>
              <estimated_traffic_class>5</estimated_traffic_class>
            </gpxtpx:Extensions>
          </gpxtpx:TrackPointExtension>
        </extensions>
      </trkpt>
      <trkpt lat="47.276127" lon="11.386547">
        <ele>703.75</ele>
        <extensions>
          <gpxtpx:TrackPointExtension>
            <gpxtpx:Extensions>
              <highway>tertiary</highway>
              <surface>asphalt</surface>
              <estimated_traffic_class>5</estimated_traffic_class>
            </gpxtpx:Extensions>
          </gpxtpx:TrackPointExtension>
        </extensions>
      </trkpt>
      <trkpt lat="47.276206" lon="11.386426">
        <ele>707</ele>
        <extensions>
          <gpxtpx:TrackPointExtension>
            <gpxtpx:Extensions>
              <highway>tertiary</highway>
              <surface>asphalt</surface>
              <estimated_traffic_class>5</estimated_traffic_class>
            </gpxtpx:Extensions>
          </gpxtpx:TrackPointExtension>
        </extensions>
      </trkpt>
      <trkpt lat="47.276241" lon="11.386388">
        <ele>708</ele>
        <extensions>
          <gpxtpx:TrackPointExtension>
            <gpxtpx:Extensions>
              <highway>tertiary</highway>
              <surface>asphalt</surface>
              <estimated_traffic_class>5</estimated_traffic_class>
            </gpxtpx:Extensions>
          </gpxtpx:TrackPointExtension>
        </extensions>
      </trkpt>
      <trkpt lat="47.276292" lon="11.386359">
        <ele>708.75</ele>
        <extensions>
          <gpxtpx:TrackPointExtension>
            <gpxtpx:Extensions>
              <highway>tertiary</highway>
              <surface>asphalt</surface>
              <estimated_traffic_class>5</estimated_traffic_class>
            </gpxtpx:Extensions>
          </gpxtpx:TrackPointExtension>
        </extensions>
      </trkpt>
      <trkpt lat="47.276347" lon="11.386352">
        <ele>709.25</ele>
        <extensions>
          <gpxtpx:TrackPointExtension>
            <gpxtpx:Extensions>
              <highway>tertiary</highway>
              <surface>asphalt</surface>
              <estimated_traffic_class>5</estimated_traffic_class>
            </gpxtpx:Extensions>
          </gpxtpx:TrackPointExtension>
        </extensions>
      </trkpt>
      <trkpt lat="47.276408" lon="11.386357">
        <ele>709.25</ele>
        <extensions>
          <gpxtpx:TrackPointExtension>
            <gpxtpx:Extensions>
              <highway>tertiary</highway>
              <surface>asphalt</surface>
              <estimated_traffic_class>5</estimated_traffic_class>
            </gpxtpx:Extensions>
          </gpxtpx:TrackPointExtension>
        </extensions>
      </trkpt>
      <trkpt lat="47.276483" lon="11.386387">
        <ele>708.75</ele>
        <extensions>
          <gpxtpx:TrackPointExtension>
            <gpxtpx:Extensions>
              <highway>tertiary</highway>
              <surface>asphalt</surface>
              <estimated_traffic_class>5</estimated_traffic_class>
            </gpxtpx:Extensions>
          </gpxtpx:TrackPointExtension>
        </extensions>
      </trkpt>
      <trkpt lat="47.276548" lon="11.386444">
        <ele>707.75</ele>
        <extensions>
          <gpxtpx:TrackPointExtension>
            <gpxtpx:Extensions>
              <highway>tertiary</highway>
              <surface>asphalt</surface>
              <estimated_traffic_class>5</estimated_traffic_class>
            </gpxtpx:Extensions>
          </gpxtpx:TrackPointExtension>
        </extensions>
      </trkpt>
      <trkpt lat="47.276569" lon="11.386477">
        <ele>706.5</ele>
        <extensions>
          <gpxtpx:TrackPointExtension>
            <gpxtpx:Extensions>
              <highway>tertiary</highway>
              <surface>asphalt</surface>
              <estimated_traffic_class>5</estimated_traffic_class>
            </gpxtpx:Extensions>
          </gpxtpx:TrackPointExtension>
        </extensions>
      </trkpt>
      <trkpt lat="47.276595" lon="11.386518">
        <ele>706.5</ele>
        <extensions>
          <gpxtpx:TrackPointExtension>
            <gpxtpx:Extensions>
              <highway>tertiary</highway>
              <surface>asphalt</surface>
              <estimated_traffic_class>5</estimated_traffic_class>
            </gpxtpx:Extensions>
          </gpxtpx:TrackPointExtension>
        </extensions>
      </trkpt>
      <trkpt lat="47.276626" lon="11.38661">
        <ele>704.75</ele>
        <extensions>
          <gpxtpx:TrackPointExtension>
            <gpxtpx:Extensions>
              <highway>tertiary</highway>
              <surface>asphalt</surface>
              <estimated_traffic_class>5</estimated_traffic_class>
            </gpxtpx:Extensions>
          </gpxtpx:TrackPointExtension>
        </extensions>
      </trkpt>
      <trkpt lat="47.27665" lon="11.38676">
        <ele>703</ele>
        <extensions>
          <gpxtpx:TrackPointExtension>
            <gpxtpx:Extensions>
              <highway>tertiary</highway>
              <surface>asphalt</surface>
              <estimated_traffic_class>5</estimated_traffic_class>
            </gpxtpx:Extensions>
          </gpxtpx:TrackPointExtension>
        </extensions>
      </trkpt>
      <trkpt lat="47.276673" lon="11.387148">
        <ele>700.5</ele>
        <extensions>
          <gpxtpx:TrackPointExtension>
            <gpxtpx:Extensions>
              <highway>tertiary</highway>
              <surface>asphalt</surface>
              <estimated_traffic_class>5</estimated_traffic_class>
            </gpxtpx:Extensions>
          </gpxtpx:TrackPointExtension>
        </extensions>
      </trkpt>
      <trkpt lat="47.27669" lon="11.387276">
        <ele>700.25</ele>
        <extensions>
          <gpxtpx:TrackPointExtension>
            <gpxtpx:Extensions>
              <highway>tertiary</highway>
              <surface>asphalt</surface>
              <estimated_traffic_class>5</estimated_traffic_class>
            </gpxtpx:Extensions>
          </gpxtpx:TrackPointExtension>
        </extensions>
      </trkpt>
      <trkpt lat="47.276723" lon="11.387401">
        <ele>700.5</ele>
        <extensions>
          <gpxtpx:TrackPointExtension>
            <gpxtpx:Extensions>
              <highway>tertiary</highway>
              <surface>asphalt</surface>
              <estimated_traffic_class>5</estimated_traffic_class>
            </gpxtpx:Extensions>
          </gpxtpx:TrackPointExtension>
        </extensions>
      </trkpt>
      <trkpt lat="47.276797" lon="11.387567">
        <ele>701.25</ele>
        <extensions>
          <gpxtpx:TrackPointExtension>
            <gpxtpx:Extensions>
              <highway>tertiary</highway>
              <surface>asphalt</surface>
              <estimated_traffic_class>5</estimated_traffic_class>
            </gpxtpx:Extensions>
          </gpxtpx:TrackPointExtension>
        </extensions>
      </trkpt>
      <trkpt lat="47.276867" lon="11.387677">
        <ele>702</ele>
        <extensions>
          <gpxtpx:TrackPointExtension>
            <gpxtpx:Extensions>
              <highway>tertiary</highway>
              <surface>asphalt</surface>
              <estimated_traffic_class>5</estimated_traffic_class>
            </gpxtpx:Extensions>
          </gpxtpx:TrackPointExtension>
        </extensions>
      </trkpt>
      <trkpt lat="47.27691" lon="11.387731">
        <ele>702.5</ele>
        <extensions>
          <gpxtpx:TrackPointExtension>
            <gpxtpx:Extensions>
              <highway>tertiary</highway>
              <surface>asphalt</surface>
              <estimated_traffic_class>5</estimated_traffic_class>
            </gpxtpx:Extensions>
          </gpxtpx:TrackPointExtension>
        </extensions>
      </trkpt>
      <trkpt lat="47.277031" lon="11.38786">
        <ele>703.75</ele>
        <extensions>
          <gpxtpx:TrackPointExtension>
            <gpxtpx:Extensions>
              <highway>tertiary</highway>
              <surface>asphalt</surface>
              <estimated_traffic_class>5</estimated_traffic_class>
            </gpxtpx:Extensions>
          </gpxtpx:TrackPointExtension>
        </extensions>
      </trkpt>
      <trkpt lat="47.277142" lon="11.38796">
        <ele>704.75</ele>
        <extensions>
          <gpxtpx:TrackPointExtension>
            <gpxtpx:Extensions>
              <highway>tertiary</highway>
              <surface>asphalt</surface>
              <estimated_traffic_class>5</estimated_traffic_class>
            </gpxtpx:Extensions>
          </gpxtpx:TrackPointExtension>
        </extensions>
      </trkpt>
      <trkpt lat="47.277233" lon="11.388028">
        <ele>705.5</ele>
        <extensions>
          <gpxtpx:TrackPointExtension>
            <gpxtpx:Extensions>
              <highway>tertiary</highway>
              <surface>asphalt</surface>
              <estimated_traffic_class>5</estimated_traffic_class>
            </gpxtpx:Extensions>
          </gpxtpx:TrackPointExtension>
        </extensions>
      </trkpt>
      <trkpt lat="47.277325" lon="11.388081">
        <ele>706.5</ele>
        <extensions>
          <gpxtpx:TrackPointExtension>
            <gpxtpx:Extensions>
              <highway>tertiary</highway>
              <surface>asphalt</surface>
              <estimated_traffic_class>5</estimated_traffic_class>
            </gpxtpx:Extensions>
          </gpxtpx:TrackPointExtension>
        </extensions>
      </trkpt>
      <trkpt lat="47.277427" lon="11.388126">
        <ele>707.75</ele>
        <extensions>
          <gpxtpx:TrackPointExtension>
            <gpxtpx:Extensions>
              <highway>tertiary</highway>
              <surface>asphalt</surface>
              <estimated_traffic_class>5</estimated_traffic_class>
            </gpxtpx:Extensions>
          </gpxtpx:TrackPointExtension>
        </extensions>
      </trkpt>
      <trkpt lat="47.277527" lon="11.388158">
        <ele>708.5</ele>
      </trkpt>
      <trkpt lat="47.277527" lon="11.388158">
        <ele>708.5</ele>
        <extensions>
          <gpxtpx:TrackPointExtension>
            <gpxtpx:Extensions>
              <highway>tertiary</highway>
              <surface>asphalt</surface>
              <estimated_traffic_class>5</estimated_traffic_class>
            </gpxtpx:Extensions>
          </gpxtpx:TrackPointExtension>
        </extensions>
      </trkpt>
      <trkpt lat="47.277661" lon="11.388186">
        <ele>708</ele>
        <extensions>
          <gpxtpx:TrackPointExtension>
            <gpxtpx:Extensions>
              <highway>tertiary</highway>
              <surface>asphalt</surface>
              <estimated_traffic_class>5</estimated_traffic_class>
            </gpxtpx:Extensions>
          </gpxtpx:TrackPointExtension>
        </extensions>
      </trkpt>
      <trkpt lat="47.277828" lon="11.388182">
        <ele>708.25</ele>
        <extensions>
          <gpxtpx:TrackPointExtension>
            <gpxtpx:Extensions>
              <highway>tertiary</highway>
              <surface>asphalt</surface>
              <estimated_traffic_class>5</estimated_traffic_class>
            </gpxtpx:Extensions>
          </gpxtpx:TrackPointExtension>
        </extensions>
      </trkpt>
      <trkpt lat="47.277931" lon="11.388164">
        <ele>709</ele>
        <extensions>
          <gpxtpx:TrackPointExtension>
            <gpxtpx:Extensions>
              <highway>tertiary</highway>
              <surface>asphalt</surface>
              <estimated_traffic_class>5</estimated_traffic_class>
            </gpxtpx:Extensions>
          </gpxtpx:TrackPointExtension>
        </extensions>
      </trkpt>
      <trkpt lat="47.27806" lon="11.388122">
        <ele>710.75</ele>
        <extensions>
          <gpxtpx:TrackPointExtension>
            <gpxtpx:Extensions>
              <highway>tertiary</highway>
              <surface>asphalt</surface>
              <estimated_traffic_class>5</estimated_traffic_class>
            </gpxtpx:Extensions>
          </gpxtpx:TrackPointExtension>
        </extensions>
      </trkpt>
      <trkpt lat="47.27812" lon="11.388089">
        <ele>712</ele>
        <extensions>
          <gpxtpx:TrackPointExtension>
            <gpxtpx:Extensions>
              <highway>tertiary</highway>
              <surface>asphalt</surface>
              <estimated_traffic_class>5</estimated_traffic_class>
            </gpxtpx:Extensions>
          </gpxtpx:TrackPointExtension>
        </extensions>
      </trkpt>
      <trkpt lat="47.278324" lon="11.387938">
        <ele>718.5</ele>
        <extensions>
          <gpxtpx:TrackPointExtension>
            <gpxtpx:Extensions>
              <highway>tertiary</highway>
              <surface>asphalt</surface>
              <estimated_traffic_class>5</estimated_traffic_class>
            </gpxtpx:Extensions>
          </gpxtpx:TrackPointExtension>
        </extensions>
      </trkpt>
      <trkpt lat="47.278581" lon="11.387727">
        <ele>729.25</ele>
        <extensions>
          <gpxtpx:TrackPointExtension>
            <gpxtpx:Extensions>
              <highway>tertiary</highway>
              <surface>asphalt</surface>
              <estimated_traffic_class>5</estimated_traffic_class>
            </gpxtpx:Extensions>
          </gpxtpx:TrackPointExtension>
        </extensions>
      </trkpt>
      <trkpt lat="47.278668" lon="11.387677">
        <ele>731.75</ele>
        <extensions>
          <gpxtpx:TrackPointExtension>
            <gpxtpx:Extensions>
              <highway>tertiary</highway>
              <surface>asphalt</surface>
              <estimated_traffic_class>5</estimated_traffic_class>
            </gpxtpx:Extensions>
          </gpxtpx:TrackPointExtension>
        </extensions>
      </trkpt>
      <trkpt lat="47.278752" lon="11.387644">
        <ele>733.25</ele>
        <extensions>
          <gpxtpx:TrackPointExtension>
            <gpxtpx:Extensions>
              <highway>tertiary</highway>
              <surface>asphalt</surface>
              <estimated_traffic_class>5</estimated_traffic_class>
            </gpxtpx:Extensions>
          </gpxtpx:TrackPointExtension>
        </extensions>
      </trkpt>
      <trkpt lat="47.278888" lon="11.387618">
        <ele>735</ele>
        <extensions>
          <gpxtpx:TrackPointExtension>
            <gpxtpx:Extensions>
              <highway>tertiary</highway>
              <surface>asphalt</surface>
              <estimated_traffic_class>5</estimated_traffic_class>
            </gpxtpx:Extensions>
          </gpxtpx:TrackPointExtension>
        </extensions>
      </trkpt>
      <trkpt lat="47.278995" lon="11.387617">
        <ele>735.75</ele>
        <extensions>
          <gpxtpx:TrackPointExtension>
            <gpxtpx:Extensions>
              <highway>tertiary</highway>
              <surface>asphalt</surface>
              <estimated_traffic_class>5</estimated_traffic_class>
            </gpxtpx:Extensions>
          </gpxtpx:TrackPointExtension>
        </extensions>
      </trkpt>
      <trkpt lat="47.279081" lon="11.38764">
        <ele>736</ele>
        <extensions>
          <gpxtpx:TrackPointExtension>
            <gpxtpx:Extensions>
              <highway>tertiary</highway>
              <surface>asphalt</surface>
              <estimated_traffic_class>5</estimated_traffic_class>
            </gpxtpx:Extensions>
          </gpxtpx:TrackPointExtension>
        </extensions>
      </trkpt>
      <trkpt lat="47.279128" lon="11.387663">
        <ele>735.75</ele>
        <extensions>
          <gpxtpx:TrackPointExtension>
            <gpxtpx:Extensions>
              <highway>tertiary</highway>
              <surface>asphalt</surface>
              <estimated_traffic_class>5</estimated_traffic_class>
            </gpxtpx:Extensions>
          </gpxtpx:TrackPointExtension>
        </extensions>
      </trkpt>
      <trkpt lat="47.279256" lon="11.387744">
        <ele>738</ele>
        <extensions>
          <gpxtpx:TrackPointExtension>
            <gpxtpx:Extensions>
              <highway>tertiary</highway>
              <surface>asphalt</surface>
              <estimated_traffic_class>5</estimated_traffic_class>
            </gpxtpx:Extensions>
          </gpxtpx:TrackPointExtension>
        </extensions>
      </trkpt>
      <trkpt lat="47.279427" lon="11.387916">
        <ele>741</ele>
        <extensions>
          <gpxtpx:TrackPointExtension>
            <gpxtpx:Extensions>
              <highway>tertiary</highway>
              <surface>asphalt</surface>
              <estimated_traffic_class>5</estimated_traffic_class>
            </gpxtpx:Extensions>
          </gpxtpx:TrackPointExtension>
        </extensions>
      </trkpt>
      <trkpt lat="47.279584" lon="11.388108">
        <ele>743</ele>
        <extensions>
          <gpxtpx:TrackPointExtension>
            <gpxtpx:Extensions>
              <highway>tertiary</highway>
              <surface>asphalt</surface>
              <estimated_traffic_class>5</estimated_traffic_class>
            </gpxtpx:Extensions>
          </gpxtpx:TrackPointExtension>
        </extensions>
      </trkpt>
      <trkpt lat="47.279757" lon="11.388363">
        <ele>744.5</ele>
        <extensions>
          <gpxtpx:TrackPointExtension>
            <gpxtpx:Extensions>
              <highway>tertiary</highway>
              <surface>asphalt</surface>
              <estimated_traffic_class>5</estimated_traffic_class>
            </gpxtpx:Extensions>
          </gpxtpx:TrackPointExtension>
        </extensions>
      </trkpt>
      <trkpt lat="47.279821" lon="11.388468">
        <ele>745.5</ele>
        <extensions>
          <gpxtpx:TrackPointExtension>
            <gpxtpx:Extensions>
              <highway>tertiary</highway>
              <surface>asphalt</surface>
              <estimated_traffic_class>5</estimated_traffic_class>
            </gpxtpx:Extensions>
          </gpxtpx:TrackPointExtension>
        </extensions>
      </trkpt>
      <trkpt lat="47.279907" lon="11.388625">
        <ele>746.75</ele>
        <extensions>
          <gpxtpx:TrackPointExtension>
            <gpxtpx:Extensions>
              <highway>tertiary</highway>
              <surface>asphalt</surface>
              <estimated_traffic_class>5</estimated_traffic_class>
            </gpxtpx:Extensions>
          </gpxtpx:TrackPointExtension>
        </extensions>
      </trkpt>
      <trkpt lat="47.279952" lon="11.388722">
        <ele>747.25</ele>
        <extensions>
          <gpxtpx:TrackPointExtension>
            <gpxtpx:Extensions>
              <highway>tertiary</highway>
              <surface>asphalt</surface>
              <estimated_traffic_class>5</estimated_traffic_class>
            </gpxtpx:Extensions>
          </gpxtpx:TrackPointExtension>
        </extensions>
      </trkpt>
      <trkpt lat="47.280058" lon="11.388987">
        <ele>748</ele>
        <extensions>
          <gpxtpx:TrackPointExtension>
            <gpxtpx:Extensions>
              <highway>tertiary</highway>
              <surface>asphalt</surface>
              <estimated_traffic_class>5</estimated_traffic_class>
            </gpxtpx:Extensions>
          </gpxtpx:TrackPointExtension>
        </extensions>
      </trkpt>
      <trkpt lat="47.280135" lon="11.389212">
        <ele>748.75</ele>
        <extensions>
          <gpxtpx:TrackPointExtension>
            <gpxtpx:Extensions>
              <highway>tertiary</highway>
              <surface>asphalt</surface>
              <estimated_traffic_class>5</estimated_traffic_class>
            </gpxtpx:Extensions>
          </gpxtpx:TrackPointExtension>
        </extensions>
      </trkpt>
      <trkpt lat="47.280223" lon="11.389527">
        <ele>751</ele>
        <extensions>
          <gpxtpx:TrackPointExtension>
            <gpxtpx:Extensions>
              <highway>tertiary</highway>
              <surface>asphalt</surface>
              <estimated_traffic_class>5</estimated_traffic_class>
            </gpxtpx:Extensions>
          </gpxtpx:TrackPointExtension>
        </extensions>
      </trkpt>
      <trkpt lat="47.280256" lon="11.389679">
        <ele>752</ele>
        <extensions>
          <gpxtpx:TrackPointExtension>
            <gpxtpx:Extensions>
              <highway>tertiary</highway>
              <surface>asphalt</surface>
              <estimated_traffic_class>5</estimated_traffic_class>
            </gpxtpx:Extensions>
          </gpxtpx:TrackPointExtension>
        </extensions>
      </trkpt>
      <trkpt lat="47.280271" lon="11.389822">
        <ele>752.25</ele>
        <extensions>
          <gpxtpx:TrackPointExtension>
            <gpxtpx:Extensions>
              <highway>tertiary</highway>
              <surface>asphalt</surface>
              <estimated_traffic_class>5</estimated_traffic_class>
            </gpxtpx:Extensions>
          </gpxtpx:TrackPointExtension>
        </extensions>
      </trkpt>
      <trkpt lat="47.280275" lon="11.390011">
        <ele>752</ele>
        <extensions>
          <gpxtpx:TrackPointExtension>
            <gpxtpx:Extensions>
              <highway>tertiary</highway>
              <surface>asphalt</surface>
              <estimated_traffic_class>5</estimated_traffic_class>
            </gpxtpx:Extensions>
          </gpxtpx:TrackPointExtension>
        </extensions>
      </trkpt>
      <trkpt lat="47.280267" lon="11.390097">
        <ele>752.25</ele>
        <extensions>
          <gpxtpx:TrackPointExtension>
            <gpxtpx:Extensions>
              <highway>tertiary</highway>
              <surface>asphalt</surface>
              <estimated_traffic_class>5</estimated_traffic_class>
            </gpxtpx:Extensions>
          </gpxtpx:TrackPointExtension>
        </extensions>
      </trkpt>
      <trkpt lat="47.280242" lon="11.390261">
        <ele>751.75</ele>
        <extensions>
          <gpxtpx:TrackPointExtension>
            <gpxtpx:Extensions>
              <highway>tertiary</highway>
              <surface>asphalt</surface>
              <estimated_traffic_class>5</estimated_traffic_class>
            </gpxtpx:Extensions>
          </gpxtpx:TrackPointExtension>
        </extensions>
      </trkpt>
      <trkpt lat="47.280219" lon="11.390354">
        <ele>751.25</ele>
        <extensions>
          <gpxtpx:TrackPointExtension>
            <gpxtpx:Extensions>
              <highway>tertiary</highway>
              <surface>asphalt</surface>
              <estimated_traffic_class>5</estimated_traffic_class>
            </gpxtpx:Extensions>
          </gpxtpx:TrackPointExtension>
        </extensions>
      </trkpt>
      <trkpt lat="47.280192" lon="11.39044">
        <ele>750.25</ele>
        <extensions>
          <gpxtpx:TrackPointExtension>
            <gpxtpx:Extensions>
              <highway>tertiary</highway>
              <surface>asphalt</surface>
              <estimated_traffic_class>5</estimated_traffic_class>
            </gpxtpx:Extensions>
          </gpxtpx:TrackPointExtension>
        </extensions>
      </trkpt>
      <trkpt lat="47.28006" lon="11.390777">
        <ele>746.25</ele>
        <extensions>
          <gpxtpx:TrackPointExtension>
            <gpxtpx:Extensions>
              <highway>tertiary</highway>
              <surface>asphalt</surface>
              <estimated_traffic_class>5</estimated_traffic_class>
            </gpxtpx:Extensions>
          </gpxtpx:TrackPointExtension>
        </extensions>
      </trkpt>
      <trkpt lat="47.28002" lon="11.390888">
        <ele>745</ele>
        <extensions>
          <gpxtpx:TrackPointExtension>
            <gpxtpx:Extensions>
              <highway>tertiary</highway>
              <surface>asphalt</surface>
              <estimated_traffic_class>5</estimated_traffic_class>
            </gpxtpx:Extensions>
          </gpxtpx:TrackPointExtension>
        </extensions>
      </trkpt>
      <trkpt lat="47.279981" lon="11.391018">
        <ele>744.25</ele>
        <extensions>
          <gpxtpx:TrackPointExtension>
            <gpxtpx:Extensions>
              <highway>tertiary</highway>
              <surface>asphalt</surface>
              <estimated_traffic_class>5</estimated_traffic_class>
            </gpxtpx:Extensions>
          </gpxtpx:TrackPointExtension>
        </extensions>
      </trkpt>
      <trkpt lat="47.279961" lon="11.391109">
        <ele>744</ele>
        <extensions>
          <gpxtpx:TrackPointExtension>
            <gpxtpx:Extensions>
              <highway>tertiary</highway>
              <surface>asphalt</surface>
              <estimated_traffic_class>5</estimated_traffic_class>
            </gpxtpx:Extensions>
          </gpxtpx:TrackPointExtension>
        </extensions>
      </trkpt>
      <trkpt lat="47.279939" lon="11.391229">
        <ele>744</ele>
        <extensions>
          <gpxtpx:TrackPointExtension>
            <gpxtpx:Extensions>
              <highway>tertiary</highway>
              <surface>asphalt</surface>
              <estimated_traffic_class>5</estimated_traffic_class>
            </gpxtpx:Extensions>
          </gpxtpx:TrackPointExtension>
        </extensions>
      </trkpt>
      <trkpt lat="47.279922" lon="11.391378">
        <ele>744.25</ele>
        <extensions>
          <gpxtpx:TrackPointExtension>
            <gpxtpx:Extensions>
              <highway>tertiary</highway>
              <surface>asphalt</surface>
              <estimated_traffic_class>5</estimated_traffic_class>
            </gpxtpx:Extensions>
          </gpxtpx:TrackPointExtension>
        </extensions>
      </trkpt>
      <trkpt lat="47.27991" lon="11.391552">
        <ele>744.75</ele>
        <extensions>
          <gpxtpx:TrackPointExtension>
            <gpxtpx:Extensions>
              <highway>tertiary</highway>
              <surface>asphalt</surface>
              <estimated_traffic_class>5</estimated_traffic_class>
            </gpxtpx:Extensions>
          </gpxtpx:TrackPointExtension>
        </extensions>
      </trkpt>
      <trkpt lat="47.279908" lon="11.391731">
        <ele>745.25</ele>
        <extensions>
          <gpxtpx:TrackPointExtension>
            <gpxtpx:Extensions>
              <highway>tertiary</highway>
              <surface>asphalt</surface>
              <estimated_traffic_class>5</estimated_traffic_class>
            </gpxtpx:Extensions>
          </gpxtpx:TrackPointExtension>
        </extensions>
      </trkpt>
      <trkpt lat="47.279926" lon="11.391873">
        <ele>745.25</ele>
        <extensions>
          <gpxtpx:TrackPointExtension>
            <gpxtpx:Extensions>
              <highway>tertiary</highway>
              <surface>asphalt</surface>
              <estimated_traffic_class>5</estimated_traffic_class>
            </gpxtpx:Extensions>
          </gpxtpx:TrackPointExtension>
        </extensions>
      </trkpt>
      <trkpt lat="47.279943" lon="11.391942">
        <ele>745.5</ele>
        <extensions>
          <gpxtpx:TrackPointExtension>
            <gpxtpx:Extensions>
              <highway>tertiary</highway>
              <surface>asphalt</surface>
              <estimated_traffic_class>5</estimated_traffic_class>
            </gpxtpx:Extensions>
          </gpxtpx:TrackPointExtension>
        </extensions>
      </trkpt>
      <trkpt lat="47.280006" lon="11.392114">
        <ele>747</ele>
        <extensions>
          <gpxtpx:TrackPointExtension>
            <gpxtpx:Extensions>
              <highway>tertiary</highway>
              <surface>asphalt</surface>
              <estimated_traffic_class>5</estimated_traffic_class>
            </gpxtpx:Extensions>
          </gpxtpx:TrackPointExtension>
        </extensions>
      </trkpt>
      <trkpt lat="47.280064" lon="11.392207">
        <ele>748.5</ele>
        <extensions>
          <gpxtpx:TrackPointExtension>
            <gpxtpx:Extensions>
              <highway>tertiary</highway>
              <surface>asphalt</surface>
              <estimated_traffic_class>5</estimated_traffic_class>
            </gpxtpx:Extensions>
          </gpxtpx:TrackPointExtension>
        </extensions>
      </trkpt>
      <trkpt lat="47.280102" lon="11.392246">
        <ele>749.75</ele>
        <extensions>
          <gpxtpx:TrackPointExtension>
            <gpxtpx:Extensions>
              <highway>tertiary</highway>
              <surface>asphalt</surface>
              <estimated_traffic_class>5</estimated_traffic_class>
            </gpxtpx:Extensions>
          </gpxtpx:TrackPointExtension>
        </extensions>
      </trkpt>
      <trkpt lat="47.280205" lon="11.392322">
        <ele>752.5</ele>
        <extensions>
          <gpxtpx:TrackPointExtension>
            <gpxtpx:Extensions>
              <highway>tertiary</highway>
              <surface>asphalt</surface>
              <estimated_traffic_class>5</estimated_traffic_class>
            </gpxtpx:Extensions>
          </gpxtpx:TrackPointExtension>
        </extensions>
      </trkpt>
      <trkpt lat="47.280253" lon="11.392348">
        <ele>753.75</ele>
        <extensions>
          <gpxtpx:TrackPointExtension>
            <gpxtpx:Extensions>
              <highway>tertiary</highway>
              <surface>asphalt</surface>
              <estimated_traffic_class>5</estimated_traffic_class>
            </gpxtpx:Extensions>
          </gpxtpx:TrackPointExtension>
        </extensions>
      </trkpt>
      <trkpt lat="47.280626" lon="11.392488">
        <ele>764</ele>
        <extensions>
          <gpxtpx:TrackPointExtension>
            <gpxtpx:Extensions>
              <highway>tertiary</highway>
              <surface>asphalt</surface>
              <estimated_traffic_class>5</estimated_traffic_class>
            </gpxtpx:Extensions>
          </gpxtpx:TrackPointExtension>
        </extensions>
      </trkpt>
      <trkpt lat="47.28076" lon="11.392537">
        <ele>767</ele>
        <extensions>
          <gpxtpx:TrackPointExtension>
            <gpxtpx:Extensions>
              <highway>tertiary</highway>
              <surface>asphalt</surface>
              <estimated_traffic_class>5</estimated_traffic_class>
            </gpxtpx:Extensions>
          </gpxtpx:TrackPointExtension>
        </extensions>
      </trkpt>
      <trkpt lat="47.28083" lon="11.392574">
        <ele>768.25</ele>
        <extensions>
          <gpxtpx:TrackPointExtension>
            <gpxtpx:Extensions>
              <highway>tertiary</highway>
              <surface>asphalt</surface>
              <estimated_traffic_class>5</estimated_traffic_class>
            </gpxtpx:Extensions>
          </gpxtpx:TrackPointExtension>
        </extensions>
      </trkpt>
      <trkpt lat="47.280944" lon="11.392675">
        <ele>770.25</ele>
        <extensions>
          <gpxtpx:TrackPointExtension>
            <gpxtpx:Extensions>
              <highway>tertiary</highway>
              <surface>asphalt</surface>
              <estimated_traffic_class>5</estimated_traffic_class>
            </gpxtpx:Extensions>
          </gpxtpx:TrackPointExtension>
        </extensions>
      </trkpt>
      <trkpt lat="47.280998" lon="11.392746">
        <ele>770.75</ele>
        <extensions>
          <gpxtpx:TrackPointExtension>
            <gpxtpx:Extensions>
              <highway>tertiary</highway>
              <surface>asphalt</surface>
              <estimated_traffic_class>5</estimated_traffic_class>
            </gpxtpx:Extensions>
          </gpxtpx:TrackPointExtension>
        </extensions>
      </trkpt>
      <trkpt lat="47.28122" lon="11.393077">
        <ele>771</ele>
        <extensions>
          <gpxtpx:TrackPointExtension>
            <gpxtpx:Extensions>
              <highway>tertiary</highway>
              <surface>asphalt</surface>
              <estimated_traffic_class>5</estimated_traffic_class>
            </gpxtpx:Extensions>
          </gpxtpx:TrackPointExtension>
        </extensions>
      </trkpt>
      <trkpt lat="47.281265" lon="11.393124">
        <ele>771.5</ele>
        <extensions>
          <gpxtpx:TrackPointExtension>
            <gpxtpx:Extensions>
              <highway>tertiary</highway>
              <surface>asphalt</surface>
              <estimated_traffic_class>5</estimated_traffic_class>
            </gpxtpx:Extensions>
          </gpxtpx:TrackPointExtension>
        </extensions>
      </trkpt>
      <trkpt lat="47.281324" lon="11.393182">
        <ele>772</ele>
        <extensions>
          <gpxtpx:TrackPointExtension>
            <gpxtpx:Extensions>
              <highway>tertiary</highway>
              <surface>asphalt</surface>
              <estimated_traffic_class>5</estimated_traffic_class>
            </gpxtpx:Extensions>
          </gpxtpx:TrackPointExtension>
        </extensions>
      </trkpt>
      <trkpt lat="47.281433" lon="11.393267">
        <ele>773.5</ele>
        <extensions>
          <gpxtpx:TrackPointExtension>
            <gpxtpx:Extensions>
              <highway>tertiary</highway>
              <surface>asphalt</surface>
              <estimated_traffic_class>4</estimated_traffic_class>
            </gpxtpx:Extensions>
          </gpxtpx:TrackPointExtension>
        </extensions>
      </trkpt>
      <trkpt lat="47.281605" lon="11.393352">
        <ele>776.75</ele>
        <extensions>
          <gpxtpx:TrackPointExtension>
            <gpxtpx:Extensions>
              <highway>tertiary</highway>
              <surface>asphalt</surface>
              <estimated_traffic_class>4</estimated_traffic_class>
            </gpxtpx:Extensions>
          </gpxtpx:TrackPointExtension>
        </extensions>
      </trkpt>
      <trkpt lat="47.281659" lon="11.393367">
        <ele>778.25</ele>
        <extensions>
          <gpxtpx:TrackPointExtension>
            <gpxtpx:Extensions>
              <highway>tertiary</highway>
              <surface>asphalt</surface>
              <estimated_traffic_class>4</estimated_traffic_class>
            </gpxtpx:Extensions>
          </gpxtpx:TrackPointExtension>
        </extensions>
      </trkpt>
      <trkpt lat="47.281678" lon="11.393366">
        <ele>782.5</ele>
        <extensions>
          <gpxtpx:TrackPointExtension>
            <gpxtpx:Extensions>
              <highway>tertiary</highway>
              <surface>asphalt</surface>
              <estimated_traffic_class>4</estimated_traffic_class>
            </gpxtpx:Extensions>
          </gpxtpx:TrackPointExtension>
        </extensions>
      </trkpt>
      <trkpt lat="47.281678" lon="11.393366">
        <ele>778.75</ele>
        <extensions>
          <gpxtpx:TrackPointExtension>
            <gpxtpx:Extensions>
              <highway>tertiary</highway>
              <surface>asphalt</surface>
              <estimated_traffic_class>4</estimated_traffic_class>
            </gpxtpx:Extensions>
          </gpxtpx:TrackPointExtension>
        </extensions>
      </trkpt>
      <trkpt lat="47.281778" lon="11.393366">
        <ele>782.5</ele>
        <extensions>
          <gpxtpx:TrackPointExtension>
            <gpxtpx:Extensions>
              <highway>tertiary</highway>
              <surface>asphalt</surface>
              <estimated_traffic_class>4</estimated_traffic_class>
            </gpxtpx:Extensions>
          </gpxtpx:TrackPointExtension>
        </extensions>
      </trkpt>
      <trkpt lat="47.281872" lon="11.393323">
        <ele>786.5</ele>
        <extensions>
          <gpxtpx:TrackPointExtension>
            <gpxtpx:Extensions>
              <highway>tertiary</highway>
              <surface>asphalt</surface>
              <estimated_traffic_class>4</estimated_traffic_class>
            </gpxtpx:Extensions>
          </gpxtpx:TrackPointExtension>
        </extensions>
      </trkpt>
      <trkpt lat="47.281932" lon="11.393263">
        <ele>789.75</ele>
        <extensions>
          <gpxtpx:TrackPointExtension>
            <gpxtpx:Extensions>
              <highway>tertiary</highway>
              <surface>asphalt</surface>
              <estimated_traffic_class>4</estimated_traffic_class>
            </gpxtpx:Extensions>
          </gpxtpx:TrackPointExtension>
        </extensions>
      </trkpt>
      <trkpt lat="47.281989" lon="11.393144">
        <ele>794.25</ele>
        <extensions>
          <gpxtpx:TrackPointExtension>
            <gpxtpx:Extensions>
              <highway>tertiary</highway>
              <surface>asphalt</surface>
              <estimated_traffic_class>4</estimated_traffic_class>
            </gpxtpx:Extensions>
          </gpxtpx:TrackPointExtension>
        </extensions>
      </trkpt>
      <trkpt lat="47.282013" lon="11.393062">
        <ele>796.5</ele>
        <extensions>
          <gpxtpx:TrackPointExtension>
            <gpxtpx:Extensions>
              <highway>tertiary</highway>
              <surface>asphalt</surface>
              <estimated_traffic_class>4</estimated_traffic_class>
            </gpxtpx:Extensions>
          </gpxtpx:TrackPointExtension>
        </extensions>
      </trkpt>
      <trkpt lat="47.282014" lon="11.392969">
        <ele>798.25</ele>
        <extensions>
          <gpxtpx:TrackPointExtension>
            <gpxtpx:Extensions>
              <highway>tertiary</highway>
              <surface>asphalt</surface>
              <estimated_traffic_class>4</estimated_traffic_class>
            </gpxtpx:Extensions>
          </gpxtpx:TrackPointExtension>
        </extensions>
      </trkpt>
      <trkpt lat="47.282007" lon="11.392885">
        <ele>799.75</ele>
        <extensions>
          <gpxtpx:TrackPointExtension>
            <gpxtpx:Extensions>
              <highway>tertiary</highway>
              <surface>asphalt</surface>
              <estimated_traffic_class>4</estimated_traffic_class>
            </gpxtpx:Extensions>
          </gpxtpx:TrackPointExtension>
        </extensions>
      </trkpt>
      <trkpt lat="47.281972" lon="11.392759">
        <ele>801.25</ele>
        <extensions>
          <gpxtpx:TrackPointExtension>
            <gpxtpx:Extensions>
              <highway>tertiary</highway>
              <surface>asphalt</surface>
              <estimated_traffic_class>4</estimated_traffic_class>
            </gpxtpx:Extensions>
          </gpxtpx:TrackPointExtension>
        </extensions>
      </trkpt>
      <trkpt lat="47.281925" lon="11.39267">
        <ele>802</ele>
        <extensions>
          <gpxtpx:TrackPointExtension>
            <gpxtpx:Extensions>
              <highway>tertiary</highway>
              <surface>asphalt</surface>
              <estimated_traffic_class>4</estimated_traffic_class>
            </gpxtpx:Extensions>
          </gpxtpx:TrackPointExtension>
        </extensions>
      </trkpt>
      <trkpt lat="47.281891" lon="11.39263">
        <ele>802</ele>
        <extensions>
          <gpxtpx:TrackPointExtension>
            <gpxtpx:Extensions>
              <highway>tertiary</highway>
              <surface>asphalt</surface>
              <estimated_traffic_class>4</estimated_traffic_class>
            </gpxtpx:Extensions>
          </gpxtpx:TrackPointExtension>
        </extensions>
      </trkpt>
      <trkpt lat="47.281854" lon="11.392602">
        <ele>801.75</ele>
        <extensions>
          <gpxtpx:TrackPointExtension>
            <gpxtpx:Extensions>
              <highway>tertiary</highway>
              <surface>asphalt</surface>
              <estimated_traffic_class>4</estimated_traffic_class>
            </gpxtpx:Extensions>
          </gpxtpx:TrackPointExtension>
        </extensions>
      </trkpt>
      <trkpt lat="47.281766" lon="11.392559">
        <ele>800.75</ele>
        <extensions>
          <gpxtpx:TrackPointExtension>
            <gpxtpx:Extensions>
              <highway>tertiary</highway>
              <surface>asphalt</surface>
              <estimated_traffic_class>4</estimated_traffic_class>
            </gpxtpx:Extensions>
          </gpxtpx:TrackPointExtension>
        </extensions>
      </trkpt>
      <trkpt lat="47.281725" lon="11.392555">
        <ele>799.75</ele>
        <extensions>
          <gpxtpx:TrackPointExtension>
            <gpxtpx:Extensions>
              <highway>tertiary</highway>
              <surface>asphalt</surface>
              <estimated_traffic_class>4</estimated_traffic_class>
            </gpxtpx:Extensions>
          </gpxtpx:TrackPointExtension>
        </extensions>
      </trkpt>
      <trkpt lat="47.281518" lon="11.392601">
        <ele>792</ele>
        <extensions>
          <gpxtpx:TrackPointExtension>
            <gpxtpx:Extensions>
              <highway>tertiary</highway>
              <surface>asphalt</surface>
              <estimated_traffic_class>4</estimated_traffic_class>
            </gpxtpx:Extensions>
          </gpxtpx:TrackPointExtension>
        </extensions>
      </trkpt>
      <trkpt lat="47.281433" lon="11.392615">
        <ele>788.75</ele>
        <extensions>
          <gpxtpx:TrackPointExtension>
            <gpxtpx:Extensions>
              <highway>tertiary</highway>
              <surface>asphalt</surface>
              <estimated_traffic_class>4</estimated_traffic_class>
            </gpxtpx:Extensions>
          </gpxtpx:TrackPointExtension>
        </extensions>
      </trkpt>
      <trkpt lat="47.281381" lon="11.392607">
        <ele>787</ele>
        <extensions>
          <gpxtpx:TrackPointExtension>
            <gpxtpx:Extensions>
              <highway>tertiary</highway>
              <surface>asphalt</surface>
              <estimated_traffic_class>4</estimated_traffic_class>
            </gpxtpx:Extensions>
          </gpxtpx:TrackPointExtension>
        </extensions>
      </trkpt>
      <trkpt lat="47.281333" lon="11.392579">
        <ele>786</ele>
        <extensions>
          <gpxtpx:TrackPointExtension>
            <gpxtpx:Extensions>
              <highway>tertiary</highway>
              <surface>asphalt</surface>
              <estimated_traffic_class>4</estimated_traffic_class>
            </gpxtpx:Extensions>
          </gpxtpx:TrackPointExtension>
        </extensions>
      </trkpt>
      <trkpt lat="47.281297" lon="11.392527">
        <ele>786</ele>
        <extensions>
          <gpxtpx:TrackPointExtension>
            <gpxtpx:Extensions>
              <highway>tertiary</highway>
              <surface>asphalt</surface>
              <estimated_traffic_class>4</estimated_traffic_class>
            </gpxtpx:Extensions>
          </gpxtpx:TrackPointExtension>
        </extensions>
      </trkpt>
      <trkpt lat="47.281268" lon="11.392464">
        <ele>785.75</ele>
        <extensions>
          <gpxtpx:TrackPointExtension>
            <gpxtpx:Extensions>
              <highway>tertiary</highway>
              <surface>asphalt</surface>
              <estimated_traffic_class>4</estimated_traffic_class>
            </gpxtpx:Extensions>
          </gpxtpx:TrackPointExtension>
        </extensions>
      </trkpt>
      <trkpt lat="47.281247" lon="11.392374">
        <ele>786</ele>
        <extensions>
          <gpxtpx:TrackPointExtension>
            <gpxtpx:Extensions>
              <highway>tertiary</highway>
              <surface>asphalt</surface>
              <estimated_traffic_class>4</estimated_traffic_class>
            </gpxtpx:Extensions>
          </gpxtpx:TrackPointExtension>
        </extensions>
      </trkpt>
      <trkpt lat="47.281215" lon="11.39209">
        <ele>787.5</ele>
        <extensions>
          <gpxtpx:TrackPointExtension>
            <gpxtpx:Extensions>
              <highway>tertiary</highway>
              <surface>asphalt</surface>
              <estimated_traffic_class>4</estimated_traffic_class>
            </gpxtpx:Extensions>
          </gpxtpx:TrackPointExtension>
        </extensions>
      </trkpt>
      <trkpt lat="47.281211" lon="11.391916">
        <ele>789</ele>
        <extensions>
          <gpxtpx:TrackPointExtension>
            <gpxtpx:Extensions>
              <highway>tertiary</highway>
              <surface>asphalt</surface>
              <estimated_traffic_class>4</estimated_traffic_class>
            </gpxtpx:Extensions>
          </gpxtpx:TrackPointExtension>
        </extensions>
      </trkpt>
      <trkpt lat="47.281218" lon="11.391741">
        <ele>791</ele>
        <extensions>
          <gpxtpx:TrackPointExtension>
            <gpxtpx:Extensions>
              <highway>tertiary</highway>
              <surface>asphalt</surface>
              <estimated_traffic_class>4</estimated_traffic_class>
            </gpxtpx:Extensions>
          </gpxtpx:TrackPointExtension>
        </extensions>
      </trkpt>
      <trkpt lat="47.28125" lon="11.391425">
        <ele>793.25</ele>
        <extensions>
          <gpxtpx:TrackPointExtension>
            <gpxtpx:Extensions>
              <highway>tertiary</highway>
              <surface>asphalt</surface>
              <estimated_traffic_class>4</estimated_traffic_class>
            </gpxtpx:Extensions>
          </gpxtpx:TrackPointExtension>
        </extensions>
      </trkpt>
      <trkpt lat="47.281267" lon="11.391325">
        <ele>794</ele>
        <extensions>
          <gpxtpx:TrackPointExtension>
            <gpxtpx:Extensions>
              <highway>tertiary</highway>
              <surface>asphalt</surface>
              <estimated_traffic_class>4</estimated_traffic_class>
            </gpxtpx:Extensions>
          </gpxtpx:TrackPointExtension>
        </extensions>
      </trkpt>
      <trkpt lat="47.281293" lon="11.391229">
        <ele>795.25</ele>
        <extensions>
          <gpxtpx:TrackPointExtension>
            <gpxtpx:Extensions>
              <highway>tertiary</highway>
              <surface>asphalt</surface>
              <estimated_traffic_class>4</estimated_traffic_class>
            </gpxtpx:Extensions>
          </gpxtpx:TrackPointExtension>
        </extensions>
      </trkpt>
      <trkpt lat="47.28141" lon="11.390963">
        <ele>799.75</ele>
        <extensions>
          <gpxtpx:TrackPointExtension>
            <gpxtpx:Extensions>
              <highway>tertiary</highway>
              <surface>asphalt</surface>
              <estimated_traffic_class>4</estimated_traffic_class>
            </gpxtpx:Extensions>
          </gpxtpx:TrackPointExtension>
        </extensions>
      </trkpt>
      <trkpt lat="47.281623" lon="11.390638">
        <ele>807.5</ele>
        <extensions>
          <gpxtpx:TrackPointExtension>
            <gpxtpx:Extensions>
              <highway>tertiary</highway>
              <surface>asphalt</surface>
              <estimated_traffic_class>4</estimated_traffic_class>
            </gpxtpx:Extensions>
          </gpxtpx:TrackPointExtension>
        </extensions>
      </trkpt>
      <trkpt lat="47.281676" lon="11.390544">
        <ele>809.5</ele>
        <extensions>
          <gpxtpx:TrackPointExtension>
            <gpxtpx:Extensions>
              <highway>tertiary</highway>
              <surface>asphalt</surface>
              <estimated_traffic_class>4</estimated_traffic_class>
            </gpxtpx:Extensions>
          </gpxtpx:TrackPointExtension>
        </extensions>
      </trkpt>
      <trkpt lat="47.281697" lon="11.390487">
        <ele>810.25</ele>
        <extensions>
          <gpxtpx:TrackPointExtension>
            <gpxtpx:Extensions>
              <highway>tertiary</highway>
              <surface>asphalt</surface>
              <estimated_traffic_class>4</estimated_traffic_class>
            </gpxtpx:Extensions>
          </gpxtpx:TrackPointExtension>
        </extensions>
      </trkpt>
      <trkpt lat="47.281767" lon="11.390182">
        <ele>812.5</ele>
        <extensions>
          <gpxtpx:TrackPointExtension>
            <gpxtpx:Extensions>
              <highway>tertiary</highway>
              <surface>asphalt</surface>
              <estimated_traffic_class>4</estimated_traffic_class>
            </gpxtpx:Extensions>
          </gpxtpx:TrackPointExtension>
        </extensions>
      </trkpt>
      <trkpt lat="47.281802" lon="11.390073">
        <ele>813.75</ele>
        <extensions>
          <gpxtpx:TrackPointExtension>
            <gpxtpx:Extensions>
              <highway>tertiary</highway>
              <surface>asphalt</surface>
              <estimated_traffic_class>4</estimated_traffic_class>
            </gpxtpx:Extensions>
          </gpxtpx:TrackPointExtension>
        </extensions>
      </trkpt>
      <trkpt lat="47.281831" lon="11.390036">
        <ele>814.75</ele>
        <extensions>
          <gpxtpx:TrackPointExtension>
            <gpxtpx:Extensions>
              <highway>tertiary</highway>
              <surface>asphalt</surface>
              <estimated_traffic_class>4</estimated_traffic_class>
            </gpxtpx:Extensions>
          </gpxtpx:TrackPointExtension>
        </extensions>
      </trkpt>
      <trkpt lat="47.281864" lon="11.390009">
        <ele>815.75</ele>
        <extensions>
          <gpxtpx:TrackPointExtension>
            <gpxtpx:Extensions>
              <highway>tertiary</highway>
              <surface>asphalt</surface>
              <estimated_traffic_class>4</estimated_traffic_class>
            </gpxtpx:Extensions>
          </gpxtpx:TrackPointExtension>
        </extensions>
      </trkpt>
      <trkpt lat="47.281898" lon="11.389998">
        <ele>816.75</ele>
        <extensions>
          <gpxtpx:TrackPointExtension>
            <gpxtpx:Extensions>
              <highway>tertiary</highway>
              <surface>asphalt</surface>
              <estimated_traffic_class>4</estimated_traffic_class>
            </gpxtpx:Extensions>
          </gpxtpx:TrackPointExtension>
        </extensions>
      </trkpt>
      <trkpt lat="47.281961" lon="11.390003">
        <ele>818.75</ele>
        <extensions>
          <gpxtpx:TrackPointExtension>
            <gpxtpx:Extensions>
              <highway>tertiary</highway>
              <surface>asphalt</surface>
              <estimated_traffic_class>4</estimated_traffic_class>
            </gpxtpx:Extensions>
          </gpxtpx:TrackPointExtension>
        </extensions>
      </trkpt>
      <trkpt lat="47.282012" lon="11.390033">
        <ele>820.25</ele>
        <extensions>
          <gpxtpx:TrackPointExtension>
            <gpxtpx:Extensions>
              <highway>tertiary</highway>
              <surface>asphalt</surface>
              <estimated_traffic_class>4</estimated_traffic_class>
            </gpxtpx:Extensions>
          </gpxtpx:TrackPointExtension>
        </extensions>
      </trkpt>
      <trkpt lat="47.282038" lon="11.390059">
        <ele>820.75</ele>
        <extensions>
          <gpxtpx:TrackPointExtension>
            <gpxtpx:Extensions>
              <highway>tertiary</highway>
              <surface>asphalt</surface>
              <estimated_traffic_class>4</estimated_traffic_class>
            </gpxtpx:Extensions>
          </gpxtpx:TrackPointExtension>
        </extensions>
      </trkpt>
      <trkpt lat="47.28207" lon="11.390133">
        <ele>821.75</ele>
        <extensions>
          <gpxtpx:TrackPointExtension>
            <gpxtpx:Extensions>
              <highway>tertiary</highway>
              <surface>asphalt</surface>
              <estimated_traffic_class>4</estimated_traffic_class>
            </gpxtpx:Extensions>
          </gpxtpx:TrackPointExtension>
        </extensions>
      </trkpt>
      <trkpt lat="47.282082" lon="11.390252">
        <ele>821.75</ele>
        <extensions>
          <gpxtpx:TrackPointExtension>
            <gpxtpx:Extensions>
              <highway>tertiary</highway>
              <surface>asphalt</surface>
              <estimated_traffic_class>4</estimated_traffic_class>
            </gpxtpx:Extensions>
          </gpxtpx:TrackPointExtension>
        </extensions>
      </trkpt>
      <trkpt lat="47.282076" lon="11.390306">
        <ele>821.5</ele>
        <extensions>
          <gpxtpx:TrackPointExtension>
            <gpxtpx:Extensions>
              <highway>tertiary</highway>
              <surface>asphalt</surface>
              <estimated_traffic_class>4</estimated_traffic_class>
            </gpxtpx:Extensions>
          </gpxtpx:TrackPointExtension>
        </extensions>
      </trkpt>
      <trkpt lat="47.28196" lon="11.390721">
        <ele>817.25</ele>
        <extensions>
          <gpxtpx:TrackPointExtension>
            <gpxtpx:Extensions>
              <highway>tertiary</highway>
              <surface>asphalt</surface>
              <estimated_traffic_class>4</estimated_traffic_class>
            </gpxtpx:Extensions>
          </gpxtpx:TrackPointExtension>
        </extensions>
      </trkpt>
      <trkpt lat="47.281925" lon="11.39088">
        <ele>815.75</ele>
        <extensions>
          <gpxtpx:TrackPointExtension>
            <gpxtpx:Extensions>
              <highway>tertiary</highway>
              <surface>asphalt</surface>
              <estimated_traffic_class>4</estimated_traffic_class>
            </gpxtpx:Extensions>
          </gpxtpx:TrackPointExtension>
        </extensions>
      </trkpt>
      <trkpt lat="47.281908" lon="11.391137">
        <ele>814.75</ele>
        <extensions>
          <gpxtpx:TrackPointExtension>
            <gpxtpx:Extensions>
              <highway>tertiary</highway>
              <surface>asphalt</surface>
              <estimated_traffic_class>4</estimated_traffic_class>
            </gpxtpx:Extensions>
          </gpxtpx:TrackPointExtension>
        </extensions>
      </trkpt>
      <trkpt lat="47.281914" lon="11.391378">
        <ele>814</ele>
        <extensions>
          <gpxtpx:TrackPointExtension>
            <gpxtpx:Extensions>
              <highway>tertiary</highway>
              <surface>asphalt</surface>
              <estimated_traffic_class>4</estimated_traffic_class>
            </gpxtpx:Extensions>
          </gpxtpx:TrackPointExtension>
        </extensions>
      </trkpt>
      <trkpt lat="47.281937" lon="11.391561">
        <ele>814</ele>
        <extensions>
          <gpxtpx:TrackPointExtension>
            <gpxtpx:Extensions>
              <highway>tertiary</highway>
              <surface>asphalt</surface>
              <estimated_traffic_class>4</estimated_traffic_class>
            </gpxtpx:Extensions>
          </gpxtpx:TrackPointExtension>
        </extensions>
      </trkpt>
      <trkpt lat="47.281958" lon="11.39165">
        <ele>814.25</ele>
        <extensions>
          <gpxtpx:TrackPointExtension>
            <gpxtpx:Extensions>
              <highway>tertiary</highway>
              <surface>asphalt</surface>
              <estimated_traffic_class>4</estimated_traffic_class>
            </gpxtpx:Extensions>
          </gpxtpx:TrackPointExtension>
        </extensions>
      </trkpt>
      <trkpt lat="47.282006" lon="11.391816">
        <ele>813.75</ele>
        <extensions>
          <gpxtpx:TrackPointExtension>
            <gpxtpx:Extensions>
              <highway>tertiary</highway>
              <surface>asphalt</surface>
              <estimated_traffic_class>4</estimated_traffic_class>
            </gpxtpx:Extensions>
          </gpxtpx:TrackPointExtension>
        </extensions>
      </trkpt>
      <trkpt lat="47.282061" lon="11.391947">
        <ele>813.75</ele>
        <extensions>
          <gpxtpx:TrackPointExtension>
            <gpxtpx:Extensions>
              <highway>tertiary</highway>
              <surface>asphalt</surface>
              <estimated_traffic_class>4</estimated_traffic_class>
            </gpxtpx:Extensions>
          </gpxtpx:TrackPointExtension>
        </extensions>
      </trkpt>
      <trkpt lat="47.282077" lon="11.391983">
        <ele>813.75</ele>
        <extensions>
          <gpxtpx:TrackPointExtension>
            <gpxtpx:Extensions>
              <highway>tertiary</highway>
              <surface>asphalt</surface>
              <estimated_traffic_class>4</estimated_traffic_class>
            </gpxtpx:Extensions>
          </gpxtpx:TrackPointExtension>
        </extensions>
      </trkpt>
      <trkpt lat="47.28213" lon="11.392082">
        <ele>814</ele>
        <extensions>
          <gpxtpx:TrackPointExtension>
            <gpxtpx:Extensions>
              <highway>tertiary</highway>
              <surface>asphalt</surface>
              <estimated_traffic_class>4</estimated_traffic_class>
            </gpxtpx:Extensions>
          </gpxtpx:TrackPointExtension>
        </extensions>
      </trkpt>
      <trkpt lat="47.282262" lon="11.392291">
        <ele>814.75</ele>
        <extensions>
          <gpxtpx:TrackPointExtension>
            <gpxtpx:Extensions>
              <highway>tertiary</highway>
              <surface>asphalt</surface>
              <estimated_traffic_class>4</estimated_traffic_class>
            </gpxtpx:Extensions>
          </gpxtpx:TrackPointExtension>
        </extensions>
      </trkpt>
      <trkpt lat="47.282576" lon="11.392775">
        <ele>816.75</ele>
        <extensions>
          <gpxtpx:TrackPointExtension>
            <gpxtpx:Extensions>
              <highway>tertiary</highway>
              <surface>asphalt</surface>
              <estimated_traffic_class>4</estimated_traffic_class>
            </gpxtpx:Extensions>
          </gpxtpx:TrackPointExtension>
        </extensions>
      </trkpt>
      <trkpt lat="47.28268" lon="11.392937">
        <ele>817.5</ele>
        <extensions>
          <gpxtpx:TrackPointExtension>
            <gpxtpx:Extensions>
              <highway>tertiary</highway>
              <surface>asphalt</surface>
              <estimated_traffic_class>4</estimated_traffic_class>
            </gpxtpx:Extensions>
          </gpxtpx:TrackPointExtension>
        </extensions>
      </trkpt>
      <trkpt lat="47.283077" lon="11.393546">
        <ele>825</ele>
        <extensions>
          <gpxtpx:TrackPointExtension>
            <gpxtpx:Extensions>
              <highway>tertiary</highway>
              <surface>asphalt</surface>
              <estimated_traffic_class>4</estimated_traffic_class>
            </gpxtpx:Extensions>
          </gpxtpx:TrackPointExtension>
        </extensions>
      </trkpt>
      <trkpt lat="47.283201" lon="11.393741">
        <ele>827.5</ele>
        <extensions>
          <gpxtpx:TrackPointExtension>
            <gpxtpx:Extensions>
              <highway>tertiary</highway>
              <surface>asphalt</surface>
              <estimated_traffic_class>4</estimated_traffic_class>
            </gpxtpx:Extensions>
          </gpxtpx:TrackPointExtension>
        </extensions>
      </trkpt>
      <trkpt lat="47.283245" lon="11.393809">
        <ele>828.25</ele>
        <extensions>
          <gpxtpx:TrackPointExtension>
            <gpxtpx:Extensions>
              <highway>tertiary</highway>
              <surface>asphalt</surface>
              <estimated_traffic_class>4</estimated_traffic_class>
            </gpxtpx:Extensions>
          </gpxtpx:TrackPointExtension>
        </extensions>
      </trkpt>
      <trkpt lat="47.283836" lon="11.394721">
        <ele>836</ele>
        <extensions>
          <gpxtpx:TrackPointExtension>
            <gpxtpx:Extensions>
              <highway>tertiary</highway>
              <surface>asphalt</surface>
              <estimated_traffic_class>4</estimated_traffic_class>
            </gpxtpx:Extensions>
          </gpxtpx:TrackPointExtension>
        </extensions>
      </trkpt>
      <trkpt lat="47.28392" lon="11.39485">
        <ele>836.75</ele>
        <extensions>
          <gpxtpx:TrackPointExtension>
            <gpxtpx:Extensions>
              <highway>tertiary</highway>
              <surface>asphalt</surface>
              <estimated_traffic_class>4</estimated_traffic_class>
            </gpxtpx:Extensions>
          </gpxtpx:TrackPointExtension>
        </extensions>
      </trkpt>
      <trkpt lat="47.284088" lon="11.395107">
        <ele>838.25</ele>
        <extensions>
          <gpxtpx:TrackPointExtension>
            <gpxtpx:Extensions>
              <highway>tertiary</highway>
              <surface>asphalt</surface>
              <estimated_traffic_class>4</estimated_traffic_class>
            </gpxtpx:Extensions>
          </gpxtpx:TrackPointExtension>
        </extensions>
      </trkpt>
      <trkpt lat="47.284171" lon="11.395239">
        <ele>839</ele>
        <extensions>
          <gpxtpx:TrackPointExtension>
            <gpxtpx:Extensions>
              <highway>tertiary</highway>
              <surface>asphalt</surface>
              <estimated_traffic_class>4</estimated_traffic_class>
            </gpxtpx:Extensions>
          </gpxtpx:TrackPointExtension>
        </extensions>
      </trkpt>
      <trkpt lat="47.284316" lon="11.39544">
        <ele>840</ele>
        <extensions>
          <gpxtpx:TrackPointExtension>
            <gpxtpx:Extensions>
              <highway>tertiary</highway>
              <surface>asphalt</surface>
              <estimated_traffic_class>4</estimated_traffic_class>
            </gpxtpx:Extensions>
          </gpxtpx:TrackPointExtension>
        </extensions>
      </trkpt>
      <trkpt lat="47.284384" lon="11.395549">
        <ele>840.5</ele>
        <extensions>
          <gpxtpx:TrackPointExtension>
            <gpxtpx:Extensions>
              <highway>tertiary</highway>
              <surface>asphalt</surface>
              <estimated_traffic_class>4</estimated_traffic_class>
            </gpxtpx:Extensions>
          </gpxtpx:TrackPointExtension>
        </extensions>
      </trkpt>
      <trkpt lat="47.284517" lon="11.395757">
        <ele>841.5</ele>
        <extensions>
          <gpxtpx:TrackPointExtension>
            <gpxtpx:Extensions>
              <highway>tertiary</highway>
              <surface>asphalt</surface>
              <estimated_traffic_class>4</estimated_traffic_class>
            </gpxtpx:Extensions>
          </gpxtpx:TrackPointExtension>
        </extensions>
      </trkpt>
      <trkpt lat="47.284585" lon="11.395903">
        <ele>842.25</ele>
        <extensions>
          <gpxtpx:TrackPointExtension>
            <gpxtpx:Extensions>
              <highway>tertiary</highway>
              <surface>asphalt</surface>
              <estimated_traffic_class>4</estimated_traffic_class>
            </gpxtpx:Extensions>
          </gpxtpx:TrackPointExtension>
        </extensions>
      </trkpt>
      <trkpt lat="47.284664" lon="11.396106">
        <ele>843.5</ele>
        <extensions>
          <gpxtpx:TrackPointExtension>
            <gpxtpx:Extensions>
              <highway>tertiary</highway>
              <surface>asphalt</surface>
              <estimated_traffic_class>4</estimated_traffic_class>
            </gpxtpx:Extensions>
          </gpxtpx:TrackPointExtension>
        </extensions>
      </trkpt>
      <trkpt lat="47.28473" lon="11.396323">
        <ele>844.5</ele>
        <extensions>
          <gpxtpx:TrackPointExtension>
            <gpxtpx:Extensions>
              <highway>tertiary</highway>
              <surface>asphalt</surface>
              <estimated_traffic_class>4</estimated_traffic_class>
            </gpxtpx:Extensions>
          </gpxtpx:TrackPointExtension>
        </extensions>
      </trkpt>
      <trkpt lat="47.284792" lon="11.39654">
        <ele>845.25</ele>
        <extensions>
          <gpxtpx:TrackPointExtension>
            <gpxtpx:Extensions>
              <highway>tertiary</highway>
              <surface>asphalt</surface>
              <estimated_traffic_class>4</estimated_traffic_class>
            </gpxtpx:Extensions>
          </gpxtpx:TrackPointExtension>
        </extensions>
      </trkpt>
      <trkpt lat="47.284909" lon="11.396911">
        <ele>847</ele>
        <extensions>
          <gpxtpx:TrackPointExtension>
            <gpxtpx:Extensions>
              <highway>tertiary</highway>
              <surface>asphalt</surface>
              <estimated_traffic_class>4</estimated_traffic_class>
            </gpxtpx:Extensions>
          </gpxtpx:TrackPointExtension>
        </extensions>
      </trkpt>
      <trkpt lat="47.284964" lon="11.397066">
        <ele>848.25</ele>
        <extensions>
          <gpxtpx:TrackPointExtension>
            <gpxtpx:Extensions>
              <highway>tertiary</highway>
              <surface>asphalt</surface>
              <estimated_traffic_class>4</estimated_traffic_class>
            </gpxtpx:Extensions>
          </gpxtpx:TrackPointExtension>
        </extensions>
      </trkpt>
      <trkpt lat="47.28503" lon="11.397205">
        <ele>849.75</ele>
        <extensions>
          <gpxtpx:TrackPointExtension>
            <gpxtpx:Extensions>
              <highway>tertiary</highway>
              <surface>asphalt</surface>
              <estimated_traffic_class>4</estimated_traffic_class>
            </gpxtpx:Extensions>
          </gpxtpx:TrackPointExtension>
        </extensions>
      </trkpt>
      <trkpt lat="47.285079" lon="11.397292">
        <ele>850.5</ele>
        <extensions>
          <gpxtpx:TrackPointExtension>
            <gpxtpx:Extensions>
              <highway>tertiary</highway>
              <surface>asphalt</surface>
              <estimated_traffic_class>4</estimated_traffic_class>
            </gpxtpx:Extensions>
          </gpxtpx:TrackPointExtension>
        </extensions>
      </trkpt>
      <trkpt lat="47.285247" lon="11.397534">
        <ele>852.5</ele>
        <extensions>
          <gpxtpx:TrackPointExtension>
            <gpxtpx:Extensions>
              <highway>tertiary</highway>
              <surface>asphalt</surface>
              <estimated_traffic_class>4</estimated_traffic_class>
            </gpxtpx:Extensions>
          </gpxtpx:TrackPointExtension>
        </extensions>
      </trkpt>
      <trkpt lat="47.285396" lon="11.397746">
        <ele>853.25</ele>
        <extensions>
          <gpxtpx:TrackPointExtension>
            <gpxtpx:Extensions>
              <highway>tertiary</highway>
              <surface>asphalt</surface>
              <estimated_traffic_class>4</estimated_traffic_class>
            </gpxtpx:Extensions>
          </gpxtpx:TrackPointExtension>
        </extensions>
      </trkpt>
      <trkpt lat="47.285442" lon="11.397822">
        <ele>853.5</ele>
        <extensions>
          <gpxtpx:TrackPointExtension>
            <gpxtpx:Extensions>
              <highway>tertiary</highway>
              <surface>asphalt</surface>
              <estimated_traffic_class>4</estimated_traffic_class>
            </gpxtpx:Extensions>
          </gpxtpx:TrackPointExtension>
        </extensions>
      </trkpt>
      <trkpt lat="47.285533" lon="11.397979">
        <ele>854</ele>
        <extensions>
          <gpxtpx:TrackPointExtension>
            <gpxtpx:Extensions>
              <highway>tertiary</highway>
              <surface>asphalt</surface>
              <estimated_traffic_class>4</estimated_traffic_class>
            </gpxtpx:Extensions>
          </gpxtpx:TrackPointExtension>
        </extensions>
      </trkpt>
      <trkpt lat="47.2856" lon="11.398139">
        <ele>854.25</ele>
        <extensions>
          <gpxtpx:TrackPointExtension>
            <gpxtpx:Extensions>
              <highway>residential</highway>
              <surface>asphalt</surface>
              <smoothness>excellent</smoothness>
            </gpxtpx:Extensions>
          </gpxtpx:TrackPointExtension>
        </extensions>
      </trkpt>
      <trkpt lat="47.285661" lon="11.398392">
        <ele>854</ele>
        <extensions>
          <gpxtpx:TrackPointExtension>
            <gpxtpx:Extensions>
              <highway>residential</highway>
              <surface>asphalt</surface>
              <smoothness>excellent</smoothness>
            </gpxtpx:Extensions>
          </gpxtpx:TrackPointExtension>
        </extensions>
      </trkpt>
      <trkpt lat="47.285785" lon="11.398905">
        <ele>855.75</ele>
        <extensions>
          <gpxtpx:TrackPointExtension>
            <gpxtpx:Extensions>
              <highway>residential</highway>
              <surface>asphalt</surface>
              <smoothness>excellent</smoothness>
            </gpxtpx:Extensions>
          </gpxtpx:TrackPointExtension>
        </extensions>
      </trkpt>
      <trkpt lat="47.285829" lon="11.399095">
        <ele>856.75</ele>
        <extensions>
          <gpxtpx:TrackPointExtension>
            <gpxtpx:Extensions>
              <highway>residential</highway>
              <surface>asphalt</surface>
              <smoothness>excellent</smoothness>
            </gpxtpx:Extensions>
          </gpxtpx:TrackPointExtension>
        </extensions>
      </trkpt>
      <trkpt lat="47.285843" lon="11.399141">
        <ele>857</ele>
        <extensions>
          <gpxtpx:TrackPointExtension>
            <gpxtpx:Extensions>
              <highway>residential</highway>
              <surface>asphalt</surface>
              <smoothness>excellent</smoothness>
            </gpxtpx:Extensions>
          </gpxtpx:TrackPointExtension>
        </extensions>
      </trkpt>
      <trkpt lat="47.286015" lon="11.399715">
        <ele>855</ele>
        <extensions>
          <gpxtpx:TrackPointExtension>
            <gpxtpx:Extensions>
              <highway>service</highway>
            </gpxtpx:Extensions>
          </gpxtpx:TrackPointExtension>
        </extensions>
      </trkpt>
      <trkpt lat="47.286125" lon="11.399659">
        <ele>857.25</ele>
        <extensions>
          <gpxtpx:TrackPointExtension>
            <gpxtpx:Extensions>
              <highway>service</highway>
            </gpxtpx:Extensions>
          </gpxtpx:TrackPointExtension>
        </extensions>
      </trkpt>
      <trkpt lat="47.286608" lon="11.399414">
        <ele>865.75</ele>
        <extensions>
          <gpxtpx:TrackPointExtension>
            <gpxtpx:Extensions>
              <reversedirection>yes</reversedirection>
              <highway>residential</highway>
            </gpxtpx:Extensions>
          </gpxtpx:TrackPointExtension>
        </extensions>
      </trkpt>
      <trkpt lat="47.28669" lon="11.399745">
        <ele>865.5</ele>
        <extensions>
          <gpxtpx:TrackPointExtension>
            <gpxtpx:Extensions>
              <reversedirection>yes</reversedirection>
              <highway>residential</highway>
            </gpxtpx:Extensions>
          </gpxtpx:TrackPointExtension>
        </extensions>
      </trkpt>
      <trkpt lat="47.286723" lon="11.399875">
        <ele>865.5</ele>
        <extensions>
          <gpxtpx:TrackPointExtension>
            <gpxtpx:Extensions>
              <reversedirection>yes</reversedirection>
              <highway>residential</highway>
            </gpxtpx:Extensions>
          </gpxtpx:TrackPointExtension>
        </extensions>
      </trkpt>
      <trkpt lat="47.286783" lon="11.400118">
        <ele>865.75</ele>
        <extensions>
          <gpxtpx:TrackPointExtension>
            <gpxtpx:Extensions>
              <reversedirection>yes</reversedirection>
              <highway>residential</highway>
            </gpxtpx:Extensions>
          </gpxtpx:TrackPointExtension>
        </extensions>
      </trkpt>
      <trkpt lat="47.286851" lon="11.400391">
        <ele>865.75</ele>
        <extensions>
          <gpxtpx:TrackPointExtension>
            <gpxtpx:Extensions>
              <reversedirection>yes</reversedirection>
              <highway>residential</highway>
            </gpxtpx:Extensions>
          </gpxtpx:TrackPointExtension>
        </extensions>
      </trkpt>
      <trkpt lat="47.286892" lon="11.400537">
        <ele>865.75</ele>
        <extensions>
          <gpxtpx:TrackPointExtension>
            <gpxtpx:Extensions>
              <reversedirection>yes</reversedirection>
              <highway>residential</highway>
            </gpxtpx:Extensions>
          </gpxtpx:TrackPointExtension>
        </extensions>
      </trkpt>
      <trkpt lat="47.28691" lon="11.400571">
        <ele>866</ele>
        <extensions>
          <gpxtpx:TrackPointExtension>
            <gpxtpx:Extensions>
              <reversedirection>yes</reversedirection>
              <highway>residential</highway>
            </gpxtpx:Extensions>
          </gpxtpx:TrackPointExtension>
        </extensions>
      </trkpt>
      <trkpt lat="47.286935" lon="11.400595">
        <ele>866.25</ele>
        <extensions>
          <gpxtpx:TrackPointExtension>
            <gpxtpx:Extensions>
              <reversedirection>yes</reversedirection>
              <highway>residential</highway>
            </gpxtpx:Extensions>
          </gpxtpx:TrackPointExtension>
        </extensions>
      </trkpt>
      <trkpt lat="47.286958" lon="11.400609">
        <ele>866.5</ele>
        <extensions>
          <gpxtpx:TrackPointExtension>
            <gpxtpx:Extensions>
              <reversedirection>yes</reversedirection>
              <highway>residential</highway>
            </gpxtpx:Extensions>
          </gpxtpx:TrackPointExtension>
        </extensions>
      </trkpt>
      <trkpt lat="47.287004" lon="11.400611">
        <ele>867</ele>
        <extensions>
          <gpxtpx:TrackPointExtension>
            <gpxtpx:Extensions>
              <reversedirection>yes</reversedirection>
              <highway>residential</highway>
            </gpxtpx:Extensions>
          </gpxtpx:TrackPointExtension>
        </extensions>
      </trkpt>
      <trkpt lat="47.287269" lon="11.400548">
        <ele>871.25</ele>
        <extensions>
          <gpxtpx:TrackPointExtension>
            <gpxtpx:Extensions>
              <reversedirection>yes</reversedirection>
              <highway>residential</highway>
            </gpxtpx:Extensions>
          </gpxtpx:TrackPointExtension>
        </extensions>
      </trkpt>
      <trkpt lat="47.287363" lon="11.400558">
        <ele>872.5</ele>
        <extensions>
          <gpxtpx:TrackPointExtension>
            <gpxtpx:Extensions>
              <reversedirection>yes</reversedirection>
              <highway>residential</highway>
            </gpxtpx:Extensions>
          </gpxtpx:TrackPointExtension>
        </extensions>
      </trkpt>
      <trkpt lat="47.287404" lon="11.400588">
        <ele>872.75</ele>
        <extensions>
          <gpxtpx:TrackPointExtension>
            <gpxtpx:Extensions>
              <reversedirection>yes</reversedirection>
              <highway>residential</highway>
            </gpxtpx:Extensions>
          </gpxtpx:TrackPointExtension>
        </extensions>
      </trkpt>
      <trkpt lat="47.287441" lon="11.400632">
        <ele>873</ele>
        <extensions>
          <gpxtpx:TrackPointExtension>
            <gpxtpx:Extensions>
              <highway>residential</highway>
              <tracktype>grade2</tracktype>
              <surface>compacted</surface>
              <foot>yes</foot>
              <bicycle>yes</bicycle>
            </gpxtpx:Extensions>
          </gpxtpx:TrackPointExtension>
        </extensions>
      </trkpt>
      <trkpt lat="47.287467" lon="11.400677">
        <ele>873</ele>
        <extensions>
          <gpxtpx:TrackPointExtension>
            <gpxtpx:Extensions>
              <highway>residential</highway>
              <tracktype>grade2</tracktype>
              <surface>compacted</surface>
              <foot>yes</foot>
              <bicycle>yes</bicycle>
            </gpxtpx:Extensions>
          </gpxtpx:TrackPointExtension>
        </extensions>
      </trkpt>
      <trkpt lat="47.287485" lon="11.400728">
        <ele>872.75</ele>
        <extensions>
          <gpxtpx:TrackPointExtension>
            <gpxtpx:Extensions>
              <highway>residential</highway>
              <tracktype>grade2</tracktype>
              <surface>compacted</surface>
              <foot>yes</foot>
              <bicycle>yes</bicycle>
            </gpxtpx:Extensions>
          </gpxtpx:TrackPointExtension>
        </extensions>
      </trkpt>
      <trkpt lat="47.28748" lon="11.400788">
        <ele>872</ele>
        <extensions>
          <gpxtpx:TrackPointExtension>
            <gpxtpx:Extensions>
              <highway>residential</highway>
              <tracktype>grade2</tracktype>
              <surface>compacted</surface>
              <foot>yes</foot>
              <bicycle>yes</bicycle>
            </gpxtpx:Extensions>
          </gpxtpx:TrackPointExtension>
        </extensions>
      </trkpt>
      <trkpt lat="47.287404" lon="11.401203">
        <ele>869.75</ele>
        <extensions>
          <gpxtpx:TrackPointExtension>
            <gpxtpx:Extensions>
              <highway>residential</highway>
              <tracktype>grade2</tracktype>
              <surface>compacted</surface>
              <foot>yes</foot>
              <bicycle>yes</bicycle>
            </gpxtpx:Extensions>
          </gpxtpx:TrackPointExtension>
        </extensions>
      </trkpt>
      <trkpt lat="47.287386" lon="11.401466">
        <ele>868.5</ele>
        <extensions>
          <gpxtpx:TrackPointExtension>
            <gpxtpx:Extensions>
              <highway>residential</highway>
              <tracktype>grade2</tracktype>
              <surface>compacted</surface>
              <foot>yes</foot>
              <bicycle>yes</bicycle>
            </gpxtpx:Extensions>
          </gpxtpx:TrackPointExtension>
        </extensions>
      </trkpt>
      <trkpt lat="47.287319" lon="11.401677">
        <ele>866</ele>
        <extensions>
          <gpxtpx:TrackPointExtension>
            <gpxtpx:Extensions>
              <highway>residential</highway>
              <tracktype>grade2</tracktype>
              <surface>compacted</surface>
              <foot>yes</foot>
              <bicycle>yes</bicycle>
            </gpxtpx:Extensions>
          </gpxtpx:TrackPointExtension>
        </extensions>
      </trkpt>
      <trkpt lat="47.287312" lon="11.401804">
        <ele>865.25</ele>
        <extensions>
          <gpxtpx:TrackPointExtension>
            <gpxtpx:Extensions>
              <highway>residential</highway>
              <tracktype>grade2</tracktype>
              <surface>compacted</surface>
              <foot>yes</foot>
              <bicycle>yes</bicycle>
            </gpxtpx:Extensions>
          </gpxtpx:TrackPointExtension>
        </extensions>
      </trkpt>
      <trkpt lat="47.28731" lon="11.401847">
        <ele>865</ele>
        <extensions>
          <gpxtpx:TrackPointExtension>
            <gpxtpx:Extensions>
              <highway>residential</highway>
              <tracktype>grade2</tracktype>
              <surface>compacted</surface>
              <foot>yes</foot>
              <bicycle>yes</bicycle>
            </gpxtpx:Extensions>
          </gpxtpx:TrackPointExtension>
        </extensions>
      </trkpt>
      <trkpt lat="47.287319" lon="11.401942">
        <ele>865</ele>
        <extensions>
          <gpxtpx:TrackPointExtension>
            <gpxtpx:Extensions>
              <highway>residential</highway>
              <tracktype>grade2</tracktype>
              <surface>compacted</surface>
              <foot>yes</foot>
              <bicycle>yes</bicycle>
            </gpxtpx:Extensions>
          </gpxtpx:TrackPointExtension>
        </extensions>
      </trkpt>
      <trkpt lat="47.28748" lon="11.402331">
        <ele>870</ele>
        <extensions>
          <gpxtpx:TrackPointExtension>
            <gpxtpx:Extensions>
              <highway>residential</highway>
              <tracktype>grade2</tracktype>
              <surface>compacted</surface>
              <foot>yes</foot>
              <bicycle>yes</bicycle>
            </gpxtpx:Extensions>
          </gpxtpx:TrackPointExtension>
        </extensions>
      </trkpt>
      <trkpt lat="47.287755" lon="11.402704">
        <ele>872</ele>
        <extensions>
          <gpxtpx:TrackPointExtension>
            <gpxtpx:Extensions>
              <highway>residential</highway>
              <tracktype>grade2</tracktype>
              <surface>compacted</surface>
              <foot>yes</foot>
              <bicycle>yes</bicycle>
            </gpxtpx:Extensions>
          </gpxtpx:TrackPointExtension>
        </extensions>
      </trkpt>
      <trkpt lat="47.287814" lon="11.402805">
        <ele>871.75</ele>
        <extensions>
          <gpxtpx:TrackPointExtension>
            <gpxtpx:Extensions>
              <highway>track</highway>
              <tracktype>grade3</tracktype>
              <foot>yes</foot>
              <bicycle>yes</bicycle>
            </gpxtpx:Extensions>
          </gpxtpx:TrackPointExtension>
        </extensions>
      </trkpt>
      <trkpt lat="47.287899" lon="11.403008">
        <ele>870.5</ele>
        <extensions>
          <gpxtpx:TrackPointExtension>
            <gpxtpx:Extensions>
              <highway>track</highway>
              <tracktype>grade3</tracktype>
              <foot>yes</foot>
              <bicycle>yes</bicycle>
            </gpxtpx:Extensions>
          </gpxtpx:TrackPointExtension>
        </extensions>
      </trkpt>
      <trkpt lat="47.287957" lon="11.403223">
        <ele>869</ele>
        <extensions>
          <gpxtpx:TrackPointExtension>
            <gpxtpx:Extensions>
              <highway>track</highway>
              <tracktype>grade3</tracktype>
              <foot>yes</foot>
              <bicycle>yes</bicycle>
            </gpxtpx:Extensions>
          </gpxtpx:TrackPointExtension>
        </extensions>
      </trkpt>
      <trkpt lat="47.287986" lon="11.403361">
        <ele>868</ele>
        <extensions>
          <gpxtpx:TrackPointExtension>
            <gpxtpx:Extensions>
              <highway>cycleway</highway>
              <surface>dirt</surface>
              <foot>no</foot>
              <bicycle>yes</bicycle>
              <mtb_scale>1</mtb_scale>
              <oneway>yes</oneway>
            </gpxtpx:Extensions>
          </gpxtpx:TrackPointExtension>
        </extensions>
      </trkpt>
      <trkpt lat="47.287965" lon="11.403918">
        <ele>860.75</ele>
        <extensions>
          <gpxtpx:TrackPointExtension>
            <gpxtpx:Extensions>
              <highway>cycleway</highway>
              <surface>dirt</surface>
              <foot>no</foot>
              <bicycle>yes</bicycle>
              <mtb_scale>1</mtb_scale>
              <oneway>yes</oneway>
            </gpxtpx:Extensions>
          </gpxtpx:TrackPointExtension>
        </extensions>
      </trkpt>
      <trkpt lat="47.287922" lon="11.404071">
        <ele>857.25</ele>
        <extensions>
          <gpxtpx:TrackPointExtension>
            <gpxtpx:Extensions>
              <highway>cycleway</highway>
              <surface>dirt</surface>
              <foot>no</foot>
              <bicycle>yes</bicycle>
              <mtb_scale>1</mtb_scale>
              <oneway>yes</oneway>
            </gpxtpx:Extensions>
          </gpxtpx:TrackPointExtension>
        </extensions>
      </trkpt>
      <trkpt lat="47.288024" lon="11.404273">
        <ele>858</ele>
        <extensions>
          <gpxtpx:TrackPointExtension>
            <gpxtpx:Extensions>
              <highway>cycleway</highway>
              <surface>dirt</surface>
              <foot>no</foot>
              <bicycle>yes</bicycle>
              <mtb_scale>1</mtb_scale>
              <oneway>yes</oneway>
            </gpxtpx:Extensions>
          </gpxtpx:TrackPointExtension>
        </extensions>
      </trkpt>
      <trkpt lat="47.288012" lon="11.404388">
        <ele>855</ele>
        <extensions>
          <gpxtpx:TrackPointExtension>
            <gpxtpx:Extensions>
              <highway>cycleway</highway>
              <surface>dirt</surface>
              <foot>no</foot>
              <bicycle>yes</bicycle>
              <mtb_scale>1</mtb_scale>
              <oneway>yes</oneway>
            </gpxtpx:Extensions>
          </gpxtpx:TrackPointExtension>
        </extensions>
      </trkpt>
      <trkpt lat="47.288065" lon="11.404554">
        <ele>854</ele>
        <extensions>
          <gpxtpx:TrackPointExtension>
            <gpxtpx:Extensions>
              <highway>cycleway</highway>
              <surface>dirt</surface>
              <foot>no</foot>
              <bicycle>yes</bicycle>
              <mtb_scale>1</mtb_scale>
              <oneway>yes</oneway>
            </gpxtpx:Extensions>
          </gpxtpx:TrackPointExtension>
        </extensions>
      </trkpt>
      <trkpt lat="47.288044" lon="11.40474">
        <ele>849</ele>
        <extensions>
          <gpxtpx:TrackPointExtension>
            <gpxtpx:Extensions>
              <highway>cycleway</highway>
              <surface>dirt</surface>
              <foot>no</foot>
              <bicycle>yes</bicycle>
              <mtb_scale>1</mtb_scale>
              <oneway>yes</oneway>
            </gpxtpx:Extensions>
          </gpxtpx:TrackPointExtension>
        </extensions>
      </trkpt>
      <trkpt lat="47.28806" lon="11.404779">
        <ele>849</ele>
        <extensions>
          <gpxtpx:TrackPointExtension>
            <gpxtpx:Extensions>
              <highway>cycleway</highway>
              <surface>dirt</surface>
              <foot>no</foot>
              <bicycle>yes</bicycle>
              <mtb_scale>1</mtb_scale>
              <oneway>yes</oneway>
            </gpxtpx:Extensions>
          </gpxtpx:TrackPointExtension>
        </extensions>
      </trkpt>
      <trkpt lat="47.288065" lon="11.404808">
        <ele>848.5</ele>
        <extensions>
          <gpxtpx:TrackPointExtension>
            <gpxtpx:Extensions>
              <highway>cycleway</highway>
              <surface>dirt</surface>
              <foot>no</foot>
              <bicycle>yes</bicycle>
              <mtb_scale>1</mtb_scale>
              <oneway>yes</oneway>
            </gpxtpx:Extensions>
          </gpxtpx:TrackPointExtension>
        </extensions>
      </trkpt>
      <trkpt lat="47.288058" lon="11.404829">
        <ele>847.75</ele>
        <extensions>
          <gpxtpx:TrackPointExtension>
            <gpxtpx:Extensions>
              <highway>cycleway</highway>
              <surface>dirt</surface>
              <foot>no</foot>
              <bicycle>yes</bicycle>
              <mtb_scale>1</mtb_scale>
              <oneway>yes</oneway>
            </gpxtpx:Extensions>
          </gpxtpx:TrackPointExtension>
        </extensions>
      </trkpt>
      <trkpt lat="47.288024" lon="11.404851">
        <ele>846</ele>
        <extensions>
          <gpxtpx:TrackPointExtension>
            <gpxtpx:Extensions>
              <highway>cycleway</highway>
              <surface>dirt</surface>
              <foot>no</foot>
              <bicycle>yes</bicycle>
              <mtb_scale>1</mtb_scale>
              <oneway>yes</oneway>
            </gpxtpx:Extensions>
          </gpxtpx:TrackPointExtension>
        </extensions>
      </trkpt>
      <trkpt lat="47.288056" lon="11.404927">
        <ele>845.75</ele>
        <extensions>
          <gpxtpx:TrackPointExtension>
            <gpxtpx:Extensions>
              <highway>cycleway</highway>
              <surface>dirt</surface>
              <foot>no</foot>
              <bicycle>yes</bicycle>
              <mtb_scale>1</mtb_scale>
              <oneway>yes</oneway>
            </gpxtpx:Extensions>
          </gpxtpx:TrackPointExtension>
        </extensions>
      </trkpt>
      <trkpt lat="47.288071" lon="11.405015">
        <ele>844.5</ele>
        <extensions>
          <gpxtpx:TrackPointExtension>
            <gpxtpx:Extensions>
              <highway>cycleway</highway>
              <surface>dirt</surface>
              <foot>no</foot>
              <bicycle>yes</bicycle>
              <mtb_scale>1</mtb_scale>
              <oneway>yes</oneway>
            </gpxtpx:Extensions>
          </gpxtpx:TrackPointExtension>
        </extensions>
      </trkpt>
      <trkpt lat="47.288059" lon="11.405108">
        <ele>842.25</ele>
        <extensions>
          <gpxtpx:TrackPointExtension>
            <gpxtpx:Extensions>
              <highway>cycleway</highway>
              <surface>dirt</surface>
              <foot>no</foot>
              <bicycle>yes</bicycle>
              <mtb_scale>1</mtb_scale>
              <oneway>yes</oneway>
            </gpxtpx:Extensions>
          </gpxtpx:TrackPointExtension>
        </extensions>
      </trkpt>
      <trkpt lat="47.28801" lon="11.405161">
        <ele>839</ele>
        <extensions>
          <gpxtpx:TrackPointExtension>
            <gpxtpx:Extensions>
              <highway>cycleway</highway>
              <surface>dirt</surface>
              <foot>no</foot>
              <bicycle>yes</bicycle>
              <mtb_scale>1</mtb_scale>
              <oneway>yes</oneway>
            </gpxtpx:Extensions>
          </gpxtpx:TrackPointExtension>
        </extensions>
      </trkpt>
      <trkpt lat="47.28799" lon="11.405227">
        <ele>837</ele>
        <extensions>
          <gpxtpx:TrackPointExtension>
            <gpxtpx:Extensions>
              <highway>cycleway</highway>
              <surface>dirt</surface>
              <foot>no</foot>
              <bicycle>yes</bicycle>
              <mtb_scale>1</mtb_scale>
              <oneway>yes</oneway>
            </gpxtpx:Extensions>
          </gpxtpx:TrackPointExtension>
        </extensions>
      </trkpt>
      <trkpt lat="47.288001" lon="11.405293">
        <ele>836.25</ele>
        <extensions>
          <gpxtpx:TrackPointExtension>
            <gpxtpx:Extensions>
              <highway>cycleway</highway>
              <surface>dirt</surface>
              <foot>no</foot>
              <bicycle>yes</bicycle>
              <mtb_scale>1</mtb_scale>
              <oneway>yes</oneway>
            </gpxtpx:Extensions>
          </gpxtpx:TrackPointExtension>
        </extensions>
      </trkpt>
      <trkpt lat="47.288112" lon="11.405423">
        <ele>838.75</ele>
        <extensions>
          <gpxtpx:TrackPointExtension>
            <gpxtpx:Extensions>
              <highway>cycleway</highway>
              <surface>dirt</surface>
              <foot>no</foot>
              <bicycle>yes</bicycle>
              <mtb_scale>1</mtb_scale>
              <oneway>yes</oneway>
            </gpxtpx:Extensions>
          </gpxtpx:TrackPointExtension>
        </extensions>
      </trkpt>
      <trkpt lat="47.288106" lon="11.405528">
        <ele>836.5</ele>
        <extensions>
          <gpxtpx:TrackPointExtension>
            <gpxtpx:Extensions>
              <highway>cycleway</highway>
              <surface>dirt</surface>
              <foot>no</foot>
              <bicycle>yes</bicycle>
              <mtb_scale>1</mtb_scale>
              <oneway>yes</oneway>
            </gpxtpx:Extensions>
          </gpxtpx:TrackPointExtension>
        </extensions>
      </trkpt>
      <trkpt lat="47.288149" lon="11.405572">
        <ele>837.75</ele>
        <extensions>
          <gpxtpx:TrackPointExtension>
            <gpxtpx:Extensions>
              <highway>cycleway</highway>
              <surface>dirt</surface>
              <foot>no</foot>
              <bicycle>yes</bicycle>
              <mtb_scale>1</mtb_scale>
              <oneway>yes</oneway>
            </gpxtpx:Extensions>
          </gpxtpx:TrackPointExtension>
        </extensions>
      </trkpt>
      <trkpt lat="47.288154" lon="11.405606">
        <ele>837.25</ele>
        <extensions>
          <gpxtpx:TrackPointExtension>
            <gpxtpx:Extensions>
              <highway>cycleway</highway>
              <surface>dirt</surface>
              <foot>no</foot>
              <bicycle>yes</bicycle>
              <mtb_scale>1</mtb_scale>
              <oneway>yes</oneway>
            </gpxtpx:Extensions>
          </gpxtpx:TrackPointExtension>
        </extensions>
      </trkpt>
      <trkpt lat="47.288147" lon="11.405624">
        <ele>836.5</ele>
        <extensions>
          <gpxtpx:TrackPointExtension>
            <gpxtpx:Extensions>
              <highway>cycleway</highway>
              <surface>dirt</surface>
              <foot>no</foot>
              <bicycle>yes</bicycle>
              <mtb_scale>1</mtb_scale>
              <oneway>yes</oneway>
            </gpxtpx:Extensions>
          </gpxtpx:TrackPointExtension>
        </extensions>
      </trkpt>
      <trkpt lat="47.288128" lon="11.405633">
        <ele>835.5</ele>
        <extensions>
          <gpxtpx:TrackPointExtension>
            <gpxtpx:Extensions>
              <highway>cycleway</highway>
              <surface>dirt</surface>
              <foot>no</foot>
              <bicycle>yes</bicycle>
              <mtb_scale>1</mtb_scale>
              <oneway>yes</oneway>
            </gpxtpx:Extensions>
          </gpxtpx:TrackPointExtension>
        </extensions>
      </trkpt>
      <trkpt lat="47.288103" lon="11.405624">
        <ele>834.5</ele>
        <extensions>
          <gpxtpx:TrackPointExtension>
            <gpxtpx:Extensions>
              <highway>cycleway</highway>
              <surface>dirt</surface>
              <foot>no</foot>
              <bicycle>yes</bicycle>
              <mtb_scale>1</mtb_scale>
              <oneway>yes</oneway>
            </gpxtpx:Extensions>
          </gpxtpx:TrackPointExtension>
        </extensions>
      </trkpt>
      <trkpt lat="47.288061" lon="11.405599">
        <ele>833.25</ele>
        <extensions>
          <gpxtpx:TrackPointExtension>
            <gpxtpx:Extensions>
              <highway>cycleway</highway>
              <surface>dirt</surface>
              <foot>no</foot>
              <bicycle>yes</bicycle>
              <mtb_scale>1</mtb_scale>
              <oneway>yes</oneway>
            </gpxtpx:Extensions>
          </gpxtpx:TrackPointExtension>
        </extensions>
      </trkpt>
      <trkpt lat="47.288014" lon="11.405516">
        <ele>832.75</ele>
        <extensions>
          <gpxtpx:TrackPointExtension>
            <gpxtpx:Extensions>
              <highway>cycleway</highway>
              <surface>dirt</surface>
              <foot>no</foot>
              <bicycle>yes</bicycle>
              <mtb_scale>1</mtb_scale>
              <oneway>yes</oneway>
            </gpxtpx:Extensions>
          </gpxtpx:TrackPointExtension>
        </extensions>
      </trkpt>
      <trkpt lat="47.287971" lon="11.405504">
        <ele>831</ele>
        <extensions>
          <gpxtpx:TrackPointExtension>
            <gpxtpx:Extensions>
              <highway>cycleway</highway>
              <surface>dirt</surface>
              <foot>no</foot>
              <bicycle>yes</bicycle>
              <mtb_scale>1</mtb_scale>
              <oneway>yes</oneway>
            </gpxtpx:Extensions>
          </gpxtpx:TrackPointExtension>
        </extensions>
      </trkpt>
      <trkpt lat="47.287948" lon="11.405507">
        <ele>829.75</ele>
        <extensions>
          <gpxtpx:TrackPointExtension>
            <gpxtpx:Extensions>
              <highway>cycleway</highway>
              <surface>dirt</surface>
              <foot>no</foot>
              <bicycle>yes</bicycle>
              <mtb_scale>1</mtb_scale>
              <oneway>yes</oneway>
            </gpxtpx:Extensions>
          </gpxtpx:TrackPointExtension>
        </extensions>
      </trkpt>
      <trkpt lat="47.287937" lon="11.405523">
        <ele>829</ele>
        <extensions>
          <gpxtpx:TrackPointExtension>
            <gpxtpx:Extensions>
              <highway>cycleway</highway>
              <surface>dirt</surface>
              <foot>no</foot>
              <bicycle>yes</bicycle>
              <mtb_scale>1</mtb_scale>
              <oneway>yes</oneway>
            </gpxtpx:Extensions>
          </gpxtpx:TrackPointExtension>
        </extensions>
      </trkpt>
      <trkpt lat="47.287945" lon="11.405562">
        <ele>828.75</ele>
        <extensions>
          <gpxtpx:TrackPointExtension>
            <gpxtpx:Extensions>
              <highway>cycleway</highway>
              <surface>dirt</surface>
              <foot>no</foot>
              <bicycle>yes</bicycle>
              <mtb_scale>1</mtb_scale>
              <oneway>yes</oneway>
            </gpxtpx:Extensions>
          </gpxtpx:TrackPointExtension>
        </extensions>
      </trkpt>
      <trkpt lat="47.288002" lon="11.405692">
        <ele>828.75</ele>
        <extensions>
          <gpxtpx:TrackPointExtension>
            <gpxtpx:Extensions>
              <highway>cycleway</highway>
              <surface>dirt</surface>
              <foot>no</foot>
              <bicycle>yes</bicycle>
              <mtb_scale>1</mtb_scale>
              <oneway>yes</oneway>
            </gpxtpx:Extensions>
          </gpxtpx:TrackPointExtension>
        </extensions>
      </trkpt>
      <trkpt lat="47.288054" lon="11.405725">
        <ele>830.5</ele>
        <extensions>
          <gpxtpx:TrackPointExtension>
            <gpxtpx:Extensions>
              <highway>cycleway</highway>
              <surface>dirt</surface>
              <foot>no</foot>
              <bicycle>yes</bicycle>
              <mtb_scale>1</mtb_scale>
              <oneway>yes</oneway>
            </gpxtpx:Extensions>
          </gpxtpx:TrackPointExtension>
        </extensions>
      </trkpt>
      <trkpt lat="47.288068" lon="11.405752">
        <ele>830.5</ele>
        <extensions>
          <gpxtpx:TrackPointExtension>
            <gpxtpx:Extensions>
              <highway>cycleway</highway>
              <surface>dirt</surface>
              <foot>no</foot>
              <bicycle>yes</bicycle>
              <mtb_scale>1</mtb_scale>
              <oneway>yes</oneway>
            </gpxtpx:Extensions>
          </gpxtpx:TrackPointExtension>
        </extensions>
      </trkpt>
      <trkpt lat="47.288056" lon="11.405784">
        <ele>829.5</ele>
        <extensions>
          <gpxtpx:TrackPointExtension>
            <gpxtpx:Extensions>
              <highway>cycleway</highway>
              <surface>dirt</surface>
              <foot>no</foot>
              <bicycle>yes</bicycle>
              <mtb_scale>1</mtb_scale>
              <oneway>yes</oneway>
            </gpxtpx:Extensions>
          </gpxtpx:TrackPointExtension>
        </extensions>
      </trkpt>
      <trkpt lat="47.288022" lon="11.405779">
        <ele>828</ele>
        <extensions>
          <gpxtpx:TrackPointExtension>
            <gpxtpx:Extensions>
              <highway>cycleway</highway>
              <surface>dirt</surface>
              <foot>no</foot>
              <bicycle>yes</bicycle>
              <mtb_scale>1</mtb_scale>
              <oneway>yes</oneway>
            </gpxtpx:Extensions>
          </gpxtpx:TrackPointExtension>
        </extensions>
      </trkpt>
      <trkpt lat="47.28801" lon="11.40574">
        <ele>828.25</ele>
        <extensions>
          <gpxtpx:TrackPointExtension>
            <gpxtpx:Extensions>
              <highway>cycleway</highway>
              <surface>dirt</surface>
              <foot>no</foot>
              <bicycle>yes</bicycle>
              <mtb_scale>1</mtb_scale>
              <oneway>yes</oneway>
            </gpxtpx:Extensions>
          </gpxtpx:TrackPointExtension>
        </extensions>
      </trkpt>
      <trkpt lat="47.287799" lon="11.405564">
        <ele>822</ele>
        <extensions>
          <gpxtpx:TrackPointExtension>
            <gpxtpx:Extensions>
              <highway>cycleway</highway>
              <surface>dirt</surface>
              <foot>no</foot>
              <bicycle>yes</bicycle>
              <mtb_scale>1</mtb_scale>
              <oneway>yes</oneway>
            </gpxtpx:Extensions>
          </gpxtpx:TrackPointExtension>
        </extensions>
      </trkpt>
      <trkpt lat="47.287781" lon="11.405528">
        <ele>821.75</ele>
        <extensions>
          <gpxtpx:TrackPointExtension>
            <gpxtpx:Extensions>
              <highway>cycleway</highway>
              <surface>dirt</surface>
              <foot>no</foot>
              <bicycle>yes</bicycle>
              <mtb_scale>1</mtb_scale>
              <oneway>yes</oneway>
            </gpxtpx:Extensions>
          </gpxtpx:TrackPointExtension>
        </extensions>
      </trkpt>
      <trkpt lat="47.287781" lon="11.405528">
        <ele>821.75</ele>
        <extensions>
          <gpxtpx:TrackPointExtension>
            <gpxtpx:Extensions>
              <highway>cycleway</highway>
              <surface>dirt</surface>
              <foot>no</foot>
              <bicycle>yes</bicycle>
              <mtb_scale>1</mtb_scale>
              <oneway>yes</oneway>
            </gpxtpx:Extensions>
          </gpxtpx:TrackPointExtension>
        </extensions>
      </trkpt>
      <trkpt lat="47.287744" lon="11.405454">
        <ele>821.75</ele>
        <extensions>
          <gpxtpx:TrackPointExtension>
            <gpxtpx:Extensions>
              <highway>cycleway</highway>
              <surface>dirt</surface>
              <foot>no</foot>
              <bicycle>yes</bicycle>
              <mtb_scale>1</mtb_scale>
              <oneway>yes</oneway>
            </gpxtpx:Extensions>
          </gpxtpx:TrackPointExtension>
        </extensions>
      </trkpt>
      <trkpt lat="47.287699" lon="11.40538">
        <ele>821</ele>
        <extensions>
          <gpxtpx:TrackPointExtension>
            <gpxtpx:Extensions>
              <highway>cycleway</highway>
              <surface>dirt</surface>
              <foot>no</foot>
              <bicycle>yes</bicycle>
              <mtb_scale>1</mtb_scale>
              <oneway>yes</oneway>
            </gpxtpx:Extensions>
          </gpxtpx:TrackPointExtension>
        </extensions>
      </trkpt>
      <trkpt lat="47.287648" lon="11.405364">
        <ele>819</ele>
        <extensions>
          <gpxtpx:TrackPointExtension>
            <gpxtpx:Extensions>
              <highway>cycleway</highway>
              <surface>dirt</surface>
              <foot>no</foot>
              <bicycle>yes</bicycle>
              <mtb_scale>1</mtb_scale>
              <oneway>yes</oneway>
            </gpxtpx:Extensions>
          </gpxtpx:TrackPointExtension>
        </extensions>
      </trkpt>
      <trkpt lat="47.287626" lon="11.40538">
        <ele>817.75</ele>
        <extensions>
          <gpxtpx:TrackPointExtension>
            <gpxtpx:Extensions>
              <highway>cycleway</highway>
              <surface>dirt</surface>
              <foot>no</foot>
              <bicycle>yes</bicycle>
              <mtb_scale>1</mtb_scale>
              <oneway>yes</oneway>
            </gpxtpx:Extensions>
          </gpxtpx:TrackPointExtension>
        </extensions>
      </trkpt>
      <trkpt lat="47.287586" lon="11.405457">
        <ele>814.5</ele>
        <extensions>
          <gpxtpx:TrackPointExtension>
            <gpxtpx:Extensions>
              <highway>cycleway</highway>
              <surface>dirt</surface>
              <foot>no</foot>
              <bicycle>yes</bicycle>
              <mtb_scale>1</mtb_scale>
              <oneway>yes</oneway>
            </gpxtpx:Extensions>
          </gpxtpx:TrackPointExtension>
        </extensions>
      </trkpt>
      <trkpt lat="47.287588" lon="11.405511">
        <ele>813.5</ele>
        <extensions>
          <gpxtpx:TrackPointExtension>
            <gpxtpx:Extensions>
              <highway>cycleway</highway>
              <surface>dirt</surface>
              <foot>no</foot>
              <bicycle>yes</bicycle>
              <mtb_scale>1</mtb_scale>
              <oneway>yes</oneway>
            </gpxtpx:Extensions>
          </gpxtpx:TrackPointExtension>
        </extensions>
      </trkpt>
      <trkpt lat="47.287606" lon="11.405585">
        <ele>813</ele>
        <extensions>
          <gpxtpx:TrackPointExtension>
            <gpxtpx:Extensions>
              <highway>cycleway</highway>
              <surface>dirt</surface>
              <foot>no</foot>
              <bicycle>yes</bicycle>
              <mtb_scale>1</mtb_scale>
              <oneway>yes</oneway>
            </gpxtpx:Extensions>
          </gpxtpx:TrackPointExtension>
        </extensions>
      </trkpt>
      <trkpt lat="47.287643" lon="11.405637">
        <ele>813.75</ele>
        <extensions>
          <gpxtpx:TrackPointExtension>
            <gpxtpx:Extensions>
              <highway>cycleway</highway>
              <surface>dirt</surface>
              <foot>no</foot>
              <bicycle>yes</bicycle>
              <mtb_scale>1</mtb_scale>
              <oneway>yes</oneway>
            </gpxtpx:Extensions>
          </gpxtpx:TrackPointExtension>
        </extensions>
      </trkpt>
      <trkpt lat="47.287686" lon="11.405654">
        <ele>815.5</ele>
        <extensions>
          <gpxtpx:TrackPointExtension>
            <gpxtpx:Extensions>
              <highway>cycleway</highway>
              <surface>dirt</surface>
              <foot>no</foot>
              <bicycle>yes</bicycle>
              <mtb_scale>1</mtb_scale>
              <oneway>yes</oneway>
            </gpxtpx:Extensions>
          </gpxtpx:TrackPointExtension>
        </extensions>
      </trkpt>
      <trkpt lat="47.287705" lon="11.405689">
        <ele>815.5</ele>
        <extensions>
          <gpxtpx:TrackPointExtension>
            <gpxtpx:Extensions>
              <highway>cycleway</highway>
              <surface>dirt</surface>
              <foot>no</foot>
              <bicycle>yes</bicycle>
              <mtb_scale>1</mtb_scale>
              <oneway>yes</oneway>
            </gpxtpx:Extensions>
          </gpxtpx:TrackPointExtension>
        </extensions>
      </trkpt>
      <trkpt lat="47.287709" lon="11.405741">
        <ele>814.75</ele>
        <extensions>
          <gpxtpx:TrackPointExtension>
            <gpxtpx:Extensions>
              <highway>cycleway</highway>
              <surface>dirt</surface>
              <foot>no</foot>
              <bicycle>yes</bicycle>
              <mtb_scale>1</mtb_scale>
              <oneway>yes</oneway>
            </gpxtpx:Extensions>
          </gpxtpx:TrackPointExtension>
        </extensions>
      </trkpt>
      <trkpt lat="47.287686" lon="11.405775">
        <ele>813.25</ele>
        <extensions>
          <gpxtpx:TrackPointExtension>
            <gpxtpx:Extensions>
              <highway>cycleway</highway>
              <surface>dirt</surface>
              <foot>no</foot>
              <bicycle>yes</bicycle>
              <mtb_scale>1</mtb_scale>
              <oneway>yes</oneway>
            </gpxtpx:Extensions>
          </gpxtpx:TrackPointExtension>
        </extensions>
      </trkpt>
      <trkpt lat="47.287594" lon="11.40571">
        <ele>810.25</ele>
        <extensions>
          <gpxtpx:TrackPointExtension>
            <gpxtpx:Extensions>
              <highway>cycleway</highway>
              <surface>dirt</surface>
              <foot>no</foot>
              <bicycle>yes</bicycle>
              <mtb_scale>1</mtb_scale>
              <oneway>yes</oneway>
            </gpxtpx:Extensions>
          </gpxtpx:TrackPointExtension>
        </extensions>
      </trkpt>
      <trkpt lat="47.287578" lon="11.405746">
        <ele>809</ele>
        <extensions>
          <gpxtpx:TrackPointExtension>
            <gpxtpx:Extensions>
              <highway>cycleway</highway>
              <surface>dirt</surface>
              <foot>no</foot>
              <bicycle>yes</bicycle>
              <mtb_scale>1</mtb_scale>
              <oneway>yes</oneway>
            </gpxtpx:Extensions>
          </gpxtpx:TrackPointExtension>
        </extensions>
      </trkpt>
      <trkpt lat="47.287583" lon="11.405777">
        <ele>808.5</ele>
        <extensions>
          <gpxtpx:TrackPointExtension>
            <gpxtpx:Extensions>
              <highway>cycleway</highway>
              <surface>dirt</surface>
              <foot>no</foot>
              <bicycle>yes</bicycle>
              <mtb_scale>1</mtb_scale>
              <oneway>yes</oneway>
            </gpxtpx:Extensions>
          </gpxtpx:TrackPointExtension>
        </extensions>
      </trkpt>
      <trkpt lat="47.287643" lon="11.405898">
        <ele>808.5</ele>
        <extensions>
          <gpxtpx:TrackPointExtension>
            <gpxtpx:Extensions>
              <highway>cycleway</highway>
              <surface>dirt</surface>
              <foot>no</foot>
              <bicycle>yes</bicycle>
              <mtb_scale>1</mtb_scale>
              <oneway>yes</oneway>
            </gpxtpx:Extensions>
          </gpxtpx:TrackPointExtension>
        </extensions>
      </trkpt>
      <trkpt lat="47.287715" lon="11.406007">
        <ele>808.75</ele>
        <extensions>
          <gpxtpx:TrackPointExtension>
            <gpxtpx:Extensions>
              <highway>cycleway</highway>
              <surface>dirt</surface>
              <foot>no</foot>
              <bicycle>yes</bicycle>
              <mtb_scale>1</mtb_scale>
              <oneway>yes</oneway>
            </gpxtpx:Extensions>
          </gpxtpx:TrackPointExtension>
        </extensions>
      </trkpt>
      <trkpt lat="47.287838" lon="11.406044">
        <ele>813.5</ele>
        <extensions>
          <gpxtpx:TrackPointExtension>
            <gpxtpx:Extensions>
              <highway>cycleway</highway>
              <surface>dirt</surface>
              <foot>no</foot>
              <bicycle>yes</bicycle>
              <mtb_scale>1</mtb_scale>
              <oneway>yes</oneway>
            </gpxtpx:Extensions>
          </gpxtpx:TrackPointExtension>
        </extensions>
      </trkpt>
      <trkpt lat="47.287888" lon="11.406166">
        <ele>812.75</ele>
        <extensions>
          <gpxtpx:TrackPointExtension>
            <gpxtpx:Extensions>
              <highway>cycleway</highway>
              <surface>dirt</surface>
              <foot>no</foot>
              <bicycle>yes</bicycle>
              <mtb_scale>1</mtb_scale>
              <oneway>yes</oneway>
            </gpxtpx:Extensions>
          </gpxtpx:TrackPointExtension>
        </extensions>
      </trkpt>
      <trkpt lat="47.287867" lon="11.406245">
        <ele>809.75</ele>
        <extensions>
          <gpxtpx:TrackPointExtension>
            <gpxtpx:Extensions>
              <highway>cycleway</highway>
              <surface>dirt</surface>
              <foot>no</foot>
              <bicycle>yes</bicycle>
              <mtb_scale>1</mtb_scale>
              <oneway>yes</oneway>
            </gpxtpx:Extensions>
          </gpxtpx:TrackPointExtension>
        </extensions>
      </trkpt>
      <trkpt lat="47.28785" lon="11.406361">
        <ele>806</ele>
        <extensions>
          <gpxtpx:TrackPointExtension>
            <gpxtpx:Extensions>
              <highway>cycleway</highway>
              <surface>dirt</surface>
              <foot>no</foot>
              <bicycle>yes</bicycle>
              <mtb_scale>1</mtb_scale>
              <oneway>yes</oneway>
            </gpxtpx:Extensions>
          </gpxtpx:TrackPointExtension>
        </extensions>
      </trkpt>
      <trkpt lat="47.28791" lon="11.406515">
        <ele>804.75</ele>
        <extensions>
          <gpxtpx:TrackPointExtension>
            <gpxtpx:Extensions>
              <highway>cycleway</highway>
              <surface>dirt</surface>
              <foot>no</foot>
              <bicycle>yes</bicycle>
              <mtb_scale>1</mtb_scale>
              <oneway>yes</oneway>
            </gpxtpx:Extensions>
          </gpxtpx:TrackPointExtension>
        </extensions>
      </trkpt>
      <trkpt lat="47.287918" lon="11.406587">
        <ele>803.5</ele>
        <extensions>
          <gpxtpx:TrackPointExtension>
            <gpxtpx:Extensions>
              <highway>cycleway</highway>
              <surface>dirt</surface>
              <foot>no</foot>
              <bicycle>yes</bicycle>
              <mtb_scale>1</mtb_scale>
              <oneway>yes</oneway>
            </gpxtpx:Extensions>
          </gpxtpx:TrackPointExtension>
        </extensions>
      </trkpt>
      <trkpt lat="47.287888" lon="11.40665">
        <ele>800.5</ele>
        <extensions>
          <gpxtpx:TrackPointExtension>
            <gpxtpx:Extensions>
              <highway>cycleway</highway>
              <surface>dirt</surface>
              <foot>no</foot>
              <bicycle>yes</bicycle>
              <mtb_scale>1</mtb_scale>
              <oneway>yes</oneway>
            </gpxtpx:Extensions>
          </gpxtpx:TrackPointExtension>
        </extensions>
      </trkpt>
      <trkpt lat="47.287833" lon="11.406649">
        <ele>797.75</ele>
        <extensions>
          <gpxtpx:TrackPointExtension>
            <gpxtpx:Extensions>
              <highway>cycleway</highway>
              <surface>dirt</surface>
              <foot>no</foot>
              <bicycle>yes</bicycle>
              <mtb_scale>1</mtb_scale>
              <oneway>yes</oneway>
            </gpxtpx:Extensions>
          </gpxtpx:TrackPointExtension>
        </extensions>
      </trkpt>
      <trkpt lat="47.287802" lon="11.406692">
        <ele>795</ele>
        <extensions>
          <gpxtpx:TrackPointExtension>
            <gpxtpx:Extensions>
              <highway>cycleway</highway>
              <surface>dirt</surface>
              <foot>no</foot>
              <bicycle>yes</bicycle>
              <mtb_scale>1</mtb_scale>
              <oneway>yes</oneway>
            </gpxtpx:Extensions>
          </gpxtpx:TrackPointExtension>
        </extensions>
      </trkpt>
      <trkpt lat="47.287796" lon="11.406747">
        <ele>792.75</ele>
        <extensions>
          <gpxtpx:TrackPointExtension>
            <gpxtpx:Extensions>
              <highway>cycleway</highway>
              <surface>dirt</surface>
              <foot>no</foot>
              <bicycle>yes</bicycle>
              <mtb_scale>1</mtb_scale>
              <oneway>yes</oneway>
            </gpxtpx:Extensions>
          </gpxtpx:TrackPointExtension>
        </extensions>
      </trkpt>
      <trkpt lat="47.287804" lon="11.406822">
        <ele>790.75</ele>
        <extensions>
          <gpxtpx:TrackPointExtension>
            <gpxtpx:Extensions>
              <highway>cycleway</highway>
              <surface>dirt</surface>
              <foot>no</foot>
              <bicycle>yes</bicycle>
              <mtb_scale>1</mtb_scale>
              <oneway>yes</oneway>
            </gpxtpx:Extensions>
          </gpxtpx:TrackPointExtension>
        </extensions>
      </trkpt>
      <trkpt lat="47.28783" lon="11.406866">
        <ele>790.5</ele>
        <extensions>
          <gpxtpx:TrackPointExtension>
            <gpxtpx:Extensions>
              <highway>cycleway</highway>
              <surface>dirt</surface>
              <foot>no</foot>
              <bicycle>yes</bicycle>
              <mtb_scale>1</mtb_scale>
              <oneway>yes</oneway>
            </gpxtpx:Extensions>
          </gpxtpx:TrackPointExtension>
        </extensions>
      </trkpt>
      <trkpt lat="47.28789" lon="11.406929">
        <ele>791.25</ele>
        <extensions>
          <gpxtpx:TrackPointExtension>
            <gpxtpx:Extensions>
              <highway>cycleway</highway>
              <surface>dirt</surface>
              <foot>no</foot>
              <bicycle>yes</bicycle>
              <mtb_scale>1</mtb_scale>
              <oneway>yes</oneway>
            </gpxtpx:Extensions>
          </gpxtpx:TrackPointExtension>
        </extensions>
      </trkpt>
      <trkpt lat="47.287899" lon="11.407093">
        <ele>786.25</ele>
        <extensions>
          <gpxtpx:TrackPointExtension>
            <gpxtpx:Extensions>
              <highway>cycleway</highway>
              <surface>dirt</surface>
              <foot>no</foot>
              <bicycle>yes</bicycle>
              <mtb_scale>1</mtb_scale>
              <oneway>yes</oneway>
            </gpxtpx:Extensions>
          </gpxtpx:TrackPointExtension>
        </extensions>
      </trkpt>
      <trkpt lat="47.287924" lon="11.407213">
        <ele>783.25</ele>
        <extensions>
          <gpxtpx:TrackPointExtension>
            <gpxtpx:Extensions>
              <highway>cycleway</highway>
              <surface>dirt</surface>
              <foot>no</foot>
              <bicycle>yes</bicycle>
              <mtb_scale>1</mtb_scale>
              <oneway>yes</oneway>
            </gpxtpx:Extensions>
          </gpxtpx:TrackPointExtension>
        </extensions>
      </trkpt>
      <trkpt lat="47.287984" lon="11.407418">
        <ele>778.75</ele>
        <extensions>
          <gpxtpx:TrackPointExtension>
            <gpxtpx:Extensions>
              <highway>cycleway</highway>
              <surface>dirt</surface>
              <foot>no</foot>
              <bicycle>yes</bicycle>
              <mtb_scale>1</mtb_scale>
              <oneway>yes</oneway>
            </gpxtpx:Extensions>
          </gpxtpx:TrackPointExtension>
        </extensions>
      </trkpt>
      <trkpt lat="47.288034" lon="11.407492">
        <ele>778.25</ele>
        <extensions>
          <gpxtpx:TrackPointExtension>
            <gpxtpx:Extensions>
              <highway>cycleway</highway>
              <surface>dirt</surface>
              <foot>no</foot>
              <bicycle>yes</bicycle>
              <mtb_scale>1</mtb_scale>
              <oneway>yes</oneway>
            </gpxtpx:Extensions>
          </gpxtpx:TrackPointExtension>
        </extensions>
      </trkpt>
      <trkpt lat="47.288026" lon="11.407517">
        <ele>777</ele>
        <extensions>
          <gpxtpx:TrackPointExtension>
            <gpxtpx:Extensions>
              <highway>cycleway</highway>
              <surface>dirt</surface>
              <foot>no</foot>
              <bicycle>yes</bicycle>
              <mtb_scale>1</mtb_scale>
              <oneway>yes</oneway>
            </gpxtpx:Extensions>
          </gpxtpx:TrackPointExtension>
        </extensions>
      </trkpt>
      <trkpt lat="47.28801" lon="11.407523">
        <ele>776.25</ele>
        <extensions>
          <gpxtpx:TrackPointExtension>
            <gpxtpx:Extensions>
              <highway>cycleway</highway>
              <surface>dirt</surface>
              <foot>no</foot>
              <bicycle>yes</bicycle>
              <mtb_scale>1</mtb_scale>
              <oneway>yes</oneway>
            </gpxtpx:Extensions>
          </gpxtpx:TrackPointExtension>
        </extensions>
      </trkpt>
      <trkpt lat="47.287982" lon="11.407493">
        <ele>776.25</ele>
        <extensions>
          <gpxtpx:TrackPointExtension>
            <gpxtpx:Extensions>
              <highway>cycleway</highway>
              <surface>dirt</surface>
              <foot>no</foot>
              <bicycle>yes</bicycle>
              <mtb_scale>2</mtb_scale>
              <oneway>yes</oneway>
            </gpxtpx:Extensions>
          </gpxtpx:TrackPointExtension>
        </extensions>
      </trkpt>
      <trkpt lat="47.287892" lon="11.407362">
        <ele>777</ele>
        <extensions>
          <gpxtpx:TrackPointExtension>
            <gpxtpx:Extensions>
              <highway>cycleway</highway>
              <surface>dirt</surface>
              <foot>no</foot>
              <bicycle>yes</bicycle>
              <mtb_scale>2</mtb_scale>
              <oneway>yes</oneway>
            </gpxtpx:Extensions>
          </gpxtpx:TrackPointExtension>
        </extensions>
      </trkpt>
      <trkpt lat="47.287826" lon="11.407384">
        <ele>773.5</ele>
        <extensions>
          <gpxtpx:TrackPointExtension>
            <gpxtpx:Extensions>
              <highway>cycleway</highway>
              <surface>dirt</surface>
              <foot>no</foot>
              <bicycle>yes</bicycle>
              <mtb_scale>2</mtb_scale>
              <oneway>yes</oneway>
            </gpxtpx:Extensions>
          </gpxtpx:TrackPointExtension>
        </extensions>
      </trkpt>
      <trkpt lat="47.287758" lon="11.407387">
        <ele>770.75</ele>
        <extensions>
          <gpxtpx:TrackPointExtension>
            <gpxtpx:Extensions>
              <highway>cycleway</highway>
              <surface>dirt</surface>
              <foot>no</foot>
              <bicycle>yes</bicycle>
              <mtb_scale>2</mtb_scale>
              <oneway>yes</oneway>
            </gpxtpx:Extensions>
          </gpxtpx:TrackPointExtension>
        </extensions>
      </trkpt>
      <trkpt lat="47.287695" lon="11.407249">
        <ele>772.5</ele>
        <extensions>
          <gpxtpx:TrackPointExtension>
            <gpxtpx:Extensions>
              <highway>cycleway</highway>
              <surface>dirt</surface>
              <foot>no</foot>
              <bicycle>yes</bicycle>
              <mtb_scale>2</mtb_scale>
              <oneway>yes</oneway>
            </gpxtpx:Extensions>
          </gpxtpx:TrackPointExtension>
        </extensions>
      </trkpt>
      <trkpt lat="47.287535" lon="11.407082">
        <ele>770.5</ele>
        <extensions>
          <gpxtpx:TrackPointExtension>
            <gpxtpx:Extensions>
              <highway>cycleway</highway>
              <surface>dirt</surface>
              <foot>no</foot>
              <bicycle>yes</bicycle>
              <mtb_scale>2</mtb_scale>
              <oneway>yes</oneway>
            </gpxtpx:Extensions>
          </gpxtpx:TrackPointExtension>
        </extensions>
      </trkpt>
      <trkpt lat="47.287545" lon="11.406903">
        <ele>776.25</ele>
        <extensions>
          <gpxtpx:TrackPointExtension>
            <gpxtpx:Extensions>
              <highway>cycleway</highway>
              <surface>dirt</surface>
              <foot>no</foot>
              <bicycle>yes</bicycle>
              <mtb_scale>2</mtb_scale>
              <oneway>yes</oneway>
            </gpxtpx:Extensions>
          </gpxtpx:TrackPointExtension>
        </extensions>
      </trkpt>
      <trkpt lat="47.287487" lon="11.406771">
        <ele>777.25</ele>
        <extensions>
          <gpxtpx:TrackPointExtension>
            <gpxtpx:Extensions>
              <highway>cycleway</highway>
              <surface>dirt</surface>
              <foot>no</foot>
              <bicycle>yes</bicycle>
              <mtb_scale>2</mtb_scale>
              <oneway>yes</oneway>
            </gpxtpx:Extensions>
          </gpxtpx:TrackPointExtension>
        </extensions>
      </trkpt>
      <trkpt lat="47.287288" lon="11.4066">
        <ele>772.5</ele>
        <extensions>
          <gpxtpx:TrackPointExtension>
            <gpxtpx:Extensions>
              <highway>cycleway</highway>
              <surface>dirt</surface>
              <foot>no</foot>
              <bicycle>yes</bicycle>
              <mtb_scale>2</mtb_scale>
              <oneway>yes</oneway>
            </gpxtpx:Extensions>
          </gpxtpx:TrackPointExtension>
        </extensions>
      </trkpt>
      <trkpt lat="47.287171" lon="11.406708">
        <ele>764.25</ele>
        <extensions>
          <gpxtpx:TrackPointExtension>
            <gpxtpx:Extensions>
              <highway>cycleway</highway>
              <surface>dirt</surface>
              <foot>no</foot>
              <bicycle>yes</bicycle>
              <mtb_scale>2</mtb_scale>
              <oneway>yes</oneway>
            </gpxtpx:Extensions>
          </gpxtpx:TrackPointExtension>
        </extensions>
      </trkpt>
      <trkpt lat="47.287059" lon="11.406682">
        <ele>759.75</ele>
        <extensions>
          <gpxtpx:TrackPointExtension>
            <gpxtpx:Extensions>
              <highway>cycleway</highway>
              <surface>dirt</surface>
              <foot>no</foot>
              <bicycle>yes</bicycle>
              <mtb_scale>2</mtb_scale>
              <oneway>yes</oneway>
            </gpxtpx:Extensions>
          </gpxtpx:TrackPointExtension>
        </extensions>
      </trkpt>
      <trkpt lat="47.28699" lon="11.406646">
        <ele>757.25</ele>
        <extensions>
          <gpxtpx:TrackPointExtension>
            <gpxtpx:Extensions>
              <highway>cycleway</highway>
              <surface>dirt</surface>
              <foot>no</foot>
              <bicycle>yes</bicycle>
              <mtb_scale>2</mtb_scale>
              <oneway>yes</oneway>
            </gpxtpx:Extensions>
          </gpxtpx:TrackPointExtension>
        </extensions>
      </trkpt>
      <trkpt lat="47.28696" lon="11.406614">
        <ele>756.5</ele>
        <extensions>
          <gpxtpx:TrackPointExtension>
            <gpxtpx:Extensions>
              <highway>cycleway</highway>
              <surface>dirt</surface>
              <foot>no</foot>
              <bicycle>yes</bicycle>
              <mtb_scale>2</mtb_scale>
              <oneway>yes</oneway>
            </gpxtpx:Extensions>
          </gpxtpx:TrackPointExtension>
        </extensions>
      </trkpt>
      <trkpt lat="47.286941" lon="11.406528">
        <ele>757</ele>
        <extensions>
          <gpxtpx:TrackPointExtension>
            <gpxtpx:Extensions>
              <highway>cycleway</highway>
              <surface>dirt</surface>
              <foot>no</foot>
              <bicycle>yes</bicycle>
              <mtb_scale>2</mtb_scale>
              <oneway>yes</oneway>
            </gpxtpx:Extensions>
          </gpxtpx:TrackPointExtension>
        </extensions>
      </trkpt>
      <trkpt lat="47.286921" lon="11.406519">
        <ele>756.25</ele>
        <extensions>
          <gpxtpx:TrackPointExtension>
            <gpxtpx:Extensions>
              <highway>cycleway</highway>
              <surface>dirt</surface>
              <foot>no</foot>
              <bicycle>yes</bicycle>
              <mtb_scale>2</mtb_scale>
              <oneway>yes</oneway>
            </gpxtpx:Extensions>
          </gpxtpx:TrackPointExtension>
        </extensions>
      </trkpt>
      <trkpt lat="47.286898" lon="11.406534">
        <ele>754.75</ele>
        <extensions>
          <gpxtpx:TrackPointExtension>
            <gpxtpx:Extensions>
              <highway>cycleway</highway>
              <surface>dirt</surface>
              <foot>no</foot>
              <bicycle>yes</bicycle>
              <mtb_scale>2</mtb_scale>
              <oneway>yes</oneway>
            </gpxtpx:Extensions>
          </gpxtpx:TrackPointExtension>
        </extensions>
      </trkpt>
      <trkpt lat="47.286874" lon="11.406519">
        <ele>754</ele>
        <extensions>
          <gpxtpx:TrackPointExtension>
            <gpxtpx:Extensions>
              <highway>cycleway</highway>
              <surface>dirt</surface>
              <foot>no</foot>
              <bicycle>yes</bicycle>
              <mtb_scale>2</mtb_scale>
              <oneway>yes</oneway>
            </gpxtpx:Extensions>
          </gpxtpx:TrackPointExtension>
        </extensions>
      </trkpt>
      <trkpt lat="47.286857" lon="11.406489">
        <ele>753.5</ele>
        <extensions>
          <gpxtpx:TrackPointExtension>
            <gpxtpx:Extensions>
              <highway>cycleway</highway>
              <surface>dirt</surface>
              <foot>no</foot>
              <bicycle>yes</bicycle>
              <mtb_scale>2</mtb_scale>
              <oneway>yes</oneway>
            </gpxtpx:Extensions>
          </gpxtpx:TrackPointExtension>
        </extensions>
      </trkpt>
      <trkpt lat="47.286842" lon="11.406443">
        <ele>753.5</ele>
        <extensions>
          <gpxtpx:TrackPointExtension>
            <gpxtpx:Extensions>
              <highway>cycleway</highway>
              <surface>dirt</surface>
              <foot>no</foot>
              <bicycle>yes</bicycle>
              <mtb_scale>2</mtb_scale>
              <oneway>yes</oneway>
            </gpxtpx:Extensions>
          </gpxtpx:TrackPointExtension>
        </extensions>
      </trkpt>
      <trkpt lat="47.286852" lon="11.406395">
        <ele>754.75</ele>
        <extensions>
          <gpxtpx:TrackPointExtension>
            <gpxtpx:Extensions>
              <highway>cycleway</highway>
              <surface>dirt</surface>
              <foot>no</foot>
              <bicycle>yes</bicycle>
              <mtb_scale>2</mtb_scale>
              <oneway>yes</oneway>
            </gpxtpx:Extensions>
          </gpxtpx:TrackPointExtension>
        </extensions>
      </trkpt>
      <trkpt lat="47.286852" lon="11.40636">
        <ele>755.25</ele>
        <extensions>
          <gpxtpx:TrackPointExtension>
            <gpxtpx:Extensions>
              <highway>cycleway</highway>
              <surface>dirt</surface>
              <foot>no</foot>
              <bicycle>yes</bicycle>
              <mtb_scale>2</mtb_scale>
              <oneway>yes</oneway>
            </gpxtpx:Extensions>
          </gpxtpx:TrackPointExtension>
        </extensions>
      </trkpt>
      <trkpt lat="47.286824" lon="11.406332">
        <ele>754.25</ele>
        <extensions>
          <gpxtpx:TrackPointExtension>
            <gpxtpx:Extensions>
              <highway>cycleway</highway>
              <surface>dirt</surface>
              <foot>no</foot>
              <bicycle>yes</bicycle>
              <mtb_scale>2</mtb_scale>
              <oneway>yes</oneway>
            </gpxtpx:Extensions>
          </gpxtpx:TrackPointExtension>
        </extensions>
      </trkpt>
      <trkpt lat="47.28681" lon="11.40634">
        <ele>753.25</ele>
        <extensions>
          <gpxtpx:TrackPointExtension>
            <gpxtpx:Extensions>
              <highway>cycleway</highway>
              <surface>dirt</surface>
              <foot>no</foot>
              <bicycle>yes</bicycle>
              <mtb_scale>2</mtb_scale>
              <oneway>yes</oneway>
            </gpxtpx:Extensions>
          </gpxtpx:TrackPointExtension>
        </extensions>
      </trkpt>
      <trkpt lat="47.286805" lon="11.406386">
        <ele>752.5</ele>
        <extensions>
          <gpxtpx:TrackPointExtension>
            <gpxtpx:Extensions>
              <highway>cycleway</highway>
              <surface>dirt</surface>
              <foot>no</foot>
              <bicycle>yes</bicycle>
              <mtb_scale>2</mtb_scale>
              <oneway>yes</oneway>
            </gpxtpx:Extensions>
          </gpxtpx:TrackPointExtension>
        </extensions>
      </trkpt>
      <trkpt lat="47.286797" lon="11.406466">
        <ele>750.75</ele>
        <extensions>
          <gpxtpx:TrackPointExtension>
            <gpxtpx:Extensions>
              <highway>cycleway</highway>
              <surface>dirt</surface>
              <foot>no</foot>
              <bicycle>yes</bicycle>
              <mtb_scale>2</mtb_scale>
              <oneway>yes</oneway>
            </gpxtpx:Extensions>
          </gpxtpx:TrackPointExtension>
        </extensions>
      </trkpt>
      <trkpt lat="47.286806" lon="11.406607">
        <ele>749</ele>
        <extensions>
          <gpxtpx:TrackPointExtension>
            <gpxtpx:Extensions>
              <highway>cycleway</highway>
              <surface>dirt</surface>
              <foot>no</foot>
              <bicycle>yes</bicycle>
              <mtb_scale>2</mtb_scale>
              <oneway>yes</oneway>
            </gpxtpx:Extensions>
          </gpxtpx:TrackPointExtension>
        </extensions>
      </trkpt>
      <trkpt lat="47.286806" lon="11.406605">
        <ele>749</ele>
        <extensions>
          <gpxtpx:TrackPointExtension>
            <gpxtpx:Extensions>
              <highway>cycleway</highway>
              <surface>dirt</surface>
              <foot>no</foot>
              <bicycle>yes</bicycle>
              <mtb_scale>2</mtb_scale>
              <oneway>yes</oneway>
            </gpxtpx:Extensions>
          </gpxtpx:TrackPointExtension>
        </extensions>
      </trkpt>
      <trkpt lat="47.286807" lon="11.40662">
        <ele>749</ele>
        <extensions>
          <gpxtpx:TrackPointExtension>
            <gpxtpx:Extensions>
              <highway>cycleway</highway>
              <surface>dirt</surface>
              <foot>no</foot>
              <bicycle>yes</bicycle>
              <mtb_scale>2</mtb_scale>
              <oneway>yes</oneway>
            </gpxtpx:Extensions>
          </gpxtpx:TrackPointExtension>
        </extensions>
      </trkpt>
      <trkpt lat="47.286787" lon="11.406691">
        <ele>746.75</ele>
        <extensions>
          <gpxtpx:TrackPointExtension>
            <gpxtpx:Extensions>
              <highway>cycleway</highway>
              <surface>dirt</surface>
              <foot>no</foot>
              <bicycle>yes</bicycle>
              <mtb_scale>2</mtb_scale>
              <oneway>yes</oneway>
            </gpxtpx:Extensions>
          </gpxtpx:TrackPointExtension>
        </extensions>
      </trkpt>
      <trkpt lat="47.286795" lon="11.406766">
        <ele>745.25</ele>
        <extensions>
          <gpxtpx:TrackPointExtension>
            <gpxtpx:Extensions>
              <highway>cycleway</highway>
              <surface>dirt</surface>
              <foot>no</foot>
              <bicycle>yes</bicycle>
              <mtb_scale>2</mtb_scale>
              <oneway>yes</oneway>
            </gpxtpx:Extensions>
          </gpxtpx:TrackPointExtension>
        </extensions>
      </trkpt>
      <trkpt lat="47.286811" lon="11.406781">
        <ele>745.75</ele>
        <extensions>
          <gpxtpx:TrackPointExtension>
            <gpxtpx:Extensions>
              <highway>cycleway</highway>
              <surface>dirt</surface>
              <foot>no</foot>
              <bicycle>yes</bicycle>
              <mtb_scale>2</mtb_scale>
              <oneway>yes</oneway>
            </gpxtpx:Extensions>
          </gpxtpx:TrackPointExtension>
        </extensions>
      </trkpt>
      <trkpt lat="47.286817" lon="11.406821">
        <ele>745</ele>
        <extensions>
          <gpxtpx:TrackPointExtension>
            <gpxtpx:Extensions>
              <highway>cycleway</highway>
              <surface>dirt</surface>
              <foot>no</foot>
              <bicycle>yes</bicycle>
              <mtb_scale>2</mtb_scale>
              <oneway>yes</oneway>
            </gpxtpx:Extensions>
          </gpxtpx:TrackPointExtension>
        </extensions>
      </trkpt>
      <trkpt lat="47.286794" lon="11.406852">
        <ele>743</ele>
        <extensions>
          <gpxtpx:TrackPointExtension>
            <gpxtpx:Extensions>
              <highway>cycleway</highway>
              <surface>dirt</surface>
              <foot>no</foot>
              <bicycle>yes</bicycle>
              <mtb_scale>2</mtb_scale>
              <oneway>yes</oneway>
            </gpxtpx:Extensions>
          </gpxtpx:TrackPointExtension>
        </extensions>
      </trkpt>
      <trkpt lat="47.286774" lon="11.40686">
        <ele>742</ele>
        <extensions>
          <gpxtpx:TrackPointExtension>
            <gpxtpx:Extensions>
              <highway>cycleway</highway>
              <surface>dirt</surface>
              <foot>no</foot>
              <bicycle>yes</bicycle>
              <mtb_scale>2</mtb_scale>
              <oneway>yes</oneway>
            </gpxtpx:Extensions>
          </gpxtpx:TrackPointExtension>
        </extensions>
      </trkpt>
      <trkpt lat="47.286741" lon="11.406828">
        <ele>741.25</ele>
        <extensions>
          <gpxtpx:TrackPointExtension>
            <gpxtpx:Extensions>
              <highway>cycleway</highway>
              <surface>dirt</surface>
              <foot>no</foot>
              <bicycle>yes</bicycle>
              <mtb_scale>2</mtb_scale>
              <oneway>yes</oneway>
            </gpxtpx:Extensions>
          </gpxtpx:TrackPointExtension>
        </extensions>
      </trkpt>
      <trkpt lat="47.286712" lon="11.406743">
        <ele>742</ele>
        <extensions>
          <gpxtpx:TrackPointExtension>
            <gpxtpx:Extensions>
              <highway>cycleway</highway>
              <surface>dirt</surface>
              <foot>no</foot>
              <bicycle>yes</bicycle>
              <mtb_scale>2</mtb_scale>
              <oneway>yes</oneway>
            </gpxtpx:Extensions>
          </gpxtpx:TrackPointExtension>
        </extensions>
      </trkpt>
      <trkpt lat="47.286709" lon="11.406685">
        <ele>743.5</ele>
        <extensions>
          <gpxtpx:TrackPointExtension>
            <gpxtpx:Extensions>
              <highway>cycleway</highway>
              <surface>dirt</surface>
              <foot>no</foot>
              <bicycle>yes</bicycle>
              <mtb_scale>2</mtb_scale>
              <oneway>yes</oneway>
            </gpxtpx:Extensions>
          </gpxtpx:TrackPointExtension>
        </extensions>
      </trkpt>
      <trkpt lat="47.286721" lon="11.406631">
        <ele>744.75</ele>
        <extensions>
          <gpxtpx:TrackPointExtension>
            <gpxtpx:Extensions>
              <highway>cycleway</highway>
              <surface>dirt</surface>
              <foot>no</foot>
              <bicycle>yes</bicycle>
              <mtb_scale>2</mtb_scale>
              <oneway>yes</oneway>
            </gpxtpx:Extensions>
          </gpxtpx:TrackPointExtension>
        </extensions>
      </trkpt>
      <trkpt lat="47.2867" lon="11.406556">
        <ele>744.75</ele>
        <extensions>
          <gpxtpx:TrackPointExtension>
            <gpxtpx:Extensions>
              <highway>cycleway</highway>
              <surface>dirt</surface>
              <foot>no</foot>
              <bicycle>yes</bicycle>
              <mtb_scale>2</mtb_scale>
              <oneway>yes</oneway>
            </gpxtpx:Extensions>
          </gpxtpx:TrackPointExtension>
        </extensions>
      </trkpt>
      <trkpt lat="47.286682" lon="11.40655">
        <ele>744</ele>
        <extensions>
          <gpxtpx:TrackPointExtension>
            <gpxtpx:Extensions>
              <highway>cycleway</highway>
              <surface>dirt</surface>
              <foot>no</foot>
              <bicycle>yes</bicycle>
              <mtb_scale>2</mtb_scale>
              <oneway>yes</oneway>
            </gpxtpx:Extensions>
          </gpxtpx:TrackPointExtension>
        </extensions>
      </trkpt>
      <trkpt lat="47.286666" lon="11.406572">
        <ele>743</ele>
        <extensions>
          <gpxtpx:TrackPointExtension>
            <gpxtpx:Extensions>
              <highway>cycleway</highway>
              <surface>dirt</surface>
              <foot>no</foot>
              <bicycle>yes</bicycle>
              <mtb_scale>2</mtb_scale>
              <oneway>yes</oneway>
            </gpxtpx:Extensions>
          </gpxtpx:TrackPointExtension>
        </extensions>
      </trkpt>
      <trkpt lat="47.286666" lon="11.406598">
        <ele>742.75</ele>
        <extensions>
          <gpxtpx:TrackPointExtension>
            <gpxtpx:Extensions>
              <highway>cycleway</highway>
              <surface>dirt</surface>
              <foot>no</foot>
              <bicycle>yes</bicycle>
              <mtb_scale>2</mtb_scale>
              <oneway>yes</oneway>
            </gpxtpx:Extensions>
          </gpxtpx:TrackPointExtension>
        </extensions>
      </trkpt>
      <trkpt lat="47.286678" lon="11.406632">
        <ele>742.75</ele>
        <extensions>
          <gpxtpx:TrackPointExtension>
            <gpxtpx:Extensions>
              <highway>cycleway</highway>
              <surface>dirt</surface>
              <foot>no</foot>
              <bicycle>yes</bicycle>
              <mtb_scale>2</mtb_scale>
              <oneway>yes</oneway>
            </gpxtpx:Extensions>
          </gpxtpx:TrackPointExtension>
        </extensions>
      </trkpt>
      <trkpt lat="47.286672" lon="11.406671">
        <ele>742</ele>
        <extensions>
          <gpxtpx:TrackPointExtension>
            <gpxtpx:Extensions>
              <highway>cycleway</highway>
              <surface>dirt</surface>
              <foot>no</foot>
              <bicycle>yes</bicycle>
              <mtb_scale>2</mtb_scale>
              <oneway>yes</oneway>
            </gpxtpx:Extensions>
          </gpxtpx:TrackPointExtension>
        </extensions>
      </trkpt>
      <trkpt lat="47.286655" lon="11.406717">
        <ele>740</ele>
        <extensions>
          <gpxtpx:TrackPointExtension>
            <gpxtpx:Extensions>
              <highway>cycleway</highway>
              <surface>dirt</surface>
              <foot>no</foot>
              <bicycle>yes</bicycle>
              <mtb_scale>2</mtb_scale>
              <oneway>yes</oneway>
            </gpxtpx:Extensions>
          </gpxtpx:TrackPointExtension>
        </extensions>
      </trkpt>
      <trkpt lat="47.286655" lon="11.406755">
        <ele>739</ele>
        <extensions>
          <gpxtpx:TrackPointExtension>
            <gpxtpx:Extensions>
              <highway>cycleway</highway>
              <surface>dirt</surface>
              <foot>no</foot>
              <bicycle>yes</bicycle>
              <mtb_scale>2</mtb_scale>
              <oneway>yes</oneway>
            </gpxtpx:Extensions>
          </gpxtpx:TrackPointExtension>
        </extensions>
      </trkpt>
      <trkpt lat="47.286665" lon="11.406804">
        <ele>738.25</ele>
        <extensions>
          <gpxtpx:TrackPointExtension>
            <gpxtpx:Extensions>
              <highway>cycleway</highway>
              <surface>dirt</surface>
              <foot>no</foot>
              <bicycle>yes</bicycle>
              <mtb_scale>2</mtb_scale>
              <oneway>yes</oneway>
            </gpxtpx:Extensions>
          </gpxtpx:TrackPointExtension>
        </extensions>
      </trkpt>
      <trkpt lat="47.286697" lon="11.406859">
        <ele>738.5</ele>
        <extensions>
          <gpxtpx:TrackPointExtension>
            <gpxtpx:Extensions>
              <highway>cycleway</highway>
              <surface>dirt</surface>
              <foot>no</foot>
              <bicycle>yes</bicycle>
              <mtb_scale>2</mtb_scale>
              <oneway>yes</oneway>
            </gpxtpx:Extensions>
          </gpxtpx:TrackPointExtension>
        </extensions>
      </trkpt>
      <trkpt lat="47.286681" lon="11.406904">
        <ele>736.5</ele>
        <extensions>
          <gpxtpx:TrackPointExtension>
            <gpxtpx:Extensions>
              <highway>cycleway</highway>
              <surface>dirt</surface>
              <foot>no</foot>
              <bicycle>yes</bicycle>
              <mtb_scale>2</mtb_scale>
              <oneway>yes</oneway>
            </gpxtpx:Extensions>
          </gpxtpx:TrackPointExtension>
        </extensions>
      </trkpt>
      <trkpt lat="47.286659" lon="11.406902">
        <ele>735.5</ele>
        <extensions>
          <gpxtpx:TrackPointExtension>
            <gpxtpx:Extensions>
              <highway>cycleway</highway>
              <surface>dirt</surface>
              <foot>no</foot>
              <bicycle>yes</bicycle>
              <mtb_scale>2</mtb_scale>
              <oneway>yes</oneway>
            </gpxtpx:Extensions>
          </gpxtpx:TrackPointExtension>
        </extensions>
      </trkpt>
      <trkpt lat="47.286641" lon="11.406869">
        <ele>735.25</ele>
        <extensions>
          <gpxtpx:TrackPointExtension>
            <gpxtpx:Extensions>
              <highway>cycleway</highway>
              <surface>dirt</surface>
              <foot>no</foot>
              <bicycle>yes</bicycle>
              <mtb_scale>2</mtb_scale>
              <oneway>yes</oneway>
            </gpxtpx:Extensions>
          </gpxtpx:TrackPointExtension>
        </extensions>
      </trkpt>
      <trkpt lat="47.286622" lon="11.406807">
        <ele>735.75</ele>
        <extensions>
          <gpxtpx:TrackPointExtension>
            <gpxtpx:Extensions>
              <highway>cycleway</highway>
              <surface>dirt</surface>
              <foot>no</foot>
              <bicycle>yes</bicycle>
              <mtb_scale>2</mtb_scale>
              <oneway>yes</oneway>
            </gpxtpx:Extensions>
          </gpxtpx:TrackPointExtension>
        </extensions>
      </trkpt>
      <trkpt lat="47.286617" lon="11.406744">
        <ele>737</ele>
        <extensions>
          <gpxtpx:TrackPointExtension>
            <gpxtpx:Extensions>
              <highway>cycleway</highway>
              <surface>dirt</surface>
              <foot>no</foot>
              <bicycle>yes</bicycle>
              <mtb_scale>2</mtb_scale>
              <oneway>yes</oneway>
            </gpxtpx:Extensions>
          </gpxtpx:TrackPointExtension>
        </extensions>
      </trkpt>
      <trkpt lat="47.286606" lon="11.406703">
        <ele>737.25</ele>
        <extensions>
          <gpxtpx:TrackPointExtension>
            <gpxtpx:Extensions>
              <highway>cycleway</highway>
              <surface>dirt</surface>
              <foot>no</foot>
              <bicycle>yes</bicycle>
              <mtb_scale>2</mtb_scale>
              <oneway>yes</oneway>
            </gpxtpx:Extensions>
          </gpxtpx:TrackPointExtension>
        </extensions>
      </trkpt>
      <trkpt lat="47.28655" lon="11.406659">
        <ele>734.75</ele>
        <extensions>
          <gpxtpx:TrackPointExtension>
            <gpxtpx:Extensions>
              <highway>cycleway</highway>
              <surface>dirt</surface>
              <foot>no</foot>
              <bicycle>yes</bicycle>
              <mtb_scale>2</mtb_scale>
              <oneway>yes</oneway>
            </gpxtpx:Extensions>
          </gpxtpx:TrackPointExtension>
        </extensions>
      </trkpt>
      <trkpt lat="47.286517" lon="11.406554">
        <ele>734</ele>
        <extensions>
          <gpxtpx:TrackPointExtension>
            <gpxtpx:Extensions>
              <highway>cycleway</highway>
              <surface>dirt</surface>
              <foot>no</foot>
              <bicycle>yes</bicycle>
              <mtb_scale>2</mtb_scale>
              <oneway>yes</oneway>
            </gpxtpx:Extensions>
          </gpxtpx:TrackPointExtension>
        </extensions>
      </trkpt>
      <trkpt lat="47.286518" lon="11.406513">
        <ele>734.5</ele>
        <extensions>
          <gpxtpx:TrackPointExtension>
            <gpxtpx:Extensions>
              <highway>cycleway</highway>
              <surface>dirt</surface>
              <foot>no</foot>
              <bicycle>yes</bicycle>
              <mtb_scale>2</mtb_scale>
              <oneway>yes</oneway>
            </gpxtpx:Extensions>
          </gpxtpx:TrackPointExtension>
        </extensions>
      </trkpt>
      <trkpt lat="47.28654" lon="11.40646">
        <ele>736.5</ele>
        <extensions>
          <gpxtpx:TrackPointExtension>
            <gpxtpx:Extensions>
              <highway>cycleway</highway>
              <surface>dirt</surface>
              <foot>no</foot>
              <bicycle>yes</bicycle>
              <mtb_scale>2</mtb_scale>
              <oneway>yes</oneway>
            </gpxtpx:Extensions>
          </gpxtpx:TrackPointExtension>
        </extensions>
      </trkpt>
      <trkpt lat="47.286547" lon="11.406168">
        <ele>740.5</ele>
        <extensions>
          <gpxtpx:TrackPointExtension>
            <gpxtpx:Extensions>
              <highway>cycleway</highway>
              <surface>dirt</surface>
              <foot>no</foot>
              <bicycle>yes</bicycle>
              <mtb_scale>2</mtb_scale>
              <oneway>yes</oneway>
            </gpxtpx:Extensions>
          </gpxtpx:TrackPointExtension>
        </extensions>
      </trkpt>
      <trkpt lat="47.286571" lon="11.406101">
        <ele>742.75</ele>
        <extensions>
          <gpxtpx:TrackPointExtension>
            <gpxtpx:Extensions>
              <highway>cycleway</highway>
              <surface>dirt</surface>
              <foot>no</foot>
              <bicycle>yes</bicycle>
              <mtb_scale>2</mtb_scale>
              <oneway>yes</oneway>
            </gpxtpx:Extensions>
          </gpxtpx:TrackPointExtension>
        </extensions>
      </trkpt>
      <trkpt lat="47.286574" lon="11.406076">
        <ele>743.25</ele>
        <extensions>
          <gpxtpx:TrackPointExtension>
            <gpxtpx:Extensions>
              <highway>cycleway</highway>
              <surface>dirt</surface>
              <foot>no</foot>
              <bicycle>yes</bicycle>
              <mtb_scale>2</mtb_scale>
              <oneway>yes</oneway>
            </gpxtpx:Extensions>
          </gpxtpx:TrackPointExtension>
        </extensions>
      </trkpt>
      <trkpt lat="47.286562" lon="11.40606">
        <ele>742.75</ele>
        <extensions>
          <gpxtpx:TrackPointExtension>
            <gpxtpx:Extensions>
              <highway>cycleway</highway>
              <surface>dirt</surface>
              <foot>no</foot>
              <bicycle>yes</bicycle>
              <mtb_scale>2</mtb_scale>
              <oneway>yes</oneway>
            </gpxtpx:Extensions>
          </gpxtpx:TrackPointExtension>
        </extensions>
      </trkpt>
      <trkpt lat="47.286532" lon="11.406049">
        <ele>741</ele>
        <extensions>
          <gpxtpx:TrackPointExtension>
            <gpxtpx:Extensions>
              <highway>cycleway</highway>
              <surface>dirt</surface>
              <foot>no</foot>
              <bicycle>yes</bicycle>
              <mtb_scale>2</mtb_scale>
              <oneway>yes</oneway>
            </gpxtpx:Extensions>
          </gpxtpx:TrackPointExtension>
        </extensions>
      </trkpt>
      <trkpt lat="47.286509" lon="11.406026">
        <ele>739.75</ele>
        <extensions>
          <gpxtpx:TrackPointExtension>
            <gpxtpx:Extensions>
              <highway>cycleway</highway>
              <surface>dirt</surface>
              <foot>no</foot>
              <bicycle>yes</bicycle>
              <mtb_scale>2</mtb_scale>
              <oneway>yes</oneway>
            </gpxtpx:Extensions>
          </gpxtpx:TrackPointExtension>
        </extensions>
      </trkpt>
      <trkpt lat="47.286498" lon="11.405989">
        <ele>739.5</ele>
        <extensions>
          <gpxtpx:TrackPointExtension>
            <gpxtpx:Extensions>
              <highway>cycleway</highway>
              <surface>dirt</surface>
              <foot>no</foot>
              <bicycle>yes</bicycle>
              <mtb_scale>2</mtb_scale>
              <oneway>yes</oneway>
            </gpxtpx:Extensions>
          </gpxtpx:TrackPointExtension>
        </extensions>
      </trkpt>
      <trkpt lat="47.286489" lon="11.405922">
        <ele>739.75</ele>
        <extensions>
          <gpxtpx:TrackPointExtension>
            <gpxtpx:Extensions>
              <highway>cycleway</highway>
              <surface>dirt</surface>
              <foot>no</foot>
              <bicycle>yes</bicycle>
              <mtb_scale>2</mtb_scale>
              <oneway>yes</oneway>
            </gpxtpx:Extensions>
          </gpxtpx:TrackPointExtension>
        </extensions>
      </trkpt>
      <trkpt lat="47.286463" lon="11.405873">
        <ele>738.75</ele>
        <extensions>
          <gpxtpx:TrackPointExtension>
            <gpxtpx:Extensions>
              <highway>cycleway</highway>
              <surface>dirt</surface>
              <foot>no</foot>
              <bicycle>yes</bicycle>
              <mtb_scale>2</mtb_scale>
              <oneway>yes</oneway>
            </gpxtpx:Extensions>
          </gpxtpx:TrackPointExtension>
        </extensions>
      </trkpt>
      <trkpt lat="47.286426" lon="11.405824">
        <ele>737</ele>
        <extensions>
          <gpxtpx:TrackPointExtension>
            <gpxtpx:Extensions>
              <highway>cycleway</highway>
              <surface>dirt</surface>
              <foot>no</foot>
              <bicycle>yes</bicycle>
              <mtb_scale>2</mtb_scale>
              <oneway>yes</oneway>
            </gpxtpx:Extensions>
          </gpxtpx:TrackPointExtension>
        </extensions>
      </trkpt>
      <trkpt lat="47.286401" lon="11.405739">
        <ele>737.5</ele>
        <extensions>
          <gpxtpx:TrackPointExtension>
            <gpxtpx:Extensions>
              <highway>cycleway</highway>
              <surface>dirt</surface>
              <foot>no</foot>
              <bicycle>yes</bicycle>
              <mtb_scale>2</mtb_scale>
              <oneway>yes</oneway>
            </gpxtpx:Extensions>
          </gpxtpx:TrackPointExtension>
        </extensions>
      </trkpt>
      <trkpt lat="47.286397" lon="11.405698">
        <ele>738.25</ele>
        <extensions>
          <gpxtpx:TrackPointExtension>
            <gpxtpx:Extensions>
              <highway>cycleway</highway>
              <surface>dirt</surface>
              <foot>no</foot>
              <bicycle>yes</bicycle>
              <mtb_scale>2</mtb_scale>
              <oneway>yes</oneway>
            </gpxtpx:Extensions>
          </gpxtpx:TrackPointExtension>
        </extensions>
      </trkpt>
      <trkpt lat="47.286409" lon="11.405666">
        <ele>739.5</ele>
        <extensions>
          <gpxtpx:TrackPointExtension>
            <gpxtpx:Extensions>
              <highway>cycleway</highway>
              <surface>dirt</surface>
              <foot>no</foot>
              <bicycle>yes</bicycle>
              <mtb_scale>2</mtb_scale>
              <oneway>yes</oneway>
            </gpxtpx:Extensions>
          </gpxtpx:TrackPointExtension>
        </extensions>
      </trkpt>
      <trkpt lat="47.286435" lon="11.405636">
        <ele>741.75</ele>
        <extensions>
          <gpxtpx:TrackPointExtension>
            <gpxtpx:Extensions>
              <highway>cycleway</highway>
              <surface>dirt</surface>
              <foot>no</foot>
              <bicycle>yes</bicycle>
              <mtb_scale>2</mtb_scale>
              <oneway>yes</oneway>
            </gpxtpx:Extensions>
          </gpxtpx:TrackPointExtension>
        </extensions>
      </trkpt>
      <trkpt lat="47.286442" lon="11.405581">
        <ele>743.5</ele>
        <extensions>
          <gpxtpx:TrackPointExtension>
            <gpxtpx:Extensions>
              <highway>cycleway</highway>
              <surface>dirt</surface>
              <foot>no</foot>
              <bicycle>yes</bicycle>
              <mtb_scale>2</mtb_scale>
              <oneway>yes</oneway>
            </gpxtpx:Extensions>
          </gpxtpx:TrackPointExtension>
        </extensions>
      </trkpt>
      <trkpt lat="47.286416" lon="11.405536">
        <ele>743</ele>
        <extensions>
          <gpxtpx:TrackPointExtension>
            <gpxtpx:Extensions>
              <highway>cycleway</highway>
              <surface>dirt</surface>
              <foot>no</foot>
              <bicycle>yes</bicycle>
              <mtb_scale>2</mtb_scale>
              <oneway>yes</oneway>
            </gpxtpx:Extensions>
          </gpxtpx:TrackPointExtension>
        </extensions>
      </trkpt>
      <trkpt lat="47.286335" lon="11.405553">
        <ele>738</ele>
        <extensions>
          <gpxtpx:TrackPointExtension>
            <gpxtpx:Extensions>
              <highway>cycleway</highway>
              <surface>dirt</surface>
              <foot>no</foot>
              <bicycle>yes</bicycle>
              <mtb_scale>2</mtb_scale>
              <oneway>yes</oneway>
            </gpxtpx:Extensions>
          </gpxtpx:TrackPointExtension>
        </extensions>
      </trkpt>
      <trkpt lat="47.286297" lon="11.405528">
        <ele>736.5</ele>
        <extensions>
          <gpxtpx:TrackPointExtension>
            <gpxtpx:Extensions>
              <highway>cycleway</highway>
              <surface>dirt</surface>
              <foot>no</foot>
              <bicycle>yes</bicycle>
              <mtb_scale>2</mtb_scale>
              <oneway>yes</oneway>
            </gpxtpx:Extensions>
          </gpxtpx:TrackPointExtension>
        </extensions>
      </trkpt>
      <trkpt lat="47.286263" lon="11.405476">
        <ele>735.75</ele>
        <extensions>
          <gpxtpx:TrackPointExtension>
            <gpxtpx:Extensions>
              <highway>cycleway</highway>
              <surface>dirt</surface>
              <foot>no</foot>
              <bicycle>yes</bicycle>
              <mtb_scale>2</mtb_scale>
              <oneway>yes</oneway>
            </gpxtpx:Extensions>
          </gpxtpx:TrackPointExtension>
        </extensions>
      </trkpt>
      <trkpt lat="47.286187" lon="11.405444">
        <ele>732.5</ele>
        <extensions>
          <gpxtpx:TrackPointExtension>
            <gpxtpx:Extensions>
              <highway>cycleway</highway>
              <surface>dirt</surface>
              <foot>no</foot>
              <bicycle>yes</bicycle>
              <mtb_scale>2</mtb_scale>
              <oneway>yes</oneway>
            </gpxtpx:Extensions>
          </gpxtpx:TrackPointExtension>
        </extensions>
      </trkpt>
      <trkpt lat="47.286102" lon="11.405451">
        <ele>727.5</ele>
        <extensions>
          <gpxtpx:TrackPointExtension>
            <gpxtpx:Extensions>
              <highway>cycleway</highway>
              <surface>dirt</surface>
              <foot>no</foot>
              <bicycle>yes</bicycle>
              <mtb_scale>2</mtb_scale>
              <oneway>yes</oneway>
            </gpxtpx:Extensions>
          </gpxtpx:TrackPointExtension>
        </extensions>
      </trkpt>
      <trkpt lat="47.286085" lon="11.405447">
        <ele>725.5</ele>
        <extensions>
          <gpxtpx:TrackPointExtension>
            <gpxtpx:Extensions>
              <highway>cycleway</highway>
              <surface>dirt</surface>
              <foot>no</foot>
              <bicycle>yes</bicycle>
              <mtb_scale>2</mtb_scale>
              <oneway>yes</oneway>
            </gpxtpx:Extensions>
          </gpxtpx:TrackPointExtension>
        </extensions>
      </trkpt>
      <trkpt lat="47.286058" lon="11.405441">
        <ele>725.5</ele>
        <extensions>
          <gpxtpx:TrackPointExtension>
            <gpxtpx:Extensions>
              <highway>cycleway</highway>
              <surface>dirt</surface>
              <foot>no</foot>
              <bicycle>yes</bicycle>
              <mtb_scale>2</mtb_scale>
              <oneway>yes</oneway>
            </gpxtpx:Extensions>
          </gpxtpx:TrackPointExtension>
        </extensions>
      </trkpt>
      <trkpt lat="47.285915" lon="11.405336">
        <ele>721</ele>
        <extensions>
          <gpxtpx:TrackPointExtension>
            <gpxtpx:Extensions>
              <highway>cycleway</highway>
              <surface>dirt</surface>
              <foot>no</foot>
              <bicycle>yes</bicycle>
              <mtb_scale>2</mtb_scale>
              <oneway>yes</oneway>
            </gpxtpx:Extensions>
          </gpxtpx:TrackPointExtension>
        </extensions>
      </trkpt>
      <trkpt lat="47.285814" lon="11.405297">
        <ele>717</ele>
        <extensions>
          <gpxtpx:TrackPointExtension>
            <gpxtpx:Extensions>
              <highway>cycleway</highway>
              <surface>dirt</surface>
              <foot>no</foot>
              <bicycle>yes</bicycle>
              <mtb_scale>2</mtb_scale>
              <oneway>yes</oneway>
            </gpxtpx:Extensions>
          </gpxtpx:TrackPointExtension>
        </extensions>
      </trkpt>
      <trkpt lat="47.28581" lon="11.405273">
        <ele>717.5</ele>
        <extensions>
          <gpxtpx:TrackPointExtension>
            <gpxtpx:Extensions>
              <highway>cycleway</highway>
              <surface>dirt</surface>
              <foot>no</foot>
              <bicycle>yes</bicycle>
              <mtb_scale>2</mtb_scale>
              <oneway>yes</oneway>
            </gpxtpx:Extensions>
          </gpxtpx:TrackPointExtension>
        </extensions>
      </trkpt>
      <trkpt lat="47.285823" lon="11.405178">
        <ele>721.25</ele>
        <extensions>
          <gpxtpx:TrackPointExtension>
            <gpxtpx:Extensions>
              <highway>cycleway</highway>
              <surface>dirt</surface>
              <foot>no</foot>
              <bicycle>yes</bicycle>
              <mtb_scale>2</mtb_scale>
              <oneway>yes</oneway>
            </gpxtpx:Extensions>
          </gpxtpx:TrackPointExtension>
        </extensions>
      </trkpt>
      <trkpt lat="47.285816" lon="11.405152">
        <ele>721.75</ele>
        <extensions>
          <gpxtpx:TrackPointExtension>
            <gpxtpx:Extensions>
              <highway>cycleway</highway>
              <surface>dirt</surface>
              <foot>no</foot>
              <bicycle>yes</bicycle>
              <mtb_scale>2</mtb_scale>
              <oneway>yes</oneway>
            </gpxtpx:Extensions>
          </gpxtpx:TrackPointExtension>
        </extensions>
      </trkpt>
      <trkpt lat="47.285789" lon="11.405148">
        <ele>720.5</ele>
        <extensions>
          <gpxtpx:TrackPointExtension>
            <gpxtpx:Extensions>
              <highway>cycleway</highway>
              <surface>dirt</surface>
              <foot>no</foot>
              <bicycle>yes</bicycle>
              <mtb_scale>2</mtb_scale>
              <oneway>yes</oneway>
            </gpxtpx:Extensions>
          </gpxtpx:TrackPointExtension>
        </extensions>
      </trkpt>
      <trkpt lat="47.285749" lon="11.405162">
        <ele>718</ele>
        <extensions>
          <gpxtpx:TrackPointExtension>
            <gpxtpx:Extensions>
              <highway>cycleway</highway>
              <surface>dirt</surface>
              <foot>no</foot>
              <bicycle>yes</bicycle>
              <mtb_scale>2</mtb_scale>
              <oneway>yes</oneway>
            </gpxtpx:Extensions>
          </gpxtpx:TrackPointExtension>
        </extensions>
      </trkpt>
      <trkpt lat="47.285706" lon="11.405151">
        <ele>716.25</ele>
        <extensions>
          <gpxtpx:TrackPointExtension>
            <gpxtpx:Extensions>
              <highway>cycleway</highway>
              <surface>dirt</surface>
              <foot>no</foot>
              <bicycle>yes</bicycle>
              <mtb_scale>2</mtb_scale>
              <oneway>yes</oneway>
            </gpxtpx:Extensions>
          </gpxtpx:TrackPointExtension>
        </extensions>
      </trkpt>
      <trkpt lat="47.285678" lon="11.405133">
        <ele>715.25</ele>
        <extensions>
          <gpxtpx:TrackPointExtension>
            <gpxtpx:Extensions>
              <highway>cycleway</highway>
              <surface>dirt</surface>
              <foot>no</foot>
              <bicycle>yes</bicycle>
              <mtb_scale>2</mtb_scale>
              <oneway>yes</oneway>
            </gpxtpx:Extensions>
          </gpxtpx:TrackPointExtension>
        </extensions>
      </trkpt>
      <trkpt lat="47.285641" lon="11.405064">
        <ele>715.75</ele>
        <extensions>
          <gpxtpx:TrackPointExtension>
            <gpxtpx:Extensions>
              <highway>cycleway</highway>
              <surface>dirt</surface>
              <foot>no</foot>
              <bicycle>yes</bicycle>
              <mtb_scale>2</mtb_scale>
              <oneway>yes</oneway>
            </gpxtpx:Extensions>
          </gpxtpx:TrackPointExtension>
        </extensions>
      </trkpt>
      <trkpt lat="47.285577" lon="11.404862">
        <ele>717.5</ele>
        <extensions>
          <gpxtpx:TrackPointExtension>
            <gpxtpx:Extensions>
              <highway>cycleway</highway>
              <surface>dirt</surface>
              <foot>no</foot>
              <bicycle>yes</bicycle>
              <mtb_scale>2</mtb_scale>
              <oneway>yes</oneway>
            </gpxtpx:Extensions>
          </gpxtpx:TrackPointExtension>
        </extensions>
      </trkpt>
      <trkpt lat="47.285509" lon="11.404733">
        <ele>717.25</ele>
        <extensions>
          <gpxtpx:TrackPointExtension>
            <gpxtpx:Extensions>
              <highway>cycleway</highway>
              <surface>dirt</surface>
              <foot>no</foot>
              <bicycle>yes</bicycle>
              <mtb_scale>2</mtb_scale>
              <oneway>yes</oneway>
            </gpxtpx:Extensions>
          </gpxtpx:TrackPointExtension>
        </extensions>
      </trkpt>
      <trkpt lat="47.285492" lon="11.404603">
        <ele>719.75</ele>
        <extensions>
          <gpxtpx:TrackPointExtension>
            <gpxtpx:Extensions>
              <highway>cycleway</highway>
              <surface>dirt</surface>
              <foot>no</foot>
              <bicycle>yes</bicycle>
              <mtb_scale>2</mtb_scale>
              <oneway>yes</oneway>
            </gpxtpx:Extensions>
          </gpxtpx:TrackPointExtension>
        </extensions>
      </trkpt>
      <trkpt lat="47.285448" lon="11.404492">
        <ele>720.5</ele>
        <extensions>
          <gpxtpx:TrackPointExtension>
            <gpxtpx:Extensions>
              <highway>cycleway</highway>
              <surface>dirt</surface>
              <foot>no</foot>
              <bicycle>yes</bicycle>
              <mtb_scale>2</mtb_scale>
              <oneway>yes</oneway>
            </gpxtpx:Extensions>
          </gpxtpx:TrackPointExtension>
        </extensions>
      </trkpt>
      <trkpt lat="47.285406" lon="11.404276">
        <ele>724</ele>
        <extensions>
          <gpxtpx:TrackPointExtension>
            <gpxtpx:Extensions>
              <highway>cycleway</highway>
              <surface>dirt</surface>
              <foot>no</foot>
              <bicycle>yes</bicycle>
              <mtb_scale>2</mtb_scale>
              <oneway>yes</oneway>
            </gpxtpx:Extensions>
          </gpxtpx:TrackPointExtension>
        </extensions>
      </trkpt>
      <trkpt lat="47.285372" lon="11.404159">
        <ele>725.75</ele>
        <extensions>
          <gpxtpx:TrackPointExtension>
            <gpxtpx:Extensions>
              <highway>cycleway</highway>
              <surface>dirt</surface>
              <foot>no</foot>
              <bicycle>yes</bicycle>
              <mtb_scale>2</mtb_scale>
              <oneway>yes</oneway>
            </gpxtpx:Extensions>
          </gpxtpx:TrackPointExtension>
        </extensions>
      </trkpt>
      <trkpt lat="47.28525" lon="11.403971">
        <ele>727.25</ele>
        <extensions>
          <gpxtpx:TrackPointExtension>
            <gpxtpx:Extensions>
              <highway>cycleway</highway>
              <surface>dirt</surface>
              <foot>no</foot>
              <bicycle>yes</bicycle>
              <mtb_scale>2</mtb_scale>
              <oneway>yes</oneway>
            </gpxtpx:Extensions>
          </gpxtpx:TrackPointExtension>
        </extensions>
      </trkpt>
      <trkpt lat="47.28519" lon="11.403917">
        <ele>726.75</ele>
        <extensions>
          <gpxtpx:TrackPointExtension>
            <gpxtpx:Extensions>
              <highway>cycleway</highway>
              <surface>dirt</surface>
              <foot>no</foot>
              <bicycle>yes</bicycle>
              <mtb_scale>2</mtb_scale>
              <oneway>yes</oneway>
            </gpxtpx:Extensions>
          </gpxtpx:TrackPointExtension>
        </extensions>
      </trkpt>
      <trkpt lat="47.285163" lon="11.403922">
        <ele>725.75</ele>
        <extensions>
          <gpxtpx:TrackPointExtension>
            <gpxtpx:Extensions>
              <highway>cycleway</highway>
              <surface>dirt</surface>
              <foot>no</foot>
              <bicycle>yes</bicycle>
              <mtb_scale>2</mtb_scale>
              <oneway>yes</oneway>
            </gpxtpx:Extensions>
          </gpxtpx:TrackPointExtension>
        </extensions>
      </trkpt>
      <trkpt lat="47.285151" lon="11.403944">
        <ele>724.5</ele>
        <extensions>
          <gpxtpx:TrackPointExtension>
            <gpxtpx:Extensions>
              <highway>track</highway>
              <tracktype>grade2</tracktype>
              <bicycle>yes</bicycle>
              <vehicle>agricultural</vehicle>
            </gpxtpx:Extensions>
          </gpxtpx:TrackPointExtension>
        </extensions>
      </trkpt>
      <trkpt lat="47.285138" lon="11.403939">
        <ele>724</ele>
        <extensions>
          <gpxtpx:TrackPointExtension>
            <gpxtpx:Extensions>
              <reversedirection>yes</reversedirection>
              <highway>track</highway>
              <tracktype>grade2</tracktype>
              <bicycle>yes</bicycle>
              <vehicle>agricultural</vehicle>
            </gpxtpx:Extensions>
          </gpxtpx:TrackPointExtension>
        </extensions>
      </trkpt>
      <trkpt lat="47.285137" lon="11.403938">
        <ele>724</ele>
        <extensions>
          <gpxtpx:TrackPointExtension>
            <gpxtpx:Extensions>
              <reversedirection>yes</reversedirection>
              <highway>track</highway>
              <tracktype>grade2</tracktype>
              <bicycle>yes</bicycle>
              <vehicle>agricultural</vehicle>
            </gpxtpx:Extensions>
          </gpxtpx:TrackPointExtension>
        </extensions>
      </trkpt>
      <trkpt lat="47.285151" lon="11.403944">
        <ele>724.5</ele>
        <extensions>
          <gpxtpx:TrackPointExtension>
            <gpxtpx:Extensions>
              <highway>cycleway</highway>
              <surface>dirt</surface>
              <foot>no</foot>
              <bicycle>yes</bicycle>
              <mtb_scale>2</mtb_scale>
              <oneway>yes</oneway>
            </gpxtpx:Extensions>
          </gpxtpx:TrackPointExtension>
        </extensions>
      </trkpt>
      <trkpt lat="47.285126" lon="11.403993">
        <ele>721.75</ele>
        <extensions>
          <gpxtpx:TrackPointExtension>
            <gpxtpx:Extensions>
              <highway>cycleway</highway>
              <surface>dirt</surface>
              <foot>no</foot>
              <bicycle>yes</bicycle>
              <mtb_scale>2</mtb_scale>
              <oneway>yes</oneway>
            </gpxtpx:Extensions>
          </gpxtpx:TrackPointExtension>
        </extensions>
      </trkpt>
      <trkpt lat="47.284871" lon="11.40418">
        <ele>708.25</ele>
        <extensions>
          <gpxtpx:TrackPointExtension>
            <gpxtpx:Extensions>
              <highway>cycleway</highway>
              <surface>dirt</surface>
              <foot>no</foot>
              <bicycle>yes</bicycle>
              <mtb_scale>2</mtb_scale>
              <oneway>yes</oneway>
            </gpxtpx:Extensions>
          </gpxtpx:TrackPointExtension>
        </extensions>
      </trkpt>
      <trkpt lat="47.284645" lon="11.404153">
        <ele>707.5</ele>
        <extensions>
          <gpxtpx:TrackPointExtension>
            <gpxtpx:Extensions>
              <highway>cycleway</highway>
              <surface>dirt</surface>
              <foot>no</foot>
              <bicycle>yes</bicycle>
              <mtb_scale>2</mtb_scale>
              <oneway>yes</oneway>
            </gpxtpx:Extensions>
          </gpxtpx:TrackPointExtension>
        </extensions>
      </trkpt>
      <trkpt lat="47.284477" lon="11.404216">
        <ele>703.75</ele>
        <extensions>
          <gpxtpx:TrackPointExtension>
            <gpxtpx:Extensions>
              <highway>cycleway</highway>
              <surface>dirt</surface>
              <foot>no</foot>
              <bicycle>yes</bicycle>
              <mtb_scale>2</mtb_scale>
              <oneway>yes</oneway>
            </gpxtpx:Extensions>
          </gpxtpx:TrackPointExtension>
        </extensions>
      </trkpt>
      <trkpt lat="47.284321" lon="11.404346">
        <ele>697.25</ele>
        <extensions>
          <gpxtpx:TrackPointExtension>
            <gpxtpx:Extensions>
              <highway>cycleway</highway>
              <surface>dirt</surface>
              <foot>no</foot>
              <bicycle>yes</bicycle>
              <mtb_scale>2</mtb_scale>
              <oneway>yes</oneway>
            </gpxtpx:Extensions>
          </gpxtpx:TrackPointExtension>
        </extensions>
      </trkpt>
      <trkpt lat="47.284003" lon="11.404184">
        <ele>696.75</ele>
        <extensions>
          <gpxtpx:TrackPointExtension>
            <gpxtpx:Extensions>
              <highway>cycleway</highway>
              <surface>dirt</surface>
              <foot>no</foot>
              <bicycle>yes</bicycle>
              <mtb_scale>2</mtb_scale>
              <oneway>yes</oneway>
            </gpxtpx:Extensions>
          </gpxtpx:TrackPointExtension>
        </extensions>
      </trkpt>
      <trkpt lat="47.283789" lon="11.403907">
        <ele>698.5</ele>
        <extensions>
          <gpxtpx:TrackPointExtension>
            <gpxtpx:Extensions>
              <highway>cycleway</highway>
              <surface>dirt</surface>
              <foot>no</foot>
              <bicycle>yes</bicycle>
              <mtb_scale>2</mtb_scale>
              <oneway>yes</oneway>
            </gpxtpx:Extensions>
          </gpxtpx:TrackPointExtension>
        </extensions>
      </trkpt>
      <trkpt lat="47.283713" lon="11.403732">
        <ele>701.25</ele>
        <extensions>
          <gpxtpx:TrackPointExtension>
            <gpxtpx:Extensions>
              <highway>cycleway</highway>
              <surface>dirt</surface>
              <foot>no</foot>
              <bicycle>yes</bicycle>
              <mtb_scale>2</mtb_scale>
              <oneway>yes</oneway>
            </gpxtpx:Extensions>
          </gpxtpx:TrackPointExtension>
        </extensions>
      </trkpt>
      <trkpt lat="47.283568" lon="11.40364">
        <ele>699</ele>
        <extensions>
          <gpxtpx:TrackPointExtension>
            <gpxtpx:Extensions>
              <highway>cycleway</highway>
              <surface>dirt</surface>
              <foot>no</foot>
              <bicycle>yes</bicycle>
              <mtb_scale>2</mtb_scale>
              <oneway>yes</oneway>
            </gpxtpx:Extensions>
          </gpxtpx:TrackPointExtension>
        </extensions>
      </trkpt>
      <trkpt lat="47.283472" lon="11.403563">
        <ele>698</ele>
        <extensions>
          <gpxtpx:TrackPointExtension>
            <gpxtpx:Extensions>
              <highway>cycleway</highway>
              <surface>dirt</surface>
              <foot>no</foot>
              <bicycle>yes</bicycle>
              <mtb_scale>2</mtb_scale>
              <oneway>yes</oneway>
            </gpxtpx:Extensions>
          </gpxtpx:TrackPointExtension>
        </extensions>
      </trkpt>
      <trkpt lat="47.283366" lon="11.403496">
        <ele>696.25</ele>
        <extensions>
          <gpxtpx:TrackPointExtension>
            <gpxtpx:Extensions>
              <highway>cycleway</highway>
              <surface>dirt</surface>
              <foot>no</foot>
              <bicycle>yes</bicycle>
              <mtb_scale>2</mtb_scale>
              <oneway>yes</oneway>
            </gpxtpx:Extensions>
          </gpxtpx:TrackPointExtension>
        </extensions>
      </trkpt>
      <trkpt lat="47.283284" lon="11.403363">
        <ele>697</ele>
        <extensions>
          <gpxtpx:TrackPointExtension>
            <gpxtpx:Extensions>
              <highway>cycleway</highway>
              <surface>dirt</surface>
              <foot>no</foot>
              <bicycle>yes</bicycle>
              <mtb_scale>2</mtb_scale>
              <oneway>yes</oneway>
            </gpxtpx:Extensions>
          </gpxtpx:TrackPointExtension>
        </extensions>
      </trkpt>
      <trkpt lat="47.283201" lon="11.40329">
        <ele>695.25</ele>
        <extensions>
          <gpxtpx:TrackPointExtension>
            <gpxtpx:Extensions>
              <highway>cycleway</highway>
              <surface>dirt</surface>
              <foot>no</foot>
              <bicycle>yes</bicycle>
              <mtb_scale>2</mtb_scale>
              <oneway>yes</oneway>
            </gpxtpx:Extensions>
          </gpxtpx:TrackPointExtension>
        </extensions>
      </trkpt>
      <trkpt lat="47.283147" lon="11.403211">
        <ele>694.5</ele>
        <extensions>
          <gpxtpx:TrackPointExtension>
            <gpxtpx:Extensions>
              <highway>cycleway</highway>
              <surface>dirt</surface>
              <foot>no</foot>
              <bicycle>yes</bicycle>
              <mtb_scale>2</mtb_scale>
              <oneway>yes</oneway>
            </gpxtpx:Extensions>
          </gpxtpx:TrackPointExtension>
        </extensions>
      </trkpt>
      <trkpt lat="47.283118" lon="11.403094">
        <ele>695.5</ele>
        <extensions>
          <gpxtpx:TrackPointExtension>
            <gpxtpx:Extensions>
              <highway>cycleway</highway>
              <surface>dirt</surface>
              <foot>no</foot>
              <bicycle>yes</bicycle>
              <mtb_scale>2</mtb_scale>
              <oneway>yes</oneway>
            </gpxtpx:Extensions>
          </gpxtpx:TrackPointExtension>
        </extensions>
      </trkpt>
      <trkpt lat="47.283111" lon="11.402947">
        <ele>698</ele>
        <extensions>
          <gpxtpx:TrackPointExtension>
            <gpxtpx:Extensions>
              <highway>cycleway</highway>
              <surface>dirt</surface>
              <foot>no</foot>
              <bicycle>yes</bicycle>
              <mtb_scale>2</mtb_scale>
              <oneway>yes</oneway>
            </gpxtpx:Extensions>
          </gpxtpx:TrackPointExtension>
        </extensions>
      </trkpt>
      <trkpt lat="47.283096" lon="11.402862">
        <ele>699</ele>
        <extensions>
          <gpxtpx:TrackPointExtension>
            <gpxtpx:Extensions>
              <highway>cycleway</highway>
              <surface>dirt</surface>
              <foot>no</foot>
              <bicycle>yes</bicycle>
              <mtb_scale>2</mtb_scale>
              <oneway>yes</oneway>
            </gpxtpx:Extensions>
          </gpxtpx:TrackPointExtension>
        </extensions>
      </trkpt>
      <trkpt lat="47.283076" lon="11.402838">
        <ele>698.5</ele>
        <extensions>
          <gpxtpx:TrackPointExtension>
            <gpxtpx:Extensions>
              <highway>cycleway</highway>
              <surface>dirt</surface>
              <foot>no</foot>
              <bicycle>yes</bicycle>
              <mtb_scale>2</mtb_scale>
              <oneway>yes</oneway>
            </gpxtpx:Extensions>
          </gpxtpx:TrackPointExtension>
        </extensions>
      </trkpt>
      <trkpt lat="47.283049" lon="11.40286">
        <ele>697</ele>
        <extensions>
          <gpxtpx:TrackPointExtension>
            <gpxtpx:Extensions>
              <highway>cycleway</highway>
              <surface>dirt</surface>
              <foot>no</foot>
              <bicycle>yes</bicycle>
              <mtb_scale>2</mtb_scale>
              <oneway>yes</oneway>
            </gpxtpx:Extensions>
          </gpxtpx:TrackPointExtension>
        </extensions>
      </trkpt>
      <trkpt lat="47.28304" lon="11.402914">
        <ele>695.5</ele>
        <extensions>
          <gpxtpx:TrackPointExtension>
            <gpxtpx:Extensions>
              <highway>cycleway</highway>
              <surface>dirt</surface>
              <foot>no</foot>
              <bicycle>yes</bicycle>
              <mtb_scale>2</mtb_scale>
              <oneway>yes</oneway>
            </gpxtpx:Extensions>
          </gpxtpx:TrackPointExtension>
        </extensions>
      </trkpt>
      <trkpt lat="47.283042" lon="11.403111">
        <ele>692</ele>
        <extensions>
          <gpxtpx:TrackPointExtension>
            <gpxtpx:Extensions>
              <highway>cycleway</highway>
              <surface>dirt</surface>
              <foot>no</foot>
              <bicycle>yes</bicycle>
              <mtb_scale>2</mtb_scale>
              <oneway>yes</oneway>
            </gpxtpx:Extensions>
          </gpxtpx:TrackPointExtension>
        </extensions>
      </trkpt>
      <trkpt lat="47.283029" lon="11.403284">
        <ele>688</ele>
        <extensions>
          <gpxtpx:TrackPointExtension>
            <gpxtpx:Extensions>
              <highway>cycleway</highway>
              <surface>dirt</surface>
              <foot>no</foot>
              <bicycle>yes</bicycle>
              <mtb_scale>2</mtb_scale>
              <oneway>yes</oneway>
            </gpxtpx:Extensions>
          </gpxtpx:TrackPointExtension>
        </extensions>
      </trkpt>
      <trkpt lat="47.283082" lon="11.403469">
        <ele>685.25</ele>
        <extensions>
          <gpxtpx:TrackPointExtension>
            <gpxtpx:Extensions>
              <highway>cycleway</highway>
              <surface>dirt</surface>
              <foot>no</foot>
              <bicycle>yes</bicycle>
              <mtb_scale>2</mtb_scale>
              <oneway>yes</oneway>
            </gpxtpx:Extensions>
          </gpxtpx:TrackPointExtension>
        </extensions>
      </trkpt>
      <trkpt lat="47.283128" lon="11.403558">
        <ele>684.5</ele>
        <extensions>
          <gpxtpx:TrackPointExtension>
            <gpxtpx:Extensions>
              <highway>cycleway</highway>
              <surface>dirt</surface>
              <foot>no</foot>
              <bicycle>yes</bicycle>
              <mtb_scale>2</mtb_scale>
              <oneway>yes</oneway>
            </gpxtpx:Extensions>
          </gpxtpx:TrackPointExtension>
        </extensions>
      </trkpt>
      <trkpt lat="47.283149" lon="11.403599">
        <ele>684.5</ele>
        <extensions>
          <gpxtpx:TrackPointExtension>
            <gpxtpx:Extensions>
              <highway>cycleway</highway>
              <surface>dirt</surface>
              <foot>no</foot>
              <bicycle>yes</bicycle>
              <mtb_scale>2</mtb_scale>
              <oneway>yes</oneway>
            </gpxtpx:Extensions>
          </gpxtpx:TrackPointExtension>
        </extensions>
      </trkpt>
      <trkpt lat="47.283156" lon="11.40364">
        <ele>683.5</ele>
        <extensions>
          <gpxtpx:TrackPointExtension>
            <gpxtpx:Extensions>
              <highway>cycleway</highway>
              <surface>dirt</surface>
              <foot>no</foot>
              <bicycle>yes</bicycle>
              <mtb_scale>2</mtb_scale>
              <oneway>yes</oneway>
            </gpxtpx:Extensions>
          </gpxtpx:TrackPointExtension>
        </extensions>
      </trkpt>
      <trkpt lat="47.283126" lon="11.403662">
        <ele>681.5</ele>
        <extensions>
          <gpxtpx:TrackPointExtension>
            <gpxtpx:Extensions>
              <highway>cycleway</highway>
              <surface>dirt</surface>
              <foot>no</foot>
              <bicycle>yes</bicycle>
              <mtb_scale>2</mtb_scale>
              <oneway>yes</oneway>
            </gpxtpx:Extensions>
          </gpxtpx:TrackPointExtension>
        </extensions>
      </trkpt>
      <trkpt lat="47.282939" lon="11.403358">
        <ele>682.5</ele>
        <extensions>
          <gpxtpx:TrackPointExtension>
            <gpxtpx:Extensions>
              <highway>cycleway</highway>
              <surface>dirt</surface>
              <foot>no</foot>
              <bicycle>yes</bicycle>
              <mtb_scale>2</mtb_scale>
              <oneway>yes</oneway>
            </gpxtpx:Extensions>
          </gpxtpx:TrackPointExtension>
        </extensions>
      </trkpt>
      <trkpt lat="47.282895" lon="11.403189">
        <ele>684.25</ele>
        <extensions>
          <gpxtpx:TrackPointExtension>
            <gpxtpx:Extensions>
              <highway>cycleway</highway>
              <surface>dirt</surface>
              <foot>no</foot>
              <bicycle>yes</bicycle>
              <mtb_scale>2</mtb_scale>
              <oneway>yes</oneway>
            </gpxtpx:Extensions>
          </gpxtpx:TrackPointExtension>
        </extensions>
      </trkpt>
      <trkpt lat="47.282884" lon="11.403035">
        <ele>686.5</ele>
        <extensions>
          <gpxtpx:TrackPointExtension>
            <gpxtpx:Extensions>
              <highway>cycleway</highway>
              <surface>dirt</surface>
              <foot>no</foot>
              <bicycle>yes</bicycle>
              <mtb_scale>2</mtb_scale>
              <oneway>yes</oneway>
            </gpxtpx:Extensions>
          </gpxtpx:TrackPointExtension>
        </extensions>
      </trkpt>
      <trkpt lat="47.282863" lon="11.40303">
        <ele>685.75</ele>
        <extensions>
          <gpxtpx:TrackPointExtension>
            <gpxtpx:Extensions>
              <highway>cycleway</highway>
              <surface>dirt</surface>
              <foot>no</foot>
              <bicycle>yes</bicycle>
              <mtb_scale>2</mtb_scale>
              <oneway>yes</oneway>
            </gpxtpx:Extensions>
          </gpxtpx:TrackPointExtension>
        </extensions>
      </trkpt>
      <trkpt lat="47.282861" lon="11.403153">
        <ele>683.25</ele>
        <extensions>
          <gpxtpx:TrackPointExtension>
            <gpxtpx:Extensions>
              <highway>cycleway</highway>
              <surface>dirt</surface>
              <foot>no</foot>
              <bicycle>yes</bicycle>
              <mtb_scale>2</mtb_scale>
              <oneway>yes</oneway>
            </gpxtpx:Extensions>
          </gpxtpx:TrackPointExtension>
        </extensions>
      </trkpt>
      <trkpt lat="47.282872" lon="11.403233">
        <ele>682.25</ele>
        <extensions>
          <gpxtpx:TrackPointExtension>
            <gpxtpx:Extensions>
              <highway>cycleway</highway>
              <surface>dirt</surface>
              <foot>no</foot>
              <bicycle>yes</bicycle>
              <mtb_scale>2</mtb_scale>
              <oneway>yes</oneway>
            </gpxtpx:Extensions>
          </gpxtpx:TrackPointExtension>
        </extensions>
      </trkpt>
      <trkpt lat="47.282862" lon="11.40326">
        <ele>681.5</ele>
        <extensions>
          <gpxtpx:TrackPointExtension>
            <gpxtpx:Extensions>
              <highway>cycleway</highway>
              <surface>dirt</surface>
              <foot>no</foot>
              <bicycle>yes</bicycle>
              <mtb_scale>2</mtb_scale>
              <oneway>yes</oneway>
            </gpxtpx:Extensions>
          </gpxtpx:TrackPointExtension>
        </extensions>
      </trkpt>
      <trkpt lat="47.282836" lon="11.40325">
        <ele>680.5</ele>
        <extensions>
          <gpxtpx:TrackPointExtension>
            <gpxtpx:Extensions>
              <highway>cycleway</highway>
              <surface>dirt</surface>
              <foot>no</foot>
              <bicycle>yes</bicycle>
              <mtb_scale>2</mtb_scale>
              <oneway>yes</oneway>
            </gpxtpx:Extensions>
          </gpxtpx:TrackPointExtension>
        </extensions>
      </trkpt>
      <trkpt lat="47.282773" lon="11.403086">
        <ele>680.75</ele>
        <extensions>
          <gpxtpx:TrackPointExtension>
            <gpxtpx:Extensions>
              <highway>cycleway</highway>
              <surface>dirt</surface>
              <foot>no</foot>
              <bicycle>yes</bicycle>
              <mtb_scale>2</mtb_scale>
              <oneway>yes</oneway>
            </gpxtpx:Extensions>
          </gpxtpx:TrackPointExtension>
        </extensions>
      </trkpt>
      <trkpt lat="47.282513" lon="11.402905">
        <ele>672.75</ele>
        <extensions>
          <gpxtpx:TrackPointExtension>
            <gpxtpx:Extensions>
              <highway>cycleway</highway>
              <surface>dirt</surface>
              <foot>no</foot>
              <bicycle>yes</bicycle>
              <mtb_scale>2</mtb_scale>
              <oneway>yes</oneway>
            </gpxtpx:Extensions>
          </gpxtpx:TrackPointExtension>
        </extensions>
      </trkpt>
      <trkpt lat="47.28236" lon="11.402712">
        <ele>668.5</ele>
        <extensions>
          <gpxtpx:TrackPointExtension>
            <gpxtpx:Extensions>
              <highway>cycleway</highway>
              <surface>dirt</surface>
              <foot>no</foot>
              <bicycle>yes</bicycle>
              <mtb_scale>2</mtb_scale>
              <oneway>yes</oneway>
            </gpxtpx:Extensions>
          </gpxtpx:TrackPointExtension>
        </extensions>
      </trkpt>
      <trkpt lat="47.282293" lon="11.402595">
        <ele>667.25</ele>
        <extensions>
          <gpxtpx:TrackPointExtension>
            <gpxtpx:Extensions>
              <highway>cycleway</highway>
              <surface>dirt</surface>
              <foot>no</foot>
              <bicycle>yes</bicycle>
              <mtb_scale>2</mtb_scale>
              <oneway>yes</oneway>
            </gpxtpx:Extensions>
          </gpxtpx:TrackPointExtension>
        </extensions>
      </trkpt>
      <trkpt lat="47.282262" lon="11.402565">
        <ele>666.25</ele>
        <extensions>
          <gpxtpx:TrackPointExtension>
            <gpxtpx:Extensions>
              <highway>cycleway</highway>
              <surface>dirt</surface>
              <foot>no</foot>
              <bicycle>yes</bicycle>
              <mtb_scale>2</mtb_scale>
              <oneway>yes</oneway>
            </gpxtpx:Extensions>
          </gpxtpx:TrackPointExtension>
        </extensions>
      </trkpt>
      <trkpt lat="47.282243" lon="11.402526">
        <ele>666</ele>
        <extensions>
          <gpxtpx:TrackPointExtension>
            <gpxtpx:Extensions>
              <highway>cycleway</highway>
              <surface>dirt</surface>
              <foot>no</foot>
              <bicycle>yes</bicycle>
              <mtb_scale>2</mtb_scale>
              <oneway>yes</oneway>
            </gpxtpx:Extensions>
          </gpxtpx:TrackPointExtension>
        </extensions>
      </trkpt>
      <trkpt lat="47.282128" lon="11.402439">
        <ele>662</ele>
        <extensions>
          <gpxtpx:TrackPointExtension>
            <gpxtpx:Extensions>
              <highway>cycleway</highway>
              <surface>dirt</surface>
              <foot>no</foot>
              <bicycle>yes</bicycle>
              <mtb_scale>2</mtb_scale>
              <oneway>yes</oneway>
            </gpxtpx:Extensions>
          </gpxtpx:TrackPointExtension>
        </extensions>
      </trkpt>
      <trkpt lat="47.282115" lon="11.402441">
        <ele>661.5</ele>
        <extensions>
          <gpxtpx:TrackPointExtension>
            <gpxtpx:Extensions>
              <highway>cycleway</highway>
              <surface>dirt</surface>
              <foot>no</foot>
              <bicycle>yes</bicycle>
              <mtb_scale>2</mtb_scale>
              <oneway>yes</oneway>
            </gpxtpx:Extensions>
          </gpxtpx:TrackPointExtension>
        </extensions>
      </trkpt>
      <trkpt lat="47.282106" lon="11.402453">
        <ele>660.75</ele>
        <extensions>
          <gpxtpx:TrackPointExtension>
            <gpxtpx:Extensions>
              <highway>cycleway</highway>
              <surface>dirt</surface>
              <foot>no</foot>
              <bicycle>yes</bicycle>
              <mtb_scale>2</mtb_scale>
              <oneway>yes</oneway>
            </gpxtpx:Extensions>
          </gpxtpx:TrackPointExtension>
        </extensions>
      </trkpt>
      <trkpt lat="47.282134" lon="11.402604">
        <ele>659.25</ele>
        <extensions>
          <gpxtpx:TrackPointExtension>
            <gpxtpx:Extensions>
              <highway>cycleway</highway>
              <surface>dirt</surface>
              <foot>no</foot>
              <bicycle>yes</bicycle>
              <mtb_scale>2</mtb_scale>
              <oneway>yes</oneway>
            </gpxtpx:Extensions>
          </gpxtpx:TrackPointExtension>
        </extensions>
      </trkpt>
      <trkpt lat="47.282134" lon="11.402602">
        <ele>659.25</ele>
        <extensions>
          <gpxtpx:TrackPointExtension>
            <gpxtpx:Extensions>
              <highway>cycleway</highway>
              <surface>dirt</surface>
              <foot>no</foot>
              <bicycle>yes</bicycle>
              <mtb_scale>2</mtb_scale>
              <oneway>yes</oneway>
            </gpxtpx:Extensions>
          </gpxtpx:TrackPointExtension>
        </extensions>
      </trkpt>
      <trkpt lat="47.28214" lon="11.402631">
        <ele>659.25</ele>
        <extensions>
          <gpxtpx:TrackPointExtension>
            <gpxtpx:Extensions>
              <highway>cycleway</highway>
              <surface>dirt</surface>
              <foot>no</foot>
              <bicycle>yes</bicycle>
              <mtb_scale>2</mtb_scale>
              <oneway>yes</oneway>
            </gpxtpx:Extensions>
          </gpxtpx:TrackPointExtension>
        </extensions>
      </trkpt>
      <trkpt lat="47.282196" lon="11.402712">
        <ele>660.5</ele>
        <extensions>
          <gpxtpx:TrackPointExtension>
            <gpxtpx:Extensions>
              <highway>cycleway</highway>
              <surface>dirt</surface>
              <foot>no</foot>
              <bicycle>yes</bicycle>
              <mtb_scale>2</mtb_scale>
              <oneway>yes</oneway>
            </gpxtpx:Extensions>
          </gpxtpx:TrackPointExtension>
        </extensions>
      </trkpt>
      <trkpt lat="47.282259" lon="11.402903">
        <ele>660.5</ele>
        <extensions>
          <gpxtpx:TrackPointExtension>
            <gpxtpx:Extensions>
              <highway>cycleway</highway>
              <surface>dirt</surface>
              <foot>no</foot>
              <bicycle>yes</bicycle>
              <mtb_scale>2</mtb_scale>
              <oneway>yes</oneway>
            </gpxtpx:Extensions>
          </gpxtpx:TrackPointExtension>
        </extensions>
      </trkpt>
      <trkpt lat="47.282323" lon="11.402999">
        <ele>661.75</ele>
        <extensions>
          <gpxtpx:TrackPointExtension>
            <gpxtpx:Extensions>
              <highway>cycleway</highway>
              <surface>dirt</surface>
              <foot>no</foot>
              <bicycle>yes</bicycle>
              <mtb_scale>2</mtb_scale>
              <oneway>yes</oneway>
            </gpxtpx:Extensions>
          </gpxtpx:TrackPointExtension>
        </extensions>
      </trkpt>
      <trkpt lat="47.282362" lon="11.403097">
        <ele>662</ele>
        <extensions>
          <gpxtpx:TrackPointExtension>
            <gpxtpx:Extensions>
              <highway>cycleway</highway>
              <surface>dirt</surface>
              <foot>no</foot>
              <bicycle>yes</bicycle>
              <mtb_scale>2</mtb_scale>
              <oneway>yes</oneway>
            </gpxtpx:Extensions>
          </gpxtpx:TrackPointExtension>
        </extensions>
      </trkpt>
      <trkpt lat="47.282394" lon="11.403216">
        <ele>661.75</ele>
        <extensions>
          <gpxtpx:TrackPointExtension>
            <gpxtpx:Extensions>
              <highway>cycleway</highway>
              <surface>dirt</surface>
              <foot>no</foot>
              <bicycle>yes</bicycle>
              <mtb_scale>2</mtb_scale>
              <oneway>yes</oneway>
            </gpxtpx:Extensions>
          </gpxtpx:TrackPointExtension>
        </extensions>
      </trkpt>
      <trkpt lat="47.282399" lon="11.403312">
        <ele>660.25</ele>
        <extensions>
          <gpxtpx:TrackPointExtension>
            <gpxtpx:Extensions>
              <highway>cycleway</highway>
              <surface>dirt</surface>
              <foot>no</foot>
              <bicycle>yes</bicycle>
              <mtb_scale>2</mtb_scale>
              <oneway>yes</oneway>
            </gpxtpx:Extensions>
          </gpxtpx:TrackPointExtension>
        </extensions>
      </trkpt>
      <trkpt lat="47.282338" lon="11.403489">
        <ele>652.5</ele>
        <extensions>
          <gpxtpx:TrackPointExtension>
            <gpxtpx:Extensions>
              <highway>cycleway</highway>
              <surface>dirt</surface>
              <foot>no</foot>
              <bicycle>yes</bicycle>
              <mtb_scale>2</mtb_scale>
              <oneway>yes</oneway>
            </gpxtpx:Extensions>
          </gpxtpx:TrackPointExtension>
        </extensions>
      </trkpt>
      <trkpt lat="47.282338" lon="11.403524">
        <ele>651.5</ele>
        <extensions>
          <gpxtpx:TrackPointExtension>
            <gpxtpx:Extensions>
              <highway>cycleway</highway>
              <surface>dirt</surface>
              <foot>no</foot>
              <bicycle>yes</bicycle>
              <mtb_scale>2</mtb_scale>
              <oneway>yes</oneway>
            </gpxtpx:Extensions>
          </gpxtpx:TrackPointExtension>
        </extensions>
      </trkpt>
      <trkpt lat="47.282352" lon="11.403566">
        <ele>651</ele>
        <extensions>
          <gpxtpx:TrackPointExtension>
            <gpxtpx:Extensions>
              <highway>cycleway</highway>
              <surface>dirt</surface>
              <foot>no</foot>
              <bicycle>yes</bicycle>
              <mtb_scale>2</mtb_scale>
              <oneway>yes</oneway>
            </gpxtpx:Extensions>
          </gpxtpx:TrackPointExtension>
        </extensions>
      </trkpt>
      <trkpt lat="47.282503" lon="11.403725">
        <ele>653.25</ele>
        <extensions>
          <gpxtpx:TrackPointExtension>
            <gpxtpx:Extensions>
              <highway>cycleway</highway>
              <surface>dirt</surface>
              <foot>no</foot>
              <bicycle>yes</bicycle>
              <mtb_scale>2</mtb_scale>
              <oneway>yes</oneway>
            </gpxtpx:Extensions>
          </gpxtpx:TrackPointExtension>
        </extensions>
      </trkpt>
      <trkpt lat="47.282554" lon="11.40379">
        <ele>653.5</ele>
        <extensions>
          <gpxtpx:TrackPointExtension>
            <gpxtpx:Extensions>
              <highway>cycleway</highway>
              <surface>dirt</surface>
              <foot>no</foot>
              <bicycle>yes</bicycle>
              <mtb_scale>2</mtb_scale>
              <oneway>yes</oneway>
            </gpxtpx:Extensions>
          </gpxtpx:TrackPointExtension>
        </extensions>
      </trkpt>
      <trkpt lat="47.282581" lon="11.403844">
        <ele>653</ele>
        <extensions>
          <gpxtpx:TrackPointExtension>
            <gpxtpx:Extensions>
              <highway>cycleway</highway>
              <surface>dirt</surface>
              <foot>no</foot>
              <bicycle>yes</bicycle>
              <mtb_scale>2</mtb_scale>
              <oneway>yes</oneway>
            </gpxtpx:Extensions>
          </gpxtpx:TrackPointExtension>
        </extensions>
      </trkpt>
      <trkpt lat="47.282582" lon="11.403876">
        <ele>652</ele>
        <extensions>
          <gpxtpx:TrackPointExtension>
            <gpxtpx:Extensions>
              <highway>cycleway</highway>
              <surface>dirt</surface>
              <foot>no</foot>
              <bicycle>yes</bicycle>
              <mtb_scale>2</mtb_scale>
              <oneway>yes</oneway>
            </gpxtpx:Extensions>
          </gpxtpx:TrackPointExtension>
        </extensions>
      </trkpt>
      <trkpt lat="47.282571" lon="11.403898">
        <ele>651</ele>
        <extensions>
          <gpxtpx:TrackPointExtension>
            <gpxtpx:Extensions>
              <highway>cycleway</highway>
              <surface>dirt</surface>
              <foot>no</foot>
              <bicycle>yes</bicycle>
              <mtb_scale>2</mtb_scale>
              <oneway>yes</oneway>
            </gpxtpx:Extensions>
          </gpxtpx:TrackPointExtension>
        </extensions>
      </trkpt>
      <trkpt lat="47.282551" lon="11.403908">
        <ele>649.75</ele>
        <extensions>
          <gpxtpx:TrackPointExtension>
            <gpxtpx:Extensions>
              <highway>cycleway</highway>
              <surface>dirt</surface>
              <foot>no</foot>
              <bicycle>yes</bicycle>
              <mtb_scale>2</mtb_scale>
              <oneway>yes</oneway>
            </gpxtpx:Extensions>
          </gpxtpx:TrackPointExtension>
        </extensions>
      </trkpt>
      <trkpt lat="47.282491" lon="11.403845">
        <ele>649.25</ele>
        <extensions>
          <gpxtpx:TrackPointExtension>
            <gpxtpx:Extensions>
              <highway>cycleway</highway>
              <surface>dirt</surface>
              <foot>no</foot>
              <bicycle>yes</bicycle>
              <mtb_scale>2</mtb_scale>
              <oneway>yes</oneway>
            </gpxtpx:Extensions>
          </gpxtpx:TrackPointExtension>
        </extensions>
      </trkpt>
      <trkpt lat="47.282473" lon="11.403839">
        <ele>648.5</ele>
        <extensions>
          <gpxtpx:TrackPointExtension>
            <gpxtpx:Extensions>
              <highway>cycleway</highway>
              <surface>dirt</surface>
              <foot>no</foot>
              <bicycle>yes</bicycle>
              <mtb_scale>2</mtb_scale>
              <oneway>yes</oneway>
            </gpxtpx:Extensions>
          </gpxtpx:TrackPointExtension>
        </extensions>
      </trkpt>
      <trkpt lat="47.282434" lon="11.403857">
        <ele>646.25</ele>
        <extensions>
          <gpxtpx:TrackPointExtension>
            <gpxtpx:Extensions>
              <highway>cycleway</highway>
              <surface>dirt</surface>
              <foot>no</foot>
              <bicycle>yes</bicycle>
              <mtb_scale>2</mtb_scale>
              <oneway>yes</oneway>
            </gpxtpx:Extensions>
          </gpxtpx:TrackPointExtension>
        </extensions>
      </trkpt>
      <trkpt lat="47.282419" lon="11.403854">
        <ele>645.75</ele>
        <extensions>
          <gpxtpx:TrackPointExtension>
            <gpxtpx:Extensions>
              <highway>cycleway</highway>
              <surface>dirt</surface>
              <foot>no</foot>
              <bicycle>yes</bicycle>
              <mtb_scale>2</mtb_scale>
              <oneway>yes</oneway>
            </gpxtpx:Extensions>
          </gpxtpx:TrackPointExtension>
        </extensions>
      </trkpt>
      <trkpt lat="47.282302" lon="11.403752">
        <ele>643.75</ele>
        <extensions>
          <gpxtpx:TrackPointExtension>
            <gpxtpx:Extensions>
              <highway>cycleway</highway>
              <surface>dirt</surface>
              <foot>no</foot>
              <bicycle>yes</bicycle>
              <mtb_scale>2</mtb_scale>
              <oneway>yes</oneway>
            </gpxtpx:Extensions>
          </gpxtpx:TrackPointExtension>
        </extensions>
      </trkpt>
      <trkpt lat="47.282249066005754" lon="11.403674306536919">
        <ele>643.3231192264577</ele>
        <extensions>
          <gpxtpx:TrackPointExtension>
            <gpxtpx:Extensions>
              <highway>cycleway</highway>
              <surface>dirt</surface>
              <foot>no</foot>
              <bicycle>yes</bicycle>
              <mtb_scale>2</mtb_scale>
              <oneway>yes</oneway>
            </gpxtpx:Extensions>
          </gpxtpx:TrackPointExtension>
        </extensions>
      </trkpt>
      <trkpt lat="47.28224" lon="11.403661">
        <ele>643.25</ele>
        <extensions>
          <gpxtpx:TrackPointExtension>
            <gpxtpx:Extensions>
              <highway>cycleway</highway>
              <surface>dirt</surface>
              <foot>no</foot>
              <bicycle>yes</bicycle>
              <mtb_scale>2</mtb_scale>
              <oneway>yes</oneway>
            </gpxtpx:Extensions>
          </gpxtpx:TrackPointExtension>
        </extensions>
      </trkpt>
      <trkpt lat="47.282221" lon="11.403597">
        <ele>644.25</ele>
        <extensions>
          <gpxtpx:TrackPointExtension>
            <gpxtpx:Extensions>
              <highway>cycleway</highway>
              <surface>dirt</surface>
              <foot>no</foot>
              <bicycle>yes</bicycle>
              <mtb_scale>2</mtb_scale>
              <oneway>yes</oneway>
            </gpxtpx:Extensions>
          </gpxtpx:TrackPointExtension>
        </extensions>
      </trkpt>
      <trkpt lat="47.282183" lon="11.40355">
        <ele>643.75</ele>
        <extensions>
          <gpxtpx:TrackPointExtension>
            <gpxtpx:Extensions>
              <highway>cycleway</highway>
              <surface>dirt</surface>
              <foot>no</foot>
              <bicycle>yes</bicycle>
              <mtb_scale>2</mtb_scale>
              <oneway>yes</oneway>
            </gpxtpx:Extensions>
          </gpxtpx:TrackPointExtension>
        </extensions>
      </trkpt>
      <trkpt lat="47.282159" lon="11.403559">
        <ele>642.25</ele>
        <extensions>
          <gpxtpx:TrackPointExtension>
            <gpxtpx:Extensions>
              <highway>cycleway</highway>
              <surface>dirt</surface>
              <foot>no</foot>
              <bicycle>yes</bicycle>
              <mtb_scale>2</mtb_scale>
              <oneway>yes</oneway>
            </gpxtpx:Extensions>
          </gpxtpx:TrackPointExtension>
        </extensions>
      </trkpt>
      <trkpt lat="47.282153" lon="11.403609">
        <ele>640.75</ele>
        <extensions>
          <gpxtpx:TrackPointExtension>
            <gpxtpx:Extensions>
              <highway>cycleway</highway>
              <surface>dirt</surface>
              <foot>no</foot>
              <bicycle>yes</bicycle>
              <mtb_scale>2</mtb_scale>
              <oneway>yes</oneway>
            </gpxtpx:Extensions>
          </gpxtpx:TrackPointExtension>
        </extensions>
      </trkpt>
      <trkpt lat="47.282186" lon="11.403712">
        <ele>639.5</ele>
        <extensions>
          <gpxtpx:TrackPointExtension>
            <gpxtpx:Extensions>
              <highway>cycleway</highway>
              <surface>dirt</surface>
              <foot>no</foot>
              <bicycle>yes</bicycle>
              <mtb_scale>2</mtb_scale>
              <oneway>yes</oneway>
            </gpxtpx:Extensions>
          </gpxtpx:TrackPointExtension>
        </extensions>
      </trkpt>
      <trkpt lat="47.282307" lon="11.403944">
        <ele>638</ele>
        <extensions>
          <gpxtpx:TrackPointExtension>
            <gpxtpx:Extensions>
              <highway>cycleway</highway>
              <surface>dirt</surface>
              <foot>no</foot>
              <bicycle>yes</bicycle>
              <mtb_scale>2</mtb_scale>
              <oneway>yes</oneway>
            </gpxtpx:Extensions>
          </gpxtpx:TrackPointExtension>
        </extensions>
      </trkpt>
      <trkpt lat="47.282307" lon="11.403942">
        <ele>638.25</ele>
        <extensions>
          <gpxtpx:TrackPointExtension>
            <gpxtpx:Extensions>
              <highway>cycleway</highway>
              <surface>dirt</surface>
              <foot>no</foot>
              <bicycle>yes</bicycle>
              <mtb_scale>2</mtb_scale>
              <oneway>yes</oneway>
            </gpxtpx:Extensions>
          </gpxtpx:TrackPointExtension>
        </extensions>
      </trkpt>
      <trkpt lat="47.28235" lon="11.404024">
        <ele>638</ele>
        <extensions>
          <gpxtpx:TrackPointExtension>
            <gpxtpx:Extensions>
              <highway>cycleway</highway>
              <surface>dirt</surface>
              <foot>no</foot>
              <bicycle>yes</bicycle>
              <mtb_scale>2</mtb_scale>
              <oneway>yes</oneway>
            </gpxtpx:Extensions>
          </gpxtpx:TrackPointExtension>
        </extensions>
      </trkpt>
      <trkpt lat="47.282387" lon="11.404107">
        <ele>637.25</ele>
        <extensions>
          <gpxtpx:TrackPointExtension>
            <gpxtpx:Extensions>
              <highway>cycleway</highway>
              <surface>dirt</surface>
              <foot>no</foot>
              <bicycle>yes</bicycle>
              <mtb_scale>2</mtb_scale>
              <oneway>yes</oneway>
            </gpxtpx:Extensions>
          </gpxtpx:TrackPointExtension>
        </extensions>
      </trkpt>
      <trkpt lat="47.282401" lon="11.404156">
        <ele>636.25</ele>
        <extensions>
          <gpxtpx:TrackPointExtension>
            <gpxtpx:Extensions>
              <highway>cycleway</highway>
              <surface>dirt</surface>
              <foot>no</foot>
              <bicycle>yes</bicycle>
              <mtb_scale>2</mtb_scale>
              <oneway>yes</oneway>
            </gpxtpx:Extensions>
          </gpxtpx:TrackPointExtension>
        </extensions>
      </trkpt>
      <trkpt lat="47.282379" lon="11.404187">
        <ele>634.75</ele>
        <extensions>
          <gpxtpx:TrackPointExtension>
            <gpxtpx:Extensions>
              <highway>cycleway</highway>
              <surface>dirt</surface>
              <foot>no</foot>
              <bicycle>yes</bicycle>
              <mtb_scale>2</mtb_scale>
              <oneway>yes</oneway>
            </gpxtpx:Extensions>
          </gpxtpx:TrackPointExtension>
        </extensions>
      </trkpt>
      <trkpt lat="47.282267" lon="11.404163">
        <ele>631</ele>
        <extensions>
          <gpxtpx:TrackPointExtension>
            <gpxtpx:Extensions>
              <highway>cycleway</highway>
              <surface>dirt</surface>
              <foot>no</foot>
              <bicycle>yes</bicycle>
              <mtb_scale>2</mtb_scale>
              <oneway>yes</oneway>
            </gpxtpx:Extensions>
          </gpxtpx:TrackPointExtension>
        </extensions>
      </trkpt>
      <trkpt lat="47.282218" lon="11.404107">
        <ele>630.5</ele>
        <extensions>
          <gpxtpx:TrackPointExtension>
            <gpxtpx:Extensions>
              <highway>cycleway</highway>
              <surface>dirt</surface>
              <foot>no</foot>
              <bicycle>yes</bicycle>
              <mtb_scale>2</mtb_scale>
              <oneway>yes</oneway>
            </gpxtpx:Extensions>
          </gpxtpx:TrackPointExtension>
        </extensions>
      </trkpt>
      <trkpt lat="47.28216" lon="11.404058">
        <ele>629.5</ele>
        <extensions>
          <gpxtpx:TrackPointExtension>
            <gpxtpx:Extensions>
              <highway>cycleway</highway>
              <surface>dirt</surface>
              <foot>no</foot>
              <bicycle>yes</bicycle>
              <mtb_scale>2</mtb_scale>
              <oneway>yes</oneway>
            </gpxtpx:Extensions>
          </gpxtpx:TrackPointExtension>
        </extensions>
      </trkpt>
      <trkpt lat="47.282078" lon="11.404006">
        <ele>627.5</ele>
        <extensions>
          <gpxtpx:TrackPointExtension>
            <gpxtpx:Extensions>
              <highway>cycleway</highway>
              <surface>dirt</surface>
              <foot>no</foot>
              <bicycle>yes</bicycle>
              <mtb_scale>2</mtb_scale>
              <oneway>yes</oneway>
            </gpxtpx:Extensions>
          </gpxtpx:TrackPointExtension>
        </extensions>
      </trkpt>
      <trkpt lat="47.281996" lon="11.403929">
        <ele>626</ele>
        <extensions>
          <gpxtpx:TrackPointExtension>
            <gpxtpx:Extensions>
              <highway>cycleway</highway>
              <surface>dirt</surface>
              <foot>no</foot>
              <bicycle>yes</bicycle>
              <mtb_scale>2</mtb_scale>
              <oneway>yes</oneway>
            </gpxtpx:Extensions>
          </gpxtpx:TrackPointExtension>
        </extensions>
      </trkpt>
      <trkpt lat="47.281974" lon="11.403889">
        <ele>626</ele>
        <extensions>
          <gpxtpx:TrackPointExtension>
            <gpxtpx:Extensions>
              <highway>cycleway</highway>
              <surface>dirt</surface>
              <foot>no</foot>
              <bicycle>yes</bicycle>
              <mtb_scale>2</mtb_scale>
              <oneway>yes</oneway>
            </gpxtpx:Extensions>
          </gpxtpx:TrackPointExtension>
        </extensions>
      </trkpt>
      <trkpt lat="47.281945" lon="11.403862">
        <ele>625.5</ele>
        <extensions>
          <gpxtpx:TrackPointExtension>
            <gpxtpx:Extensions>
              <highway>cycleway</highway>
              <surface>dirt</surface>
              <foot>no</foot>
              <bicycle>yes</bicycle>
              <mtb_scale>2</mtb_scale>
              <oneway>yes</oneway>
            </gpxtpx:Extensions>
          </gpxtpx:TrackPointExtension>
        </extensions>
      </trkpt>
      <trkpt lat="47.281915" lon="11.403884">
        <ele>623.75</ele>
        <extensions>
          <gpxtpx:TrackPointExtension>
            <gpxtpx:Extensions>
              <highway>cycleway</highway>
              <surface>dirt</surface>
              <foot>no</foot>
              <bicycle>yes</bicycle>
              <mtb_scale>2</mtb_scale>
              <oneway>yes</oneway>
            </gpxtpx:Extensions>
          </gpxtpx:TrackPointExtension>
        </extensions>
      </trkpt>
      <trkpt lat="47.281908" lon="11.403939">
        <ele>622.25</ele>
        <extensions>
          <gpxtpx:TrackPointExtension>
            <gpxtpx:Extensions>
              <highway>cycleway</highway>
              <surface>dirt</surface>
              <foot>no</foot>
              <bicycle>yes</bicycle>
              <mtb_scale>2</mtb_scale>
              <oneway>yes</oneway>
            </gpxtpx:Extensions>
          </gpxtpx:TrackPointExtension>
        </extensions>
      </trkpt>
      <trkpt lat="47.281925" lon="11.403992">
        <ele>621.75</ele>
        <extensions>
          <gpxtpx:TrackPointExtension>
            <gpxtpx:Extensions>
              <highway>cycleway</highway>
              <surface>dirt</surface>
              <foot>no</foot>
              <bicycle>yes</bicycle>
              <mtb_scale>2</mtb_scale>
              <oneway>yes</oneway>
            </gpxtpx:Extensions>
          </gpxtpx:TrackPointExtension>
        </extensions>
      </trkpt>
      <trkpt lat="47.282038" lon="11.404082">
        <ele>624.25</ele>
        <extensions>
          <gpxtpx:TrackPointExtension>
            <gpxtpx:Extensions>
              <highway>cycleway</highway>
              <surface>dirt</surface>
              <foot>no</foot>
              <bicycle>yes</bicycle>
              <mtb_scale>2</mtb_scale>
              <oneway>yes</oneway>
            </gpxtpx:Extensions>
          </gpxtpx:TrackPointExtension>
        </extensions>
      </trkpt>
      <trkpt lat="47.282117" lon="11.404163">
        <ele>625.25</ele>
        <extensions>
          <gpxtpx:TrackPointExtension>
            <gpxtpx:Extensions>
              <highway>cycleway</highway>
              <surface>dirt</surface>
              <foot>no</foot>
              <bicycle>yes</bicycle>
              <mtb_scale>2</mtb_scale>
              <oneway>yes</oneway>
            </gpxtpx:Extensions>
          </gpxtpx:TrackPointExtension>
        </extensions>
      </trkpt>
      <trkpt lat="47.282212" lon="11.404222">
        <ele>627.25</ele>
        <extensions>
          <gpxtpx:TrackPointExtension>
            <gpxtpx:Extensions>
              <highway>cycleway</highway>
              <surface>dirt</surface>
              <foot>no</foot>
              <bicycle>yes</bicycle>
              <mtb_scale>2</mtb_scale>
              <oneway>yes</oneway>
            </gpxtpx:Extensions>
          </gpxtpx:TrackPointExtension>
        </extensions>
      </trkpt>
      <trkpt lat="47.282225" lon="11.404291">
        <ele>626</ele>
        <extensions>
          <gpxtpx:TrackPointExtension>
            <gpxtpx:Extensions>
              <highway>cycleway</highway>
              <surface>dirt</surface>
              <foot>no</foot>
              <bicycle>yes</bicycle>
              <mtb_scale>2</mtb_scale>
              <oneway>yes</oneway>
            </gpxtpx:Extensions>
          </gpxtpx:TrackPointExtension>
        </extensions>
      </trkpt>
      <trkpt lat="47.282275" lon="11.40435">
        <ele>626.25</ele>
        <extensions>
          <gpxtpx:TrackPointExtension>
            <gpxtpx:Extensions>
              <highway>cycleway</highway>
              <surface>dirt</surface>
              <foot>no</foot>
              <bicycle>yes</bicycle>
              <mtb_scale>2</mtb_scale>
              <oneway>yes</oneway>
            </gpxtpx:Extensions>
          </gpxtpx:TrackPointExtension>
        </extensions>
      </trkpt>
      <trkpt lat="47.282264" lon="11.404445">
        <ele>623.25</ele>
        <extensions>
          <gpxtpx:TrackPointExtension>
            <gpxtpx:Extensions>
              <highway>cycleway</highway>
              <surface>dirt</surface>
              <foot>no</foot>
              <bicycle>yes</bicycle>
              <mtb_scale>2</mtb_scale>
              <oneway>yes</oneway>
            </gpxtpx:Extensions>
          </gpxtpx:TrackPointExtension>
        </extensions>
      </trkpt>
      <trkpt lat="47.282287" lon="11.404498">
        <ele>621.5</ele>
        <extensions>
          <gpxtpx:TrackPointExtension>
            <gpxtpx:Extensions>
              <highway>cycleway</highway>
              <surface>dirt</surface>
              <foot>no</foot>
              <bicycle>yes</bicycle>
              <mtb_scale>2</mtb_scale>
              <oneway>yes</oneway>
            </gpxtpx:Extensions>
          </gpxtpx:TrackPointExtension>
        </extensions>
      </trkpt>
      <trkpt lat="47.28232" lon="11.404574">
        <ele>621.5</ele>
        <extensions>
          <gpxtpx:TrackPointExtension>
            <gpxtpx:Extensions>
              <highway>cycleway</highway>
              <surface>dirt</surface>
              <foot>no</foot>
              <bicycle>yes</bicycle>
              <mtb_scale>2</mtb_scale>
              <oneway>yes</oneway>
            </gpxtpx:Extensions>
          </gpxtpx:TrackPointExtension>
        </extensions>
      </trkpt>
      <trkpt lat="47.282423" lon="11.40465">
        <ele>622.5</ele>
        <extensions>
          <gpxtpx:TrackPointExtension>
            <gpxtpx:Extensions>
              <highway>cycleway</highway>
              <surface>dirt</surface>
              <foot>no</foot>
              <bicycle>yes</bicycle>
              <mtb_scale>2</mtb_scale>
              <oneway>yes</oneway>
            </gpxtpx:Extensions>
          </gpxtpx:TrackPointExtension>
        </extensions>
      </trkpt>
      <trkpt lat="47.282487" lon="11.404745">
        <ele>621.5</ele>
        <extensions>
          <gpxtpx:TrackPointExtension>
            <gpxtpx:Extensions>
              <highway>cycleway</highway>
              <surface>dirt</surface>
              <foot>no</foot>
              <bicycle>yes</bicycle>
              <mtb_scale>2</mtb_scale>
              <oneway>yes</oneway>
            </gpxtpx:Extensions>
          </gpxtpx:TrackPointExtension>
        </extensions>
      </trkpt>
      <trkpt lat="47.282517" lon="11.404777">
        <ele>621.5</ele>
        <extensions>
          <gpxtpx:TrackPointExtension>
            <gpxtpx:Extensions>
              <highway>cycleway</highway>
              <surface>dirt</surface>
              <foot>no</foot>
              <bicycle>yes</bicycle>
              <mtb_scale>2</mtb_scale>
              <oneway>yes</oneway>
            </gpxtpx:Extensions>
          </gpxtpx:TrackPointExtension>
        </extensions>
      </trkpt>
      <trkpt lat="47.282651" lon="11.404788">
        <ele>625.75</ele>
        <extensions>
          <gpxtpx:TrackPointExtension>
            <gpxtpx:Extensions>
              <highway>cycleway</highway>
              <surface>dirt</surface>
              <foot>no</foot>
              <bicycle>yes</bicycle>
              <mtb_scale>2</mtb_scale>
              <oneway>yes</oneway>
            </gpxtpx:Extensions>
          </gpxtpx:TrackPointExtension>
        </extensions>
      </trkpt>
      <trkpt lat="47.282668" lon="11.404809">
        <ele>625.5</ele>
        <extensions>
          <gpxtpx:TrackPointExtension>
            <gpxtpx:Extensions>
              <highway>cycleway</highway>
              <surface>dirt</surface>
              <foot>no</foot>
              <bicycle>yes</bicycle>
              <mtb_scale>2</mtb_scale>
              <oneway>yes</oneway>
            </gpxtpx:Extensions>
          </gpxtpx:TrackPointExtension>
        </extensions>
      </trkpt>
      <trkpt lat="47.282678" lon="11.40484">
        <ele>624.75</ele>
        <extensions>
          <gpxtpx:TrackPointExtension>
            <gpxtpx:Extensions>
              <highway>cycleway</highway>
              <surface>dirt</surface>
              <foot>no</foot>
              <bicycle>yes</bicycle>
              <mtb_scale>2</mtb_scale>
              <oneway>yes</oneway>
            </gpxtpx:Extensions>
          </gpxtpx:TrackPointExtension>
        </extensions>
      </trkpt>
      <trkpt lat="47.282679" lon="11.404868">
        <ele>624</ele>
        <extensions>
          <gpxtpx:TrackPointExtension>
            <gpxtpx:Extensions>
              <highway>cycleway</highway>
              <surface>dirt</surface>
              <foot>no</foot>
              <bicycle>yes</bicycle>
              <mtb_scale>2</mtb_scale>
              <oneway>yes</oneway>
            </gpxtpx:Extensions>
          </gpxtpx:TrackPointExtension>
        </extensions>
      </trkpt>
      <trkpt lat="47.282649" lon="11.404889">
        <ele>622.25</ele>
        <extensions>
          <gpxtpx:TrackPointExtension>
            <gpxtpx:Extensions>
              <highway>cycleway</highway>
              <surface>dirt</surface>
              <foot>no</foot>
              <bicycle>yes</bicycle>
              <mtb_scale>2</mtb_scale>
              <oneway>yes</oneway>
            </gpxtpx:Extensions>
          </gpxtpx:TrackPointExtension>
        </extensions>
      </trkpt>
      <trkpt lat="47.282391" lon="11.404861">
        <ele>615.25</ele>
        <extensions>
          <gpxtpx:TrackPointExtension>
            <gpxtpx:Extensions>
              <highway>cycleway</highway>
              <surface>dirt</surface>
              <foot>no</foot>
              <bicycle>yes</bicycle>
              <mtb_scale>2</mtb_scale>
              <oneway>yes</oneway>
            </gpxtpx:Extensions>
          </gpxtpx:TrackPointExtension>
        </extensions>
      </trkpt>
      <trkpt lat="47.282359" lon="11.404872">
        <ele>614.25</ele>
        <extensions>
          <gpxtpx:TrackPointExtension>
            <gpxtpx:Extensions>
              <highway>residential</highway>
              <surface>asphalt</surface>
            </gpxtpx:Extensions>
          </gpxtpx:TrackPointExtension>
        </extensions>
      </trkpt>
      <trkpt lat="47.281889" lon="11.404176">
        <ele>616.25</ele>
        <extensions>
          <gpxtpx:TrackPointExtension>
            <gpxtpx:Extensions>
              <highway>residential</highway>
              <surface>asphalt</surface>
            </gpxtpx:Extensions>
          </gpxtpx:TrackPointExtension>
        </extensions>
      </trkpt>
      <trkpt lat="47.281751" lon="11.403852">
        <ele>617.5</ele>
        <extensions>
          <gpxtpx:TrackPointExtension>
            <gpxtpx:Extensions>
              <highway>residential</highway>
              <surface>asphalt</surface>
            </gpxtpx:Extensions>
          </gpxtpx:TrackPointExtension>
        </extensions>
      </trkpt>
      <trkpt lat="47.281729" lon="11.403685">
        <ele>620</ele>
        <extensions>
          <gpxtpx:TrackPointExtension>
            <gpxtpx:Extensions>
              <highway>residential</highway>
              <surface>asphalt</surface>
            </gpxtpx:Extensions>
          </gpxtpx:TrackPointExtension>
        </extensions>
      </trkpt>
      <trkpt lat="47.281746" lon="11.403582">
        <ele>622.75</ele>
        <extensions>
          <gpxtpx:TrackPointExtension>
            <gpxtpx:Extensions>
              <highway>residential</highway>
              <surface>asphalt</surface>
            </gpxtpx:Extensions>
          </gpxtpx:TrackPointExtension>
        </extensions>
      </trkpt>
      <trkpt lat="47.281739" lon="11.403383">
        <ele>626.5</ele>
        <extensions>
          <gpxtpx:TrackPointExtension>
            <gpxtpx:Extensions>
              <highway>residential</highway>
              <surface>asphalt</surface>
            </gpxtpx:Extensions>
          </gpxtpx:TrackPointExtension>
        </extensions>
      </trkpt>
      <trkpt lat="47.281699" lon="11.403171">
        <ele>628.25</ele>
        <extensions>
          <gpxtpx:TrackPointExtension>
            <gpxtpx:Extensions>
              <highway>residential</highway>
              <surface>asphalt</surface>
            </gpxtpx:Extensions>
          </gpxtpx:TrackPointExtension>
        </extensions>
      </trkpt>
      <trkpt lat="47.281592" lon="11.402603">
        <ele>633.75</ele>
        <extensions>
          <gpxtpx:TrackPointExtension>
            <gpxtpx:Extensions>
              <highway>residential</highway>
              <surface>asphalt</surface>
            </gpxtpx:Extensions>
          </gpxtpx:TrackPointExtension>
        </extensions>
      </trkpt>
      <trkpt lat="47.281587" lon="11.402387">
        <ele>637.25</ele>
        <extensions>
          <gpxtpx:TrackPointExtension>
            <gpxtpx:Extensions>
              <highway>residential</highway>
              <surface>asphalt</surface>
            </gpxtpx:Extensions>
          </gpxtpx:TrackPointExtension>
        </extensions>
      </trkpt>
      <trkpt lat="47.281641" lon="11.40212">
        <ele>643.25</ele>
        <extensions>
          <gpxtpx:TrackPointExtension>
            <gpxtpx:Extensions>
              <highway>residential</highway>
              <surface>asphalt</surface>
            </gpxtpx:Extensions>
          </gpxtpx:TrackPointExtension>
        </extensions>
      </trkpt>
      <trkpt lat="47.281628" lon="11.401666">
        <ele>649.5</ele>
        <extensions>
          <gpxtpx:TrackPointExtension>
            <gpxtpx:Extensions>
              <highway>residential</highway>
              <surface>asphalt</surface>
            </gpxtpx:Extensions>
          </gpxtpx:TrackPointExtension>
        </extensions>
      </trkpt>
      <trkpt lat="47.28161" lon="11.401287">
        <ele>649</ele>
        <extensions>
          <gpxtpx:TrackPointExtension>
            <gpxtpx:Extensions>
              <highway>residential</highway>
              <surface>asphalt</surface>
            </gpxtpx:Extensions>
          </gpxtpx:TrackPointExtension>
        </extensions>
      </trkpt>
      <trkpt lat="47.281622" lon="11.401198">
        <ele>649.25</ele>
        <extensions>
          <gpxtpx:TrackPointExtension>
            <gpxtpx:Extensions>
              <highway>residential</highway>
              <surface>asphalt</surface>
            </gpxtpx:Extensions>
          </gpxtpx:TrackPointExtension>
        </extensions>
      </trkpt>
      <trkpt lat="47.281645" lon="11.401036">
        <ele>650.25</ele>
        <extensions>
          <gpxtpx:TrackPointExtension>
            <gpxtpx:Extensions>
              <reversedirection>yes</reversedirection>
              <highway>track</highway>
              <tracktype>grade2</tracktype>
              <surface>compacted</surface>
              <foot>yes</foot>
              <bicycle>yes</bicycle>
              <vehicle>agricultural</vehicle>
            </gpxtpx:Extensions>
          </gpxtpx:TrackPointExtension>
        </extensions>
      </trkpt>
      <trkpt lat="47.28167" lon="11.401385">
        <ele>651</ele>
        <extensions>
          <gpxtpx:TrackPointExtension>
            <gpxtpx:Extensions>
              <reversedirection>yes</reversedirection>
              <highway>track</highway>
              <tracktype>grade2</tracktype>
              <surface>compacted</surface>
              <foot>yes</foot>
              <bicycle>yes</bicycle>
              <vehicle>agricultural</vehicle>
            </gpxtpx:Extensions>
          </gpxtpx:TrackPointExtension>
        </extensions>
      </trkpt>
      <trkpt lat="47.281783" lon="11.402189">
        <ele>649.25</ele>
        <extensions>
          <gpxtpx:TrackPointExtension>
            <gpxtpx:Extensions>
              <reversedirection>yes</reversedirection>
              <highway>track</highway>
              <tracktype>grade2</tracktype>
              <surface>compacted</surface>
              <foot>yes</foot>
              <bicycle>yes</bicycle>
              <vehicle>agricultural</vehicle>
            </gpxtpx:Extensions>
          </gpxtpx:TrackPointExtension>
        </extensions>
      </trkpt>
      <trkpt lat="47.28185" lon="11.402471">
        <ele>648</ele>
        <extensions>
          <gpxtpx:TrackPointExtension>
            <gpxtpx:Extensions>
              <reversedirection>yes</reversedirection>
              <highway>track</highway>
              <tracktype>grade2</tracktype>
              <surface>compacted</surface>
              <foot>yes</foot>
              <bicycle>yes</bicycle>
              <vehicle>agricultural</vehicle>
            </gpxtpx:Extensions>
          </gpxtpx:TrackPointExtension>
        </extensions>
      </trkpt>
      <trkpt lat="47.281899" lon="11.40263">
        <ele>647.75</ele>
        <extensions>
          <gpxtpx:TrackPointExtension>
            <gpxtpx:Extensions>
              <reversedirection>yes</reversedirection>
              <highway>track</highway>
              <tracktype>grade2</tracktype>
              <surface>compacted</surface>
              <foot>yes</foot>
              <bicycle>yes</bicycle>
              <vehicle>agricultural</vehicle>
            </gpxtpx:Extensions>
          </gpxtpx:TrackPointExtension>
        </extensions>
      </trkpt>
      <trkpt lat="47.281994" lon="11.402739">
        <ele>650.5</ele>
        <extensions>
          <gpxtpx:TrackPointExtension>
            <gpxtpx:Extensions>
              <reversedirection>yes</reversedirection>
              <highway>track</highway>
              <tracktype>grade2</tracktype>
              <surface>compacted</surface>
              <foot>yes</foot>
              <bicycle>yes</bicycle>
              <vehicle>agricultural</vehicle>
            </gpxtpx:Extensions>
          </gpxtpx:TrackPointExtension>
        </extensions>
      </trkpt>
      <trkpt lat="47.282106" lon="11.402852">
        <ele>653.75</ele>
        <extensions>
          <gpxtpx:TrackPointExtension>
            <gpxtpx:Extensions>
              <reversedirection>yes</reversedirection>
              <highway>track</highway>
              <tracktype>grade2</tracktype>
              <surface>compacted</surface>
              <foot>yes</foot>
              <bicycle>yes</bicycle>
              <vehicle>agricultural</vehicle>
            </gpxtpx:Extensions>
          </gpxtpx:TrackPointExtension>
        </extensions>
      </trkpt>
      <trkpt lat="47.282361" lon="11.403225">
        <ele>659.75</ele>
        <extensions>
          <gpxtpx:TrackPointExtension>
            <gpxtpx:Extensions>
              <reversedirection>yes</reversedirection>
              <highway>track</highway>
              <tracktype>grade2</tracktype>
              <surface>compacted</surface>
              <foot>yes</foot>
              <bicycle>yes</bicycle>
              <vehicle>agricultural</vehicle>
            </gpxtpx:Extensions>
          </gpxtpx:TrackPointExtension>
        </extensions>
      </trkpt>
      <trkpt lat="47.282399" lon="11.403312">
        <ele>660.25</ele>
        <extensions>
          <gpxtpx:TrackPointExtension>
            <gpxtpx:Extensions>
              <reversedirection>yes</reversedirection>
              <highway>track</highway>
              <tracktype>grade2</tracktype>
              <surface>compacted</surface>
              <foot>yes</foot>
              <bicycle>yes</bicycle>
              <vehicle>agricultural</vehicle>
            </gpxtpx:Extensions>
          </gpxtpx:TrackPointExtension>
        </extensions>
      </trkpt>
      <trkpt lat="47.282441" lon="11.403491">
        <ele>657.25</ele>
        <extensions>
          <gpxtpx:TrackPointExtension>
            <gpxtpx:Extensions>
              <reversedirection>yes</reversedirection>
              <highway>track</highway>
              <tracktype>grade2</tracktype>
              <surface>compacted</surface>
              <foot>yes</foot>
              <bicycle>yes</bicycle>
              <vehicle>agricultural</vehicle>
            </gpxtpx:Extensions>
          </gpxtpx:TrackPointExtension>
        </extensions>
      </trkpt>
      <trkpt lat="47.282531" lon="11.403595">
        <ele>658.25</ele>
        <extensions>
          <gpxtpx:TrackPointExtension>
            <gpxtpx:Extensions>
              <reversedirection>yes</reversedirection>
              <highway>track</highway>
              <tracktype>grade2</tracktype>
              <surface>compacted</surface>
              <foot>yes</foot>
              <bicycle>yes</bicycle>
              <vehicle>agricultural</vehicle>
            </gpxtpx:Extensions>
          </gpxtpx:TrackPointExtension>
        </extensions>
      </trkpt>
      <trkpt lat="47.282626" lon="11.403656">
        <ele>660.5</ele>
        <extensions>
          <gpxtpx:TrackPointExtension>
            <gpxtpx:Extensions>
              <reversedirection>yes</reversedirection>
              <highway>track</highway>
              <tracktype>grade2</tracktype>
              <surface>compacted</surface>
              <foot>yes</foot>
              <bicycle>yes</bicycle>
              <vehicle>agricultural</vehicle>
            </gpxtpx:Extensions>
          </gpxtpx:TrackPointExtension>
        </extensions>
      </trkpt>
      <trkpt lat="47.282669" lon="11.403713">
        <ele>660.75</ele>
        <extensions>
          <gpxtpx:TrackPointExtension>
            <gpxtpx:Extensions>
              <reversedirection>yes</reversedirection>
              <highway>track</highway>
              <tracktype>grade2</tracktype>
              <surface>compacted</surface>
              <foot>yes</foot>
              <bicycle>yes</bicycle>
              <vehicle>agricultural</vehicle>
            </gpxtpx:Extensions>
          </gpxtpx:TrackPointExtension>
        </extensions>
      </trkpt>
      <trkpt lat="47.282766" lon="11.403962">
        <ele>657.5</ele>
        <extensions>
          <gpxtpx:TrackPointExtension>
            <gpxtpx:Extensions>
              <reversedirection>yes</reversedirection>
              <highway>track</highway>
              <tracktype>grade2</tracktype>
              <surface>compacted</surface>
              <foot>yes</foot>
              <bicycle>yes</bicycle>
              <vehicle>agricultural</vehicle>
            </gpxtpx:Extensions>
          </gpxtpx:TrackPointExtension>
        </extensions>
      </trkpt>
      <trkpt lat="47.282808" lon="11.404047">
        <ele>656.75</ele>
        <extensions>
          <gpxtpx:TrackPointExtension>
            <gpxtpx:Extensions>
              <reversedirection>yes</reversedirection>
              <highway>track</highway>
              <tracktype>grade2</tracktype>
              <surface>compacted</surface>
              <foot>yes</foot>
              <bicycle>yes</bicycle>
              <vehicle>agricultural</vehicle>
            </gpxtpx:Extensions>
          </gpxtpx:TrackPointExtension>
        </extensions>
      </trkpt>
      <trkpt lat="47.282873" lon="11.4041">
        <ele>658</ele>
        <extensions>
          <gpxtpx:TrackPointExtension>
            <gpxtpx:Extensions>
              <reversedirection>yes</reversedirection>
              <highway>track</highway>
              <tracktype>grade2</tracktype>
              <surface>compacted</surface>
              <foot>yes</foot>
              <bicycle>yes</bicycle>
              <vehicle>agricultural</vehicle>
            </gpxtpx:Extensions>
          </gpxtpx:TrackPointExtension>
        </extensions>
      </trkpt>
      <trkpt lat="47.282931" lon="11.404125">
        <ele>659.5</ele>
        <extensions>
          <gpxtpx:TrackPointExtension>
            <gpxtpx:Extensions>
              <reversedirection>yes</reversedirection>
              <highway>track</highway>
              <tracktype>grade2</tracktype>
              <surface>compacted</surface>
              <foot>yes</foot>
              <bicycle>yes</bicycle>
              <vehicle>agricultural</vehicle>
            </gpxtpx:Extensions>
          </gpxtpx:TrackPointExtension>
        </extensions>
      </trkpt>
      <trkpt lat="47.282929" lon="11.404125">
        <ele>659.5</ele>
        <extensions>
          <gpxtpx:TrackPointExtension>
            <gpxtpx:Extensions>
              <reversedirection>yes</reversedirection>
              <highway>track</highway>
              <tracktype>grade2</tracktype>
              <surface>compacted</surface>
              <foot>yes</foot>
              <bicycle>yes</bicycle>
              <vehicle>agricultural</vehicle>
            </gpxtpx:Extensions>
          </gpxtpx:TrackPointExtension>
        </extensions>
      </trkpt>
      <trkpt lat="47.283162" lon="11.404227">
        <ele>666</ele>
        <extensions>
          <gpxtpx:TrackPointExtension>
            <gpxtpx:Extensions>
              <reversedirection>yes</reversedirection>
              <highway>track</highway>
              <tracktype>grade2</tracktype>
              <surface>compacted</surface>
              <foot>yes</foot>
              <bicycle>yes</bicycle>
              <vehicle>agricultural</vehicle>
            </gpxtpx:Extensions>
          </gpxtpx:TrackPointExtension>
        </extensions>
      </trkpt>
      <trkpt lat="47.283287" lon="11.404287">
        <ele>668.75</ele>
        <extensions>
          <gpxtpx:TrackPointExtension>
            <gpxtpx:Extensions>
              <reversedirection>yes</reversedirection>
              <highway>track</highway>
              <tracktype>grade2</tracktype>
              <surface>compacted</surface>
              <foot>yes</foot>
              <bicycle>yes</bicycle>
              <vehicle>agricultural</vehicle>
            </gpxtpx:Extensions>
          </gpxtpx:TrackPointExtension>
        </extensions>
      </trkpt>
      <trkpt lat="47.283565" lon="11.404527">
        <ele>668.25</ele>
        <extensions>
          <gpxtpx:TrackPointExtension>
            <gpxtpx:Extensions>
              <reversedirection>yes</reversedirection>
              <highway>track</highway>
              <tracktype>grade2</tracktype>
              <surface>compacted</surface>
              <foot>yes</foot>
              <bicycle>yes</bicycle>
              <vehicle>agricultural</vehicle>
            </gpxtpx:Extensions>
          </gpxtpx:TrackPointExtension>
        </extensions>
      </trkpt>
      <trkpt lat="47.284098" lon="11.405124">
        <ele>662.75</ele>
        <extensions>
          <gpxtpx:TrackPointExtension>
            <gpxtpx:Extensions>
              <reversedirection>yes</reversedirection>
              <highway>track</highway>
              <tracktype>grade2</tracktype>
              <surface>compacted</surface>
              <foot>yes</foot>
              <bicycle>yes</bicycle>
              <vehicle>agricultural</vehicle>
            </gpxtpx:Extensions>
          </gpxtpx:TrackPointExtension>
        </extensions>
      </trkpt>
      <trkpt lat="47.284248" lon="11.405186">
        <ele>664.5</ele>
        <extensions>
          <gpxtpx:TrackPointExtension>
            <gpxtpx:Extensions>
              <reversedirection>yes</reversedirection>
              <highway>track</highway>
              <tracktype>grade2</tracktype>
              <surface>compacted</surface>
              <foot>yes</foot>
              <bicycle>yes</bicycle>
              <vehicle>agricultural</vehicle>
            </gpxtpx:Extensions>
          </gpxtpx:TrackPointExtension>
        </extensions>
      </trkpt>
      <trkpt lat="47.284551" lon="11.405182">
        <ele>670.5</ele>
        <extensions>
          <gpxtpx:TrackPointExtension>
            <gpxtpx:Extensions>
              <reversedirection>yes</reversedirection>
              <highway>track</highway>
              <tracktype>grade2</tracktype>
              <surface>compacted</surface>
              <foot>yes</foot>
              <bicycle>yes</bicycle>
              <vehicle>agricultural</vehicle>
            </gpxtpx:Extensions>
          </gpxtpx:TrackPointExtension>
        </extensions>
      </trkpt>
      <trkpt lat="47.284592" lon="11.405163">
        <ele>671.75</ele>
        <extensions>
          <gpxtpx:TrackPointExtension>
            <gpxtpx:Extensions>
              <reversedirection>yes</reversedirection>
              <highway>track</highway>
              <tracktype>grade2</tracktype>
              <surface>compacted</surface>
              <foot>yes</foot>
              <bicycle>yes</bicycle>
              <vehicle>agricultural</vehicle>
            </gpxtpx:Extensions>
          </gpxtpx:TrackPointExtension>
        </extensions>
      </trkpt>
      <trkpt lat="47.284622" lon="11.405139">
        <ele>673.25</ele>
        <extensions>
          <gpxtpx:TrackPointExtension>
            <gpxtpx:Extensions>
              <reversedirection>yes</reversedirection>
              <highway>track</highway>
              <tracktype>grade2</tracktype>
              <surface>compacted</surface>
              <foot>yes</foot>
              <bicycle>yes</bicycle>
              <vehicle>agricultural</vehicle>
            </gpxtpx:Extensions>
          </gpxtpx:TrackPointExtension>
        </extensions>
      </trkpt>
      <trkpt lat="47.284869" lon="11.404819">
        <ele>687.5</ele>
        <extensions>
          <gpxtpx:TrackPointExtension>
            <gpxtpx:Extensions>
              <reversedirection>yes</reversedirection>
              <highway>track</highway>
              <tracktype>grade2</tracktype>
              <surface>compacted</surface>
              <foot>yes</foot>
              <bicycle>yes</bicycle>
              <vehicle>agricultural</vehicle>
            </gpxtpx:Extensions>
          </gpxtpx:TrackPointExtension>
        </extensions>
      </trkpt>
      <trkpt lat="47.284902" lon="11.404807">
        <ele>688.5</ele>
        <extensions>
          <gpxtpx:TrackPointExtension>
            <gpxtpx:Extensions>
              <reversedirection>yes</reversedirection>
              <highway>track</highway>
              <tracktype>grade2</tracktype>
              <surface>compacted</surface>
              <foot>yes</foot>
              <bicycle>yes</bicycle>
              <vehicle>agricultural</vehicle>
            </gpxtpx:Extensions>
          </gpxtpx:TrackPointExtension>
        </extensions>
      </trkpt>
      <trkpt lat="47.284975" lon="11.40481">
        <ele>689.5</ele>
        <extensions>
          <gpxtpx:TrackPointExtension>
            <gpxtpx:Extensions>
              <reversedirection>yes</reversedirection>
              <highway>track</highway>
              <tracktype>grade2</tracktype>
              <surface>compacted</surface>
              <foot>yes</foot>
              <bicycle>yes</bicycle>
              <vehicle>agricultural</vehicle>
            </gpxtpx:Extensions>
          </gpxtpx:TrackPointExtension>
        </extensions>
      </trkpt>
      <trkpt lat="47.285002" lon="11.404831">
        <ele>689.25</ele>
        <extensions>
          <gpxtpx:TrackPointExtension>
            <gpxtpx:Extensions>
              <reversedirection>yes</reversedirection>
              <highway>track</highway>
              <tracktype>grade2</tracktype>
              <surface>compacted</surface>
              <foot>yes</foot>
              <bicycle>yes</bicycle>
              <vehicle>agricultural</vehicle>
            </gpxtpx:Extensions>
          </gpxtpx:TrackPointExtension>
        </extensions>
      </trkpt>
      <trkpt lat="47.285075" lon="11.405018">
        <ele>687.25</ele>
        <extensions>
          <gpxtpx:TrackPointExtension>
            <gpxtpx:Extensions>
              <reversedirection>yes</reversedirection>
              <highway>track</highway>
              <tracktype>grade2</tracktype>
              <surface>compacted</surface>
              <foot>yes</foot>
              <bicycle>yes</bicycle>
              <vehicle>agricultural</vehicle>
            </gpxtpx:Extensions>
          </gpxtpx:TrackPointExtension>
        </extensions>
      </trkpt>
      <trkpt lat="47.28521" lon="11.405265">
        <ele>687.5</ele>
        <extensions>
          <gpxtpx:TrackPointExtension>
            <gpxtpx:Extensions>
              <reversedirection>yes</reversedirection>
              <highway>track</highway>
              <tracktype>grade2</tracktype>
              <surface>compacted</surface>
              <foot>yes</foot>
              <bicycle>yes</bicycle>
              <vehicle>agricultural</vehicle>
            </gpxtpx:Extensions>
          </gpxtpx:TrackPointExtension>
        </extensions>
      </trkpt>
      <trkpt lat="47.285255" lon="11.405303">
        <ele>688.75</ele>
        <extensions>
          <gpxtpx:TrackPointExtension>
            <gpxtpx:Extensions>
              <reversedirection>yes</reversedirection>
              <highway>track</highway>
              <tracktype>grade2</tracktype>
              <surface>ground</surface>
            </gpxtpx:Extensions>
          </gpxtpx:TrackPointExtension>
        </extensions>
      </trkpt>
      <trkpt lat="47.28526" lon="11.405416">
        <ele>685.75</ele>
        <extensions>
          <gpxtpx:TrackPointExtension>
            <gpxtpx:Extensions>
              <reversedirection>yes</reversedirection>
              <highway>track</highway>
              <tracktype>grade2</tracktype>
              <surface>ground</surface>
            </gpxtpx:Extensions>
          </gpxtpx:TrackPointExtension>
        </extensions>
      </trkpt>
      <trkpt lat="47.285273" lon="11.405455">
        <ele>685.25</ele>
        <extensions>
          <gpxtpx:TrackPointExtension>
            <gpxtpx:Extensions>
              <reversedirection>yes</reversedirection>
              <highway>track</highway>
              <tracktype>grade2</tracktype>
              <surface>ground</surface>
            </gpxtpx:Extensions>
          </gpxtpx:TrackPointExtension>
        </extensions>
      </trkpt>
      <trkpt lat="47.285293" lon="11.405461">
        <ele>686</ele>
        <extensions>
          <gpxtpx:TrackPointExtension>
            <gpxtpx:Extensions>
              <reversedirection>yes</reversedirection>
              <highway>track</highway>
              <tracktype>grade2</tracktype>
              <surface>ground</surface>
            </gpxtpx:Extensions>
          </gpxtpx:TrackPointExtension>
        </extensions>
      </trkpt>
      <trkpt lat="47.285291" lon="11.405561">
        <ele>683</ele>
        <extensions>
          <gpxtpx:TrackPointExtension>
            <gpxtpx:Extensions>
              <reversedirection>yes</reversedirection>
              <highway>track</highway>
              <tracktype>grade2</tracktype>
              <surface>ground</surface>
            </gpxtpx:Extensions>
          </gpxtpx:TrackPointExtension>
        </extensions>
      </trkpt>
      <trkpt lat="47.285301" lon="11.405576">
        <ele>683</ele>
        <extensions>
          <gpxtpx:TrackPointExtension>
            <gpxtpx:Extensions>
              <reversedirection>yes</reversedirection>
              <highway>track</highway>
              <tracktype>grade2</tracktype>
            </gpxtpx:Extensions>
          </gpxtpx:TrackPointExtension>
        </extensions>
      </trkpt>
      <trkpt lat="47.285448" lon="11.405584">
        <ele>689.75</ele>
        <extensions>
          <gpxtpx:TrackPointExtension>
            <gpxtpx:Extensions>
              <reversedirection>yes</reversedirection>
              <highway>track</highway>
              <tracktype>grade2</tracktype>
              <surface>compacted</surface>
              <foot>yes</foot>
              <bicycle>yes</bicycle>
              <vehicle>agricultural</vehicle>
            </gpxtpx:Extensions>
          </gpxtpx:TrackPointExtension>
        </extensions>
      </trkpt>
      <trkpt lat="47.285603" lon="11.405827">
        <ele>689.5</ele>
        <extensions>
          <gpxtpx:TrackPointExtension>
            <gpxtpx:Extensions>
              <reversedirection>yes</reversedirection>
              <highway>track</highway>
              <tracktype>grade2</tracktype>
              <surface>compacted</surface>
              <foot>yes</foot>
              <bicycle>yes</bicycle>
              <vehicle>agricultural</vehicle>
            </gpxtpx:Extensions>
          </gpxtpx:TrackPointExtension>
        </extensions>
      </trkpt>
      <trkpt lat="47.285684" lon="11.405845">
        <ele>693</ele>
        <extensions>
          <gpxtpx:TrackPointExtension>
            <gpxtpx:Extensions>
              <reversedirection>yes</reversedirection>
              <highway>track</highway>
              <tracktype>grade2</tracktype>
              <surface>compacted</surface>
              <foot>yes</foot>
              <bicycle>yes</bicycle>
              <vehicle>agricultural</vehicle>
            </gpxtpx:Extensions>
          </gpxtpx:TrackPointExtension>
        </extensions>
      </trkpt>
      <trkpt lat="47.285731" lon="11.405832">
        <ele>695.25</ele>
        <extensions>
          <gpxtpx:TrackPointExtension>
            <gpxtpx:Extensions>
              <highway>track</highway>
              <tracktype>grade2</tracktype>
              <bicycle>yes</bicycle>
              <vehicle>agricultural</vehicle>
            </gpxtpx:Extensions>
          </gpxtpx:TrackPointExtension>
        </extensions>
      </trkpt>
      <trkpt lat="47.285586" lon="11.405636">
        <ele>694.75</ele>
        <extensions>
          <gpxtpx:TrackPointExtension>
            <gpxtpx:Extensions>
              <highway>track</highway>
              <tracktype>grade2</tracktype>
              <bicycle>yes</bicycle>
              <vehicle>agricultural</vehicle>
            </gpxtpx:Extensions>
          </gpxtpx:TrackPointExtension>
        </extensions>
      </trkpt>
      <trkpt lat="47.285433" lon="11.405268">
        <ele>698.75</ele>
        <extensions>
          <gpxtpx:TrackPointExtension>
            <gpxtpx:Extensions>
              <highway>track</highway>
              <tracktype>grade2</tracktype>
              <bicycle>yes</bicycle>
              <vehicle>agricultural</vehicle>
            </gpxtpx:Extensions>
          </gpxtpx:TrackPointExtension>
        </extensions>
      </trkpt>
      <trkpt lat="47.285411" lon="11.405143">
        <ele>705.25</ele>
      </trkpt>
      <trkpt lat="47.285412" lon="11.405144">
        <ele>701.25</ele>
        <extensions>
          <gpxtpx:TrackPointExtension>
            <gpxtpx:Extensions>
              <highway>track</highway>
              <tracktype>grade2</tracktype>
              <bicycle>yes</bicycle>
              <vehicle>agricultural</vehicle>
            </gpxtpx:Extensions>
          </gpxtpx:TrackPointExtension>
        </extensions>
      </trkpt>
      <trkpt lat="47.285379" lon="11.404948">
        <ele>705.25</ele>
        <extensions>
          <gpxtpx:TrackPointExtension>
            <gpxtpx:Extensions>
              <highway>track</highway>
              <tracktype>grade2</tracktype>
              <bicycle>yes</bicycle>
              <vehicle>agricultural</vehicle>
            </gpxtpx:Extensions>
          </gpxtpx:TrackPointExtension>
        </extensions>
      </trkpt>
      <trkpt lat="47.28533" lon="11.404536">
        <ele>713.75</ele>
        <extensions>
          <gpxtpx:TrackPointExtension>
            <gpxtpx:Extensions>
              <highway>track</highway>
              <tracktype>grade2</tracktype>
              <bicycle>yes</bicycle>
              <vehicle>agricultural</vehicle>
            </gpxtpx:Extensions>
          </gpxtpx:TrackPointExtension>
        </extensions>
      </trkpt>
      <trkpt lat="47.28532" lon="11.404332">
        <ele>718.75</ele>
        <extensions>
          <gpxtpx:TrackPointExtension>
            <gpxtpx:Extensions>
              <highway>track</highway>
              <tracktype>grade2</tracktype>
              <bicycle>yes</bicycle>
              <vehicle>agricultural</vehicle>
            </gpxtpx:Extensions>
          </gpxtpx:TrackPointExtension>
        </extensions>
      </trkpt>
      <trkpt lat="47.285275" lon="11.404144">
        <ele>722.25</ele>
        <extensions>
          <gpxtpx:TrackPointExtension>
            <gpxtpx:Extensions>
              <highway>track</highway>
              <tracktype>grade2</tracktype>
              <bicycle>yes</bicycle>
              <vehicle>agricultural</vehicle>
            </gpxtpx:Extensions>
          </gpxtpx:TrackPointExtension>
        </extensions>
      </trkpt>
      <trkpt lat="47.285222" lon="11.404025">
        <ele>724.25</ele>
        <extensions>
          <gpxtpx:TrackPointExtension>
            <gpxtpx:Extensions>
              <highway>track</highway>
              <tracktype>grade2</tracktype>
              <bicycle>yes</bicycle>
              <vehicle>agricultural</vehicle>
            </gpxtpx:Extensions>
          </gpxtpx:TrackPointExtension>
        </extensions>
      </trkpt>
      <trkpt lat="47.285191" lon="11.403978">
        <ele>724.75</ele>
        <extensions>
          <gpxtpx:TrackPointExtension>
            <gpxtpx:Extensions>
              <highway>track</highway>
              <tracktype>grade2</tracktype>
              <bicycle>yes</bicycle>
              <vehicle>agricultural</vehicle>
            </gpxtpx:Extensions>
          </gpxtpx:TrackPointExtension>
        </extensions>
      </trkpt>
      <trkpt lat="47.285151" lon="11.403944">
        <ele>724.5</ele>
        <extensions>
          <gpxtpx:TrackPointExtension>
            <gpxtpx:Extensions>
              <highway>track</highway>
              <tracktype>grade2</tracktype>
              <bicycle>yes</bicycle>
              <vehicle>agricultural</vehicle>
            </gpxtpx:Extensions>
          </gpxtpx:TrackPointExtension>
        </extensions>
      </trkpt>
      <trkpt lat="47.28508" lon="11.403918">
        <ele>722.75</ele>
        <extensions>
          <gpxtpx:TrackPointExtension>
            <gpxtpx:Extensions>
              <highway>track</highway>
              <tracktype>grade2</tracktype>
              <bicycle>yes</bicycle>
              <vehicle>agricultural</vehicle>
            </gpxtpx:Extensions>
          </gpxtpx:TrackPointExtension>
        </extensions>
      </trkpt>
      <trkpt lat="47.285047" lon="11.403924">
        <ele>721.25</ele>
        <extensions>
          <gpxtpx:TrackPointExtension>
            <gpxtpx:Extensions>
              <highway>track</highway>
              <tracktype>grade2</tracktype>
              <bicycle>yes</bicycle>
              <vehicle>agricultural</vehicle>
            </gpxtpx:Extensions>
          </gpxtpx:TrackPointExtension>
        </extensions>
      </trkpt>
      <trkpt lat="47.284955" lon="11.403971">
        <ele>717.25</ele>
        <extensions>
          <gpxtpx:TrackPointExtension>
            <gpxtpx:Extensions>
              <highway>track</highway>
              <tracktype>grade2</tracktype>
              <bicycle>yes</bicycle>
              <vehicle>agricultural</vehicle>
            </gpxtpx:Extensions>
          </gpxtpx:TrackPointExtension>
        </extensions>
      </trkpt>
      <trkpt lat="47.28491" lon="11.403979">
        <ele>716.5</ele>
        <extensions>
          <gpxtpx:TrackPointExtension>
            <gpxtpx:Extensions>
              <highway>track</highway>
              <tracktype>grade2</tracktype>
              <bicycle>yes</bicycle>
              <vehicle>agricultural</vehicle>
            </gpxtpx:Extensions>
          </gpxtpx:TrackPointExtension>
        </extensions>
      </trkpt>
      <trkpt lat="47.284838" lon="11.403962">
        <ele>716.25</ele>
        <extensions>
          <gpxtpx:TrackPointExtension>
            <gpxtpx:Extensions>
              <highway>track</highway>
              <tracktype>grade2</tracktype>
              <bicycle>yes</bicycle>
              <vehicle>agricultural</vehicle>
            </gpxtpx:Extensions>
          </gpxtpx:TrackPointExtension>
        </extensions>
      </trkpt>
      <trkpt lat="47.284731" lon="11.403925">
        <ele>716.5</ele>
        <extensions>
          <gpxtpx:TrackPointExtension>
            <gpxtpx:Extensions>
              <highway>track</highway>
              <tracktype>grade2</tracktype>
              <bicycle>yes</bicycle>
              <vehicle>agricultural</vehicle>
            </gpxtpx:Extensions>
          </gpxtpx:TrackPointExtension>
        </extensions>
      </trkpt>
      <trkpt lat="47.284694" lon="11.403927">
        <ele>716</ele>
        <extensions>
          <gpxtpx:TrackPointExtension>
            <gpxtpx:Extensions>
              <highway>track</highway>
              <tracktype>grade2</tracktype>
              <bicycle>yes</bicycle>
              <vehicle>agricultural</vehicle>
            </gpxtpx:Extensions>
          </gpxtpx:TrackPointExtension>
        </extensions>
      </trkpt>
      <trkpt lat="47.284501" lon="11.403994">
        <ele>711.75</ele>
        <extensions>
          <gpxtpx:TrackPointExtension>
            <gpxtpx:Extensions>
              <highway>track</highway>
              <tracktype>grade2</tracktype>
              <bicycle>yes</bicycle>
              <vehicle>agricultural</vehicle>
            </gpxtpx:Extensions>
          </gpxtpx:TrackPointExtension>
        </extensions>
      </trkpt>
      <trkpt lat="47.284335" lon="11.404034">
        <ele>708.75</ele>
        <extensions>
          <gpxtpx:TrackPointExtension>
            <gpxtpx:Extensions>
              <highway>track</highway>
              <tracktype>grade2</tracktype>
              <bicycle>yes</bicycle>
              <vehicle>agricultural</vehicle>
            </gpxtpx:Extensions>
          </gpxtpx:TrackPointExtension>
        </extensions>
      </trkpt>
      <trkpt lat="47.284294" lon="11.404029">
        <ele>708.5</ele>
        <extensions>
          <gpxtpx:TrackPointExtension>
            <gpxtpx:Extensions>
              <highway>track</highway>
              <tracktype>grade2</tracktype>
              <bicycle>yes</bicycle>
              <vehicle>agricultural</vehicle>
            </gpxtpx:Extensions>
          </gpxtpx:TrackPointExtension>
        </extensions>
      </trkpt>
      <trkpt lat="47.284256" lon="11.404011">
        <ele>708.75</ele>
        <extensions>
          <gpxtpx:TrackPointExtension>
            <gpxtpx:Extensions>
              <highway>track</highway>
              <tracktype>grade2</tracktype>
              <bicycle>yes</bicycle>
              <vehicle>agricultural</vehicle>
            </gpxtpx:Extensions>
          </gpxtpx:TrackPointExtension>
        </extensions>
      </trkpt>
      <trkpt lat="47.284177" lon="11.403942">
        <ele>710</ele>
        <extensions>
          <gpxtpx:TrackPointExtension>
            <gpxtpx:Extensions>
              <highway>track</highway>
              <tracktype>grade2</tracktype>
              <bicycle>yes</bicycle>
              <vehicle>agricultural</vehicle>
            </gpxtpx:Extensions>
          </gpxtpx:TrackPointExtension>
        </extensions>
      </trkpt>
      <trkpt lat="47.284134" lon="11.403891">
        <ele>710.5</ele>
        <extensions>
          <gpxtpx:TrackPointExtension>
            <gpxtpx:Extensions>
              <highway>track</highway>
              <tracktype>grade2</tracktype>
              <bicycle>yes</bicycle>
              <vehicle>agricultural</vehicle>
            </gpxtpx:Extensions>
          </gpxtpx:TrackPointExtension>
        </extensions>
      </trkpt>
      <trkpt lat="47.284058" lon="11.403772">
        <ele>711.5</ele>
        <extensions>
          <gpxtpx:TrackPointExtension>
            <gpxtpx:Extensions>
              <highway>track</highway>
              <tracktype>grade2</tracktype>
              <bicycle>yes</bicycle>
              <vehicle>agricultural</vehicle>
            </gpxtpx:Extensions>
          </gpxtpx:TrackPointExtension>
        </extensions>
      </trkpt>
      <trkpt lat="47.283983" lon="11.403626">
        <ele>713.5</ele>
        <extensions>
          <gpxtpx:TrackPointExtension>
            <gpxtpx:Extensions>
              <highway>track</highway>
              <tracktype>grade2</tracktype>
              <bicycle>yes</bicycle>
              <vehicle>agricultural</vehicle>
            </gpxtpx:Extensions>
          </gpxtpx:TrackPointExtension>
        </extensions>
      </trkpt>
      <trkpt lat="47.283816" lon="11.403356">
        <ele>716</ele>
        <extensions>
          <gpxtpx:TrackPointExtension>
            <gpxtpx:Extensions>
              <highway>track</highway>
              <tracktype>grade2</tracktype>
              <bicycle>yes</bicycle>
              <vehicle>agricultural</vehicle>
            </gpxtpx:Extensions>
          </gpxtpx:TrackPointExtension>
        </extensions>
      </trkpt>
      <trkpt lat="47.283615" lon="11.403095">
        <ele>714.25</ele>
        <extensions>
          <gpxtpx:TrackPointExtension>
            <gpxtpx:Extensions>
              <highway>track</highway>
              <tracktype>grade2</tracktype>
              <bicycle>yes</bicycle>
              <vehicle>agricultural</vehicle>
            </gpxtpx:Extensions>
          </gpxtpx:TrackPointExtension>
        </extensions>
      </trkpt>
      <trkpt lat="47.28358" lon="11.403025">
        <ele>714.5</ele>
        <extensions>
          <gpxtpx:TrackPointExtension>
            <gpxtpx:Extensions>
              <highway>track</highway>
              <tracktype>grade2</tracktype>
              <bicycle>yes</bicycle>
              <vehicle>agricultural</vehicle>
            </gpxtpx:Extensions>
          </gpxtpx:TrackPointExtension>
        </extensions>
      </trkpt>
      <trkpt lat="47.283549" lon="11.402899">
        <ele>716</ele>
        <extensions>
          <gpxtpx:TrackPointExtension>
            <gpxtpx:Extensions>
              <highway>track</highway>
              <tracktype>grade2</tracktype>
              <bicycle>yes</bicycle>
              <vehicle>agricultural</vehicle>
            </gpxtpx:Extensions>
          </gpxtpx:TrackPointExtension>
        </extensions>
      </trkpt>
      <trkpt lat="47.28354" lon="11.402827">
        <ele>717</ele>
        <extensions>
          <gpxtpx:TrackPointExtension>
            <gpxtpx:Extensions>
              <highway>track</highway>
              <tracktype>grade2</tracktype>
              <bicycle>yes</bicycle>
              <vehicle>agricultural</vehicle>
            </gpxtpx:Extensions>
          </gpxtpx:TrackPointExtension>
        </extensions>
      </trkpt>
      <trkpt lat="47.283542" lon="11.402745">
        <ele>718.75</ele>
        <extensions>
          <gpxtpx:TrackPointExtension>
            <gpxtpx:Extensions>
              <highway>track</highway>
              <tracktype>grade2</tracktype>
              <bicycle>yes</bicycle>
              <vehicle>agricultural</vehicle>
            </gpxtpx:Extensions>
          </gpxtpx:TrackPointExtension>
        </extensions>
      </trkpt>
      <trkpt lat="47.283558" lon="11.402619">
        <ele>721.75</ele>
        <extensions>
          <gpxtpx:TrackPointExtension>
            <gpxtpx:Extensions>
              <highway>track</highway>
              <tracktype>grade2</tracktype>
              <bicycle>yes</bicycle>
              <vehicle>agricultural</vehicle>
            </gpxtpx:Extensions>
          </gpxtpx:TrackPointExtension>
        </extensions>
      </trkpt>
      <trkpt lat="47.283575" lon="11.402551">
        <ele>723.75</ele>
        <extensions>
          <gpxtpx:TrackPointExtension>
            <gpxtpx:Extensions>
              <highway>track</highway>
              <tracktype>grade2</tracktype>
              <bicycle>yes</bicycle>
              <vehicle>agricultural</vehicle>
            </gpxtpx:Extensions>
          </gpxtpx:TrackPointExtension>
        </extensions>
      </trkpt>
      <trkpt lat="47.283718" lon="11.402256">
        <ele>735</ele>
        <extensions>
          <gpxtpx:TrackPointExtension>
            <gpxtpx:Extensions>
              <highway>track</highway>
              <tracktype>grade2</tracktype>
              <bicycle>yes</bicycle>
              <vehicle>agricultural</vehicle>
            </gpxtpx:Extensions>
          </gpxtpx:TrackPointExtension>
        </extensions>
      </trkpt>
      <trkpt lat="47.283737" lon="11.402202">
        <ele>736.75</ele>
        <extensions>
          <gpxtpx:TrackPointExtension>
            <gpxtpx:Extensions>
              <highway>track</highway>
              <tracktype>grade2</tracktype>
              <bicycle>yes</bicycle>
              <vehicle>agricultural</vehicle>
            </gpxtpx:Extensions>
          </gpxtpx:TrackPointExtension>
        </extensions>
      </trkpt>
      <trkpt lat="47.283747" lon="11.402159">
        <ele>738</ele>
        <extensions>
          <gpxtpx:TrackPointExtension>
            <gpxtpx:Extensions>
              <highway>track</highway>
              <tracktype>grade2</tracktype>
              <bicycle>yes</bicycle>
              <vehicle>agricultural</vehicle>
            </gpxtpx:Extensions>
          </gpxtpx:TrackPointExtension>
        </extensions>
      </trkpt>
      <trkpt lat="47.283735" lon="11.402085">
        <ele>739.25</ele>
        <extensions>
          <gpxtpx:TrackPointExtension>
            <gpxtpx:Extensions>
              <highway>track</highway>
              <tracktype>grade2</tracktype>
              <bicycle>yes</bicycle>
              <vehicle>agricultural</vehicle>
            </gpxtpx:Extensions>
          </gpxtpx:TrackPointExtension>
        </extensions>
      </trkpt>
      <trkpt lat="47.283701" lon="11.402033">
        <ele>739.5</ele>
        <extensions>
          <gpxtpx:TrackPointExtension>
            <gpxtpx:Extensions>
              <highway>track</highway>
              <tracktype>grade2</tracktype>
              <bicycle>yes</bicycle>
              <vehicle>agricultural</vehicle>
            </gpxtpx:Extensions>
          </gpxtpx:TrackPointExtension>
        </extensions>
      </trkpt>
      <trkpt lat="47.283663" lon="11.402003">
        <ele>739</ele>
        <extensions>
          <gpxtpx:TrackPointExtension>
            <gpxtpx:Extensions>
              <highway>track</highway>
              <tracktype>grade2</tracktype>
              <bicycle>yes</bicycle>
              <vehicle>agricultural</vehicle>
            </gpxtpx:Extensions>
          </gpxtpx:TrackPointExtension>
        </extensions>
      </trkpt>
      <trkpt lat="47.283438" lon="11.401891">
        <ele>734.25</ele>
        <extensions>
          <gpxtpx:TrackPointExtension>
            <gpxtpx:Extensions>
              <highway>track</highway>
              <tracktype>grade2</tracktype>
              <bicycle>yes</bicycle>
              <vehicle>agricultural</vehicle>
            </gpxtpx:Extensions>
          </gpxtpx:TrackPointExtension>
        </extensions>
      </trkpt>
      <trkpt lat="47.283326" lon="11.401859">
        <ele>731</ele>
        <extensions>
          <gpxtpx:TrackPointExtension>
            <gpxtpx:Extensions>
              <highway>track</highway>
              <tracktype>grade2</tracktype>
              <bicycle>yes</bicycle>
              <vehicle>agricultural</vehicle>
            </gpxtpx:Extensions>
          </gpxtpx:TrackPointExtension>
        </extensions>
      </trkpt>
      <trkpt lat="47.283293" lon="11.401839">
        <ele>730</ele>
        <extensions>
          <gpxtpx:TrackPointExtension>
            <gpxtpx:Extensions>
              <highway>track</highway>
              <tracktype>grade2</tracktype>
              <bicycle>yes</bicycle>
              <vehicle>agricultural</vehicle>
            </gpxtpx:Extensions>
          </gpxtpx:TrackPointExtension>
        </extensions>
      </trkpt>
      <trkpt lat="47.283279" lon="11.401811">
        <ele>730</ele>
        <extensions>
          <gpxtpx:TrackPointExtension>
            <gpxtpx:Extensions>
              <highway>track</highway>
              <tracktype>grade2</tracktype>
              <bicycle>yes</bicycle>
              <vehicle>agricultural</vehicle>
            </gpxtpx:Extensions>
          </gpxtpx:TrackPointExtension>
        </extensions>
      </trkpt>
      <trkpt lat="47.283274" lon="11.401777">
        <ele>730.5</ele>
        <extensions>
          <gpxtpx:TrackPointExtension>
            <gpxtpx:Extensions>
              <highway>track</highway>
              <tracktype>grade2</tracktype>
              <bicycle>yes</bicycle>
              <vehicle>agricultural</vehicle>
            </gpxtpx:Extensions>
          </gpxtpx:TrackPointExtension>
        </extensions>
      </trkpt>
      <trkpt lat="47.283283" lon="11.401743">
        <ele>731.75</ele>
        <extensions>
          <gpxtpx:TrackPointExtension>
            <gpxtpx:Extensions>
              <highway>track</highway>
              <tracktype>grade2</tracktype>
              <bicycle>yes</bicycle>
              <vehicle>agricultural</vehicle>
            </gpxtpx:Extensions>
          </gpxtpx:TrackPointExtension>
        </extensions>
      </trkpt>
      <trkpt lat="47.283298" lon="11.401725">
        <ele>732.75</ele>
        <extensions>
          <gpxtpx:TrackPointExtension>
            <gpxtpx:Extensions>
              <highway>track</highway>
              <tracktype>grade2</tracktype>
              <bicycle>yes</bicycle>
              <vehicle>agricultural</vehicle>
            </gpxtpx:Extensions>
          </gpxtpx:TrackPointExtension>
        </extensions>
      </trkpt>
      <trkpt lat="47.283318" lon="11.401718">
        <ele>734</ele>
        <extensions>
          <gpxtpx:TrackPointExtension>
            <gpxtpx:Extensions>
              <highway>track</highway>
              <tracktype>grade2</tracktype>
              <bicycle>yes</bicycle>
              <vehicle>agricultural</vehicle>
            </gpxtpx:Extensions>
          </gpxtpx:TrackPointExtension>
        </extensions>
      </trkpt>
      <trkpt lat="47.283465" lon="11.401759">
        <ele>738</ele>
        <extensions>
          <gpxtpx:TrackPointExtension>
            <gpxtpx:Extensions>
              <highway>track</highway>
              <tracktype>grade2</tracktype>
              <bicycle>yes</bicycle>
              <vehicle>agricultural</vehicle>
            </gpxtpx:Extensions>
          </gpxtpx:TrackPointExtension>
        </extensions>
      </trkpt>
      <trkpt lat="47.283782" lon="11.401808">
        <ele>747.25</ele>
        <extensions>
          <gpxtpx:TrackPointExtension>
            <gpxtpx:Extensions>
              <highway>track</highway>
              <tracktype>grade2</tracktype>
              <bicycle>yes</bicycle>
              <vehicle>agricultural</vehicle>
            </gpxtpx:Extensions>
          </gpxtpx:TrackPointExtension>
        </extensions>
      </trkpt>
      <trkpt lat="47.284041" lon="11.401814">
        <ele>755.5</ele>
        <extensions>
          <gpxtpx:TrackPointExtension>
            <gpxtpx:Extensions>
              <highway>track</highway>
              <tracktype>grade2</tracktype>
              <bicycle>yes</bicycle>
              <vehicle>agricultural</vehicle>
            </gpxtpx:Extensions>
          </gpxtpx:TrackPointExtension>
        </extensions>
      </trkpt>
      <trkpt lat="47.284139" lon="11.401842">
        <ele>758</ele>
        <extensions>
          <gpxtpx:TrackPointExtension>
            <gpxtpx:Extensions>
              <highway>track</highway>
              <tracktype>grade2</tracktype>
              <bicycle>yes</bicycle>
              <vehicle>agricultural</vehicle>
            </gpxtpx:Extensions>
          </gpxtpx:TrackPointExtension>
        </extensions>
      </trkpt>
      <trkpt lat="47.284146" lon="11.401845">
        <ele>758.25</ele>
        <extensions>
          <gpxtpx:TrackPointExtension>
            <gpxtpx:Extensions>
              <highway>track</highway>
              <tracktype>grade2</tracktype>
              <bicycle>yes</bicycle>
              <vehicle>agricultural</vehicle>
            </gpxtpx:Extensions>
          </gpxtpx:TrackPointExtension>
        </extensions>
      </trkpt>
      <trkpt lat="47.284214" lon="11.401881">
        <ele>759.25</ele>
        <extensions>
          <gpxtpx:TrackPointExtension>
            <gpxtpx:Extensions>
              <highway>track</highway>
              <tracktype>grade2</tracktype>
              <bicycle>yes</bicycle>
              <vehicle>agricultural</vehicle>
            </gpxtpx:Extensions>
          </gpxtpx:TrackPointExtension>
        </extensions>
      </trkpt>
      <trkpt lat="47.28429" lon="11.401903">
        <ele>761</ele>
        <extensions>
          <gpxtpx:TrackPointExtension>
            <gpxtpx:Extensions>
              <highway>track</highway>
              <tracktype>grade2</tracktype>
              <bicycle>yes</bicycle>
              <vehicle>agricultural</vehicle>
            </gpxtpx:Extensions>
          </gpxtpx:TrackPointExtension>
        </extensions>
      </trkpt>
      <trkpt lat="47.284352" lon="11.401896">
        <ele>762.75</ele>
        <extensions>
          <gpxtpx:TrackPointExtension>
            <gpxtpx:Extensions>
              <highway>track</highway>
              <tracktype>grade2</tracktype>
              <bicycle>yes</bicycle>
              <vehicle>agricultural</vehicle>
            </gpxtpx:Extensions>
          </gpxtpx:TrackPointExtension>
        </extensions>
      </trkpt>
      <trkpt lat="47.284453" lon="11.401856">
        <ele>766.5</ele>
        <extensions>
          <gpxtpx:TrackPointExtension>
            <gpxtpx:Extensions>
              <highway>track</highway>
              <tracktype>grade2</tracktype>
              <bicycle>yes</bicycle>
              <vehicle>agricultural</vehicle>
            </gpxtpx:Extensions>
          </gpxtpx:TrackPointExtension>
        </extensions>
      </trkpt>
      <trkpt lat="47.284534" lon="11.401841">
        <ele>769</ele>
        <extensions>
          <gpxtpx:TrackPointExtension>
            <gpxtpx:Extensions>
              <highway>track</highway>
              <tracktype>grade2</tracktype>
              <bicycle>yes</bicycle>
              <vehicle>agricultural</vehicle>
            </gpxtpx:Extensions>
          </gpxtpx:TrackPointExtension>
        </extensions>
      </trkpt>
      <trkpt lat="47.284636" lon="11.401849">
        <ele>771.5</ele>
        <extensions>
          <gpxtpx:TrackPointExtension>
            <gpxtpx:Extensions>
              <highway>track</highway>
              <tracktype>grade2</tracktype>
              <bicycle>yes</bicycle>
              <vehicle>agricultural</vehicle>
            </gpxtpx:Extensions>
          </gpxtpx:TrackPointExtension>
        </extensions>
      </trkpt>
      <trkpt lat="47.28467" lon="11.401871">
        <ele>772</ele>
        <extensions>
          <gpxtpx:TrackPointExtension>
            <gpxtpx:Extensions>
              <highway>track</highway>
              <tracktype>grade2</tracktype>
              <bicycle>yes</bicycle>
              <vehicle>agricultural</vehicle>
            </gpxtpx:Extensions>
          </gpxtpx:TrackPointExtension>
        </extensions>
      </trkpt>
      <trkpt lat="47.284714" lon="11.40193">
        <ele>772.25</ele>
        <extensions>
          <gpxtpx:TrackPointExtension>
            <gpxtpx:Extensions>
              <highway>track</highway>
              <tracktype>grade2</tracktype>
              <bicycle>yes</bicycle>
              <vehicle>agricultural</vehicle>
            </gpxtpx:Extensions>
          </gpxtpx:TrackPointExtension>
        </extensions>
      </trkpt>
      <trkpt lat="47.284742" lon="11.402017">
        <ele>771.25</ele>
        <extensions>
          <gpxtpx:TrackPointExtension>
            <gpxtpx:Extensions>
              <highway>track</highway>
              <tracktype>grade2</tracktype>
              <bicycle>yes</bicycle>
              <vehicle>agricultural</vehicle>
            </gpxtpx:Extensions>
          </gpxtpx:TrackPointExtension>
        </extensions>
      </trkpt>
      <trkpt lat="47.284761" lon="11.402127">
        <ele>769.75</ele>
        <extensions>
          <gpxtpx:TrackPointExtension>
            <gpxtpx:Extensions>
              <highway>track</highway>
              <tracktype>grade2</tracktype>
              <bicycle>yes</bicycle>
              <vehicle>agricultural</vehicle>
            </gpxtpx:Extensions>
          </gpxtpx:TrackPointExtension>
        </extensions>
      </trkpt>
      <trkpt lat="47.284759" lon="11.402349">
        <ele>765.25</ele>
        <extensions>
          <gpxtpx:TrackPointExtension>
            <gpxtpx:Extensions>
              <highway>track</highway>
              <tracktype>grade2</tracktype>
              <bicycle>yes</bicycle>
              <vehicle>agricultural</vehicle>
            </gpxtpx:Extensions>
          </gpxtpx:TrackPointExtension>
        </extensions>
      </trkpt>
      <trkpt lat="47.284764" lon="11.402389">
        <ele>764.75</ele>
        <extensions>
          <gpxtpx:TrackPointExtension>
            <gpxtpx:Extensions>
              <highway>track</highway>
              <tracktype>grade2</tracktype>
              <bicycle>yes</bicycle>
              <vehicle>agricultural</vehicle>
            </gpxtpx:Extensions>
          </gpxtpx:TrackPointExtension>
        </extensions>
      </trkpt>
      <trkpt lat="47.284775" lon="11.402415">
        <ele>764.5</ele>
        <extensions>
          <gpxtpx:TrackPointExtension>
            <gpxtpx:Extensions>
              <highway>track</highway>
              <tracktype>grade2</tracktype>
              <bicycle>yes</bicycle>
              <vehicle>agricultural</vehicle>
            </gpxtpx:Extensions>
          </gpxtpx:TrackPointExtension>
        </extensions>
      </trkpt>
      <trkpt lat="47.284819" lon="11.402457">
        <ele>765</ele>
        <extensions>
          <gpxtpx:TrackPointExtension>
            <gpxtpx:Extensions>
              <highway>track</highway>
              <tracktype>grade2</tracktype>
              <bicycle>yes</bicycle>
              <vehicle>agricultural</vehicle>
            </gpxtpx:Extensions>
          </gpxtpx:TrackPointExtension>
        </extensions>
      </trkpt>
      <trkpt lat="47.284846" lon="11.402463">
        <ele>765.75</ele>
        <extensions>
          <gpxtpx:TrackPointExtension>
            <gpxtpx:Extensions>
              <highway>track</highway>
              <tracktype>grade2</tracktype>
              <bicycle>yes</bicycle>
              <vehicle>agricultural</vehicle>
            </gpxtpx:Extensions>
          </gpxtpx:TrackPointExtension>
        </extensions>
      </trkpt>
      <trkpt lat="47.284877" lon="11.402452">
        <ele>767</ele>
        <extensions>
          <gpxtpx:TrackPointExtension>
            <gpxtpx:Extensions>
              <highway>track</highway>
              <tracktype>grade2</tracktype>
              <bicycle>yes</bicycle>
              <vehicle>agricultural</vehicle>
            </gpxtpx:Extensions>
          </gpxtpx:TrackPointExtension>
        </extensions>
      </trkpt>
      <trkpt lat="47.284901" lon="11.402427">
        <ele>768.25</ele>
        <extensions>
          <gpxtpx:TrackPointExtension>
            <gpxtpx:Extensions>
              <highway>track</highway>
              <tracktype>grade2</tracktype>
              <bicycle>yes</bicycle>
              <vehicle>agricultural</vehicle>
            </gpxtpx:Extensions>
          </gpxtpx:TrackPointExtension>
        </extensions>
      </trkpt>
      <trkpt lat="47.284911" lon="11.402393">
        <ele>769</ele>
        <extensions>
          <gpxtpx:TrackPointExtension>
            <gpxtpx:Extensions>
              <highway>track</highway>
              <tracktype>grade2</tracktype>
              <bicycle>yes</bicycle>
              <vehicle>agricultural</vehicle>
            </gpxtpx:Extensions>
          </gpxtpx:TrackPointExtension>
        </extensions>
      </trkpt>
      <trkpt lat="47.284912" lon="11.402358">
        <ele>769.75</ele>
        <extensions>
          <gpxtpx:TrackPointExtension>
            <gpxtpx:Extensions>
              <highway>track</highway>
              <tracktype>grade2</tracktype>
              <bicycle>yes</bicycle>
              <vehicle>agricultural</vehicle>
            </gpxtpx:Extensions>
          </gpxtpx:TrackPointExtension>
        </extensions>
      </trkpt>
      <trkpt lat="47.284868" lon="11.402135">
        <ele>772.5</ele>
        <extensions>
          <gpxtpx:TrackPointExtension>
            <gpxtpx:Extensions>
              <highway>track</highway>
              <tracktype>grade2</tracktype>
              <bicycle>yes</bicycle>
              <vehicle>agricultural</vehicle>
            </gpxtpx:Extensions>
          </gpxtpx:TrackPointExtension>
        </extensions>
      </trkpt>
      <trkpt lat="47.284843" lon="11.401679">
        <ele>780.5</ele>
        <extensions>
          <gpxtpx:TrackPointExtension>
            <gpxtpx:Extensions>
              <highway>track</highway>
              <tracktype>grade2</tracktype>
              <bicycle>yes</bicycle>
              <vehicle>agricultural</vehicle>
            </gpxtpx:Extensions>
          </gpxtpx:TrackPointExtension>
        </extensions>
      </trkpt>
      <trkpt lat="47.284842" lon="11.401546">
        <ele>782.25</ele>
        <extensions>
          <gpxtpx:TrackPointExtension>
            <gpxtpx:Extensions>
              <highway>track</highway>
              <tracktype>grade2</tracktype>
              <bicycle>yes</bicycle>
              <vehicle>agricultural</vehicle>
            </gpxtpx:Extensions>
          </gpxtpx:TrackPointExtension>
        </extensions>
      </trkpt>
      <trkpt lat="47.284794" lon="11.40134">
        <ele>783</ele>
        <extensions>
          <gpxtpx:TrackPointExtension>
            <gpxtpx:Extensions>
              <highway>track</highway>
              <tracktype>grade2</tracktype>
              <bicycle>yes</bicycle>
              <vehicle>agricultural</vehicle>
            </gpxtpx:Extensions>
          </gpxtpx:TrackPointExtension>
        </extensions>
      </trkpt>
      <trkpt lat="47.28479" lon="11.401298">
        <ele>783.5</ele>
        <extensions>
          <gpxtpx:TrackPointExtension>
            <gpxtpx:Extensions>
              <highway>track</highway>
              <tracktype>grade2</tracktype>
              <bicycle>yes</bicycle>
              <vehicle>agricultural</vehicle>
            </gpxtpx:Extensions>
          </gpxtpx:TrackPointExtension>
        </extensions>
      </trkpt>
      <trkpt lat="47.284806" lon="11.40123">
        <ele>784.75</ele>
        <extensions>
          <gpxtpx:TrackPointExtension>
            <gpxtpx:Extensions>
              <highway>track</highway>
              <tracktype>grade2</tracktype>
              <bicycle>yes</bicycle>
              <vehicle>agricultural</vehicle>
            </gpxtpx:Extensions>
          </gpxtpx:TrackPointExtension>
        </extensions>
      </trkpt>
      <trkpt lat="47.284912" lon="11.401041">
        <ele>791.5</ele>
        <extensions>
          <gpxtpx:TrackPointExtension>
            <gpxtpx:Extensions>
              <highway>track</highway>
              <tracktype>grade2</tracktype>
              <bicycle>yes</bicycle>
              <vehicle>agricultural</vehicle>
            </gpxtpx:Extensions>
          </gpxtpx:TrackPointExtension>
        </extensions>
      </trkpt>
      <trkpt lat="47.284924" lon="11.400992">
        <ele>792.75</ele>
        <extensions>
          <gpxtpx:TrackPointExtension>
            <gpxtpx:Extensions>
              <highway>track</highway>
              <tracktype>grade2</tracktype>
              <bicycle>yes</bicycle>
              <vehicle>agricultural</vehicle>
            </gpxtpx:Extensions>
          </gpxtpx:TrackPointExtension>
        </extensions>
      </trkpt>
      <trkpt lat="47.28493" lon="11.400896">
        <ele>794.5</ele>
        <extensions>
          <gpxtpx:TrackPointExtension>
            <gpxtpx:Extensions>
              <highway>track</highway>
              <tracktype>grade2</tracktype>
              <bicycle>yes</bicycle>
              <vehicle>agricultural</vehicle>
            </gpxtpx:Extensions>
          </gpxtpx:TrackPointExtension>
        </extensions>
      </trkpt>
      <trkpt lat="47.284917" lon="11.40075">
        <ele>795.75</ele>
        <extensions>
          <gpxtpx:TrackPointExtension>
            <gpxtpx:Extensions>
              <highway>track</highway>
              <tracktype>grade2</tracktype>
              <bicycle>yes</bicycle>
              <vehicle>agricultural</vehicle>
            </gpxtpx:Extensions>
          </gpxtpx:TrackPointExtension>
        </extensions>
      </trkpt>
      <trkpt lat="47.284914" lon="11.400604">
        <ele>797.25</ele>
        <extensions>
          <gpxtpx:TrackPointExtension>
            <gpxtpx:Extensions>
              <highway>track</highway>
              <tracktype>grade2</tracktype>
              <bicycle>yes</bicycle>
              <vehicle>agricultural</vehicle>
            </gpxtpx:Extensions>
          </gpxtpx:TrackPointExtension>
        </extensions>
      </trkpt>
      <trkpt lat="47.284924" lon="11.400308">
        <ele>801.25</ele>
        <extensions>
          <gpxtpx:TrackPointExtension>
            <gpxtpx:Extensions>
              <highway>track</highway>
              <tracktype>grade2</tracktype>
              <bicycle>yes</bicycle>
              <vehicle>agricultural</vehicle>
            </gpxtpx:Extensions>
          </gpxtpx:TrackPointExtension>
        </extensions>
      </trkpt>
      <trkpt lat="47.284908" lon="11.400215">
        <ele>801.25</ele>
        <extensions>
          <gpxtpx:TrackPointExtension>
            <gpxtpx:Extensions>
              <highway>track</highway>
              <tracktype>grade2</tracktype>
              <bicycle>yes</bicycle>
              <vehicle>agricultural</vehicle>
            </gpxtpx:Extensions>
          </gpxtpx:TrackPointExtension>
        </extensions>
      </trkpt>
      <trkpt lat="47.2849" lon="11.400169">
        <ele>801.25</ele>
        <extensions>
          <gpxtpx:TrackPointExtension>
            <gpxtpx:Extensions>
              <reversedirection>yes</reversedirection>
              <highway>track</highway>
              <tracktype>grade2</tracktype>
              <bicycle>no</bicycle>
            </gpxtpx:Extensions>
          </gpxtpx:TrackPointExtension>
        </extensions>
      </trkpt>
      <trkpt lat="47.284979" lon="11.400305">
        <ele>804.5</ele>
        <extensions>
          <gpxtpx:TrackPointExtension>
            <gpxtpx:Extensions>
              <reversedirection>yes</reversedirection>
              <highway>track</highway>
              <tracktype>grade2</tracktype>
              <bicycle>no</bicycle>
            </gpxtpx:Extensions>
          </gpxtpx:TrackPointExtension>
        </extensions>
      </trkpt>
      <trkpt lat="47.285044" lon="11.400516">
        <ele>805</ele>
        <extensions>
          <gpxtpx:TrackPointExtension>
            <gpxtpx:Extensions>
              <reversedirection>yes</reversedirection>
              <highway>track</highway>
              <tracktype>grade2</tracktype>
              <bicycle>no</bicycle>
            </gpxtpx:Extensions>
          </gpxtpx:TrackPointExtension>
        </extensions>
      </trkpt>
      <trkpt lat="47.285097" lon="11.400614">
        <ele>806.25</ele>
        <extensions>
          <gpxtpx:TrackPointExtension>
            <gpxtpx:Extensions>
              <reversedirection>yes</reversedirection>
              <highway>track</highway>
              <tracktype>grade2</tracktype>
              <bicycle>no</bicycle>
            </gpxtpx:Extensions>
          </gpxtpx:TrackPointExtension>
        </extensions>
      </trkpt>
      <trkpt lat="47.285157" lon="11.400756">
        <ele>807</ele>
        <extensions>
          <gpxtpx:TrackPointExtension>
            <gpxtpx:Extensions>
              <reversedirection>yes</reversedirection>
              <highway>track</highway>
              <tracktype>grade2</tracktype>
              <bicycle>no</bicycle>
            </gpxtpx:Extensions>
          </gpxtpx:TrackPointExtension>
        </extensions>
      </trkpt>
      <trkpt lat="47.285207" lon="11.401059">
        <ele>804</ele>
        <extensions>
          <gpxtpx:TrackPointExtension>
            <gpxtpx:Extensions>
              <reversedirection>yes</reversedirection>
              <highway>track</highway>
              <tracktype>grade2</tracktype>
              <bicycle>no</bicycle>
            </gpxtpx:Extensions>
          </gpxtpx:TrackPointExtension>
        </extensions>
      </trkpt>
      <trkpt lat="47.285239" lon="11.401136">
        <ele>804</ele>
        <extensions>
          <gpxtpx:TrackPointExtension>
            <gpxtpx:Extensions>
              <reversedirection>yes</reversedirection>
              <highway>track</highway>
              <tracktype>grade2</tracktype>
              <bicycle>no</bicycle>
            </gpxtpx:Extensions>
          </gpxtpx:TrackPointExtension>
        </extensions>
      </trkpt>
      <trkpt lat="47.285314" lon="11.401193">
        <ele>806</ele>
        <extensions>
          <gpxtpx:TrackPointExtension>
            <gpxtpx:Extensions>
              <highway>cycleway</highway>
              <surface>dirt</surface>
              <foot>no</foot>
              <bicycle>yes</bicycle>
              <mtb_scale>1</mtb_scale>
              <oneway>yes</oneway>
            </gpxtpx:Extensions>
          </gpxtpx:TrackPointExtension>
        </extensions>
      </trkpt>
      <trkpt lat="47.285331" lon="11.401365">
        <ele>803.25</ele>
        <extensions>
          <gpxtpx:TrackPointExtension>
            <gpxtpx:Extensions>
              <highway>cycleway</highway>
              <surface>dirt</surface>
              <foot>no</foot>
              <bicycle>yes</bicycle>
              <mtb_scale>1</mtb_scale>
              <oneway>yes</oneway>
            </gpxtpx:Extensions>
          </gpxtpx:TrackPointExtension>
        </extensions>
      </trkpt>
      <trkpt lat="47.285503" lon="11.401573">
        <ele>805.75</ele>
        <extensions>
          <gpxtpx:TrackPointExtension>
            <gpxtpx:Extensions>
              <highway>cycleway</highway>
              <surface>dirt</surface>
              <foot>no</foot>
              <bicycle>yes</bicycle>
              <mtb_scale>1</mtb_scale>
              <oneway>yes</oneway>
            </gpxtpx:Extensions>
          </gpxtpx:TrackPointExtension>
        </extensions>
      </trkpt>
      <trkpt lat="47.285581" lon="11.401719">
        <ele>805</ele>
        <extensions>
          <gpxtpx:TrackPointExtension>
            <gpxtpx:Extensions>
              <highway>cycleway</highway>
              <surface>dirt</surface>
              <foot>no</foot>
              <bicycle>yes</bicycle>
              <mtb_scale>1</mtb_scale>
              <oneway>yes</oneway>
            </gpxtpx:Extensions>
          </gpxtpx:TrackPointExtension>
        </extensions>
      </trkpt>
      <trkpt lat="47.285653" lon="11.401854">
        <ele>804.75</ele>
        <extensions>
          <gpxtpx:TrackPointExtension>
            <gpxtpx:Extensions>
              <highway>cycleway</highway>
              <surface>dirt</surface>
              <foot>no</foot>
              <bicycle>yes</bicycle>
              <mtb_scale>1</mtb_scale>
              <oneway>yes</oneway>
            </gpxtpx:Extensions>
          </gpxtpx:TrackPointExtension>
        </extensions>
      </trkpt>
      <trkpt lat="47.285794" lon="11.40203">
        <ele>805.25</ele>
        <extensions>
          <gpxtpx:TrackPointExtension>
            <gpxtpx:Extensions>
              <highway>cycleway</highway>
              <surface>dirt</surface>
              <foot>no</foot>
              <bicycle>yes</bicycle>
              <mtb_scale>1</mtb_scale>
              <oneway>yes</oneway>
            </gpxtpx:Extensions>
          </gpxtpx:TrackPointExtension>
        </extensions>
      </trkpt>
      <trkpt lat="47.28595" lon="11.402136">
        <ele>809.25</ele>
        <extensions>
          <gpxtpx:TrackPointExtension>
            <gpxtpx:Extensions>
              <highway>cycleway</highway>
              <surface>dirt</surface>
              <foot>no</foot>
              <bicycle>yes</bicycle>
              <mtb_scale>1</mtb_scale>
              <oneway>yes</oneway>
            </gpxtpx:Extensions>
          </gpxtpx:TrackPointExtension>
        </extensions>
      </trkpt>
      <trkpt lat="47.286074" lon="11.402245">
        <ele>812</ele>
        <extensions>
          <gpxtpx:TrackPointExtension>
            <gpxtpx:Extensions>
              <highway>cycleway</highway>
              <surface>dirt</surface>
              <foot>no</foot>
              <bicycle>yes</bicycle>
              <mtb_scale>1</mtb_scale>
              <oneway>yes</oneway>
            </gpxtpx:Extensions>
          </gpxtpx:TrackPointExtension>
        </extensions>
      </trkpt>
      <trkpt lat="47.286232" lon="11.402494">
        <ele>813.75</ele>
        <extensions>
          <gpxtpx:TrackPointExtension>
            <gpxtpx:Extensions>
              <highway>cycleway</highway>
              <surface>dirt</surface>
              <foot>no</foot>
              <bicycle>yes</bicycle>
              <mtb_scale>1</mtb_scale>
              <oneway>yes</oneway>
            </gpxtpx:Extensions>
          </gpxtpx:TrackPointExtension>
        </extensions>
      </trkpt>
      <trkpt lat="47.286235" lon="11.402549">
        <ele>812.25</ele>
        <extensions>
          <gpxtpx:TrackPointExtension>
            <gpxtpx:Extensions>
              <highway>cycleway</highway>
              <surface>dirt</surface>
              <foot>no</foot>
              <bicycle>yes</bicycle>
              <mtb_scale>1</mtb_scale>
              <oneway>yes</oneway>
            </gpxtpx:Extensions>
          </gpxtpx:TrackPointExtension>
        </extensions>
      </trkpt>
      <trkpt lat="47.286246" lon="11.402637">
        <ele>810</ele>
        <extensions>
          <gpxtpx:TrackPointExtension>
            <gpxtpx:Extensions>
              <highway>cycleway</highway>
              <surface>dirt</surface>
              <foot>no</foot>
              <bicycle>yes</bicycle>
              <mtb_scale>1</mtb_scale>
              <oneway>yes</oneway>
            </gpxtpx:Extensions>
          </gpxtpx:TrackPointExtension>
        </extensions>
      </trkpt>
      <trkpt lat="47.286284" lon="11.402769">
        <ele>807.75</ele>
        <extensions>
          <gpxtpx:TrackPointExtension>
            <gpxtpx:Extensions>
              <highway>cycleway</highway>
              <surface>dirt</surface>
              <foot>no</foot>
              <bicycle>yes</bicycle>
              <mtb_scale>1</mtb_scale>
              <oneway>yes</oneway>
            </gpxtpx:Extensions>
          </gpxtpx:TrackPointExtension>
        </extensions>
      </trkpt>
      <trkpt lat="47.286329" lon="11.402958">
        <ele>804.5</ele>
        <extensions>
          <gpxtpx:TrackPointExtension>
            <gpxtpx:Extensions>
              <highway>cycleway</highway>
              <surface>dirt</surface>
              <foot>no</foot>
              <bicycle>yes</bicycle>
              <mtb_scale>1</mtb_scale>
              <oneway>yes</oneway>
            </gpxtpx:Extensions>
          </gpxtpx:TrackPointExtension>
        </extensions>
      </trkpt>
      <trkpt lat="47.286372" lon="11.40308">
        <ele>803.25</ele>
        <extensions>
          <gpxtpx:TrackPointExtension>
            <gpxtpx:Extensions>
              <highway>cycleway</highway>
              <surface>dirt</surface>
              <foot>no</foot>
              <bicycle>yes</bicycle>
              <mtb_scale>1</mtb_scale>
              <oneway>yes</oneway>
            </gpxtpx:Extensions>
          </gpxtpx:TrackPointExtension>
        </extensions>
      </trkpt>
      <trkpt lat="47.286508" lon="11.403337">
        <ele>803.75</ele>
        <extensions>
          <gpxtpx:TrackPointExtension>
            <gpxtpx:Extensions>
              <highway>cycleway</highway>
              <surface>dirt</surface>
              <foot>no</foot>
              <bicycle>yes</bicycle>
              <mtb_scale>1</mtb_scale>
              <oneway>yes</oneway>
            </gpxtpx:Extensions>
          </gpxtpx:TrackPointExtension>
        </extensions>
      </trkpt>
      <trkpt lat="47.286488" lon="11.403686">
        <ele>794</ele>
        <extensions>
          <gpxtpx:TrackPointExtension>
            <gpxtpx:Extensions>
              <highway>cycleway</highway>
              <surface>dirt</surface>
              <foot>no</foot>
              <bicycle>yes</bicycle>
              <mtb_scale>1</mtb_scale>
              <oneway>yes</oneway>
            </gpxtpx:Extensions>
          </gpxtpx:TrackPointExtension>
        </extensions>
      </trkpt>
      <trkpt lat="47.286468" lon="11.403809">
        <ele>790</ele>
        <extensions>
          <gpxtpx:TrackPointExtension>
            <gpxtpx:Extensions>
              <highway>cycleway</highway>
              <surface>dirt</surface>
              <foot>no</foot>
              <bicycle>yes</bicycle>
              <mtb_scale>1</mtb_scale>
              <oneway>yes</oneway>
            </gpxtpx:Extensions>
          </gpxtpx:TrackPointExtension>
        </extensions>
      </trkpt>
      <trkpt lat="47.286468" lon="11.403883">
        <ele>788.25</ele>
        <extensions>
          <gpxtpx:TrackPointExtension>
            <gpxtpx:Extensions>
              <highway>cycleway</highway>
              <surface>dirt</surface>
              <foot>no</foot>
              <bicycle>yes</bicycle>
              <mtb_scale>1</mtb_scale>
              <oneway>yes</oneway>
            </gpxtpx:Extensions>
          </gpxtpx:TrackPointExtension>
        </extensions>
      </trkpt>
      <trkpt lat="47.286478" lon="11.403934">
        <ele>787.5</ele>
        <extensions>
          <gpxtpx:TrackPointExtension>
            <gpxtpx:Extensions>
              <highway>cycleway</highway>
              <surface>dirt</surface>
              <foot>no</foot>
              <bicycle>yes</bicycle>
              <mtb_scale>1</mtb_scale>
              <oneway>yes</oneway>
            </gpxtpx:Extensions>
          </gpxtpx:TrackPointExtension>
        </extensions>
      </trkpt>
      <trkpt lat="47.286699" lon="11.404116">
        <ele>795.75</ele>
        <extensions>
          <gpxtpx:TrackPointExtension>
            <gpxtpx:Extensions>
              <highway>cycleway</highway>
              <surface>dirt</surface>
              <foot>no</foot>
              <bicycle>yes</bicycle>
              <mtb_scale>1</mtb_scale>
              <oneway>yes</oneway>
            </gpxtpx:Extensions>
          </gpxtpx:TrackPointExtension>
        </extensions>
      </trkpt>
      <trkpt lat="47.286708" lon="11.404135">
        <ele>796</ele>
        <extensions>
          <gpxtpx:TrackPointExtension>
            <gpxtpx:Extensions>
              <highway>cycleway</highway>
              <surface>dirt</surface>
              <foot>no</foot>
              <bicycle>yes</bicycle>
              <mtb_scale>1</mtb_scale>
              <oneway>yes</oneway>
            </gpxtpx:Extensions>
          </gpxtpx:TrackPointExtension>
        </extensions>
      </trkpt>
      <trkpt lat="47.286699" lon="11.404154">
        <ele>795</ele>
        <extensions>
          <gpxtpx:TrackPointExtension>
            <gpxtpx:Extensions>
              <highway>cycleway</highway>
              <surface>dirt</surface>
              <foot>no</foot>
              <bicycle>yes</bicycle>
              <mtb_scale>1</mtb_scale>
              <oneway>yes</oneway>
            </gpxtpx:Extensions>
          </gpxtpx:TrackPointExtension>
        </extensions>
      </trkpt>
      <trkpt lat="47.286673" lon="11.404153">
        <ele>793.5</ele>
        <extensions>
          <gpxtpx:TrackPointExtension>
            <gpxtpx:Extensions>
              <highway>cycleway</highway>
              <surface>dirt</surface>
              <foot>no</foot>
              <bicycle>yes</bicycle>
              <mtb_scale>1</mtb_scale>
              <oneway>yes</oneway>
            </gpxtpx:Extensions>
          </gpxtpx:TrackPointExtension>
        </extensions>
      </trkpt>
      <trkpt lat="47.286611" lon="11.404112">
        <ele>791</ele>
        <extensions>
          <gpxtpx:TrackPointExtension>
            <gpxtpx:Extensions>
              <highway>cycleway</highway>
              <surface>dirt</surface>
              <foot>no</foot>
              <bicycle>yes</bicycle>
              <mtb_scale>1</mtb_scale>
              <oneway>yes</oneway>
            </gpxtpx:Extensions>
          </gpxtpx:TrackPointExtension>
        </extensions>
      </trkpt>
      <trkpt lat="47.286655" lon="11.404241">
        <ele>790</ele>
        <extensions>
          <gpxtpx:TrackPointExtension>
            <gpxtpx:Extensions>
              <highway>cycleway</highway>
              <surface>dirt</surface>
              <foot>no</foot>
              <bicycle>yes</bicycle>
              <mtb_scale>1</mtb_scale>
              <oneway>yes</oneway>
            </gpxtpx:Extensions>
          </gpxtpx:TrackPointExtension>
        </extensions>
      </trkpt>
      <trkpt lat="47.286636" lon="11.404273">
        <ele>787.75</ele>
        <extensions>
          <gpxtpx:TrackPointExtension>
            <gpxtpx:Extensions>
              <highway>cycleway</highway>
              <surface>dirt</surface>
              <foot>no</foot>
              <bicycle>yes</bicycle>
              <mtb_scale>1</mtb_scale>
              <oneway>yes</oneway>
            </gpxtpx:Extensions>
          </gpxtpx:TrackPointExtension>
        </extensions>
      </trkpt>
      <trkpt lat="47.286533" lon="11.404204">
        <ele>784</ele>
        <extensions>
          <gpxtpx:TrackPointExtension>
            <gpxtpx:Extensions>
              <highway>cycleway</highway>
              <surface>dirt</surface>
              <foot>no</foot>
              <bicycle>yes</bicycle>
              <mtb_scale>1</mtb_scale>
              <oneway>yes</oneway>
            </gpxtpx:Extensions>
          </gpxtpx:TrackPointExtension>
        </extensions>
      </trkpt>
      <trkpt lat="47.286448" lon="11.40423">
        <ele>778.5</ele>
        <extensions>
          <gpxtpx:TrackPointExtension>
            <gpxtpx:Extensions>
              <highway>cycleway</highway>
              <surface>dirt</surface>
              <foot>no</foot>
              <bicycle>yes</bicycle>
              <mtb_scale>1</mtb_scale>
              <oneway>yes</oneway>
            </gpxtpx:Extensions>
          </gpxtpx:TrackPointExtension>
        </extensions>
      </trkpt>
      <trkpt lat="47.286394" lon="11.40421">
        <ele>776</ele>
        <extensions>
          <gpxtpx:TrackPointExtension>
            <gpxtpx:Extensions>
              <highway>cycleway</highway>
              <surface>dirt</surface>
              <foot>no</foot>
              <bicycle>yes</bicycle>
              <mtb_scale>1</mtb_scale>
              <oneway>yes</oneway>
            </gpxtpx:Extensions>
          </gpxtpx:TrackPointExtension>
        </extensions>
      </trkpt>
      <trkpt lat="47.286361" lon="11.404172">
        <ele>775</ele>
        <extensions>
          <gpxtpx:TrackPointExtension>
            <gpxtpx:Extensions>
              <highway>cycleway</highway>
              <surface>dirt</surface>
              <foot>no</foot>
              <bicycle>yes</bicycle>
              <mtb_scale>1</mtb_scale>
              <oneway>yes</oneway>
            </gpxtpx:Extensions>
          </gpxtpx:TrackPointExtension>
        </extensions>
      </trkpt>
      <trkpt lat="47.286314" lon="11.404056">
        <ele>775.25</ele>
        <extensions>
          <gpxtpx:TrackPointExtension>
            <gpxtpx:Extensions>
              <highway>cycleway</highway>
              <surface>dirt</surface>
              <foot>no</foot>
              <bicycle>yes</bicycle>
              <mtb_scale>1</mtb_scale>
              <oneway>yes</oneway>
            </gpxtpx:Extensions>
          </gpxtpx:TrackPointExtension>
        </extensions>
      </trkpt>
      <trkpt lat="47.28627" lon="11.403898">
        <ele>776.5</ele>
        <extensions>
          <gpxtpx:TrackPointExtension>
            <gpxtpx:Extensions>
              <highway>cycleway</highway>
              <surface>dirt</surface>
              <foot>no</foot>
              <bicycle>yes</bicycle>
              <mtb_scale>1</mtb_scale>
              <oneway>yes</oneway>
            </gpxtpx:Extensions>
          </gpxtpx:TrackPointExtension>
        </extensions>
      </trkpt>
      <trkpt lat="47.286261" lon="11.403788">
        <ele>778.5</ele>
        <extensions>
          <gpxtpx:TrackPointExtension>
            <gpxtpx:Extensions>
              <highway>cycleway</highway>
              <surface>dirt</surface>
              <foot>no</foot>
              <bicycle>yes</bicycle>
              <mtb_scale>1</mtb_scale>
              <oneway>yes</oneway>
            </gpxtpx:Extensions>
          </gpxtpx:TrackPointExtension>
        </extensions>
      </trkpt>
      <trkpt lat="47.286295" lon="11.403629">
        <ele>784.25</ele>
        <extensions>
          <gpxtpx:TrackPointExtension>
            <gpxtpx:Extensions>
              <highway>cycleway</highway>
              <surface>dirt</surface>
              <foot>no</foot>
              <bicycle>yes</bicycle>
              <mtb_scale>1</mtb_scale>
              <oneway>yes</oneway>
            </gpxtpx:Extensions>
          </gpxtpx:TrackPointExtension>
        </extensions>
      </trkpt>
      <trkpt lat="47.286287" lon="11.403594">
        <ele>784.75</ele>
        <extensions>
          <gpxtpx:TrackPointExtension>
            <gpxtpx:Extensions>
              <highway>cycleway</highway>
              <surface>dirt</surface>
              <foot>no</foot>
              <bicycle>yes</bicycle>
              <mtb_scale>1</mtb_scale>
              <oneway>yes</oneway>
            </gpxtpx:Extensions>
          </gpxtpx:TrackPointExtension>
        </extensions>
      </trkpt>
      <trkpt lat="47.286268" lon="11.403592">
        <ele>783.75</ele>
        <extensions>
          <gpxtpx:TrackPointExtension>
            <gpxtpx:Extensions>
              <highway>cycleway</highway>
              <surface>dirt</surface>
              <foot>no</foot>
              <bicycle>yes</bicycle>
              <mtb_scale>1</mtb_scale>
              <oneway>yes</oneway>
            </gpxtpx:Extensions>
          </gpxtpx:TrackPointExtension>
        </extensions>
      </trkpt>
      <trkpt lat="47.286253" lon="11.403647">
        <ele>781.5</ele>
        <extensions>
          <gpxtpx:TrackPointExtension>
            <gpxtpx:Extensions>
              <highway>cycleway</highway>
              <surface>dirt</surface>
              <foot>no</foot>
              <bicycle>yes</bicycle>
              <mtb_scale>1</mtb_scale>
              <oneway>yes</oneway>
            </gpxtpx:Extensions>
          </gpxtpx:TrackPointExtension>
        </extensions>
      </trkpt>
      <trkpt lat="47.286199" lon="11.403759">
        <ele>775.75</ele>
        <extensions>
          <gpxtpx:TrackPointExtension>
            <gpxtpx:Extensions>
              <highway>cycleway</highway>
              <surface>dirt</surface>
              <foot>no</foot>
              <bicycle>yes</bicycle>
              <mtb_scale>1</mtb_scale>
              <oneway>yes</oneway>
            </gpxtpx:Extensions>
          </gpxtpx:TrackPointExtension>
        </extensions>
      </trkpt>
      <trkpt lat="47.286177" lon="11.403841">
        <ele>772.5</ele>
        <extensions>
          <gpxtpx:TrackPointExtension>
            <gpxtpx:Extensions>
              <highway>cycleway</highway>
              <surface>dirt</surface>
              <foot>no</foot>
              <bicycle>yes</bicycle>
              <mtb_scale>1</mtb_scale>
              <oneway>yes</oneway>
            </gpxtpx:Extensions>
          </gpxtpx:TrackPointExtension>
        </extensions>
      </trkpt>
      <trkpt lat="47.286178" lon="11.40393">
        <ele>770.5</ele>
        <extensions>
          <gpxtpx:TrackPointExtension>
            <gpxtpx:Extensions>
              <highway>cycleway</highway>
              <surface>dirt</surface>
              <foot>no</foot>
              <bicycle>yes</bicycle>
              <mtb_scale>1</mtb_scale>
              <oneway>yes</oneway>
            </gpxtpx:Extensions>
          </gpxtpx:TrackPointExtension>
        </extensions>
      </trkpt>
      <trkpt lat="47.286193" lon="11.404008">
        <ele>769.5</ele>
        <extensions>
          <gpxtpx:TrackPointExtension>
            <gpxtpx:Extensions>
              <highway>cycleway</highway>
              <surface>dirt</surface>
              <foot>no</foot>
              <bicycle>yes</bicycle>
              <mtb_scale>1</mtb_scale>
              <oneway>yes</oneway>
            </gpxtpx:Extensions>
          </gpxtpx:TrackPointExtension>
        </extensions>
      </trkpt>
      <trkpt lat="47.286249" lon="11.404116">
        <ele>770</ele>
        <extensions>
          <gpxtpx:TrackPointExtension>
            <gpxtpx:Extensions>
              <highway>cycleway</highway>
              <surface>dirt</surface>
              <foot>no</foot>
              <bicycle>yes</bicycle>
              <mtb_scale>1</mtb_scale>
              <oneway>yes</oneway>
            </gpxtpx:Extensions>
          </gpxtpx:TrackPointExtension>
        </extensions>
      </trkpt>
      <trkpt lat="47.286247" lon="11.404154">
        <ele>769</ele>
        <extensions>
          <gpxtpx:TrackPointExtension>
            <gpxtpx:Extensions>
              <highway>cycleway</highway>
              <surface>dirt</surface>
              <foot>no</foot>
              <bicycle>yes</bicycle>
              <mtb_scale>1</mtb_scale>
              <oneway>yes</oneway>
            </gpxtpx:Extensions>
          </gpxtpx:TrackPointExtension>
        </extensions>
      </trkpt>
      <trkpt lat="47.286202" lon="11.404241">
        <ele>764.25</ele>
        <extensions>
          <gpxtpx:TrackPointExtension>
            <gpxtpx:Extensions>
              <highway>cycleway</highway>
              <surface>dirt</surface>
              <foot>no</foot>
              <bicycle>yes</bicycle>
              <mtb_scale>1</mtb_scale>
              <oneway>yes</oneway>
            </gpxtpx:Extensions>
          </gpxtpx:TrackPointExtension>
        </extensions>
      </trkpt>
      <trkpt lat="47.286218" lon="11.404316">
        <ele>763.25</ele>
        <extensions>
          <gpxtpx:TrackPointExtension>
            <gpxtpx:Extensions>
              <highway>cycleway</highway>
              <surface>dirt</surface>
              <foot>no</foot>
              <bicycle>yes</bicycle>
              <mtb_scale>1</mtb_scale>
              <oneway>yes</oneway>
            </gpxtpx:Extensions>
          </gpxtpx:TrackPointExtension>
        </extensions>
      </trkpt>
      <trkpt lat="47.286251" lon="11.404368">
        <ele>763.75</ele>
        <extensions>
          <gpxtpx:TrackPointExtension>
            <gpxtpx:Extensions>
              <highway>cycleway</highway>
              <surface>dirt</surface>
              <foot>no</foot>
              <bicycle>yes</bicycle>
              <mtb_scale>1</mtb_scale>
              <oneway>yes</oneway>
            </gpxtpx:Extensions>
          </gpxtpx:TrackPointExtension>
        </extensions>
      </trkpt>
      <trkpt lat="47.286354" lon="11.404396">
        <ele>768.75</ele>
        <extensions>
          <gpxtpx:TrackPointExtension>
            <gpxtpx:Extensions>
              <highway>cycleway</highway>
              <surface>dirt</surface>
              <foot>no</foot>
              <bicycle>yes</bicycle>
              <mtb_scale>1</mtb_scale>
              <oneway>yes</oneway>
            </gpxtpx:Extensions>
          </gpxtpx:TrackPointExtension>
        </extensions>
      </trkpt>
      <trkpt lat="47.286402" lon="11.404389">
        <ele>771.5</ele>
        <extensions>
          <gpxtpx:TrackPointExtension>
            <gpxtpx:Extensions>
              <highway>cycleway</highway>
              <surface>dirt</surface>
              <foot>no</foot>
              <bicycle>yes</bicycle>
              <mtb_scale>1</mtb_scale>
              <oneway>yes</oneway>
            </gpxtpx:Extensions>
          </gpxtpx:TrackPointExtension>
        </extensions>
      </trkpt>
      <trkpt lat="47.286425" lon="11.404403">
        <ele>772.25</ele>
        <extensions>
          <gpxtpx:TrackPointExtension>
            <gpxtpx:Extensions>
              <highway>cycleway</highway>
              <surface>dirt</surface>
              <foot>no</foot>
              <bicycle>yes</bicycle>
              <mtb_scale>1</mtb_scale>
              <oneway>yes</oneway>
            </gpxtpx:Extensions>
          </gpxtpx:TrackPointExtension>
        </extensions>
      </trkpt>
      <trkpt lat="47.286441" lon="11.404441">
        <ele>772</ele>
        <extensions>
          <gpxtpx:TrackPointExtension>
            <gpxtpx:Extensions>
              <highway>cycleway</highway>
              <surface>dirt</surface>
              <foot>no</foot>
              <bicycle>yes</bicycle>
              <mtb_scale>1</mtb_scale>
              <oneway>yes</oneway>
            </gpxtpx:Extensions>
          </gpxtpx:TrackPointExtension>
        </extensions>
      </trkpt>
      <trkpt lat="47.286407" lon="11.404583">
        <ele>766.25</ele>
        <extensions>
          <gpxtpx:TrackPointExtension>
            <gpxtpx:Extensions>
              <highway>cycleway</highway>
              <surface>dirt</surface>
              <foot>no</foot>
              <bicycle>yes</bicycle>
              <mtb_scale>1</mtb_scale>
              <oneway>yes</oneway>
            </gpxtpx:Extensions>
          </gpxtpx:TrackPointExtension>
        </extensions>
      </trkpt>
      <trkpt lat="47.286422" lon="11.404639">
        <ele>765.5</ele>
        <extensions>
          <gpxtpx:TrackPointExtension>
            <gpxtpx:Extensions>
              <highway>cycleway</highway>
              <surface>dirt</surface>
              <foot>no</foot>
              <bicycle>yes</bicycle>
              <mtb_scale>1</mtb_scale>
              <oneway>yes</oneway>
            </gpxtpx:Extensions>
          </gpxtpx:TrackPointExtension>
        </extensions>
      </trkpt>
      <trkpt lat="47.286478" lon="11.404659">
        <ele>767.75</ele>
        <extensions>
          <gpxtpx:TrackPointExtension>
            <gpxtpx:Extensions>
              <highway>cycleway</highway>
              <surface>dirt</surface>
              <foot>no</foot>
              <bicycle>yes</bicycle>
              <mtb_scale>1</mtb_scale>
              <oneway>yes</oneway>
            </gpxtpx:Extensions>
          </gpxtpx:TrackPointExtension>
        </extensions>
      </trkpt>
      <trkpt lat="47.286633" lon="11.404789">
        <ele>771.75</ele>
        <extensions>
          <gpxtpx:TrackPointExtension>
            <gpxtpx:Extensions>
              <highway>cycleway</highway>
              <surface>dirt</surface>
              <foot>no</foot>
              <bicycle>yes</bicycle>
              <mtb_scale>1</mtb_scale>
              <oneway>yes</oneway>
            </gpxtpx:Extensions>
          </gpxtpx:TrackPointExtension>
        </extensions>
      </trkpt>
      <trkpt lat="47.286801" lon="11.404835">
        <ele>780.25</ele>
        <extensions>
          <gpxtpx:TrackPointExtension>
            <gpxtpx:Extensions>
              <highway>cycleway</highway>
              <surface>dirt</surface>
              <foot>no</foot>
              <bicycle>yes</bicycle>
              <mtb_scale>2</mtb_scale>
              <oneway>yes</oneway>
            </gpxtpx:Extensions>
          </gpxtpx:TrackPointExtension>
        </extensions>
      </trkpt>
      <trkpt lat="47.286868" lon="11.404915">
        <ele>782</ele>
        <extensions>
          <gpxtpx:TrackPointExtension>
            <gpxtpx:Extensions>
              <highway>cycleway</highway>
              <surface>dirt</surface>
              <foot>no</foot>
              <bicycle>yes</bicycle>
              <mtb_scale>2</mtb_scale>
              <oneway>yes</oneway>
            </gpxtpx:Extensions>
          </gpxtpx:TrackPointExtension>
        </extensions>
      </trkpt>
      <trkpt lat="47.286885" lon="11.405042">
        <ele>779.75</ele>
        <extensions>
          <gpxtpx:TrackPointExtension>
            <gpxtpx:Extensions>
              <highway>cycleway</highway>
              <surface>dirt</surface>
              <foot>no</foot>
              <bicycle>yes</bicycle>
              <mtb_scale>2</mtb_scale>
              <oneway>yes</oneway>
            </gpxtpx:Extensions>
          </gpxtpx:TrackPointExtension>
        </extensions>
      </trkpt>
      <trkpt lat="47.286874" lon="11.405383">
        <ele>773</ele>
        <extensions>
          <gpxtpx:TrackPointExtension>
            <gpxtpx:Extensions>
              <highway>cycleway</highway>
              <surface>dirt</surface>
              <foot>no</foot>
              <bicycle>yes</bicycle>
              <mtb_scale>2</mtb_scale>
              <oneway>yes</oneway>
            </gpxtpx:Extensions>
          </gpxtpx:TrackPointExtension>
        </extensions>
      </trkpt>
      <trkpt lat="47.286879" lon="11.405862">
        <ele>764.75</ele>
        <extensions>
          <gpxtpx:TrackPointExtension>
            <gpxtpx:Extensions>
              <highway>cycleway</highway>
              <surface>dirt</surface>
              <foot>no</foot>
              <bicycle>yes</bicycle>
              <mtb_scale>2</mtb_scale>
              <oneway>yes</oneway>
            </gpxtpx:Extensions>
          </gpxtpx:TrackPointExtension>
        </extensions>
      </trkpt>
      <trkpt lat="47.286906" lon="11.406113">
        <ele>762.25</ele>
        <extensions>
          <gpxtpx:TrackPointExtension>
            <gpxtpx:Extensions>
              <highway>cycleway</highway>
              <surface>dirt</surface>
              <foot>no</foot>
              <bicycle>yes</bicycle>
              <mtb_scale>2</mtb_scale>
              <oneway>yes</oneway>
            </gpxtpx:Extensions>
          </gpxtpx:TrackPointExtension>
        </extensions>
      </trkpt>
      <trkpt lat="47.286891" lon="11.406204">
        <ele>759.75</ele>
        <extensions>
          <gpxtpx:TrackPointExtension>
            <gpxtpx:Extensions>
              <highway>cycleway</highway>
              <surface>dirt</surface>
              <foot>no</foot>
              <bicycle>yes</bicycle>
              <mtb_scale>2</mtb_scale>
              <oneway>yes</oneway>
            </gpxtpx:Extensions>
          </gpxtpx:TrackPointExtension>
        </extensions>
      </trkpt>
      <trkpt lat="47.286862" lon="11.40628">
        <ele>757</ele>
        <extensions>
          <gpxtpx:TrackPointExtension>
            <gpxtpx:Extensions>
              <highway>cycleway</highway>
              <surface>dirt</surface>
              <foot>no</foot>
              <bicycle>yes</bicycle>
              <mtb_scale>2</mtb_scale>
              <oneway>yes</oneway>
            </gpxtpx:Extensions>
          </gpxtpx:TrackPointExtension>
        </extensions>
      </trkpt>
      <trkpt lat="47.286824" lon="11.406332">
        <ele>754.25</ele>
        <extensions>
          <gpxtpx:TrackPointExtension>
            <gpxtpx:Extensions>
              <highway>cycleway</highway>
              <surface>dirt</surface>
              <foot>no</foot>
              <bicycle>yes</bicycle>
              <mtb_scale>2</mtb_scale>
              <oneway>yes</oneway>
            </gpxtpx:Extensions>
          </gpxtpx:TrackPointExtension>
        </extensions>
      </trkpt>
      <trkpt lat="47.28681" lon="11.40634">
        <ele>753.25</ele>
        <extensions>
          <gpxtpx:TrackPointExtension>
            <gpxtpx:Extensions>
              <highway>cycleway</highway>
              <surface>dirt</surface>
              <foot>no</foot>
              <bicycle>yes</bicycle>
              <mtb_scale>2</mtb_scale>
              <oneway>yes</oneway>
            </gpxtpx:Extensions>
          </gpxtpx:TrackPointExtension>
        </extensions>
      </trkpt>
      <trkpt lat="47.286805" lon="11.406386">
        <ele>752.5</ele>
        <extensions>
          <gpxtpx:TrackPointExtension>
            <gpxtpx:Extensions>
              <highway>cycleway</highway>
              <surface>dirt</surface>
              <foot>no</foot>
              <bicycle>yes</bicycle>
              <mtb_scale>2</mtb_scale>
              <oneway>yes</oneway>
            </gpxtpx:Extensions>
          </gpxtpx:TrackPointExtension>
        </extensions>
      </trkpt>
      <trkpt lat="47.286797" lon="11.406466">
        <ele>750.75</ele>
        <extensions>
          <gpxtpx:TrackPointExtension>
            <gpxtpx:Extensions>
              <highway>cycleway</highway>
              <surface>dirt</surface>
              <foot>no</foot>
              <bicycle>yes</bicycle>
              <mtb_scale>2</mtb_scale>
              <oneway>yes</oneway>
            </gpxtpx:Extensions>
          </gpxtpx:TrackPointExtension>
        </extensions>
      </trkpt>
      <trkpt lat="47.286807" lon="11.40662">
        <ele>749</ele>
        <extensions>
          <gpxtpx:TrackPointExtension>
            <gpxtpx:Extensions>
              <highway>cycleway</highway>
              <surface>dirt</surface>
              <foot>no</foot>
              <bicycle>yes</bicycle>
              <mtb_scale>2</mtb_scale>
              <oneway>yes</oneway>
            </gpxtpx:Extensions>
          </gpxtpx:TrackPointExtension>
        </extensions>
      </trkpt>
      <trkpt lat="47.286787" lon="11.406691">
        <ele>746.75</ele>
        <extensions>
          <gpxtpx:TrackPointExtension>
            <gpxtpx:Extensions>
              <highway>cycleway</highway>
              <surface>dirt</surface>
              <foot>no</foot>
              <bicycle>yes</bicycle>
              <mtb_scale>2</mtb_scale>
              <oneway>yes</oneway>
            </gpxtpx:Extensions>
          </gpxtpx:TrackPointExtension>
        </extensions>
      </trkpt>
      <trkpt lat="47.286795" lon="11.406766">
        <ele>745.25</ele>
        <extensions>
          <gpxtpx:TrackPointExtension>
            <gpxtpx:Extensions>
              <highway>cycleway</highway>
              <surface>dirt</surface>
              <foot>no</foot>
              <bicycle>yes</bicycle>
              <mtb_scale>2</mtb_scale>
              <oneway>yes</oneway>
            </gpxtpx:Extensions>
          </gpxtpx:TrackPointExtension>
        </extensions>
      </trkpt>
      <trkpt lat="47.286811" lon="11.406781">
        <ele>745.75</ele>
        <extensions>
          <gpxtpx:TrackPointExtension>
            <gpxtpx:Extensions>
              <highway>cycleway</highway>
              <surface>dirt</surface>
              <foot>no</foot>
              <bicycle>yes</bicycle>
              <mtb_scale>2</mtb_scale>
              <oneway>yes</oneway>
            </gpxtpx:Extensions>
          </gpxtpx:TrackPointExtension>
        </extensions>
      </trkpt>
      <trkpt lat="47.286817" lon="11.406821">
        <ele>745</ele>
        <extensions>
          <gpxtpx:TrackPointExtension>
            <gpxtpx:Extensions>
              <highway>cycleway</highway>
              <surface>dirt</surface>
              <foot>no</foot>
              <bicycle>yes</bicycle>
              <mtb_scale>2</mtb_scale>
              <oneway>yes</oneway>
            </gpxtpx:Extensions>
          </gpxtpx:TrackPointExtension>
        </extensions>
      </trkpt>
      <trkpt lat="47.286794" lon="11.406852">
        <ele>743</ele>
        <extensions>
          <gpxtpx:TrackPointExtension>
            <gpxtpx:Extensions>
              <highway>cycleway</highway>
              <surface>dirt</surface>
              <foot>no</foot>
              <bicycle>yes</bicycle>
              <mtb_scale>2</mtb_scale>
              <oneway>yes</oneway>
            </gpxtpx:Extensions>
          </gpxtpx:TrackPointExtension>
        </extensions>
      </trkpt>
      <trkpt lat="47.286774" lon="11.40686">
        <ele>742</ele>
        <extensions>
          <gpxtpx:TrackPointExtension>
            <gpxtpx:Extensions>
              <highway>cycleway</highway>
              <surface>dirt</surface>
              <foot>no</foot>
              <bicycle>yes</bicycle>
              <mtb_scale>2</mtb_scale>
              <oneway>yes</oneway>
            </gpxtpx:Extensions>
          </gpxtpx:TrackPointExtension>
        </extensions>
      </trkpt>
      <trkpt lat="47.286741" lon="11.406828">
        <ele>741.25</ele>
        <extensions>
          <gpxtpx:TrackPointExtension>
            <gpxtpx:Extensions>
              <highway>cycleway</highway>
              <surface>dirt</surface>
              <foot>no</foot>
              <bicycle>yes</bicycle>
              <mtb_scale>2</mtb_scale>
              <oneway>yes</oneway>
            </gpxtpx:Extensions>
          </gpxtpx:TrackPointExtension>
        </extensions>
      </trkpt>
      <trkpt lat="47.286712" lon="11.406743">
        <ele>742</ele>
        <extensions>
          <gpxtpx:TrackPointExtension>
            <gpxtpx:Extensions>
              <highway>cycleway</highway>
              <surface>dirt</surface>
              <foot>no</foot>
              <bicycle>yes</bicycle>
              <mtb_scale>2</mtb_scale>
              <oneway>yes</oneway>
            </gpxtpx:Extensions>
          </gpxtpx:TrackPointExtension>
        </extensions>
      </trkpt>
      <trkpt lat="47.286709" lon="11.406685">
        <ele>743.5</ele>
        <extensions>
          <gpxtpx:TrackPointExtension>
            <gpxtpx:Extensions>
              <highway>cycleway</highway>
              <surface>dirt</surface>
              <foot>no</foot>
              <bicycle>yes</bicycle>
              <mtb_scale>2</mtb_scale>
              <oneway>yes</oneway>
            </gpxtpx:Extensions>
          </gpxtpx:TrackPointExtension>
        </extensions>
      </trkpt>
      <trkpt lat="47.286721" lon="11.406631">
        <ele>744.75</ele>
        <extensions>
          <gpxtpx:TrackPointExtension>
            <gpxtpx:Extensions>
              <highway>cycleway</highway>
              <surface>dirt</surface>
              <foot>no</foot>
              <bicycle>yes</bicycle>
              <mtb_scale>1</mtb_scale>
              <oneway>yes</oneway>
            </gpxtpx:Extensions>
          </gpxtpx:TrackPointExtension>
        </extensions>
      </trkpt>
      <trkpt lat="47.28674" lon="11.406601">
        <ele>746.25</ele>
        <extensions>
          <gpxtpx:TrackPointExtension>
            <gpxtpx:Extensions>
              <highway>cycleway</highway>
              <surface>dirt</surface>
              <foot>no</foot>
              <bicycle>yes</bicycle>
              <mtb_scale>1</mtb_scale>
              <oneway>yes</oneway>
            </gpxtpx:Extensions>
          </gpxtpx:TrackPointExtension>
        </extensions>
      </trkpt>
      <trkpt lat="47.28675" lon="11.40656">
        <ele>747.25</ele>
        <extensions>
          <gpxtpx:TrackPointExtension>
            <gpxtpx:Extensions>
              <highway>cycleway</highway>
              <surface>dirt</surface>
              <foot>no</foot>
              <bicycle>yes</bicycle>
              <mtb_scale>1</mtb_scale>
              <oneway>yes</oneway>
            </gpxtpx:Extensions>
          </gpxtpx:TrackPointExtension>
        </extensions>
      </trkpt>
      <trkpt lat="47.286723" lon="11.406464">
        <ele>747.25</ele>
        <extensions>
          <gpxtpx:TrackPointExtension>
            <gpxtpx:Extensions>
              <highway>cycleway</highway>
              <surface>dirt</surface>
              <foot>no</foot>
              <bicycle>yes</bicycle>
              <mtb_scale>1</mtb_scale>
              <oneway>yes</oneway>
            </gpxtpx:Extensions>
          </gpxtpx:TrackPointExtension>
        </extensions>
      </trkpt>
      <trkpt lat="47.28672" lon="11.406358">
        <ele>748.25</ele>
        <extensions>
          <gpxtpx:TrackPointExtension>
            <gpxtpx:Extensions>
              <highway>cycleway</highway>
              <surface>dirt</surface>
              <foot>no</foot>
              <bicycle>yes</bicycle>
              <mtb_scale>1</mtb_scale>
              <oneway>yes</oneway>
            </gpxtpx:Extensions>
          </gpxtpx:TrackPointExtension>
        </extensions>
      </trkpt>
      <trkpt lat="47.28673" lon="11.406282">
        <ele>750</ele>
        <extensions>
          <gpxtpx:TrackPointExtension>
            <gpxtpx:Extensions>
              <highway>cycleway</highway>
              <surface>dirt</surface>
              <foot>no</foot>
              <bicycle>yes</bicycle>
              <mtb_scale>1</mtb_scale>
              <oneway>yes</oneway>
            </gpxtpx:Extensions>
          </gpxtpx:TrackPointExtension>
        </extensions>
      </trkpt>
      <trkpt lat="47.286761" lon="11.406221">
        <ele>752.5</ele>
        <extensions>
          <gpxtpx:TrackPointExtension>
            <gpxtpx:Extensions>
              <highway>cycleway</highway>
              <surface>dirt</surface>
              <foot>no</foot>
              <bicycle>yes</bicycle>
              <mtb_scale>1</mtb_scale>
              <oneway>yes</oneway>
            </gpxtpx:Extensions>
          </gpxtpx:TrackPointExtension>
        </extensions>
      </trkpt>
      <trkpt lat="47.286823" lon="11.406157">
        <ele>756.75</ele>
        <extensions>
          <gpxtpx:TrackPointExtension>
            <gpxtpx:Extensions>
              <highway>cycleway</highway>
              <surface>dirt</surface>
              <foot>no</foot>
              <bicycle>yes</bicycle>
              <mtb_scale>1</mtb_scale>
              <oneway>yes</oneway>
            </gpxtpx:Extensions>
          </gpxtpx:TrackPointExtension>
        </extensions>
      </trkpt>
      <trkpt lat="47.286793" lon="11.406065">
        <ele>756.5</ele>
        <extensions>
          <gpxtpx:TrackPointExtension>
            <gpxtpx:Extensions>
              <highway>cycleway</highway>
              <surface>dirt</surface>
              <foot>no</foot>
              <bicycle>yes</bicycle>
              <mtb_scale>1</mtb_scale>
              <oneway>yes</oneway>
            </gpxtpx:Extensions>
          </gpxtpx:TrackPointExtension>
        </extensions>
      </trkpt>
      <trkpt lat="47.286742" lon="11.405862">
        <ele>756.25</ele>
        <extensions>
          <gpxtpx:TrackPointExtension>
            <gpxtpx:Extensions>
              <highway>cycleway</highway>
              <surface>dirt</surface>
              <foot>no</foot>
              <bicycle>yes</bicycle>
              <mtb_scale>1</mtb_scale>
              <oneway>yes</oneway>
            </gpxtpx:Extensions>
          </gpxtpx:TrackPointExtension>
        </extensions>
      </trkpt>
      <trkpt lat="47.286715" lon="11.405697">
        <ele>757.25</ele>
        <extensions>
          <gpxtpx:TrackPointExtension>
            <gpxtpx:Extensions>
              <highway>cycleway</highway>
              <surface>dirt</surface>
              <foot>no</foot>
              <bicycle>yes</bicycle>
              <mtb_scale>1</mtb_scale>
              <oneway>yes</oneway>
            </gpxtpx:Extensions>
          </gpxtpx:TrackPointExtension>
        </extensions>
      </trkpt>
      <trkpt lat="47.286702" lon="11.405528">
        <ele>759.5</ele>
        <extensions>
          <gpxtpx:TrackPointExtension>
            <gpxtpx:Extensions>
              <highway>cycleway</highway>
              <surface>dirt</surface>
              <foot>no</foot>
              <bicycle>yes</bicycle>
              <mtb_scale>1</mtb_scale>
              <oneway>yes</oneway>
            </gpxtpx:Extensions>
          </gpxtpx:TrackPointExtension>
        </extensions>
      </trkpt>
      <trkpt lat="47.286704" lon="11.405383">
        <ele>762.25</ele>
        <extensions>
          <gpxtpx:TrackPointExtension>
            <gpxtpx:Extensions>
              <highway>cycleway</highway>
              <surface>dirt</surface>
              <foot>no</foot>
              <bicycle>yes</bicycle>
              <mtb_scale>1</mtb_scale>
              <oneway>yes</oneway>
            </gpxtpx:Extensions>
          </gpxtpx:TrackPointExtension>
        </extensions>
      </trkpt>
      <trkpt lat="47.286726" lon="11.405255">
        <ele>766</ele>
        <extensions>
          <gpxtpx:TrackPointExtension>
            <gpxtpx:Extensions>
              <highway>cycleway</highway>
              <surface>dirt</surface>
              <foot>no</foot>
              <bicycle>yes</bicycle>
              <mtb_scale>1</mtb_scale>
              <oneway>yes</oneway>
            </gpxtpx:Extensions>
          </gpxtpx:TrackPointExtension>
        </extensions>
      </trkpt>
      <trkpt lat="47.286697" lon="11.405183">
        <ele>765.5</ele>
        <extensions>
          <gpxtpx:TrackPointExtension>
            <gpxtpx:Extensions>
              <highway>cycleway</highway>
              <surface>dirt</surface>
              <foot>no</foot>
              <bicycle>yes</bicycle>
              <mtb_scale>1</mtb_scale>
              <oneway>yes</oneway>
            </gpxtpx:Extensions>
          </gpxtpx:TrackPointExtension>
        </extensions>
      </trkpt>
      <trkpt lat="47.286524" lon="11.405207">
        <ele>756</ele>
        <extensions>
          <gpxtpx:TrackPointExtension>
            <gpxtpx:Extensions>
              <highway>cycleway</highway>
              <surface>dirt</surface>
              <foot>no</foot>
              <bicycle>yes</bicycle>
              <mtb_scale>1</mtb_scale>
              <oneway>yes</oneway>
            </gpxtpx:Extensions>
          </gpxtpx:TrackPointExtension>
        </extensions>
      </trkpt>
      <trkpt lat="47.286335" lon="11.405163">
        <ele>747.5</ele>
        <extensions>
          <gpxtpx:TrackPointExtension>
            <gpxtpx:Extensions>
              <highway>cycleway</highway>
              <surface>dirt</surface>
              <foot>no</foot>
              <bicycle>yes</bicycle>
              <mtb_scale>1</mtb_scale>
              <oneway>yes</oneway>
            </gpxtpx:Extensions>
          </gpxtpx:TrackPointExtension>
        </extensions>
      </trkpt>
      <trkpt lat="47.286149" lon="11.40509">
        <ele>740.25</ele>
        <extensions>
          <gpxtpx:TrackPointExtension>
            <gpxtpx:Extensions>
              <highway>cycleway</highway>
              <surface>dirt</surface>
              <foot>no</foot>
              <bicycle>yes</bicycle>
              <mtb_scale>1</mtb_scale>
              <oneway>yes</oneway>
            </gpxtpx:Extensions>
          </gpxtpx:TrackPointExtension>
        </extensions>
      </trkpt>
      <trkpt lat="47.286066" lon="11.405012">
        <ele>738.5</ele>
        <extensions>
          <gpxtpx:TrackPointExtension>
            <gpxtpx:Extensions>
              <highway>cycleway</highway>
              <surface>dirt</surface>
              <foot>no</foot>
              <bicycle>yes</bicycle>
              <mtb_scale>1</mtb_scale>
              <oneway>yes</oneway>
            </gpxtpx:Extensions>
          </gpxtpx:TrackPointExtension>
        </extensions>
      </trkpt>
      <trkpt lat="47.286047" lon="11.404962">
        <ele>738.75</ele>
        <extensions>
          <gpxtpx:TrackPointExtension>
            <gpxtpx:Extensions>
              <highway>cycleway</highway>
              <surface>dirt</surface>
              <foot>no</foot>
              <bicycle>yes</bicycle>
              <mtb_scale>1</mtb_scale>
              <oneway>yes</oneway>
            </gpxtpx:Extensions>
          </gpxtpx:TrackPointExtension>
        </extensions>
      </trkpt>
      <trkpt lat="47.286073" lon="11.404843">
        <ele>742.75</ele>
        <extensions>
          <gpxtpx:TrackPointExtension>
            <gpxtpx:Extensions>
              <highway>cycleway</highway>
              <surface>dirt</surface>
              <foot>no</foot>
              <bicycle>yes</bicycle>
              <mtb_scale>1</mtb_scale>
              <oneway>yes</oneway>
            </gpxtpx:Extensions>
          </gpxtpx:TrackPointExtension>
        </extensions>
      </trkpt>
      <trkpt lat="47.286072" lon="11.404815">
        <ele>743.5</ele>
        <extensions>
          <gpxtpx:TrackPointExtension>
            <gpxtpx:Extensions>
              <highway>cycleway</highway>
              <surface>dirt</surface>
              <foot>no</foot>
              <bicycle>yes</bicycle>
              <mtb_scale>1</mtb_scale>
              <oneway>yes</oneway>
            </gpxtpx:Extensions>
          </gpxtpx:TrackPointExtension>
        </extensions>
      </trkpt>
      <trkpt lat="47.286062" lon="11.404789">
        <ele>743.5</ele>
        <extensions>
          <gpxtpx:TrackPointExtension>
            <gpxtpx:Extensions>
              <highway>cycleway</highway>
              <surface>dirt</surface>
              <foot>no</foot>
              <bicycle>yes</bicycle>
              <mtb_scale>1</mtb_scale>
              <oneway>yes</oneway>
            </gpxtpx:Extensions>
          </gpxtpx:TrackPointExtension>
        </extensions>
      </trkpt>
      <trkpt lat="47.286046" lon="11.404779">
        <ele>743</ele>
        <extensions>
          <gpxtpx:TrackPointExtension>
            <gpxtpx:Extensions>
              <highway>cycleway</highway>
              <surface>dirt</surface>
              <foot>no</foot>
              <bicycle>yes</bicycle>
              <mtb_scale>1</mtb_scale>
              <oneway>yes</oneway>
            </gpxtpx:Extensions>
          </gpxtpx:TrackPointExtension>
        </extensions>
      </trkpt>
      <trkpt lat="47.286011" lon="11.404782">
        <ele>741.25</ele>
        <extensions>
          <gpxtpx:TrackPointExtension>
            <gpxtpx:Extensions>
              <highway>cycleway</highway>
              <surface>dirt</surface>
              <foot>no</foot>
              <bicycle>yes</bicycle>
              <mtb_scale>1</mtb_scale>
              <oneway>yes</oneway>
            </gpxtpx:Extensions>
          </gpxtpx:TrackPointExtension>
        </extensions>
      </trkpt>
      <trkpt lat="47.285957" lon="11.404808">
        <ele>738</ele>
        <extensions>
          <gpxtpx:TrackPointExtension>
            <gpxtpx:Extensions>
              <highway>cycleway</highway>
              <surface>dirt</surface>
              <foot>no</foot>
              <bicycle>yes</bicycle>
              <mtb_scale>1</mtb_scale>
              <oneway>yes</oneway>
            </gpxtpx:Extensions>
          </gpxtpx:TrackPointExtension>
        </extensions>
      </trkpt>
      <trkpt lat="47.285908" lon="11.404816">
        <ele>735.25</ele>
        <extensions>
          <gpxtpx:TrackPointExtension>
            <gpxtpx:Extensions>
              <highway>cycleway</highway>
              <surface>dirt</surface>
              <foot>no</foot>
              <bicycle>yes</bicycle>
              <mtb_scale>1</mtb_scale>
              <oneway>yes</oneway>
            </gpxtpx:Extensions>
          </gpxtpx:TrackPointExtension>
        </extensions>
      </trkpt>
      <trkpt lat="47.285861" lon="11.404782">
        <ele>733.75</ele>
        <extensions>
          <gpxtpx:TrackPointExtension>
            <gpxtpx:Extensions>
              <highway>cycleway</highway>
              <surface>dirt</surface>
              <foot>no</foot>
              <bicycle>yes</bicycle>
              <mtb_scale>1</mtb_scale>
              <oneway>yes</oneway>
            </gpxtpx:Extensions>
          </gpxtpx:TrackPointExtension>
        </extensions>
      </trkpt>
      <trkpt lat="47.285777" lon="11.404572">
        <ele>734</ele>
        <extensions>
          <gpxtpx:TrackPointExtension>
            <gpxtpx:Extensions>
              <highway>cycleway</highway>
              <surface>dirt</surface>
              <foot>no</foot>
              <bicycle>yes</bicycle>
              <mtb_scale>1</mtb_scale>
              <oneway>yes</oneway>
            </gpxtpx:Extensions>
          </gpxtpx:TrackPointExtension>
        </extensions>
      </trkpt>
      <trkpt lat="47.285796" lon="11.404161">
        <ele>743.5</ele>
        <extensions>
          <gpxtpx:TrackPointExtension>
            <gpxtpx:Extensions>
              <highway>cycleway</highway>
              <surface>dirt</surface>
              <foot>no</foot>
              <bicycle>yes</bicycle>
              <mtb_scale>1</mtb_scale>
              <oneway>yes</oneway>
            </gpxtpx:Extensions>
          </gpxtpx:TrackPointExtension>
        </extensions>
      </trkpt>
      <trkpt lat="47.285778" lon="11.403913">
        <ele>749</ele>
        <extensions>
          <gpxtpx:TrackPointExtension>
            <gpxtpx:Extensions>
              <highway>cycleway</highway>
              <surface>dirt</surface>
              <foot>no</foot>
              <bicycle>yes</bicycle>
              <mtb_scale>1</mtb_scale>
              <oneway>yes</oneway>
            </gpxtpx:Extensions>
          </gpxtpx:TrackPointExtension>
        </extensions>
      </trkpt>
      <trkpt lat="47.285755" lon="11.403821">
        <ele>750.5</ele>
        <extensions>
          <gpxtpx:TrackPointExtension>
            <gpxtpx:Extensions>
              <highway>cycleway</highway>
              <surface>dirt</surface>
              <foot>no</foot>
              <bicycle>yes</bicycle>
              <mtb_scale>1</mtb_scale>
              <oneway>yes</oneway>
            </gpxtpx:Extensions>
          </gpxtpx:TrackPointExtension>
        </extensions>
      </trkpt>
      <trkpt lat="47.285694" lon="11.403745">
        <ele>750.25</ele>
        <extensions>
          <gpxtpx:TrackPointExtension>
            <gpxtpx:Extensions>
              <highway>cycleway</highway>
              <surface>dirt</surface>
              <foot>no</foot>
              <bicycle>yes</bicycle>
              <mtb_scale>1</mtb_scale>
              <oneway>yes</oneway>
            </gpxtpx:Extensions>
          </gpxtpx:TrackPointExtension>
        </extensions>
      </trkpt>
      <trkpt lat="47.285611" lon="11.403642">
        <ele>750.25</ele>
        <extensions>
          <gpxtpx:TrackPointExtension>
            <gpxtpx:Extensions>
              <highway>cycleway</highway>
              <surface>dirt</surface>
              <foot>no</foot>
              <bicycle>yes</bicycle>
              <mtb_scale>1</mtb_scale>
              <oneway>yes</oneway>
            </gpxtpx:Extensions>
          </gpxtpx:TrackPointExtension>
        </extensions>
      </trkpt>
      <trkpt lat="47.285431" lon="11.40349">
        <ele>749.25</ele>
        <extensions>
          <gpxtpx:TrackPointExtension>
            <gpxtpx:Extensions>
              <highway>cycleway</highway>
              <surface>dirt</surface>
              <foot>no</foot>
              <bicycle>yes</bicycle>
              <mtb_scale>1</mtb_scale>
              <oneway>yes</oneway>
            </gpxtpx:Extensions>
          </gpxtpx:TrackPointExtension>
        </extensions>
      </trkpt>
      <trkpt lat="47.285283" lon="11.403398">
        <ele>748.25</ele>
        <extensions>
          <gpxtpx:TrackPointExtension>
            <gpxtpx:Extensions>
              <highway>cycleway</highway>
              <surface>dirt</surface>
              <foot>no</foot>
              <bicycle>yes</bicycle>
              <mtb_scale>1</mtb_scale>
              <oneway>yes</oneway>
            </gpxtpx:Extensions>
          </gpxtpx:TrackPointExtension>
        </extensions>
      </trkpt>
      <trkpt lat="47.285142" lon="11.403282">
        <ele>748.25</ele>
        <extensions>
          <gpxtpx:TrackPointExtension>
            <gpxtpx:Extensions>
              <highway>cycleway</highway>
              <surface>dirt</surface>
              <foot>no</foot>
              <bicycle>yes</bicycle>
              <mtb_scale>1</mtb_scale>
              <oneway>yes</oneway>
            </gpxtpx:Extensions>
          </gpxtpx:TrackPointExtension>
        </extensions>
      </trkpt>
      <trkpt lat="47.28508" lon="11.403295">
        <ele>746.25</ele>
        <extensions>
          <gpxtpx:TrackPointExtension>
            <gpxtpx:Extensions>
              <highway>cycleway</highway>
              <surface>dirt</surface>
              <foot>no</foot>
              <bicycle>yes</bicycle>
              <mtb_scale>1</mtb_scale>
              <oneway>yes</oneway>
            </gpxtpx:Extensions>
          </gpxtpx:TrackPointExtension>
        </extensions>
      </trkpt>
      <trkpt lat="47.284974" lon="11.403335">
        <ele>742.5</ele>
        <extensions>
          <gpxtpx:TrackPointExtension>
            <gpxtpx:Extensions>
              <highway>cycleway</highway>
              <surface>dirt</surface>
              <foot>no</foot>
              <bicycle>yes</bicycle>
              <mtb_scale>1</mtb_scale>
              <oneway>yes</oneway>
            </gpxtpx:Extensions>
          </gpxtpx:TrackPointExtension>
        </extensions>
      </trkpt>
      <trkpt lat="47.284935" lon="11.403392">
        <ele>739.5</ele>
        <extensions>
          <gpxtpx:TrackPointExtension>
            <gpxtpx:Extensions>
              <highway>cycleway</highway>
              <surface>dirt</surface>
              <foot>no</foot>
              <bicycle>yes</bicycle>
              <mtb_scale>1</mtb_scale>
              <oneway>yes</oneway>
            </gpxtpx:Extensions>
          </gpxtpx:TrackPointExtension>
        </extensions>
      </trkpt>
      <trkpt lat="47.284931" lon="11.40345">
        <ele>737.25</ele>
        <extensions>
          <gpxtpx:TrackPointExtension>
            <gpxtpx:Extensions>
              <highway>cycleway</highway>
              <surface>dirt</surface>
              <foot>no</foot>
              <bicycle>yes</bicycle>
              <mtb_scale>1</mtb_scale>
              <oneway>yes</oneway>
            </gpxtpx:Extensions>
          </gpxtpx:TrackPointExtension>
        </extensions>
      </trkpt>
      <trkpt lat="47.284969" lon="11.403545">
        <ele>734</ele>
        <extensions>
          <gpxtpx:TrackPointExtension>
            <gpxtpx:Extensions>
              <highway>cycleway</highway>
              <surface>dirt</surface>
              <foot>no</foot>
              <bicycle>yes</bicycle>
              <mtb_scale>1</mtb_scale>
              <oneway>yes</oneway>
            </gpxtpx:Extensions>
          </gpxtpx:TrackPointExtension>
        </extensions>
      </trkpt>
      <trkpt lat="47.285011" lon="11.403534">
        <ele>735.25</ele>
        <extensions>
          <gpxtpx:TrackPointExtension>
            <gpxtpx:Extensions>
              <highway>cycleway</highway>
              <surface>dirt</surface>
              <foot>no</foot>
              <bicycle>yes</bicycle>
              <mtb_scale>1</mtb_scale>
              <oneway>yes</oneway>
            </gpxtpx:Extensions>
          </gpxtpx:TrackPointExtension>
        </extensions>
      </trkpt>
      <trkpt lat="47.285046" lon="11.403461">
        <ele>739.25</ele>
        <extensions>
          <gpxtpx:TrackPointExtension>
            <gpxtpx:Extensions>
              <highway>cycleway</highway>
              <surface>dirt</surface>
              <foot>no</foot>
              <bicycle>yes</bicycle>
              <mtb_scale>1</mtb_scale>
              <oneway>yes</oneway>
            </gpxtpx:Extensions>
          </gpxtpx:TrackPointExtension>
        </extensions>
      </trkpt>
      <trkpt lat="47.28511" lon="11.403406">
        <ele>743</ele>
        <extensions>
          <gpxtpx:TrackPointExtension>
            <gpxtpx:Extensions>
              <highway>cycleway</highway>
              <surface>dirt</surface>
              <foot>no</foot>
              <bicycle>yes</bicycle>
              <mtb_scale>1</mtb_scale>
              <oneway>yes</oneway>
            </gpxtpx:Extensions>
          </gpxtpx:TrackPointExtension>
        </extensions>
      </trkpt>
      <trkpt lat="47.285188" lon="11.40343">
        <ele>744.25</ele>
        <extensions>
          <gpxtpx:TrackPointExtension>
            <gpxtpx:Extensions>
              <highway>cycleway</highway>
              <surface>dirt</surface>
              <foot>no</foot>
              <bicycle>yes</bicycle>
              <mtb_scale>1</mtb_scale>
              <oneway>yes</oneway>
            </gpxtpx:Extensions>
          </gpxtpx:TrackPointExtension>
        </extensions>
      </trkpt>
      <trkpt lat="47.285274" lon="11.403473">
        <ele>745.25</ele>
        <extensions>
          <gpxtpx:TrackPointExtension>
            <gpxtpx:Extensions>
              <highway>cycleway</highway>
              <surface>dirt</surface>
              <foot>no</foot>
              <bicycle>yes</bicycle>
              <mtb_scale>1</mtb_scale>
              <oneway>yes</oneway>
            </gpxtpx:Extensions>
          </gpxtpx:TrackPointExtension>
        </extensions>
      </trkpt>
      <trkpt lat="47.285286" lon="11.403503">
        <ele>744.5</ele>
        <extensions>
          <gpxtpx:TrackPointExtension>
            <gpxtpx:Extensions>
              <highway>cycleway</highway>
              <surface>dirt</surface>
              <foot>no</foot>
              <bicycle>yes</bicycle>
              <mtb_scale>1</mtb_scale>
              <oneway>yes</oneway>
            </gpxtpx:Extensions>
          </gpxtpx:TrackPointExtension>
        </extensions>
      </trkpt>
      <trkpt lat="47.285282" lon="11.403542">
        <ele>743.25</ele>
        <extensions>
          <gpxtpx:TrackPointExtension>
            <gpxtpx:Extensions>
              <highway>cycleway</highway>
              <surface>dirt</surface>
              <foot>no</foot>
              <bicycle>yes</bicycle>
              <mtb_scale>1</mtb_scale>
              <oneway>yes</oneway>
            </gpxtpx:Extensions>
          </gpxtpx:TrackPointExtension>
        </extensions>
      </trkpt>
      <trkpt lat="47.285266" lon="11.403565">
        <ele>742</ele>
        <extensions>
          <gpxtpx:TrackPointExtension>
            <gpxtpx:Extensions>
              <highway>cycleway</highway>
              <surface>dirt</surface>
              <foot>no</foot>
              <bicycle>yes</bicycle>
              <mtb_scale>1</mtb_scale>
              <oneway>yes</oneway>
            </gpxtpx:Extensions>
          </gpxtpx:TrackPointExtension>
        </extensions>
      </trkpt>
      <trkpt lat="47.285154" lon="11.403514">
        <ele>740.25</ele>
        <extensions>
          <gpxtpx:TrackPointExtension>
            <gpxtpx:Extensions>
              <highway>cycleway</highway>
              <surface>dirt</surface>
              <foot>no</foot>
              <bicycle>yes</bicycle>
              <mtb_scale>1</mtb_scale>
              <oneway>yes</oneway>
            </gpxtpx:Extensions>
          </gpxtpx:TrackPointExtension>
        </extensions>
      </trkpt>
      <trkpt lat="47.285114" lon="11.403517">
        <ele>739</ele>
        <extensions>
          <gpxtpx:TrackPointExtension>
            <gpxtpx:Extensions>
              <highway>cycleway</highway>
              <surface>dirt</surface>
              <foot>no</foot>
              <bicycle>yes</bicycle>
              <mtb_scale>1</mtb_scale>
              <oneway>yes</oneway>
            </gpxtpx:Extensions>
          </gpxtpx:TrackPointExtension>
        </extensions>
      </trkpt>
      <trkpt lat="47.285096" lon="11.403549">
        <ele>737.25</ele>
        <extensions>
          <gpxtpx:TrackPointExtension>
            <gpxtpx:Extensions>
              <highway>cycleway</highway>
              <surface>dirt</surface>
              <foot>no</foot>
              <bicycle>yes</bicycle>
              <mtb_scale>1</mtb_scale>
              <oneway>yes</oneway>
            </gpxtpx:Extensions>
          </gpxtpx:TrackPointExtension>
        </extensions>
      </trkpt>
      <trkpt lat="47.285093" lon="11.403583">
        <ele>736</ele>
        <extensions>
          <gpxtpx:TrackPointExtension>
            <gpxtpx:Extensions>
              <highway>cycleway</highway>
              <surface>dirt</surface>
              <foot>no</foot>
              <bicycle>yes</bicycle>
              <mtb_scale>1</mtb_scale>
              <oneway>yes</oneway>
            </gpxtpx:Extensions>
          </gpxtpx:TrackPointExtension>
        </extensions>
      </trkpt>
      <trkpt lat="47.285116" lon="11.40361">
        <ele>735.5</ele>
        <extensions>
          <gpxtpx:TrackPointExtension>
            <gpxtpx:Extensions>
              <highway>cycleway</highway>
              <surface>dirt</surface>
              <foot>no</foot>
              <bicycle>yes</bicycle>
              <mtb_scale>1</mtb_scale>
              <oneway>yes</oneway>
            </gpxtpx:Extensions>
          </gpxtpx:TrackPointExtension>
        </extensions>
      </trkpt>
      <trkpt lat="47.285241" lon="11.403644">
        <ele>738.25</ele>
        <extensions>
          <gpxtpx:TrackPointExtension>
            <gpxtpx:Extensions>
              <highway>cycleway</highway>
              <surface>dirt</surface>
              <foot>no</foot>
              <bicycle>yes</bicycle>
              <mtb_scale>1</mtb_scale>
              <oneway>yes</oneway>
            </gpxtpx:Extensions>
          </gpxtpx:TrackPointExtension>
        </extensions>
      </trkpt>
      <trkpt lat="47.285288" lon="11.403695">
        <ele>738</ele>
        <extensions>
          <gpxtpx:TrackPointExtension>
            <gpxtpx:Extensions>
              <highway>cycleway</highway>
              <surface>dirt</surface>
              <foot>no</foot>
              <bicycle>yes</bicycle>
              <mtb_scale>1</mtb_scale>
              <oneway>yes</oneway>
            </gpxtpx:Extensions>
          </gpxtpx:TrackPointExtension>
        </extensions>
      </trkpt>
      <trkpt lat="47.285303" lon="11.40374">
        <ele>737</ele>
        <extensions>
          <gpxtpx:TrackPointExtension>
            <gpxtpx:Extensions>
              <highway>cycleway</highway>
              <surface>dirt</surface>
              <foot>no</foot>
              <bicycle>yes</bicycle>
              <mtb_scale>1</mtb_scale>
              <oneway>yes</oneway>
            </gpxtpx:Extensions>
          </gpxtpx:TrackPointExtension>
        </extensions>
      </trkpt>
      <trkpt lat="47.285291" lon="11.403761">
        <ele>736</ele>
        <extensions>
          <gpxtpx:TrackPointExtension>
            <gpxtpx:Extensions>
              <highway>cycleway</highway>
              <surface>dirt</surface>
              <foot>no</foot>
              <bicycle>yes</bicycle>
              <mtb_scale>1</mtb_scale>
              <oneway>yes</oneway>
            </gpxtpx:Extensions>
          </gpxtpx:TrackPointExtension>
        </extensions>
      </trkpt>
      <trkpt lat="47.285266" lon="11.403771">
        <ele>734.75</ele>
        <extensions>
          <gpxtpx:TrackPointExtension>
            <gpxtpx:Extensions>
              <highway>cycleway</highway>
              <surface>dirt</surface>
              <foot>no</foot>
              <bicycle>yes</bicycle>
              <mtb_scale>1</mtb_scale>
              <oneway>yes</oneway>
            </gpxtpx:Extensions>
          </gpxtpx:TrackPointExtension>
        </extensions>
      </trkpt>
      <trkpt lat="47.285148" lon="11.403723">
        <ele>732.5</ele>
        <extensions>
          <gpxtpx:TrackPointExtension>
            <gpxtpx:Extensions>
              <highway>cycleway</highway>
              <surface>dirt</surface>
              <foot>no</foot>
              <bicycle>yes</bicycle>
              <mtb_scale>1</mtb_scale>
              <oneway>yes</oneway>
            </gpxtpx:Extensions>
          </gpxtpx:TrackPointExtension>
        </extensions>
      </trkpt>
      <trkpt lat="47.285099" lon="11.403733">
        <ele>730.5</ele>
        <extensions>
          <gpxtpx:TrackPointExtension>
            <gpxtpx:Extensions>
              <highway>cycleway</highway>
              <surface>dirt</surface>
              <foot>no</foot>
              <bicycle>yes</bicycle>
              <mtb_scale>1</mtb_scale>
              <oneway>yes</oneway>
            </gpxtpx:Extensions>
          </gpxtpx:TrackPointExtension>
        </extensions>
      </trkpt>
      <trkpt lat="47.285049" lon="11.403763">
        <ele>727.5</ele>
        <extensions>
          <gpxtpx:TrackPointExtension>
            <gpxtpx:Extensions>
              <highway>cycleway</highway>
              <surface>dirt</surface>
              <foot>no</foot>
              <bicycle>yes</bicycle>
              <mtb_scale>1</mtb_scale>
              <oneway>yes</oneway>
            </gpxtpx:Extensions>
          </gpxtpx:TrackPointExtension>
        </extensions>
      </trkpt>
      <trkpt lat="47.284982" lon="11.403817">
        <ele>723.5</ele>
        <extensions>
          <gpxtpx:TrackPointExtension>
            <gpxtpx:Extensions>
              <highway>cycleway</highway>
              <surface>dirt</surface>
              <foot>no</foot>
              <bicycle>yes</bicycle>
              <mtb_scale>1</mtb_scale>
              <oneway>yes</oneway>
            </gpxtpx:Extensions>
          </gpxtpx:TrackPointExtension>
        </extensions>
      </trkpt>
      <trkpt lat="47.284838" lon="11.403962">
        <ele>716.25</ele>
        <extensions>
          <gpxtpx:TrackPointExtension>
            <gpxtpx:Extensions>
              <highway>track</highway>
              <tracktype>grade2</tracktype>
              <bicycle>yes</bicycle>
              <vehicle>agricultural</vehicle>
            </gpxtpx:Extensions>
          </gpxtpx:TrackPointExtension>
        </extensions>
      </trkpt>
      <trkpt lat="47.284731" lon="11.403925">
        <ele>716.5</ele>
        <extensions>
          <gpxtpx:TrackPointExtension>
            <gpxtpx:Extensions>
              <highway>track</highway>
              <tracktype>grade2</tracktype>
              <bicycle>yes</bicycle>
              <vehicle>agricultural</vehicle>
            </gpxtpx:Extensions>
          </gpxtpx:TrackPointExtension>
        </extensions>
      </trkpt>
      <trkpt lat="47.284694" lon="11.403927">
        <ele>716</ele>
        <extensions>
          <gpxtpx:TrackPointExtension>
            <gpxtpx:Extensions>
              <highway>track</highway>
              <tracktype>grade2</tracktype>
              <bicycle>yes</bicycle>
              <vehicle>agricultural</vehicle>
            </gpxtpx:Extensions>
          </gpxtpx:TrackPointExtension>
        </extensions>
      </trkpt>
      <trkpt lat="47.284501" lon="11.403994">
        <ele>711.75</ele>
        <extensions>
          <gpxtpx:TrackPointExtension>
            <gpxtpx:Extensions>
              <highway>track</highway>
              <tracktype>grade2</tracktype>
              <bicycle>yes</bicycle>
              <vehicle>agricultural</vehicle>
            </gpxtpx:Extensions>
          </gpxtpx:TrackPointExtension>
        </extensions>
      </trkpt>
      <trkpt lat="47.284335" lon="11.404034">
        <ele>708.75</ele>
        <extensions>
          <gpxtpx:TrackPointExtension>
            <gpxtpx:Extensions>
              <highway>track</highway>
              <tracktype>grade2</tracktype>
              <bicycle>yes</bicycle>
              <vehicle>agricultural</vehicle>
            </gpxtpx:Extensions>
          </gpxtpx:TrackPointExtension>
        </extensions>
      </trkpt>
      <trkpt lat="47.284294" lon="11.404029">
        <ele>708.5</ele>
        <extensions>
          <gpxtpx:TrackPointExtension>
            <gpxtpx:Extensions>
              <highway>track</highway>
              <tracktype>grade2</tracktype>
              <bicycle>yes</bicycle>
              <vehicle>agricultural</vehicle>
            </gpxtpx:Extensions>
          </gpxtpx:TrackPointExtension>
        </extensions>
      </trkpt>
      <trkpt lat="47.284256" lon="11.404011">
        <ele>708.75</ele>
        <extensions>
          <gpxtpx:TrackPointExtension>
            <gpxtpx:Extensions>
              <highway>track</highway>
              <tracktype>grade2</tracktype>
              <bicycle>yes</bicycle>
              <vehicle>agricultural</vehicle>
            </gpxtpx:Extensions>
          </gpxtpx:TrackPointExtension>
        </extensions>
      </trkpt>
      <trkpt lat="47.284177" lon="11.403942">
        <ele>710</ele>
        <extensions>
          <gpxtpx:TrackPointExtension>
            <gpxtpx:Extensions>
              <highway>track</highway>
              <tracktype>grade2</tracktype>
              <bicycle>yes</bicycle>
              <vehicle>agricultural</vehicle>
            </gpxtpx:Extensions>
          </gpxtpx:TrackPointExtension>
        </extensions>
      </trkpt>
      <trkpt lat="47.284134" lon="11.403891">
        <ele>710.5</ele>
        <extensions>
          <gpxtpx:TrackPointExtension>
            <gpxtpx:Extensions>
              <highway>track</highway>
              <tracktype>grade2</tracktype>
              <bicycle>yes</bicycle>
              <vehicle>agricultural</vehicle>
            </gpxtpx:Extensions>
          </gpxtpx:TrackPointExtension>
        </extensions>
      </trkpt>
      <trkpt lat="47.284058" lon="11.403772">
        <ele>711.5</ele>
        <extensions>
          <gpxtpx:TrackPointExtension>
            <gpxtpx:Extensions>
              <highway>track</highway>
              <tracktype>grade2</tracktype>
              <bicycle>yes</bicycle>
              <vehicle>agricultural</vehicle>
            </gpxtpx:Extensions>
          </gpxtpx:TrackPointExtension>
        </extensions>
      </trkpt>
      <trkpt lat="47.283983" lon="11.403626">
        <ele>713.5</ele>
        <extensions>
          <gpxtpx:TrackPointExtension>
            <gpxtpx:Extensions>
              <highway>cycleway</highway>
              <surface>dirt</surface>
              <foot>no</foot>
              <bicycle>yes</bicycle>
              <mtb_scale>1</mtb_scale>
              <oneway>yes</oneway>
            </gpxtpx:Extensions>
          </gpxtpx:TrackPointExtension>
        </extensions>
      </trkpt>
      <trkpt lat="47.283953" lon="11.403655">
        <ele>711.5</ele>
        <extensions>
          <gpxtpx:TrackPointExtension>
            <gpxtpx:Extensions>
              <highway>cycleway</highway>
              <surface>dirt</surface>
              <foot>no</foot>
              <bicycle>yes</bicycle>
              <mtb_scale>1</mtb_scale>
              <oneway>yes</oneway>
            </gpxtpx:Extensions>
          </gpxtpx:TrackPointExtension>
        </extensions>
      </trkpt>
      <trkpt lat="47.283851" lon="11.40362">
        <ele>709.25</ele>
        <extensions>
          <gpxtpx:TrackPointExtension>
            <gpxtpx:Extensions>
              <highway>cycleway</highway>
              <surface>dirt</surface>
              <foot>no</foot>
              <bicycle>yes</bicycle>
              <mtb_scale>1</mtb_scale>
              <oneway>yes</oneway>
            </gpxtpx:Extensions>
          </gpxtpx:TrackPointExtension>
        </extensions>
      </trkpt>
      <trkpt lat="47.283733" lon="11.403471">
        <ele>709.75</ele>
        <extensions>
          <gpxtpx:TrackPointExtension>
            <gpxtpx:Extensions>
              <highway>cycleway</highway>
              <surface>dirt</surface>
              <foot>no</foot>
              <bicycle>yes</bicycle>
              <mtb_scale>1</mtb_scale>
              <oneway>yes</oneway>
            </gpxtpx:Extensions>
          </gpxtpx:TrackPointExtension>
        </extensions>
      </trkpt>
      <trkpt lat="47.283545" lon="11.403398">
        <ele>705.25</ele>
        <extensions>
          <gpxtpx:TrackPointExtension>
            <gpxtpx:Extensions>
              <highway>cycleway</highway>
              <surface>dirt</surface>
              <foot>no</foot>
              <bicycle>yes</bicycle>
              <mtb_scale>1</mtb_scale>
              <oneway>yes</oneway>
            </gpxtpx:Extensions>
          </gpxtpx:TrackPointExtension>
        </extensions>
      </trkpt>
      <trkpt lat="47.283354" lon="11.403085">
        <ele>705.25</ele>
        <extensions>
          <gpxtpx:TrackPointExtension>
            <gpxtpx:Extensions>
              <highway>cycleway</highway>
              <surface>dirt</surface>
              <foot>no</foot>
              <bicycle>yes</bicycle>
              <mtb_scale>1</mtb_scale>
              <oneway>yes</oneway>
            </gpxtpx:Extensions>
          </gpxtpx:TrackPointExtension>
        </extensions>
      </trkpt>
      <trkpt lat="47.283353" lon="11.403084">
        <ele>705.25</ele>
        <extensions>
          <gpxtpx:TrackPointExtension>
            <gpxtpx:Extensions>
              <highway>cycleway</highway>
              <surface>dirt</surface>
              <foot>no</foot>
              <bicycle>yes</bicycle>
              <mtb_scale>1</mtb_scale>
              <oneway>yes</oneway>
            </gpxtpx:Extensions>
          </gpxtpx:TrackPointExtension>
        </extensions>
      </trkpt>
      <trkpt lat="47.283331" lon="11.403048">
        <ele>705.5</ele>
        <extensions>
          <gpxtpx:TrackPointExtension>
            <gpxtpx:Extensions>
              <highway>cycleway</highway>
              <surface>dirt</surface>
              <foot>no</foot>
              <bicycle>yes</bicycle>
              <mtb_scale>1</mtb_scale>
              <oneway>yes</oneway>
            </gpxtpx:Extensions>
          </gpxtpx:TrackPointExtension>
        </extensions>
      </trkpt>
      <trkpt lat="47.283284" lon="11.403039">
        <ele>703.75</ele>
        <extensions>
          <gpxtpx:TrackPointExtension>
            <gpxtpx:Extensions>
              <highway>cycleway</highway>
              <surface>dirt</surface>
              <foot>no</foot>
              <bicycle>yes</bicycle>
              <mtb_scale>1</mtb_scale>
              <oneway>yes</oneway>
            </gpxtpx:Extensions>
          </gpxtpx:TrackPointExtension>
        </extensions>
      </trkpt>
      <trkpt lat="47.283264" lon="11.403105">
        <ele>701.5</ele>
        <extensions>
          <gpxtpx:TrackPointExtension>
            <gpxtpx:Extensions>
              <highway>cycleway</highway>
              <surface>dirt</surface>
              <foot>no</foot>
              <bicycle>yes</bicycle>
              <mtb_scale>1</mtb_scale>
              <oneway>yes</oneway>
            </gpxtpx:Extensions>
          </gpxtpx:TrackPointExtension>
        </extensions>
      </trkpt>
      <trkpt lat="47.283227" lon="11.403057">
        <ele>701</ele>
        <extensions>
          <gpxtpx:TrackPointExtension>
            <gpxtpx:Extensions>
              <highway>cycleway</highway>
              <surface>dirt</surface>
              <foot>no</foot>
              <bicycle>yes</bicycle>
              <mtb_scale>1</mtb_scale>
              <oneway>yes</oneway>
            </gpxtpx:Extensions>
          </gpxtpx:TrackPointExtension>
        </extensions>
      </trkpt>
      <trkpt lat="47.283195" lon="11.402758">
        <ele>705.5</ele>
        <extensions>
          <gpxtpx:TrackPointExtension>
            <gpxtpx:Extensions>
              <highway>cycleway</highway>
              <surface>dirt</surface>
              <foot>no</foot>
              <bicycle>yes</bicycle>
              <mtb_scale>1</mtb_scale>
              <oneway>yes</oneway>
            </gpxtpx:Extensions>
          </gpxtpx:TrackPointExtension>
        </extensions>
      </trkpt>
      <trkpt lat="47.28317" lon="11.402699">
        <ele>705.5</ele>
        <extensions>
          <gpxtpx:TrackPointExtension>
            <gpxtpx:Extensions>
              <highway>cycleway</highway>
              <surface>dirt</surface>
              <foot>no</foot>
              <bicycle>yes</bicycle>
              <mtb_scale>1</mtb_scale>
              <oneway>yes</oneway>
            </gpxtpx:Extensions>
          </gpxtpx:TrackPointExtension>
        </extensions>
      </trkpt>
      <trkpt lat="47.283082" lon="11.402609">
        <ele>703.25</ele>
        <extensions>
          <gpxtpx:TrackPointExtension>
            <gpxtpx:Extensions>
              <highway>cycleway</highway>
              <surface>dirt</surface>
              <foot>no</foot>
              <bicycle>yes</bicycle>
              <mtb_scale>1</mtb_scale>
              <oneway>yes</oneway>
            </gpxtpx:Extensions>
          </gpxtpx:TrackPointExtension>
        </extensions>
      </trkpt>
      <trkpt lat="47.282909" lon="11.402565">
        <ele>696.25</ele>
        <extensions>
          <gpxtpx:TrackPointExtension>
            <gpxtpx:Extensions>
              <highway>cycleway</highway>
              <surface>dirt</surface>
              <foot>no</foot>
              <bicycle>yes</bicycle>
              <mtb_scale>1</mtb_scale>
              <oneway>yes</oneway>
            </gpxtpx:Extensions>
          </gpxtpx:TrackPointExtension>
        </extensions>
      </trkpt>
      <trkpt lat="47.282755" lon="11.402462">
        <ele>691.25</ele>
        <extensions>
          <gpxtpx:TrackPointExtension>
            <gpxtpx:Extensions>
              <highway>cycleway</highway>
              <surface>dirt</surface>
              <foot>no</foot>
              <bicycle>yes</bicycle>
              <mtb_scale>1</mtb_scale>
              <oneway>yes</oneway>
            </gpxtpx:Extensions>
          </gpxtpx:TrackPointExtension>
        </extensions>
      </trkpt>
      <trkpt lat="47.282635" lon="11.402282">
        <ele>689.25</ele>
        <extensions>
          <gpxtpx:TrackPointExtension>
            <gpxtpx:Extensions>
              <highway>cycleway</highway>
              <surface>dirt</surface>
              <foot>no</foot>
              <bicycle>yes</bicycle>
              <mtb_scale>1</mtb_scale>
              <oneway>yes</oneway>
            </gpxtpx:Extensions>
          </gpxtpx:TrackPointExtension>
        </extensions>
      </trkpt>
      <trkpt lat="47.282591" lon="11.402191">
        <ele>689</ele>
        <extensions>
          <gpxtpx:TrackPointExtension>
            <gpxtpx:Extensions>
              <highway>cycleway</highway>
              <surface>dirt</surface>
              <foot>no</foot>
              <bicycle>yes</bicycle>
              <mtb_scale>1</mtb_scale>
              <oneway>yes</oneway>
            </gpxtpx:Extensions>
          </gpxtpx:TrackPointExtension>
        </extensions>
      </trkpt>
      <trkpt lat="47.282554" lon="11.402009">
        <ele>690.75</ele>
        <extensions>
          <gpxtpx:TrackPointExtension>
            <gpxtpx:Extensions>
              <highway>cycleway</highway>
              <surface>dirt</surface>
              <foot>no</foot>
              <bicycle>yes</bicycle>
              <mtb_scale>1</mtb_scale>
              <oneway>yes</oneway>
            </gpxtpx:Extensions>
          </gpxtpx:TrackPointExtension>
        </extensions>
      </trkpt>
      <trkpt lat="47.282504" lon="11.401936">
        <ele>690</ele>
        <extensions>
          <gpxtpx:TrackPointExtension>
            <gpxtpx:Extensions>
              <highway>cycleway</highway>
              <surface>dirt</surface>
              <foot>no</foot>
              <bicycle>yes</bicycle>
              <mtb_scale>1</mtb_scale>
              <oneway>yes</oneway>
            </gpxtpx:Extensions>
          </gpxtpx:TrackPointExtension>
        </extensions>
      </trkpt>
      <trkpt lat="47.282351" lon="11.401898">
        <ele>682.75</ele>
        <extensions>
          <gpxtpx:TrackPointExtension>
            <gpxtpx:Extensions>
              <highway>cycleway</highway>
              <surface>dirt</surface>
              <foot>no</foot>
              <bicycle>yes</bicycle>
              <mtb_scale>1</mtb_scale>
              <oneway>yes</oneway>
            </gpxtpx:Extensions>
          </gpxtpx:TrackPointExtension>
        </extensions>
      </trkpt>
      <trkpt lat="47.282292" lon="11.401781">
        <ele>681.75</ele>
        <extensions>
          <gpxtpx:TrackPointExtension>
            <gpxtpx:Extensions>
              <highway>cycleway</highway>
              <surface>dirt</surface>
              <foot>no</foot>
              <bicycle>yes</bicycle>
              <mtb_scale>1</mtb_scale>
              <oneway>yes</oneway>
            </gpxtpx:Extensions>
          </gpxtpx:TrackPointExtension>
        </extensions>
      </trkpt>
      <trkpt lat="47.282261" lon="11.401835">
        <ele>679.25</ele>
        <extensions>
          <gpxtpx:TrackPointExtension>
            <gpxtpx:Extensions>
              <highway>cycleway</highway>
              <surface>dirt</surface>
              <foot>no</foot>
              <bicycle>yes</bicycle>
              <mtb_scale>1</mtb_scale>
              <oneway>yes</oneway>
            </gpxtpx:Extensions>
          </gpxtpx:TrackPointExtension>
        </extensions>
      </trkpt>
      <trkpt lat="47.282299" lon="11.40199">
        <ele>678.5</ele>
        <extensions>
          <gpxtpx:TrackPointExtension>
            <gpxtpx:Extensions>
              <highway>cycleway</highway>
              <surface>dirt</surface>
              <foot>no</foot>
              <bicycle>yes</bicycle>
              <mtb_scale>1</mtb_scale>
              <oneway>yes</oneway>
            </gpxtpx:Extensions>
          </gpxtpx:TrackPointExtension>
        </extensions>
      </trkpt>
      <trkpt lat="47.282374" lon="11.402159">
        <ele>679</ele>
        <extensions>
          <gpxtpx:TrackPointExtension>
            <gpxtpx:Extensions>
              <highway>cycleway</highway>
              <surface>dirt</surface>
              <foot>no</foot>
              <bicycle>yes</bicycle>
              <mtb_scale>1</mtb_scale>
              <oneway>yes</oneway>
            </gpxtpx:Extensions>
          </gpxtpx:TrackPointExtension>
        </extensions>
      </trkpt>
      <trkpt lat="47.282405" lon="11.402263">
        <ele>678.75</ele>
        <extensions>
          <gpxtpx:TrackPointExtension>
            <gpxtpx:Extensions>
              <highway>cycleway</highway>
              <surface>dirt</surface>
              <foot>no</foot>
              <bicycle>yes</bicycle>
              <mtb_scale>1</mtb_scale>
              <oneway>yes</oneway>
            </gpxtpx:Extensions>
          </gpxtpx:TrackPointExtension>
        </extensions>
      </trkpt>
      <trkpt lat="47.282435" lon="11.402438">
        <ele>677</ele>
        <extensions>
          <gpxtpx:TrackPointExtension>
            <gpxtpx:Extensions>
              <highway>cycleway</highway>
              <surface>dirt</surface>
              <foot>no</foot>
              <bicycle>yes</bicycle>
              <mtb_scale>1</mtb_scale>
              <oneway>yes</oneway>
            </gpxtpx:Extensions>
          </gpxtpx:TrackPointExtension>
        </extensions>
      </trkpt>
      <trkpt lat="47.282593" lon="11.402726">
        <ele>679.25</ele>
        <extensions>
          <gpxtpx:TrackPointExtension>
            <gpxtpx:Extensions>
              <highway>cycleway</highway>
              <surface>dirt</surface>
              <foot>no</foot>
              <bicycle>yes</bicycle>
              <mtb_scale>1</mtb_scale>
              <oneway>yes</oneway>
            </gpxtpx:Extensions>
          </gpxtpx:TrackPointExtension>
        </extensions>
      </trkpt>
      <trkpt lat="47.282582" lon="11.402757">
        <ele>678.25</ele>
        <extensions>
          <gpxtpx:TrackPointExtension>
            <gpxtpx:Extensions>
              <highway>cycleway</highway>
              <surface>dirt</surface>
              <foot>no</foot>
              <bicycle>yes</bicycle>
              <mtb_scale>1</mtb_scale>
              <oneway>yes</oneway>
            </gpxtpx:Extensions>
          </gpxtpx:TrackPointExtension>
        </extensions>
      </trkpt>
      <trkpt lat="47.282555" lon="11.402769">
        <ele>676.75</ele>
        <extensions>
          <gpxtpx:TrackPointExtension>
            <gpxtpx:Extensions>
              <highway>cycleway</highway>
              <surface>dirt</surface>
              <foot>no</foot>
              <bicycle>yes</bicycle>
              <mtb_scale>1</mtb_scale>
              <oneway>yes</oneway>
            </gpxtpx:Extensions>
          </gpxtpx:TrackPointExtension>
        </extensions>
      </trkpt>
      <trkpt lat="47.282508" lon="11.402743">
        <ele>675.25</ele>
        <extensions>
          <gpxtpx:TrackPointExtension>
            <gpxtpx:Extensions>
              <highway>cycleway</highway>
              <surface>dirt</surface>
              <foot>no</foot>
              <bicycle>yes</bicycle>
              <mtb_scale>1</mtb_scale>
              <oneway>yes</oneway>
            </gpxtpx:Extensions>
          </gpxtpx:TrackPointExtension>
        </extensions>
      </trkpt>
      <trkpt lat="47.28219" lon="11.402285">
        <ele>667.75</ele>
        <extensions>
          <gpxtpx:TrackPointExtension>
            <gpxtpx:Extensions>
              <highway>cycleway</highway>
              <surface>dirt</surface>
              <foot>no</foot>
              <bicycle>yes</bicycle>
              <mtb_scale>1</mtb_scale>
              <oneway>yes</oneway>
            </gpxtpx:Extensions>
          </gpxtpx:TrackPointExtension>
        </extensions>
      </trkpt>
      <trkpt lat="47.282038" lon="11.402005">
        <ele>664.75</ele>
        <extensions>
          <gpxtpx:TrackPointExtension>
            <gpxtpx:Extensions>
              <highway>cycleway</highway>
              <surface>dirt</surface>
              <foot>no</foot>
              <bicycle>yes</bicycle>
              <mtb_scale>1</mtb_scale>
              <oneway>yes</oneway>
            </gpxtpx:Extensions>
          </gpxtpx:TrackPointExtension>
        </extensions>
      </trkpt>
      <trkpt lat="47.281966" lon="11.401798">
        <ele>664.5</ele>
        <extensions>
          <gpxtpx:TrackPointExtension>
            <gpxtpx:Extensions>
              <highway>cycleway</highway>
              <surface>dirt</surface>
              <foot>no</foot>
              <bicycle>yes</bicycle>
              <mtb_scale>1</mtb_scale>
              <oneway>yes</oneway>
            </gpxtpx:Extensions>
          </gpxtpx:TrackPointExtension>
        </extensions>
      </trkpt>
      <trkpt lat="47.281926" lon="11.401809">
        <ele>662.25</ele>
        <extensions>
          <gpxtpx:TrackPointExtension>
            <gpxtpx:Extensions>
              <highway>cycleway</highway>
              <surface>dirt</surface>
              <foot>no</foot>
              <bicycle>yes</bicycle>
              <mtb_scale>1</mtb_scale>
              <oneway>yes</oneway>
            </gpxtpx:Extensions>
          </gpxtpx:TrackPointExtension>
        </extensions>
      </trkpt>
      <trkpt lat="47.281933" lon="11.402048">
        <ele>658.75</ele>
        <extensions>
          <gpxtpx:TrackPointExtension>
            <gpxtpx:Extensions>
              <highway>cycleway</highway>
              <surface>dirt</surface>
              <foot>no</foot>
              <bicycle>yes</bicycle>
              <mtb_scale>1</mtb_scale>
              <oneway>yes</oneway>
            </gpxtpx:Extensions>
          </gpxtpx:TrackPointExtension>
        </extensions>
      </trkpt>
      <trkpt lat="47.281976" lon="11.402261">
        <ele>657.5</ele>
        <extensions>
          <gpxtpx:TrackPointExtension>
            <gpxtpx:Extensions>
              <highway>cycleway</highway>
              <surface>dirt</surface>
              <foot>no</foot>
              <bicycle>yes</bicycle>
              <mtb_scale>1</mtb_scale>
              <oneway>yes</oneway>
            </gpxtpx:Extensions>
          </gpxtpx:TrackPointExtension>
        </extensions>
      </trkpt>
      <trkpt lat="47.28205" lon="11.402501">
        <ele>657.25</ele>
        <extensions>
          <gpxtpx:TrackPointExtension>
            <gpxtpx:Extensions>
              <highway>cycleway</highway>
              <surface>dirt</surface>
              <foot>no</foot>
              <bicycle>yes</bicycle>
              <mtb_scale>1</mtb_scale>
              <oneway>yes</oneway>
            </gpxtpx:Extensions>
          </gpxtpx:TrackPointExtension>
        </extensions>
      </trkpt>
      <trkpt lat="47.28214" lon="11.402631">
        <ele>659.25</ele>
        <extensions>
          <gpxtpx:TrackPointExtension>
            <gpxtpx:Extensions>
              <highway>cycleway</highway>
              <surface>dirt</surface>
              <foot>no</foot>
              <bicycle>yes</bicycle>
              <mtb_scale>2</mtb_scale>
              <oneway>yes</oneway>
            </gpxtpx:Extensions>
          </gpxtpx:TrackPointExtension>
        </extensions>
      </trkpt>
      <trkpt lat="47.282196" lon="11.402712">
        <ele>660.5</ele>
        <extensions>
          <gpxtpx:TrackPointExtension>
            <gpxtpx:Extensions>
              <highway>cycleway</highway>
              <surface>dirt</surface>
              <foot>no</foot>
              <bicycle>yes</bicycle>
              <mtb_scale>2</mtb_scale>
              <oneway>yes</oneway>
            </gpxtpx:Extensions>
          </gpxtpx:TrackPointExtension>
        </extensions>
      </trkpt>
      <trkpt lat="47.282259" lon="11.402903">
        <ele>660.5</ele>
        <extensions>
          <gpxtpx:TrackPointExtension>
            <gpxtpx:Extensions>
              <highway>cycleway</highway>
              <surface>dirt</surface>
              <foot>no</foot>
              <bicycle>yes</bicycle>
              <mtb_scale>2</mtb_scale>
              <oneway>yes</oneway>
            </gpxtpx:Extensions>
          </gpxtpx:TrackPointExtension>
        </extensions>
      </trkpt>
      <trkpt lat="47.282323" lon="11.402999">
        <ele>661.75</ele>
        <extensions>
          <gpxtpx:TrackPointExtension>
            <gpxtpx:Extensions>
              <highway>cycleway</highway>
              <surface>dirt</surface>
              <foot>no</foot>
              <bicycle>yes</bicycle>
              <mtb_scale>2</mtb_scale>
              <oneway>yes</oneway>
            </gpxtpx:Extensions>
          </gpxtpx:TrackPointExtension>
        </extensions>
      </trkpt>
      <trkpt lat="47.282362" lon="11.403097">
        <ele>662</ele>
        <extensions>
          <gpxtpx:TrackPointExtension>
            <gpxtpx:Extensions>
              <highway>cycleway</highway>
              <surface>dirt</surface>
              <foot>no</foot>
              <bicycle>yes</bicycle>
              <mtb_scale>2</mtb_scale>
              <oneway>yes</oneway>
            </gpxtpx:Extensions>
          </gpxtpx:TrackPointExtension>
        </extensions>
      </trkpt>
      <trkpt lat="47.282392" lon="11.403208">
        <ele>652.5397902263333</ele>
      </trkpt>
      <trkpt lat="47.282392" lon="11.403208">
        <ele>652.5397902263333</ele>
      </trkpt>
      <trkpt lat="47.282398221080854" lon="11.403312751743357">
        <ele>651.0137271144754</ele>
      </trkpt>
      <trkpt lat="47.282373" lon="11.403384">
        <ele>657</ele>
        <extensions>
          <gpxtpx:TrackPointExtension>
            <gpxtpx:Extensions>
              <reversedirection>yes</reversedirection>
              <highway>cycleway</highway>
              <surface>dirt</surface>
              <foot>no</foot>
              <bicycle>yes</bicycle>
              <mtb_scale>2</mtb_scale>
              <oneway>yes</oneway>
            </gpxtpx:Extensions>
          </gpxtpx:TrackPointExtension>
        </extensions>
      </trkpt>
      <trkpt lat="47.282373" lon="11.403384">
        <ele>657</ele>
        <extensions>
          <gpxtpx:TrackPointExtension>
            <gpxtpx:Extensions>
              <highway>cycleway</highway>
              <surface>dirt</surface>
              <foot>no</foot>
              <bicycle>yes</bicycle>
              <mtb_scale>2</mtb_scale>
              <oneway>yes</oneway>
            </gpxtpx:Extensions>
          </gpxtpx:TrackPointExtension>
        </extensions>
      </trkpt>
      <trkpt lat="47.282338" lon="11.403489">
        <ele>652.5</ele>
        <extensions>
          <gpxtpx:TrackPointExtension>
            <gpxtpx:Extensions>
              <highway>cycleway</highway>
              <surface>dirt</surface>
              <foot>no</foot>
              <bicycle>yes</bicycle>
              <mtb_scale>2</mtb_scale>
              <oneway>yes</oneway>
            </gpxtpx:Extensions>
          </gpxtpx:TrackPointExtension>
        </extensions>
      </trkpt>
      <trkpt lat="47.282338" lon="11.403524">
        <ele>651.5</ele>
        <extensions>
          <gpxtpx:TrackPointExtension>
            <gpxtpx:Extensions>
              <highway>cycleway</highway>
              <surface>dirt</surface>
              <foot>no</foot>
              <bicycle>yes</bicycle>
              <mtb_scale>2</mtb_scale>
              <oneway>yes</oneway>
            </gpxtpx:Extensions>
          </gpxtpx:TrackPointExtension>
        </extensions>
      </trkpt>
      <trkpt lat="47.282352" lon="11.403566">
        <ele>651</ele>
        <extensions>
          <gpxtpx:TrackPointExtension>
            <gpxtpx:Extensions>
              <highway>cycleway</highway>
              <surface>dirt</surface>
              <foot>no</foot>
              <bicycle>yes</bicycle>
              <mtb_scale>2</mtb_scale>
              <oneway>yes</oneway>
            </gpxtpx:Extensions>
          </gpxtpx:TrackPointExtension>
        </extensions>
      </trkpt>
      <trkpt lat="47.282503" lon="11.403725">
        <ele>653.25</ele>
        <extensions>
          <gpxtpx:TrackPointExtension>
            <gpxtpx:Extensions>
              <highway>cycleway</highway>
              <surface>dirt</surface>
              <foot>no</foot>
              <bicycle>yes</bicycle>
              <mtb_scale>2</mtb_scale>
              <oneway>yes</oneway>
            </gpxtpx:Extensions>
          </gpxtpx:TrackPointExtension>
        </extensions>
      </trkpt>
      <trkpt lat="47.282554" lon="11.40379">
        <ele>653.5</ele>
        <extensions>
          <gpxtpx:TrackPointExtension>
            <gpxtpx:Extensions>
              <highway>cycleway</highway>
              <surface>dirt</surface>
              <foot>no</foot>
              <bicycle>yes</bicycle>
              <mtb_scale>2</mtb_scale>
              <oneway>yes</oneway>
            </gpxtpx:Extensions>
          </gpxtpx:TrackPointExtension>
        </extensions>
      </trkpt>
      <trkpt lat="47.282581" lon="11.403844">
        <ele>653</ele>
        <extensions>
          <gpxtpx:TrackPointExtension>
            <gpxtpx:Extensions>
              <highway>cycleway</highway>
              <surface>dirt</surface>
              <foot>no</foot>
              <bicycle>yes</bicycle>
              <mtb_scale>2</mtb_scale>
              <oneway>yes</oneway>
            </gpxtpx:Extensions>
          </gpxtpx:TrackPointExtension>
        </extensions>
      </trkpt>
      <trkpt lat="47.282582" lon="11.403876">
        <ele>652</ele>
        <extensions>
          <gpxtpx:TrackPointExtension>
            <gpxtpx:Extensions>
              <highway>cycleway</highway>
              <surface>dirt</surface>
              <foot>no</foot>
              <bicycle>yes</bicycle>
              <mtb_scale>2</mtb_scale>
              <oneway>yes</oneway>
            </gpxtpx:Extensions>
          </gpxtpx:TrackPointExtension>
        </extensions>
      </trkpt>
      <trkpt lat="47.282571" lon="11.403898">
        <ele>651</ele>
        <extensions>
          <gpxtpx:TrackPointExtension>
            <gpxtpx:Extensions>
              <highway>cycleway</highway>
              <surface>dirt</surface>
              <foot>no</foot>
              <bicycle>yes</bicycle>
              <mtb_scale>2</mtb_scale>
              <oneway>yes</oneway>
            </gpxtpx:Extensions>
          </gpxtpx:TrackPointExtension>
        </extensions>
      </trkpt>
      <trkpt lat="47.282551" lon="11.403908">
        <ele>649.75</ele>
        <extensions>
          <gpxtpx:TrackPointExtension>
            <gpxtpx:Extensions>
              <highway>cycleway</highway>
              <surface>dirt</surface>
              <foot>no</foot>
              <bicycle>yes</bicycle>
              <mtb_scale>2</mtb_scale>
              <oneway>yes</oneway>
            </gpxtpx:Extensions>
          </gpxtpx:TrackPointExtension>
        </extensions>
      </trkpt>
      <trkpt lat="47.282491" lon="11.403845">
        <ele>649.25</ele>
        <extensions>
          <gpxtpx:TrackPointExtension>
            <gpxtpx:Extensions>
              <highway>cycleway</highway>
              <surface>dirt</surface>
              <foot>no</foot>
              <bicycle>yes</bicycle>
              <mtb_scale>2</mtb_scale>
              <oneway>yes</oneway>
            </gpxtpx:Extensions>
          </gpxtpx:TrackPointExtension>
        </extensions>
      </trkpt>
      <trkpt lat="47.282473" lon="11.403839">
        <ele>648.5</ele>
        <extensions>
          <gpxtpx:TrackPointExtension>
            <gpxtpx:Extensions>
              <highway>cycleway</highway>
              <surface>dirt</surface>
              <foot>no</foot>
              <bicycle>yes</bicycle>
              <mtb_scale>2</mtb_scale>
              <oneway>yes</oneway>
            </gpxtpx:Extensions>
          </gpxtpx:TrackPointExtension>
        </extensions>
      </trkpt>
      <trkpt lat="47.282434" lon="11.403857">
        <ele>646.25</ele>
        <extensions>
          <gpxtpx:TrackPointExtension>
            <gpxtpx:Extensions>
              <highway>cycleway</highway>
              <surface>dirt</surface>
              <foot>no</foot>
              <bicycle>yes</bicycle>
              <mtb_scale>2</mtb_scale>
              <oneway>yes</oneway>
            </gpxtpx:Extensions>
          </gpxtpx:TrackPointExtension>
        </extensions>
      </trkpt>
      <trkpt lat="47.282419" lon="11.403854">
        <ele>645.75</ele>
        <extensions>
          <gpxtpx:TrackPointExtension>
            <gpxtpx:Extensions>
              <highway>cycleway</highway>
              <surface>dirt</surface>
              <foot>no</foot>
              <bicycle>yes</bicycle>
              <mtb_scale>2</mtb_scale>
              <oneway>yes</oneway>
            </gpxtpx:Extensions>
          </gpxtpx:TrackPointExtension>
        </extensions>
      </trkpt>
      <trkpt lat="47.282307" lon="11.403756">
        <ele>643.75</ele>
        <extensions>
          <gpxtpx:TrackPointExtension>
            <gpxtpx:Extensions>
              <highway>cycleway</highway>
              <surface>dirt</surface>
              <foot>no</foot>
              <bicycle>yes</bicycle>
              <mtb_scale>2</mtb_scale>
              <oneway>yes</oneway>
            </gpxtpx:Extensions>
          </gpxtpx:TrackPointExtension>
        </extensions>
      </trkpt>
      <trkpt lat="47.282302" lon="11.403752">
        <ele>643.75</ele>
        <extensions>
          <gpxtpx:TrackPointExtension>
            <gpxtpx:Extensions>
              <highway>cycleway</highway>
              <surface>dirt</surface>
              <foot>no</foot>
              <bicycle>yes</bicycle>
              <mtb_scale>2</mtb_scale>
              <oneway>yes</oneway>
            </gpxtpx:Extensions>
          </gpxtpx:TrackPointExtension>
        </extensions>
      </trkpt>
      <trkpt lat="47.28224" lon="11.403661">
        <ele>643.25</ele>
        <extensions>
          <gpxtpx:TrackPointExtension>
            <gpxtpx:Extensions>
              <highway>cycleway</highway>
              <surface>dirt</surface>
              <foot>no</foot>
              <bicycle>yes</bicycle>
              <mtb_scale>2</mtb_scale>
              <oneway>yes</oneway>
            </gpxtpx:Extensions>
          </gpxtpx:TrackPointExtension>
        </extensions>
      </trkpt>
      <trkpt lat="47.282221" lon="11.403597">
        <ele>644.25</ele>
        <extensions>
          <gpxtpx:TrackPointExtension>
            <gpxtpx:Extensions>
              <highway>cycleway</highway>
              <surface>dirt</surface>
              <foot>no</foot>
              <bicycle>yes</bicycle>
              <mtb_scale>2</mtb_scale>
              <oneway>yes</oneway>
            </gpxtpx:Extensions>
          </gpxtpx:TrackPointExtension>
        </extensions>
      </trkpt>
      <trkpt lat="47.282183" lon="11.40355">
        <ele>643.75</ele>
        <extensions>
          <gpxtpx:TrackPointExtension>
            <gpxtpx:Extensions>
              <highway>cycleway</highway>
              <surface>dirt</surface>
              <foot>no</foot>
              <bicycle>yes</bicycle>
              <mtb_scale>2</mtb_scale>
              <oneway>yes</oneway>
            </gpxtpx:Extensions>
          </gpxtpx:TrackPointExtension>
        </extensions>
      </trkpt>
      <trkpt lat="47.282159" lon="11.403559">
        <ele>642.25</ele>
        <extensions>
          <gpxtpx:TrackPointExtension>
            <gpxtpx:Extensions>
              <highway>cycleway</highway>
              <surface>dirt</surface>
              <foot>no</foot>
              <bicycle>yes</bicycle>
              <mtb_scale>2</mtb_scale>
              <oneway>yes</oneway>
            </gpxtpx:Extensions>
          </gpxtpx:TrackPointExtension>
        </extensions>
      </trkpt>
      <trkpt lat="47.282153" lon="11.403609">
        <ele>640.75</ele>
        <extensions>
          <gpxtpx:TrackPointExtension>
            <gpxtpx:Extensions>
              <highway>cycleway</highway>
              <surface>dirt</surface>
              <foot>no</foot>
              <bicycle>yes</bicycle>
              <mtb_scale>2</mtb_scale>
              <oneway>yes</oneway>
            </gpxtpx:Extensions>
          </gpxtpx:TrackPointExtension>
        </extensions>
      </trkpt>
      <trkpt lat="47.282186" lon="11.403712">
        <ele>639.5</ele>
        <extensions>
          <gpxtpx:TrackPointExtension>
            <gpxtpx:Extensions>
              <highway>cycleway</highway>
              <surface>dirt</surface>
              <foot>no</foot>
              <bicycle>yes</bicycle>
              <mtb_scale>2</mtb_scale>
              <oneway>yes</oneway>
            </gpxtpx:Extensions>
          </gpxtpx:TrackPointExtension>
        </extensions>
      </trkpt>
      <trkpt lat="47.28235" lon="11.404024">
        <ele>638</ele>
        <extensions>
          <gpxtpx:TrackPointExtension>
            <gpxtpx:Extensions>
              <highway>cycleway</highway>
              <surface>dirt</surface>
              <foot>no</foot>
              <bicycle>yes</bicycle>
              <mtb_scale>2</mtb_scale>
              <oneway>yes</oneway>
            </gpxtpx:Extensions>
          </gpxtpx:TrackPointExtension>
        </extensions>
      </trkpt>
      <trkpt lat="47.282387" lon="11.404107">
        <ele>637.25</ele>
        <extensions>
          <gpxtpx:TrackPointExtension>
            <gpxtpx:Extensions>
              <highway>cycleway</highway>
              <surface>dirt</surface>
              <foot>no</foot>
              <bicycle>yes</bicycle>
              <mtb_scale>2</mtb_scale>
              <oneway>yes</oneway>
            </gpxtpx:Extensions>
          </gpxtpx:TrackPointExtension>
        </extensions>
      </trkpt>
      <trkpt lat="47.282401" lon="11.404156">
        <ele>636.25</ele>
        <extensions>
          <gpxtpx:TrackPointExtension>
            <gpxtpx:Extensions>
              <highway>cycleway</highway>
              <surface>dirt</surface>
              <foot>no</foot>
              <bicycle>yes</bicycle>
              <mtb_scale>2</mtb_scale>
              <oneway>yes</oneway>
            </gpxtpx:Extensions>
          </gpxtpx:TrackPointExtension>
        </extensions>
      </trkpt>
      <trkpt lat="47.282379" lon="11.404187">
        <ele>634.75</ele>
        <extensions>
          <gpxtpx:TrackPointExtension>
            <gpxtpx:Extensions>
              <highway>cycleway</highway>
              <surface>dirt</surface>
              <foot>no</foot>
              <bicycle>yes</bicycle>
              <mtb_scale>2</mtb_scale>
              <oneway>yes</oneway>
            </gpxtpx:Extensions>
          </gpxtpx:TrackPointExtension>
        </extensions>
      </trkpt>
      <trkpt lat="47.282267" lon="11.404163">
        <ele>631</ele>
        <extensions>
          <gpxtpx:TrackPointExtension>
            <gpxtpx:Extensions>
              <highway>cycleway</highway>
              <surface>dirt</surface>
              <foot>no</foot>
              <bicycle>yes</bicycle>
              <mtb_scale>2</mtb_scale>
              <oneway>yes</oneway>
            </gpxtpx:Extensions>
          </gpxtpx:TrackPointExtension>
        </extensions>
      </trkpt>
      <trkpt lat="47.282218" lon="11.404107">
        <ele>630.5</ele>
        <extensions>
          <gpxtpx:TrackPointExtension>
            <gpxtpx:Extensions>
              <highway>cycleway</highway>
              <surface>dirt</surface>
              <foot>no</foot>
              <bicycle>yes</bicycle>
              <mtb_scale>2</mtb_scale>
              <oneway>yes</oneway>
            </gpxtpx:Extensions>
          </gpxtpx:TrackPointExtension>
        </extensions>
      </trkpt>
      <trkpt lat="47.28216" lon="11.404058">
        <ele>629.5</ele>
        <extensions>
          <gpxtpx:TrackPointExtension>
            <gpxtpx:Extensions>
              <highway>cycleway</highway>
              <surface>dirt</surface>
              <foot>no</foot>
              <bicycle>yes</bicycle>
              <mtb_scale>2</mtb_scale>
              <oneway>yes</oneway>
            </gpxtpx:Extensions>
          </gpxtpx:TrackPointExtension>
        </extensions>
      </trkpt>
      <trkpt lat="47.282078" lon="11.404006">
        <ele>627.5</ele>
        <extensions>
          <gpxtpx:TrackPointExtension>
            <gpxtpx:Extensions>
              <highway>cycleway</highway>
              <surface>dirt</surface>
              <foot>no</foot>
              <bicycle>yes</bicycle>
              <mtb_scale>2</mtb_scale>
              <oneway>yes</oneway>
            </gpxtpx:Extensions>
          </gpxtpx:TrackPointExtension>
        </extensions>
      </trkpt>
      <trkpt lat="47.281996" lon="11.403929">
        <ele>626</ele>
        <extensions>
          <gpxtpx:TrackPointExtension>
            <gpxtpx:Extensions>
              <highway>cycleway</highway>
              <surface>dirt</surface>
              <foot>no</foot>
              <bicycle>yes</bicycle>
              <mtb_scale>2</mtb_scale>
              <oneway>yes</oneway>
            </gpxtpx:Extensions>
          </gpxtpx:TrackPointExtension>
        </extensions>
      </trkpt>
      <trkpt lat="47.281974" lon="11.403889">
        <ele>626</ele>
        <extensions>
          <gpxtpx:TrackPointExtension>
            <gpxtpx:Extensions>
              <highway>cycleway</highway>
              <surface>dirt</surface>
              <foot>no</foot>
              <bicycle>yes</bicycle>
              <mtb_scale>2</mtb_scale>
              <oneway>yes</oneway>
            </gpxtpx:Extensions>
          </gpxtpx:TrackPointExtension>
        </extensions>
      </trkpt>
      <trkpt lat="47.281945" lon="11.403862">
        <ele>625.5</ele>
        <extensions>
          <gpxtpx:TrackPointExtension>
            <gpxtpx:Extensions>
              <highway>cycleway</highway>
              <surface>dirt</surface>
              <foot>no</foot>
              <bicycle>yes</bicycle>
              <mtb_scale>2</mtb_scale>
              <oneway>yes</oneway>
            </gpxtpx:Extensions>
          </gpxtpx:TrackPointExtension>
        </extensions>
      </trkpt>
      <trkpt lat="47.281915" lon="11.403884">
        <ele>623.75</ele>
        <extensions>
          <gpxtpx:TrackPointExtension>
            <gpxtpx:Extensions>
              <highway>cycleway</highway>
              <surface>dirt</surface>
              <foot>no</foot>
              <bicycle>yes</bicycle>
              <mtb_scale>2</mtb_scale>
              <oneway>yes</oneway>
            </gpxtpx:Extensions>
          </gpxtpx:TrackPointExtension>
        </extensions>
      </trkpt>
      <trkpt lat="47.281908" lon="11.403939">
        <ele>622.25</ele>
        <extensions>
          <gpxtpx:TrackPointExtension>
            <gpxtpx:Extensions>
              <highway>cycleway</highway>
              <surface>dirt</surface>
              <foot>no</foot>
              <bicycle>yes</bicycle>
              <mtb_scale>2</mtb_scale>
              <oneway>yes</oneway>
            </gpxtpx:Extensions>
          </gpxtpx:TrackPointExtension>
        </extensions>
      </trkpt>
      <trkpt lat="47.281925" lon="11.403992">
        <ele>621.75</ele>
        <extensions>
          <gpxtpx:TrackPointExtension>
            <gpxtpx:Extensions>
              <highway>cycleway</highway>
              <surface>dirt</surface>
              <foot>no</foot>
              <bicycle>yes</bicycle>
              <mtb_scale>2</mtb_scale>
              <oneway>yes</oneway>
            </gpxtpx:Extensions>
          </gpxtpx:TrackPointExtension>
        </extensions>
      </trkpt>
      <trkpt lat="47.282038" lon="11.404082">
        <ele>624.25</ele>
        <extensions>
          <gpxtpx:TrackPointExtension>
            <gpxtpx:Extensions>
              <highway>cycleway</highway>
              <surface>dirt</surface>
              <foot>no</foot>
              <bicycle>yes</bicycle>
              <mtb_scale>2</mtb_scale>
              <oneway>yes</oneway>
            </gpxtpx:Extensions>
          </gpxtpx:TrackPointExtension>
        </extensions>
      </trkpt>
      <trkpt lat="47.282117" lon="11.404163">
        <ele>625.25</ele>
        <extensions>
          <gpxtpx:TrackPointExtension>
            <gpxtpx:Extensions>
              <highway>cycleway</highway>
              <surface>dirt</surface>
              <foot>no</foot>
              <bicycle>yes</bicycle>
              <mtb_scale>2</mtb_scale>
              <oneway>yes</oneway>
            </gpxtpx:Extensions>
          </gpxtpx:TrackPointExtension>
        </extensions>
      </trkpt>
      <trkpt lat="47.282212" lon="11.404222">
        <ele>627.25</ele>
        <extensions>
          <gpxtpx:TrackPointExtension>
            <gpxtpx:Extensions>
              <highway>cycleway</highway>
              <surface>dirt</surface>
              <foot>no</foot>
              <bicycle>yes</bicycle>
              <mtb_scale>2</mtb_scale>
              <oneway>yes</oneway>
            </gpxtpx:Extensions>
          </gpxtpx:TrackPointExtension>
        </extensions>
      </trkpt>
      <trkpt lat="47.282225" lon="11.404291">
        <ele>626</ele>
        <extensions>
          <gpxtpx:TrackPointExtension>
            <gpxtpx:Extensions>
              <highway>cycleway</highway>
              <surface>dirt</surface>
              <foot>no</foot>
              <bicycle>yes</bicycle>
              <mtb_scale>2</mtb_scale>
              <oneway>yes</oneway>
            </gpxtpx:Extensions>
          </gpxtpx:TrackPointExtension>
        </extensions>
      </trkpt>
      <trkpt lat="47.282275" lon="11.40435">
        <ele>626.25</ele>
        <extensions>
          <gpxtpx:TrackPointExtension>
            <gpxtpx:Extensions>
              <highway>cycleway</highway>
              <surface>dirt</surface>
              <foot>no</foot>
              <bicycle>yes</bicycle>
              <mtb_scale>2</mtb_scale>
              <oneway>yes</oneway>
            </gpxtpx:Extensions>
          </gpxtpx:TrackPointExtension>
        </extensions>
      </trkpt>
      <trkpt lat="47.282264" lon="11.404445">
        <ele>623.25</ele>
        <extensions>
          <gpxtpx:TrackPointExtension>
            <gpxtpx:Extensions>
              <highway>cycleway</highway>
              <surface>dirt</surface>
              <foot>no</foot>
              <bicycle>yes</bicycle>
              <mtb_scale>2</mtb_scale>
              <oneway>yes</oneway>
            </gpxtpx:Extensions>
          </gpxtpx:TrackPointExtension>
        </extensions>
      </trkpt>
      <trkpt lat="47.282264" lon="11.404445">
        <ele>623.25</ele>
        <extensions>
          <gpxtpx:TrackPointExtension>
            <gpxtpx:Extensions>
              <highway>cycleway</highway>
              <surface>dirt</surface>
              <foot>no</foot>
              <bicycle>yes</bicycle>
              <mtb_scale>2</mtb_scale>
              <oneway>yes</oneway>
            </gpxtpx:Extensions>
          </gpxtpx:TrackPointExtension>
        </extensions>
      </trkpt>
      <trkpt lat="47.28232" lon="11.404574">
        <ele>621.5</ele>
        <extensions>
          <gpxtpx:TrackPointExtension>
            <gpxtpx:Extensions>
              <highway>cycleway</highway>
              <surface>dirt</surface>
              <foot>no</foot>
              <bicycle>yes</bicycle>
              <mtb_scale>2</mtb_scale>
              <oneway>yes</oneway>
            </gpxtpx:Extensions>
          </gpxtpx:TrackPointExtension>
        </extensions>
      </trkpt>
      <trkpt lat="47.282423" lon="11.40465">
        <ele>622.5</ele>
        <extensions>
          <gpxtpx:TrackPointExtension>
            <gpxtpx:Extensions>
              <highway>cycleway</highway>
              <surface>dirt</surface>
              <foot>no</foot>
              <bicycle>yes</bicycle>
              <mtb_scale>2</mtb_scale>
              <oneway>yes</oneway>
            </gpxtpx:Extensions>
          </gpxtpx:TrackPointExtension>
        </extensions>
      </trkpt>
      <trkpt lat="47.282487" lon="11.404745">
        <ele>621.5</ele>
        <extensions>
          <gpxtpx:TrackPointExtension>
            <gpxtpx:Extensions>
              <highway>cycleway</highway>
              <surface>dirt</surface>
              <foot>no</foot>
              <bicycle>yes</bicycle>
              <mtb_scale>2</mtb_scale>
              <oneway>yes</oneway>
            </gpxtpx:Extensions>
          </gpxtpx:TrackPointExtension>
        </extensions>
      </trkpt>
      <trkpt lat="47.282517" lon="11.404777">
        <ele>621.5</ele>
        <extensions>
          <gpxtpx:TrackPointExtension>
            <gpxtpx:Extensions>
              <highway>cycleway</highway>
              <surface>dirt</surface>
              <foot>no</foot>
              <bicycle>yes</bicycle>
              <mtb_scale>2</mtb_scale>
              <oneway>yes</oneway>
            </gpxtpx:Extensions>
          </gpxtpx:TrackPointExtension>
        </extensions>
      </trkpt>
      <trkpt lat="47.282651" lon="11.404788">
        <ele>625.75</ele>
        <extensions>
          <gpxtpx:TrackPointExtension>
            <gpxtpx:Extensions>
              <highway>cycleway</highway>
              <surface>dirt</surface>
              <foot>no</foot>
              <bicycle>yes</bicycle>
              <mtb_scale>2</mtb_scale>
              <oneway>yes</oneway>
            </gpxtpx:Extensions>
          </gpxtpx:TrackPointExtension>
        </extensions>
      </trkpt>
      <trkpt lat="47.282668" lon="11.404809">
        <ele>625.5</ele>
        <extensions>
          <gpxtpx:TrackPointExtension>
            <gpxtpx:Extensions>
              <highway>cycleway</highway>
              <surface>dirt</surface>
              <foot>no</foot>
              <bicycle>yes</bicycle>
              <mtb_scale>2</mtb_scale>
              <oneway>yes</oneway>
            </gpxtpx:Extensions>
          </gpxtpx:TrackPointExtension>
        </extensions>
      </trkpt>
      <trkpt lat="47.282678" lon="11.40484">
        <ele>624.75</ele>
        <extensions>
          <gpxtpx:TrackPointExtension>
            <gpxtpx:Extensions>
              <highway>cycleway</highway>
              <surface>dirt</surface>
              <foot>no</foot>
              <bicycle>yes</bicycle>
              <mtb_scale>2</mtb_scale>
              <oneway>yes</oneway>
            </gpxtpx:Extensions>
          </gpxtpx:TrackPointExtension>
        </extensions>
      </trkpt>
      <trkpt lat="47.282679" lon="11.404868">
        <ele>624</ele>
        <extensions>
          <gpxtpx:TrackPointExtension>
            <gpxtpx:Extensions>
              <highway>cycleway</highway>
              <surface>dirt</surface>
              <foot>no</foot>
              <bicycle>yes</bicycle>
              <mtb_scale>2</mtb_scale>
              <oneway>yes</oneway>
            </gpxtpx:Extensions>
          </gpxtpx:TrackPointExtension>
        </extensions>
      </trkpt>
      <trkpt lat="47.282649" lon="11.404889">
        <ele>622.25</ele>
        <extensions>
          <gpxtpx:TrackPointExtension>
            <gpxtpx:Extensions>
              <highway>cycleway</highway>
              <surface>dirt</surface>
              <foot>no</foot>
              <bicycle>yes</bicycle>
              <mtb_scale>2</mtb_scale>
              <oneway>yes</oneway>
            </gpxtpx:Extensions>
          </gpxtpx:TrackPointExtension>
        </extensions>
      </trkpt>
      <trkpt lat="47.282391" lon="11.404861">
        <ele>615.25</ele>
        <extensions>
          <gpxtpx:TrackPointExtension>
            <gpxtpx:Extensions>
              <highway>cycleway</highway>
              <surface>dirt</surface>
              <foot>no</foot>
              <bicycle>yes</bicycle>
              <mtb_scale>2</mtb_scale>
              <oneway>yes</oneway>
            </gpxtpx:Extensions>
          </gpxtpx:TrackPointExtension>
        </extensions>
      </trkpt>
      <trkpt lat="47.282359" lon="11.404872">
        <ele>614.25</ele>
        <extensions>
          <gpxtpx:TrackPointExtension>
            <gpxtpx:Extensions>
              <highway>residential</highway>
              <surface>asphalt</surface>
            </gpxtpx:Extensions>
          </gpxtpx:TrackPointExtension>
        </extensions>
      </trkpt>
      <trkpt lat="47.282025" lon="11.404859">
        <ele>605.75</ele>
        <extensions>
          <gpxtpx:TrackPointExtension>
            <gpxtpx:Extensions>
              <highway>residential</highway>
              <surface>asphalt</surface>
            </gpxtpx:Extensions>
          </gpxtpx:TrackPointExtension>
        </extensions>
      </trkpt>
      <trkpt lat="47.281946" lon="11.404849">
        <ele>603.75</ele>
        <extensions>
          <gpxtpx:TrackPointExtension>
            <gpxtpx:Extensions>
              <highway>residential</highway>
              <surface>asphalt</surface>
            </gpxtpx:Extensions>
          </gpxtpx:TrackPointExtension>
        </extensions>
      </trkpt>
      <trkpt lat="47.281944" lon="11.404849">
        <ele>603.75</ele>
        <extensions>
          <gpxtpx:TrackPointExtension>
            <gpxtpx:Extensions>
              <highway>residential</highway>
              <surface>asphalt</surface>
            </gpxtpx:Extensions>
          </gpxtpx:TrackPointExtension>
        </extensions>
      </trkpt>
      <trkpt lat="47.281803" lon="11.404832">
        <ele>600.25</ele>
        <extensions>
          <gpxtpx:TrackPointExtension>
            <gpxtpx:Extensions>
              <highway>residential</highway>
              <surface>asphalt</surface>
            </gpxtpx:Extensions>
          </gpxtpx:TrackPointExtension>
        </extensions>
      </trkpt>
      <trkpt lat="47.281688" lon="11.404832">
        <ele>597.25</ele>
        <extensions>
          <gpxtpx:TrackPointExtension>
            <gpxtpx:Extensions>
              <highway>residential</highway>
              <surface>asphalt</surface>
            </gpxtpx:Extensions>
          </gpxtpx:TrackPointExtension>
        </extensions>
      </trkpt>
      <trkpt lat="47.281431" lon="11.404882">
        <ele>589.5</ele>
        <extensions>
          <gpxtpx:TrackPointExtension>
            <gpxtpx:Extensions>
              <highway>residential</highway>
              <surface>asphalt</surface>
            </gpxtpx:Extensions>
          </gpxtpx:TrackPointExtension>
        </extensions>
      </trkpt>
      <trkpt lat="47.281368" lon="11.404976">
        <ele>586.75</ele>
        <extensions>
          <gpxtpx:TrackPointExtension>
            <gpxtpx:Extensions>
              <highway>residential</highway>
              <surface>asphalt</surface>
            </gpxtpx:Extensions>
          </gpxtpx:TrackPointExtension>
        </extensions>
      </trkpt>
      <trkpt lat="47.281357" lon="11.405099">
        <ele>584.75</ele>
        <extensions>
          <gpxtpx:TrackPointExtension>
            <gpxtpx:Extensions>
              <highway>residential</highway>
              <surface>asphalt</surface>
            </gpxtpx:Extensions>
          </gpxtpx:TrackPointExtension>
        </extensions>
      </trkpt>
      <trkpt lat="47.281401" lon="11.405285">
        <ele>583.5</ele>
        <extensions>
          <gpxtpx:TrackPointExtension>
            <gpxtpx:Extensions>
              <highway>residential</highway>
              <surface>asphalt</surface>
            </gpxtpx:Extensions>
          </gpxtpx:TrackPointExtension>
        </extensions>
      </trkpt>
      <trkpt lat="47.281529" lon="11.405537">
        <ele>583</ele>
        <extensions>
          <gpxtpx:TrackPointExtension>
            <gpxtpx:Extensions>
              <highway>residential</highway>
              <surface>asphalt</surface>
            </gpxtpx:Extensions>
          </gpxtpx:TrackPointExtension>
        </extensions>
      </trkpt>
      <trkpt lat="47.281733" lon="11.405766">
        <ele>583</ele>
        <extensions>
          <gpxtpx:TrackPointExtension>
            <gpxtpx:Extensions>
              <highway>residential</highway>
              <surface>asphalt</surface>
            </gpxtpx:Extensions>
          </gpxtpx:TrackPointExtension>
        </extensions>
      </trkpt>
      <trkpt lat="47.281765" lon="11.405803">
        <ele>582.75</ele>
        <extensions>
          <gpxtpx:TrackPointExtension>
            <gpxtpx:Extensions>
              <highway>residential</highway>
              <surface>asphalt</surface>
            </gpxtpx:Extensions>
          </gpxtpx:TrackPointExtension>
        </extensions>
      </trkpt>
      <trkpt lat="47.281904" lon="11.406004">
        <ele>583.75</ele>
        <extensions>
          <gpxtpx:TrackPointExtension>
            <gpxtpx:Extensions>
              <highway>residential</highway>
              <surface>asphalt</surface>
            </gpxtpx:Extensions>
          </gpxtpx:TrackPointExtension>
        </extensions>
      </trkpt>
      <trkpt lat="47.281967" lon="11.406167">
        <ele>584</ele>
        <extensions>
          <gpxtpx:TrackPointExtension>
            <gpxtpx:Extensions>
              <highway>residential</highway>
              <surface>asphalt</surface>
            </gpxtpx:Extensions>
          </gpxtpx:TrackPointExtension>
        </extensions>
      </trkpt>
      <trkpt lat="47.281952" lon="11.40628">
        <ele>583.25</ele>
        <extensions>
          <gpxtpx:TrackPointExtension>
            <gpxtpx:Extensions>
              <reversedirection>yes</reversedirection>
              <highway>residential</highway>
              <surface>asphalt</surface>
            </gpxtpx:Extensions>
          </gpxtpx:TrackPointExtension>
        </extensions>
      </trkpt>
      <trkpt lat="47.281677" lon="11.405975">
        <ele>580.75</ele>
        <extensions>
          <gpxtpx:TrackPointExtension>
            <gpxtpx:Extensions>
              <reversedirection>yes</reversedirection>
              <highway>residential</highway>
              <surface>asphalt</surface>
            </gpxtpx:Extensions>
          </gpxtpx:TrackPointExtension>
        </extensions>
      </trkpt>
      <trkpt lat="47.281436" lon="11.405917">
        <ele>577.25</ele>
        <extensions>
          <gpxtpx:TrackPointExtension>
            <gpxtpx:Extensions>
              <reversedirection>yes</reversedirection>
              <highway>secondary</highway>
              <surface>asphalt</surface>
              <smoothness>good</smoothness>
              <estimated_traffic_class>5</estimated_traffic_class>
            </gpxtpx:Extensions>
          </gpxtpx:TrackPointExtension>
        </extensions>
      </trkpt>
      <trkpt lat="47.281355" lon="11.405825">
        <ele>576</ele>
        <extensions>
          <gpxtpx:TrackPointExtension>
            <gpxtpx:Extensions>
              <reversedirection>yes</reversedirection>
              <highway>secondary</highway>
              <surface>asphalt</surface>
              <smoothness>good</smoothness>
              <estimated_traffic_class>5</estimated_traffic_class>
            </gpxtpx:Extensions>
          </gpxtpx:TrackPointExtension>
        </extensions>
      </trkpt>
      <trkpt lat="47.281314" lon="11.405787">
        <ele>576</ele>
        <extensions>
          <gpxtpx:TrackPointExtension>
            <gpxtpx:Extensions>
              <reversedirection>yes</reversedirection>
              <highway>secondary</highway>
              <surface>asphalt</surface>
              <oneway>yes</oneway>
              <smoothness>good</smoothness>
              <estimated_traffic_class>5</estimated_traffic_class>
            </gpxtpx:Extensions>
          </gpxtpx:TrackPointExtension>
        </extensions>
      </trkpt>
      <trkpt lat="47.281282" lon="11.405777">
        <ele>575.5</ele>
        <extensions>
          <gpxtpx:TrackPointExtension>
            <gpxtpx:Extensions>
              <reversedirection>yes</reversedirection>
              <highway>cycleway</highway>
              <surface>asphalt</surface>
              <cycleway>unknown</cycleway>
              <oneway>yes</oneway>
              <oneway_bicycle>yes</oneway_bicycle>
              <smoothness>excellent</smoothness>
            </gpxtpx:Extensions>
          </gpxtpx:TrackPointExtension>
        </extensions>
      </trkpt>
      <trkpt lat="47.281206" lon="11.405912">
        <ele>573.75</ele>
        <extensions>
          <gpxtpx:TrackPointExtension>
            <gpxtpx:Extensions>
              <reversedirection>yes</reversedirection>
              <highway>path</highway>
              <surface>asphalt</surface>
              <foot>designated</foot>
              <bicycle>designated</bicycle>
            </gpxtpx:Extensions>
          </gpxtpx:TrackPointExtension>
        </extensions>
      </trkpt>
      <trkpt lat="47.281125" lon="11.405871">
        <ele>572.5</ele>
        <extensions>
          <gpxtpx:TrackPointExtension>
            <gpxtpx:Extensions>
              <reversedirection>yes</reversedirection>
              <highway>path</highway>
              <surface>asphalt</surface>
              <foot>designated</foot>
              <bicycle>designated</bicycle>
            </gpxtpx:Extensions>
          </gpxtpx:TrackPointExtension>
        </extensions>
      </trkpt>
      <trkpt lat="47.281061" lon="11.405839">
        <ele>571.5</ele>
        <extensions>
          <gpxtpx:TrackPointExtension>
            <gpxtpx:Extensions>
              <reversedirection>yes</reversedirection>
              <highway>footway</highway>
              <surface>sett</surface>
              <smoothness>intermediate</smoothness>
            </gpxtpx:Extensions>
          </gpxtpx:TrackPointExtension>
        </extensions>
      </trkpt>
      <trkpt lat="47.281073" lon="11.405927">
        <ele>571.75</ele>
        <extensions>
          <gpxtpx:TrackPointExtension>
            <gpxtpx:Extensions>
              <highway>cycleway</highway>
              <surface>asphalt</surface>
              <foot>designated</foot>
              <bicycle>designated</bicycle>
              <smoothness>excellent</smoothness>
              <route_bicycle_icn>yes</route_bicycle_icn>
              <route_bicycle_rcn>yes</route_bicycle_rcn>
            </gpxtpx:Extensions>
          </gpxtpx:TrackPointExtension>
        </extensions>
      </trkpt>
      <trkpt lat="47.281121" lon="11.406108">
        <ele>573</ele>
        <extensions>
          <gpxtpx:TrackPointExtension>
            <gpxtpx:Extensions>
              <highway>cycleway</highway>
              <surface>asphalt</surface>
              <foot>designated</foot>
              <bicycle>designated</bicycle>
              <smoothness>excellent</smoothness>
              <route_bicycle_icn>yes</route_bicycle_icn>
              <route_bicycle_rcn>yes</route_bicycle_rcn>
            </gpxtpx:Extensions>
          </gpxtpx:TrackPointExtension>
        </extensions>
      </trkpt>
      <trkpt lat="47.281175" lon="11.406344">
        <ele>574.25</ele>
        <extensions>
          <gpxtpx:TrackPointExtension>
            <gpxtpx:Extensions>
              <highway>cycleway</highway>
              <surface>asphalt</surface>
              <foot>designated</foot>
              <bicycle>designated</bicycle>
              <smoothness>excellent</smoothness>
              <route_bicycle_icn>yes</route_bicycle_icn>
              <route_bicycle_rcn>yes</route_bicycle_rcn>
            </gpxtpx:Extensions>
          </gpxtpx:TrackPointExtension>
        </extensions>
      </trkpt>
      <trkpt lat="47.281193" lon="11.406493">
        <ele>574.5</ele>
        <extensions>
          <gpxtpx:TrackPointExtension>
            <gpxtpx:Extensions>
              <highway>cycleway</highway>
              <surface>asphalt</surface>
              <foot>designated</foot>
              <bicycle>designated</bicycle>
              <smoothness>excellent</smoothness>
              <route_bicycle_icn>yes</route_bicycle_icn>
              <route_bicycle_rcn>yes</route_bicycle_rcn>
            </gpxtpx:Extensions>
          </gpxtpx:TrackPointExtension>
        </extensions>
      </trkpt>
      <trkpt lat="47.281201" lon="11.406649">
        <ele>575</ele>
        <extensions>
          <gpxtpx:TrackPointExtension>
            <gpxtpx:Extensions>
              <highway>cycleway</highway>
              <surface>asphalt</surface>
              <foot>designated</foot>
              <bicycle>designated</bicycle>
              <smoothness>excellent</smoothness>
              <route_bicycle_icn>yes</route_bicycle_icn>
              <route_bicycle_rcn>yes</route_bicycle_rcn>
            </gpxtpx:Extensions>
          </gpxtpx:TrackPointExtension>
        </extensions>
      </trkpt>
      <trkpt lat="47.281202" lon="11.406796">
        <ele>574.75</ele>
        <extensions>
          <gpxtpx:TrackPointExtension>
            <gpxtpx:Extensions>
              <highway>cycleway</highway>
              <surface>asphalt</surface>
              <foot>designated</foot>
              <bicycle>designated</bicycle>
              <smoothness>excellent</smoothness>
              <route_bicycle_icn>yes</route_bicycle_icn>
              <route_bicycle_rcn>yes</route_bicycle_rcn>
            </gpxtpx:Extensions>
          </gpxtpx:TrackPointExtension>
        </extensions>
      </trkpt>
      <trkpt lat="47.281188" lon="11.407001">
        <ele>574</ele>
        <extensions>
          <gpxtpx:TrackPointExtension>
            <gpxtpx:Extensions>
              <highway>cycleway</highway>
              <surface>asphalt</surface>
              <foot>designated</foot>
              <bicycle>designated</bicycle>
              <smoothness>excellent</smoothness>
              <route_bicycle_icn>yes</route_bicycle_icn>
              <route_bicycle_rcn>yes</route_bicycle_rcn>
            </gpxtpx:Extensions>
          </gpxtpx:TrackPointExtension>
        </extensions>
      </trkpt>
      <trkpt lat="47.281075" lon="11.407538">
        <ele>572.25</ele>
        <extensions>
          <gpxtpx:TrackPointExtension>
            <gpxtpx:Extensions>
              <highway>cycleway</highway>
              <surface>asphalt</surface>
              <foot>designated</foot>
              <bicycle>designated</bicycle>
              <smoothness>excellent</smoothness>
              <route_bicycle_icn>yes</route_bicycle_icn>
              <route_bicycle_rcn>yes</route_bicycle_rcn>
            </gpxtpx:Extensions>
          </gpxtpx:TrackPointExtension>
        </extensions>
      </trkpt>
      <trkpt lat="47.281021" lon="11.407729">
        <ele>572</ele>
        <extensions>
          <gpxtpx:TrackPointExtension>
            <gpxtpx:Extensions>
              <highway>cycleway</highway>
              <surface>asphalt</surface>
              <foot>designated</foot>
              <bicycle>designated</bicycle>
              <smoothness>excellent</smoothness>
              <route_bicycle_icn>yes</route_bicycle_icn>
              <route_bicycle_rcn>yes</route_bicycle_rcn>
            </gpxtpx:Extensions>
          </gpxtpx:TrackPointExtension>
        </extensions>
      </trkpt>
      <trkpt lat="47.280977" lon="11.40786">
        <ele>571.5</ele>
        <extensions>
          <gpxtpx:TrackPointExtension>
            <gpxtpx:Extensions>
              <highway>cycleway</highway>
              <surface>asphalt</surface>
              <foot>designated</foot>
              <bicycle>designated</bicycle>
              <smoothness>excellent</smoothness>
              <route_bicycle_icn>yes</route_bicycle_icn>
              <route_bicycle_rcn>yes</route_bicycle_rcn>
            </gpxtpx:Extensions>
          </gpxtpx:TrackPointExtension>
        </extensions>
      </trkpt>
      <trkpt lat="47.280949" lon="11.40793">
        <ele>571.5</ele>
        <extensions>
          <gpxtpx:TrackPointExtension>
            <gpxtpx:Extensions>
              <highway>cycleway</highway>
              <surface>asphalt</surface>
              <foot>designated</foot>
              <bicycle>designated</bicycle>
              <smoothness>excellent</smoothness>
              <route_bicycle_icn>yes</route_bicycle_icn>
              <route_bicycle_rcn>yes</route_bicycle_rcn>
            </gpxtpx:Extensions>
          </gpxtpx:TrackPointExtension>
        </extensions>
      </trkpt>
      <trkpt lat="47.280832" lon="11.408372">
        <ele>571</ele>
        <extensions>
          <gpxtpx:TrackPointExtension>
            <gpxtpx:Extensions>
              <highway>cycleway</highway>
              <surface>asphalt</surface>
              <foot>designated</foot>
              <bicycle>designated</bicycle>
              <smoothness>excellent</smoothness>
              <route_bicycle_icn>yes</route_bicycle_icn>
              <route_bicycle_rcn>yes</route_bicycle_rcn>
            </gpxtpx:Extensions>
          </gpxtpx:TrackPointExtension>
        </extensions>
      </trkpt>
      <trkpt lat="47.280822" lon="11.408496">
        <ele>571.25</ele>
        <extensions>
          <gpxtpx:TrackPointExtension>
            <gpxtpx:Extensions>
              <highway>cycleway</highway>
              <surface>asphalt</surface>
              <foot>designated</foot>
              <bicycle>designated</bicycle>
              <smoothness>excellent</smoothness>
              <route_bicycle_icn>yes</route_bicycle_icn>
              <route_bicycle_rcn>yes</route_bicycle_rcn>
            </gpxtpx:Extensions>
          </gpxtpx:TrackPointExtension>
        </extensions>
      </trkpt>
      <trkpt lat="47.280781" lon="11.408656">
        <ele>571.5</ele>
        <extensions>
          <gpxtpx:TrackPointExtension>
            <gpxtpx:Extensions>
              <highway>cycleway</highway>
              <surface>asphalt</surface>
              <foot>designated</foot>
              <bicycle>designated</bicycle>
              <smoothness>excellent</smoothness>
              <route_bicycle_icn>yes</route_bicycle_icn>
              <route_bicycle_rcn>yes</route_bicycle_rcn>
            </gpxtpx:Extensions>
          </gpxtpx:TrackPointExtension>
        </extensions>
      </trkpt>
      <trkpt lat="47.280772" lon="11.408695">
        <ele>571.75</ele>
        <extensions>
          <gpxtpx:TrackPointExtension>
            <gpxtpx:Extensions>
              <highway>cycleway</highway>
              <surface>asphalt</surface>
              <foot>designated</foot>
              <bicycle>designated</bicycle>
              <smoothness>excellent</smoothness>
              <route_bicycle_icn>yes</route_bicycle_icn>
              <route_bicycle_rcn>yes</route_bicycle_rcn>
            </gpxtpx:Extensions>
          </gpxtpx:TrackPointExtension>
        </extensions>
      </trkpt>
      <trkpt lat="47.280715" lon="11.408803">
        <ele>572</ele>
        <extensions>
          <gpxtpx:TrackPointExtension>
            <gpxtpx:Extensions>
              <highway>cycleway</highway>
              <surface>asphalt</surface>
              <foot>designated</foot>
              <bicycle>designated</bicycle>
              <smoothness>excellent</smoothness>
              <route_bicycle_icn>yes</route_bicycle_icn>
              <route_bicycle_rcn>yes</route_bicycle_rcn>
            </gpxtpx:Extensions>
          </gpxtpx:TrackPointExtension>
        </extensions>
      </trkpt>
      <trkpt lat="47.28065" lon="11.408925">
        <ele>572</ele>
        <extensions>
          <gpxtpx:TrackPointExtension>
            <gpxtpx:Extensions>
              <highway>cycleway</highway>
              <surface>asphalt</surface>
              <foot>designated</foot>
              <bicycle>designated</bicycle>
              <smoothness>excellent</smoothness>
              <route_bicycle_icn>yes</route_bicycle_icn>
              <route_bicycle_rcn>yes</route_bicycle_rcn>
            </gpxtpx:Extensions>
          </gpxtpx:TrackPointExtension>
        </extensions>
      </trkpt>
      <trkpt lat="47.280343" lon="11.410383">
        <ele>571</ele>
        <extensions>
          <gpxtpx:TrackPointExtension>
            <gpxtpx:Extensions>
              <highway>cycleway</highway>
              <surface>asphalt</surface>
              <foot>designated</foot>
              <bicycle>designated</bicycle>
              <smoothness>excellent</smoothness>
              <route_bicycle_icn>yes</route_bicycle_icn>
              <route_bicycle_rcn>yes</route_bicycle_rcn>
            </gpxtpx:Extensions>
          </gpxtpx:TrackPointExtension>
        </extensions>
      </trkpt>
      <trkpt lat="47.279564" lon="11.414076">
        <ele>573.5</ele>
        <extensions>
          <gpxtpx:TrackPointExtension>
            <gpxtpx:Extensions>
              <highway>cycleway</highway>
              <surface>asphalt</surface>
              <foot>designated</foot>
              <bicycle>designated</bicycle>
              <smoothness>excellent</smoothness>
              <route_bicycle_icn>yes</route_bicycle_icn>
              <route_bicycle_rcn>yes</route_bicycle_rcn>
            </gpxtpx:Extensions>
          </gpxtpx:TrackPointExtension>
        </extensions>
      </trkpt>
      <trkpt lat="47.279184" lon="11.415889">
        <ele>570.5</ele>
        <extensions>
          <gpxtpx:TrackPointExtension>
            <gpxtpx:Extensions>
              <highway>cycleway</highway>
              <surface>asphalt</surface>
              <foot>designated</foot>
              <bicycle>designated</bicycle>
              <smoothness>excellent</smoothness>
              <route_bicycle_icn>yes</route_bicycle_icn>
              <route_bicycle_rcn>yes</route_bicycle_rcn>
            </gpxtpx:Extensions>
          </gpxtpx:TrackPointExtension>
        </extensions>
      </trkpt>
      <trkpt lat="47.27922" lon="11.415983">
        <ele>571.5</ele>
        <extensions>
          <gpxtpx:TrackPointExtension>
            <gpxtpx:Extensions>
              <highway>cycleway</highway>
              <surface>asphalt</surface>
              <foot>designated</foot>
              <bicycle>designated</bicycle>
              <smoothness>excellent</smoothness>
              <route_bicycle_icn>yes</route_bicycle_icn>
              <route_bicycle_rcn>yes</route_bicycle_rcn>
            </gpxtpx:Extensions>
          </gpxtpx:TrackPointExtension>
        </extensions>
      </trkpt>
      <trkpt lat="47.279061" lon="11.41679">
        <ele>574.25</ele>
        <extensions>
          <gpxtpx:TrackPointExtension>
            <gpxtpx:Extensions>
              <highway>cycleway</highway>
              <surface>asphalt</surface>
              <foot>designated</foot>
              <bicycle>designated</bicycle>
              <smoothness>excellent</smoothness>
              <route_bicycle_icn>yes</route_bicycle_icn>
              <route_bicycle_rcn>yes</route_bicycle_rcn>
            </gpxtpx:Extensions>
          </gpxtpx:TrackPointExtension>
        </extensions>
      </trkpt>
      <trkpt lat="47.278405" lon="11.419814">
        <ele>571.25</ele>
        <extensions>
          <gpxtpx:TrackPointExtension>
            <gpxtpx:Extensions>
              <highway>cycleway</highway>
              <surface>asphalt</surface>
              <foot>designated</foot>
              <bicycle>designated</bicycle>
              <smoothness>excellent</smoothness>
              <route_bicycle_icn>yes</route_bicycle_icn>
              <route_bicycle_rcn>yes</route_bicycle_rcn>
            </gpxtpx:Extensions>
          </gpxtpx:TrackPointExtension>
        </extensions>
      </trkpt>
      <trkpt lat="47.278391" lon="11.41988">
        <ele>571</ele>
        <extensions>
          <gpxtpx:TrackPointExtension>
            <gpxtpx:Extensions>
              <highway>cycleway</highway>
              <surface>asphalt</surface>
              <foot>designated</foot>
              <bicycle>designated</bicycle>
              <smoothness>excellent</smoothness>
              <route_bicycle_icn>yes</route_bicycle_icn>
              <route_bicycle_rcn>yes</route_bicycle_rcn>
            </gpxtpx:Extensions>
          </gpxtpx:TrackPointExtension>
        </extensions>
      </trkpt>
      <trkpt lat="47.278275" lon="11.42043">
        <ele>570.25</ele>
        <extensions>
          <gpxtpx:TrackPointExtension>
            <gpxtpx:Extensions>
              <highway>cycleway</highway>
              <surface>asphalt</surface>
              <foot>designated</foot>
              <bicycle>designated</bicycle>
              <smoothness>excellent</smoothness>
              <route_bicycle_icn>yes</route_bicycle_icn>
              <route_bicycle_rcn>yes</route_bicycle_rcn>
            </gpxtpx:Extensions>
          </gpxtpx:TrackPointExtension>
        </extensions>
      </trkpt>
      <trkpt lat="47.278262" lon="11.420488">
        <ele>570</ele>
        <extensions>
          <gpxtpx:TrackPointExtension>
            <gpxtpx:Extensions>
              <highway>cycleway</highway>
              <surface>asphalt</surface>
              <foot>designated</foot>
              <bicycle>designated</bicycle>
              <smoothness>excellent</smoothness>
              <route_bicycle_icn>yes</route_bicycle_icn>
              <route_bicycle_rcn>yes</route_bicycle_rcn>
            </gpxtpx:Extensions>
          </gpxtpx:TrackPointExtension>
        </extensions>
      </trkpt>
      <trkpt lat="47.278076" lon="11.421362">
        <ele>568.5</ele>
        <extensions>
          <gpxtpx:TrackPointExtension>
            <gpxtpx:Extensions>
              <highway>cycleway</highway>
              <surface>asphalt</surface>
              <foot>designated</foot>
              <bicycle>designated</bicycle>
              <smoothness>excellent</smoothness>
              <route_bicycle_icn>yes</route_bicycle_icn>
              <route_bicycle_rcn>yes</route_bicycle_rcn>
            </gpxtpx:Extensions>
          </gpxtpx:TrackPointExtension>
        </extensions>
      </trkpt>
      <trkpt lat="47.277924" lon="11.421967">
        <ele>567</ele>
        <extensions>
          <gpxtpx:TrackPointExtension>
            <gpxtpx:Extensions>
              <highway>cycleway</highway>
              <surface>asphalt</surface>
              <foot>designated</foot>
              <bicycle>designated</bicycle>
              <smoothness>excellent</smoothness>
              <route_bicycle_icn>yes</route_bicycle_icn>
              <route_bicycle_rcn>yes</route_bicycle_rcn>
            </gpxtpx:Extensions>
          </gpxtpx:TrackPointExtension>
        </extensions>
      </trkpt>
      <trkpt lat="47.277683" lon="11.42277">
        <ele>565.75</ele>
        <extensions>
          <gpxtpx:TrackPointExtension>
            <gpxtpx:Extensions>
              <highway>cycleway</highway>
              <surface>asphalt</surface>
              <foot>designated</foot>
              <bicycle>designated</bicycle>
              <smoothness>excellent</smoothness>
              <route_bicycle_icn>yes</route_bicycle_icn>
              <route_bicycle_rcn>yes</route_bicycle_rcn>
            </gpxtpx:Extensions>
          </gpxtpx:TrackPointExtension>
        </extensions>
      </trkpt>
      <trkpt lat="47.27683" lon="11.425089">
        <ele>567.25</ele>
        <extensions>
          <gpxtpx:TrackPointExtension>
            <gpxtpx:Extensions>
              <highway>cycleway</highway>
              <surface>asphalt</surface>
              <foot>designated</foot>
              <bicycle>designated</bicycle>
              <smoothness>excellent</smoothness>
              <route_bicycle_icn>yes</route_bicycle_icn>
              <route_bicycle_rcn>yes</route_bicycle_rcn>
            </gpxtpx:Extensions>
          </gpxtpx:TrackPointExtension>
        </extensions>
      </trkpt>
      <trkpt lat="47.276633" lon="11.425587">
        <ele>568.5</ele>
        <extensions>
          <gpxtpx:TrackPointExtension>
            <gpxtpx:Extensions>
              <highway>cycleway</highway>
              <surface>asphalt</surface>
              <foot>designated</foot>
              <bicycle>designated</bicycle>
              <smoothness>excellent</smoothness>
              <route_bicycle_icn>yes</route_bicycle_icn>
              <route_bicycle_rcn>yes</route_bicycle_rcn>
            </gpxtpx:Extensions>
          </gpxtpx:TrackPointExtension>
        </extensions>
      </trkpt>
      <trkpt lat="47.276351" lon="11.426333">
        <ele>568.25</ele>
        <extensions>
          <gpxtpx:TrackPointExtension>
            <gpxtpx:Extensions>
              <highway>cycleway</highway>
              <surface>asphalt</surface>
              <foot>designated</foot>
              <bicycle>designated</bicycle>
              <smoothness>excellent</smoothness>
              <route_bicycle_icn>yes</route_bicycle_icn>
              <route_bicycle_rcn>yes</route_bicycle_rcn>
            </gpxtpx:Extensions>
          </gpxtpx:TrackPointExtension>
        </extensions>
      </trkpt>
      <trkpt lat="47.275763" lon="11.427882">
        <ele>566.5</ele>
        <extensions>
          <gpxtpx:TrackPointExtension>
            <gpxtpx:Extensions>
              <reversedirection>yes</reversedirection>
              <highway>cycleway</highway>
              <surface>asphalt</surface>
              <foot>designated</foot>
              <bicycle>designated</bicycle>
              <route_bicycle_icn>yes</route_bicycle_icn>
              <route_bicycle_rcn>yes</route_bicycle_rcn>
            </gpxtpx:Extensions>
          </gpxtpx:TrackPointExtension>
        </extensions>
      </trkpt>
      <trkpt lat="47.275507" lon="11.4287">
        <ele>565.75</ele>
        <extensions>
          <gpxtpx:TrackPointExtension>
            <gpxtpx:Extensions>
              <reversedirection>yes</reversedirection>
              <highway>cycleway</highway>
              <surface>asphalt</surface>
              <foot>designated</foot>
              <bicycle>designated</bicycle>
              <route_bicycle_icn>yes</route_bicycle_icn>
              <route_bicycle_rcn>yes</route_bicycle_rcn>
            </gpxtpx:Extensions>
          </gpxtpx:TrackPointExtension>
        </extensions>
      </trkpt>
      <trkpt lat="47.275323" lon="11.429288">
        <ele>564.5</ele>
        <extensions>
          <gpxtpx:TrackPointExtension>
            <gpxtpx:Extensions>
              <reversedirection>yes</reversedirection>
              <highway>cycleway</highway>
              <surface>asphalt</surface>
              <foot>designated</foot>
              <bicycle>designated</bicycle>
              <route_bicycle_icn>yes</route_bicycle_icn>
              <route_bicycle_rcn>yes</route_bicycle_rcn>
            </gpxtpx:Extensions>
          </gpxtpx:TrackPointExtension>
        </extensions>
      </trkpt>
      <trkpt lat="47.274951" lon="11.430333">
        <ele>566.25</ele>
        <extensions>
          <gpxtpx:TrackPointExtension>
            <gpxtpx:Extensions>
              <reversedirection>yes</reversedirection>
              <highway>cycleway</highway>
              <surface>asphalt</surface>
              <foot>designated</foot>
              <bicycle>designated</bicycle>
              <route_bicycle_icn>yes</route_bicycle_icn>
              <route_bicycle_rcn>yes</route_bicycle_rcn>
            </gpxtpx:Extensions>
          </gpxtpx:TrackPointExtension>
        </extensions>
      </trkpt>
      <trkpt lat="47.274927" lon="11.430383">
        <ele>566.25</ele>
        <extensions>
          <gpxtpx:TrackPointExtension>
            <gpxtpx:Extensions>
              <reversedirection>yes</reversedirection>
              <highway>cycleway</highway>
              <surface>asphalt</surface>
              <foot>designated</foot>
              <bicycle>designated</bicycle>
              <route_bicycle_icn>yes</route_bicycle_icn>
              <route_bicycle_rcn>yes</route_bicycle_rcn>
            </gpxtpx:Extensions>
          </gpxtpx:TrackPointExtension>
        </extensions>
      </trkpt>
      <trkpt lat="47.274927" lon="11.430383">
        <ele>566.25</ele>
        <extensions>
          <gpxtpx:TrackPointExtension>
            <gpxtpx:Extensions>
              <reversedirection>yes</reversedirection>
              <highway>cycleway</highway>
              <surface>asphalt</surface>
              <foot>designated</foot>
              <bicycle>designated</bicycle>
              <route_bicycle_icn>yes</route_bicycle_icn>
              <route_bicycle_rcn>yes</route_bicycle_rcn>
            </gpxtpx:Extensions>
          </gpxtpx:TrackPointExtension>
        </extensions>
      </trkpt>
      <trkpt lat="47.274841" lon="11.430571">
        <ele>566.5</ele>
        <extensions>
          <gpxtpx:TrackPointExtension>
            <gpxtpx:Extensions>
              <reversedirection>yes</reversedirection>
              <highway>cycleway</highway>
              <surface>asphalt</surface>
              <foot>designated</foot>
              <bicycle>designated</bicycle>
              <route_bicycle_icn>yes</route_bicycle_icn>
              <route_bicycle_rcn>yes</route_bicycle_rcn>
            </gpxtpx:Extensions>
          </gpxtpx:TrackPointExtension>
        </extensions>
      </trkpt>
      <trkpt lat="47.274748" lon="11.430824">
        <ele>566.5</ele>
        <extensions>
          <gpxtpx:TrackPointExtension>
            <gpxtpx:Extensions>
              <reversedirection>yes</reversedirection>
              <highway>cycleway</highway>
              <surface>asphalt</surface>
              <foot>designated</foot>
              <bicycle>designated</bicycle>
              <route_bicycle_icn>yes</route_bicycle_icn>
              <route_bicycle_rcn>yes</route_bicycle_rcn>
            </gpxtpx:Extensions>
          </gpxtpx:TrackPointExtension>
        </extensions>
      </trkpt>
      <trkpt lat="47.274682" lon="11.430984">
        <ele>567.25</ele>
        <extensions>
          <gpxtpx:TrackPointExtension>
            <gpxtpx:Extensions>
              <reversedirection>yes</reversedirection>
              <highway>cycleway</highway>
              <surface>asphalt</surface>
              <foot>designated</foot>
              <bicycle>designated</bicycle>
              <smoothness>excellent</smoothness>
              <route_bicycle_icn>yes</route_bicycle_icn>
              <route_bicycle_rcn>yes</route_bicycle_rcn>
            </gpxtpx:Extensions>
          </gpxtpx:TrackPointExtension>
        </extensions>
      </trkpt>
      <trkpt lat="47.274354" lon="11.431913">
        <ele>568.75</ele>
        <extensions>
          <gpxtpx:TrackPointExtension>
            <gpxtpx:Extensions>
              <reversedirection>yes</reversedirection>
              <highway>cycleway</highway>
              <surface>asphalt</surface>
              <foot>designated</foot>
              <bicycle>designated</bicycle>
              <smoothness>excellent</smoothness>
              <route_bicycle_icn>yes</route_bicycle_icn>
              <route_bicycle_rcn>yes</route_bicycle_rcn>
            </gpxtpx:Extensions>
          </gpxtpx:TrackPointExtension>
        </extensions>
      </trkpt>
      <trkpt lat="47.274318" lon="11.432038">
        <ele>568.25</ele>
        <extensions>
          <gpxtpx:TrackPointExtension>
            <gpxtpx:Extensions>
              <reversedirection>yes</reversedirection>
              <highway>cycleway</highway>
              <surface>asphalt</surface>
              <foot>no</foot>
              <route_bicycle_icn>yes</route_bicycle_icn>
              <route_bicycle_rcn>yes</route_bicycle_rcn>
            </gpxtpx:Extensions>
          </gpxtpx:TrackPointExtension>
        </extensions>
      </trkpt>
      <trkpt lat="47.274268" lon="11.432204">
        <ele>567.75</ele>
        <extensions>
          <gpxtpx:TrackPointExtension>
            <gpxtpx:Extensions>
              <reversedirection>yes</reversedirection>
              <highway>cycleway</highway>
              <surface>asphalt</surface>
              <foot>no</foot>
              <route_bicycle_icn>yes</route_bicycle_icn>
              <route_bicycle_rcn>yes</route_bicycle_rcn>
            </gpxtpx:Extensions>
          </gpxtpx:TrackPointExtension>
        </extensions>
      </trkpt>
      <trkpt lat="47.274117" lon="11.432598">
        <ele>566.75</ele>
        <extensions>
          <gpxtpx:TrackPointExtension>
            <gpxtpx:Extensions>
              <reversedirection>yes</reversedirection>
              <highway>cycleway</highway>
              <surface>asphalt</surface>
              <foot>no</foot>
              <route_bicycle_icn>yes</route_bicycle_icn>
              <route_bicycle_rcn>yes</route_bicycle_rcn>
            </gpxtpx:Extensions>
          </gpxtpx:TrackPointExtension>
        </extensions>
      </trkpt>
      <trkpt lat="47.273994" lon="11.432907">
        <ele>566.75</ele>
        <extensions>
          <gpxtpx:TrackPointExtension>
            <gpxtpx:Extensions>
              <reversedirection>yes</reversedirection>
              <highway>cycleway</highway>
              <surface>asphalt</surface>
              <foot>no</foot>
              <route_bicycle_icn>yes</route_bicycle_icn>
              <route_bicycle_rcn>yes</route_bicycle_rcn>
            </gpxtpx:Extensions>
          </gpxtpx:TrackPointExtension>
        </extensions>
      </trkpt>
      <trkpt lat="47.273784" lon="11.433377">
        <ele>565.75</ele>
        <extensions>
          <gpxtpx:TrackPointExtension>
            <gpxtpx:Extensions>
              <reversedirection>yes</reversedirection>
              <highway>cycleway</highway>
              <surface>asphalt</surface>
              <foot>no</foot>
              <route_bicycle_icn>yes</route_bicycle_icn>
              <route_bicycle_rcn>yes</route_bicycle_rcn>
            </gpxtpx:Extensions>
          </gpxtpx:TrackPointExtension>
        </extensions>
      </trkpt>
      <trkpt lat="47.273682" lon="11.433607">
        <ele>565.5</ele>
        <extensions>
          <gpxtpx:TrackPointExtension>
            <gpxtpx:Extensions>
              <reversedirection>yes</reversedirection>
              <highway>cycleway</highway>
              <surface>asphalt</surface>
              <foot>no</foot>
              <route_bicycle_icn>yes</route_bicycle_icn>
              <route_bicycle_rcn>yes</route_bicycle_rcn>
            </gpxtpx:Extensions>
          </gpxtpx:TrackPointExtension>
        </extensions>
      </trkpt>
      <trkpt lat="47.273441" lon="11.434265">
        <ele>565.5</ele>
        <extensions>
          <gpxtpx:TrackPointExtension>
            <gpxtpx:Extensions>
              <reversedirection>yes</reversedirection>
              <highway>cycleway</highway>
              <surface>asphalt</surface>
              <foot>no</foot>
              <route_bicycle_icn>yes</route_bicycle_icn>
              <route_bicycle_rcn>yes</route_bicycle_rcn>
            </gpxtpx:Extensions>
          </gpxtpx:TrackPointExtension>
        </extensions>
      </trkpt>
      <trkpt lat="47.273415" lon="11.434344">
        <ele>565.75</ele>
        <extensions>
          <gpxtpx:TrackPointExtension>
            <gpxtpx:Extensions>
              <reversedirection>yes</reversedirection>
              <highway>cycleway</highway>
              <surface>asphalt</surface>
              <foot>no</foot>
              <route_bicycle_icn>yes</route_bicycle_icn>
              <route_bicycle_rcn>yes</route_bicycle_rcn>
            </gpxtpx:Extensions>
          </gpxtpx:TrackPointExtension>
        </extensions>
      </trkpt>
      <trkpt lat="47.273356" lon="11.434543">
        <ele>566.75</ele>
        <extensions>
          <gpxtpx:TrackPointExtension>
            <gpxtpx:Extensions>
              <reversedirection>yes</reversedirection>
              <highway>cycleway</highway>
              <surface>asphalt</surface>
              <foot>no</foot>
              <route_bicycle_icn>yes</route_bicycle_icn>
              <route_bicycle_rcn>yes</route_bicycle_rcn>
            </gpxtpx:Extensions>
          </gpxtpx:TrackPointExtension>
        </extensions>
      </trkpt>
      <trkpt lat="47.273195" lon="11.434987">
        <ele>569.25</ele>
        <extensions>
          <gpxtpx:TrackPointExtension>
            <gpxtpx:Extensions>
              <reversedirection>yes</reversedirection>
              <highway>cycleway</highway>
              <surface>asphalt</surface>
              <foot>no</foot>
              <route_bicycle_icn>yes</route_bicycle_icn>
              <route_bicycle_rcn>yes</route_bicycle_rcn>
            </gpxtpx:Extensions>
          </gpxtpx:TrackPointExtension>
        </extensions>
      </trkpt>
      <trkpt lat="47.273116" lon="11.435275">
        <ele>569.75</ele>
        <extensions>
          <gpxtpx:TrackPointExtension>
            <gpxtpx:Extensions>
              <reversedirection>yes</reversedirection>
              <highway>cycleway</highway>
              <surface>asphalt</surface>
              <foot>no</foot>
              <route_bicycle_icn>yes</route_bicycle_icn>
              <route_bicycle_rcn>yes</route_bicycle_rcn>
            </gpxtpx:Extensions>
          </gpxtpx:TrackPointExtension>
        </extensions>
      </trkpt>
      <trkpt lat="47.273061" lon="11.435476">
        <ele>570.25</ele>
        <extensions>
          <gpxtpx:TrackPointExtension>
            <gpxtpx:Extensions>
              <reversedirection>yes</reversedirection>
              <highway>cycleway</highway>
              <surface>asphalt</surface>
              <foot>no</foot>
              <route_bicycle_icn>yes</route_bicycle_icn>
              <route_bicycle_rcn>yes</route_bicycle_rcn>
            </gpxtpx:Extensions>
          </gpxtpx:TrackPointExtension>
        </extensions>
      </trkpt>
      <trkpt lat="47.273033" lon="11.435829">
        <ele>571.5</ele>
        <extensions>
          <gpxtpx:TrackPointExtension>
            <gpxtpx:Extensions>
              <reversedirection>yes</reversedirection>
              <highway>cycleway</highway>
              <surface>asphalt</surface>
              <foot>no</foot>
              <route_bicycle_icn>yes</route_bicycle_icn>
              <route_bicycle_rcn>yes</route_bicycle_rcn>
            </gpxtpx:Extensions>
          </gpxtpx:TrackPointExtension>
        </extensions>
      </trkpt>
      <trkpt lat="47.272989" lon="11.436139">
        <ele>571.5</ele>
        <extensions>
          <gpxtpx:TrackPointExtension>
            <gpxtpx:Extensions>
              <reversedirection>yes</reversedirection>
              <highway>cycleway</highway>
              <surface>asphalt</surface>
              <foot>no</foot>
              <route_bicycle_icn>yes</route_bicycle_icn>
              <route_bicycle_rcn>yes</route_bicycle_rcn>
            </gpxtpx:Extensions>
          </gpxtpx:TrackPointExtension>
        </extensions>
      </trkpt>
      <trkpt lat="47.272228" lon="11.438188">
        <ele>569</ele>
        <extensions>
          <gpxtpx:TrackPointExtension>
            <gpxtpx:Extensions>
              <reversedirection>yes</reversedirection>
              <highway>cycleway</highway>
              <surface>asphalt</surface>
              <foot>no</foot>
              <route_bicycle_icn>yes</route_bicycle_icn>
              <route_bicycle_rcn>yes</route_bicycle_rcn>
            </gpxtpx:Extensions>
          </gpxtpx:TrackPointExtension>
        </extensions>
      </trkpt>
      <trkpt lat="47.272008" lon="11.438791">
        <ele>569</ele>
        <extensions>
          <gpxtpx:TrackPointExtension>
            <gpxtpx:Extensions>
              <reversedirection>yes</reversedirection>
              <highway>cycleway</highway>
              <surface>asphalt</surface>
              <foot>no</foot>
              <route_bicycle_icn>yes</route_bicycle_icn>
              <route_bicycle_rcn>yes</route_bicycle_rcn>
            </gpxtpx:Extensions>
          </gpxtpx:TrackPointExtension>
        </extensions>
      </trkpt>
      <trkpt lat="47.271799" lon="11.438923">
        <ele>568.75</ele>
        <extensions>
          <gpxtpx:TrackPointExtension>
            <gpxtpx:Extensions>
              <reversedirection>yes</reversedirection>
              <highway>path</highway>
              <surface>asphalt</surface>
              <foot>designated</foot>
              <bicycle>designated</bicycle>
              <smoothness>excellent</smoothness>
              <route_bicycle_icn>yes</route_bicycle_icn>
              <route_bicycle_rcn>yes</route_bicycle_rcn>
            </gpxtpx:Extensions>
          </gpxtpx:TrackPointExtension>
        </extensions>
      </trkpt>
      <trkpt lat="47.27176461842204" lon="11.439056706154803">
        <ele>569.4662929891306</ele>
        <extensions>
          <gpxtpx:TrackPointExtension>
            <gpxtpx:Extensions>
              <reversedirection>yes</reversedirection>
              <highway>path</highway>
              <surface>asphalt</surface>
              <foot>designated</foot>
              <bicycle>designated</bicycle>
              <smoothness>excellent</smoothness>
              <route_bicycle_icn>yes</route_bicycle_icn>
              <route_bicycle_rcn>yes</route_bicycle_rcn>
            </gpxtpx:Extensions>
          </gpxtpx:TrackPointExtension>
        </extensions>
      </trkpt>
      <trkpt lat="47.27176461842204" lon="11.439056706154803">
        <ele>570.4764838712509</ele>
      </trkpt>
      <trkpt lat="47.271711339430084" lon="11.439180632866254">
        <ele>571.3744377156729</ele>
      </trkpt>
      <trkpt lat="47.27140972326279" lon="11.438875912402295">
        <ele>568.1330772873955</ele>
      </trkpt>
      <trkpt lat="47.27140972326279" lon="11.438875912402295">
        <ele>568.1330772873955</ele>
      </trkpt>
      <trkpt lat="47.271711102443874" lon="11.439182150726793">
        <ele>571.3891328564389</ele>
      </trkpt>
      <trkpt lat="47.271711102443874" lon="11.439182150726793">
        <ele>571.3891328564389</ele>
      </trkpt>
      <trkpt lat="47.2716777103215" lon="11.439260961827546">
        <ele>572.0201448589593</ele>
      </trkpt>
      <trkpt lat="47.2716777103215" lon="11.439260961827546">
        <ele>570.1547933768018</ele>
        <extensions>
          <gpxtpx:TrackPointExtension>
            <gpxtpx:Extensions>
              <reversedirection>yes</reversedirection>
              <highway>path</highway>
              <surface>asphalt</surface>
              <foot>designated</foot>
              <bicycle>designated</bicycle>
              <route_bicycle_icn>yes</route_bicycle_icn>
              <route_bicycle_rcn>yes</route_bicycle_rcn>
            </gpxtpx:Extensions>
          </gpxtpx:TrackPointExtension>
        </extensions>
      </trkpt>
      <trkpt lat="47.271668" lon="11.439284">
        <ele>570.25</ele>
        <extensions>
          <gpxtpx:TrackPointExtension>
            <gpxtpx:Extensions>
              <reversedirection>yes</reversedirection>
              <highway>path</highway>
              <surface>asphalt</surface>
              <foot>designated</foot>
              <bicycle>designated</bicycle>
              <route_bicycle_icn>yes</route_bicycle_icn>
              <route_bicycle_rcn>yes</route_bicycle_rcn>
            </gpxtpx:Extensions>
          </gpxtpx:TrackPointExtension>
        </extensions>
      </trkpt>
      <trkpt lat="47.271568" lon="11.439423">
        <ele>570.75</ele>
        <extensions>
          <gpxtpx:TrackPointExtension>
            <gpxtpx:Extensions>
              <reversedirection>yes</reversedirection>
              <highway>path</highway>
              <surface>asphalt</surface>
              <foot>designated</foot>
              <bicycle>designated</bicycle>
              <route_bicycle_icn>yes</route_bicycle_icn>
              <route_bicycle_rcn>yes</route_bicycle_rcn>
            </gpxtpx:Extensions>
          </gpxtpx:TrackPointExtension>
        </extensions>
      </trkpt>
      <trkpt lat="47.271473" lon="11.43949">
        <ele>571</ele>
        <extensions>
          <gpxtpx:TrackPointExtension>
            <gpxtpx:Extensions>
              <reversedirection>yes</reversedirection>
              <highway>path</highway>
              <surface>asphalt</surface>
              <foot>designated</foot>
              <bicycle>designated</bicycle>
              <route_bicycle_icn>yes</route_bicycle_icn>
              <route_bicycle_rcn>yes</route_bicycle_rcn>
            </gpxtpx:Extensions>
          </gpxtpx:TrackPointExtension>
        </extensions>
      </trkpt>
      <trkpt lat="47.271377" lon="11.43954">
        <ele>571</ele>
        <extensions>
          <gpxtpx:TrackPointExtension>
            <gpxtpx:Extensions>
              <reversedirection>yes</reversedirection>
              <highway>path</highway>
              <surface>asphalt</surface>
              <foot>designated</foot>
              <bicycle>designated</bicycle>
              <route_bicycle_icn>yes</route_bicycle_icn>
              <route_bicycle_rcn>yes</route_bicycle_rcn>
            </gpxtpx:Extensions>
          </gpxtpx:TrackPointExtension>
        </extensions>
      </trkpt>
      <trkpt lat="47.271239" lon="11.439635">
        <ele>571.25</ele>
        <extensions>
          <gpxtpx:TrackPointExtension>
            <gpxtpx:Extensions>
              <reversedirection>yes</reversedirection>
              <highway>path</highway>
              <surface>asphalt</surface>
              <foot>designated</foot>
              <bicycle>designated</bicycle>
              <route_bicycle_icn>yes</route_bicycle_icn>
              <route_bicycle_rcn>yes</route_bicycle_rcn>
            </gpxtpx:Extensions>
          </gpxtpx:TrackPointExtension>
        </extensions>
      </trkpt>
      <trkpt lat="47.271123" lon="11.439789">
        <ele>571.25</ele>
        <extensions>
          <gpxtpx:TrackPointExtension>
            <gpxtpx:Extensions>
              <reversedirection>yes</reversedirection>
              <highway>path</highway>
              <surface>asphalt</surface>
              <foot>designated</foot>
              <bicycle>designated</bicycle>
              <route_bicycle_icn>yes</route_bicycle_icn>
              <route_bicycle_rcn>yes</route_bicycle_rcn>
            </gpxtpx:Extensions>
          </gpxtpx:TrackPointExtension>
        </extensions>
      </trkpt>
      <trkpt lat="47.271009" lon="11.439919">
        <ele>571.25</ele>
        <extensions>
          <gpxtpx:TrackPointExtension>
            <gpxtpx:Extensions>
              <reversedirection>yes</reversedirection>
              <highway>path</highway>
              <surface>asphalt</surface>
              <foot>designated</foot>
              <bicycle>designated</bicycle>
              <route_bicycle_icn>yes</route_bicycle_icn>
              <route_bicycle_rcn>yes</route_bicycle_rcn>
            </gpxtpx:Extensions>
          </gpxtpx:TrackPointExtension>
        </extensions>
      </trkpt>
      <trkpt lat="47.270954" lon="11.440002">
        <ele>571.25</ele>
        <extensions>
          <gpxtpx:TrackPointExtension>
            <gpxtpx:Extensions>
              <reversedirection>yes</reversedirection>
              <highway>path</highway>
              <surface>asphalt</surface>
              <foot>designated</foot>
              <bicycle>designated</bicycle>
              <route_bicycle_icn>yes</route_bicycle_icn>
              <route_bicycle_rcn>yes</route_bicycle_rcn>
            </gpxtpx:Extensions>
          </gpxtpx:TrackPointExtension>
        </extensions>
      </trkpt>
      <trkpt lat="47.270916" lon="11.440127">
        <ele>570.75</ele>
        <extensions>
          <gpxtpx:TrackPointExtension>
            <gpxtpx:Extensions>
              <reversedirection>yes</reversedirection>
              <highway>path</highway>
              <surface>asphalt</surface>
              <foot>designated</foot>
              <bicycle>designated</bicycle>
              <route_bicycle_icn>yes</route_bicycle_icn>
              <route_bicycle_rcn>yes</route_bicycle_rcn>
            </gpxtpx:Extensions>
          </gpxtpx:TrackPointExtension>
        </extensions>
      </trkpt>
      <trkpt lat="47.2709" lon="11.440269">
        <ele>570.5</ele>
        <extensions>
          <gpxtpx:TrackPointExtension>
            <gpxtpx:Extensions>
              <reversedirection>yes</reversedirection>
              <highway>path</highway>
              <surface>asphalt</surface>
              <foot>designated</foot>
              <bicycle>designated</bicycle>
              <route_bicycle_icn>yes</route_bicycle_icn>
              <route_bicycle_rcn>yes</route_bicycle_rcn>
            </gpxtpx:Extensions>
          </gpxtpx:TrackPointExtension>
        </extensions>
      </trkpt>
      <trkpt lat="47.270851" lon="11.440391">
        <ele>570</ele>
        <extensions>
          <gpxtpx:TrackPointExtension>
            <gpxtpx:Extensions>
              <reversedirection>yes</reversedirection>
              <highway>path</highway>
              <surface>asphalt</surface>
              <foot>designated</foot>
              <bicycle>designated</bicycle>
              <route_bicycle_icn>yes</route_bicycle_icn>
              <route_bicycle_rcn>yes</route_bicycle_rcn>
            </gpxtpx:Extensions>
          </gpxtpx:TrackPointExtension>
        </extensions>
      </trkpt>
      <trkpt lat="47.270693" lon="11.440824">
        <ele>568.75</ele>
        <extensions>
          <gpxtpx:TrackPointExtension>
            <gpxtpx:Extensions>
              <reversedirection>yes</reversedirection>
              <highway>path</highway>
              <surface>asphalt</surface>
              <foot>designated</foot>
              <bicycle>designated</bicycle>
              <route_bicycle_icn>yes</route_bicycle_icn>
              <route_bicycle_rcn>yes</route_bicycle_rcn>
            </gpxtpx:Extensions>
          </gpxtpx:TrackPointExtension>
        </extensions>
      </trkpt>
      <trkpt lat="47.270561" lon="11.441232">
        <ele>568.5</ele>
        <extensions>
          <gpxtpx:TrackPointExtension>
            <gpxtpx:Extensions>
              <reversedirection>yes</reversedirection>
              <highway>path</highway>
              <surface>asphalt</surface>
              <foot>designated</foot>
              <bicycle>designated</bicycle>
              <route_bicycle_icn>yes</route_bicycle_icn>
              <route_bicycle_rcn>yes</route_bicycle_rcn>
            </gpxtpx:Extensions>
          </gpxtpx:TrackPointExtension>
        </extensions>
      </trkpt>
      <trkpt lat="47.270548" lon="11.441329">
        <ele>568.5</ele>
        <extensions>
          <gpxtpx:TrackPointExtension>
            <gpxtpx:Extensions>
              <highway>footway</highway>
              <surface>asphalt</surface>
            </gpxtpx:Extensions>
          </gpxtpx:TrackPointExtension>
        </extensions>
      </trkpt>
      <trkpt lat="47.270516" lon="11.44137">
        <ele>568.25</ele>
        <extensions>
          <gpxtpx:TrackPointExtension>
            <gpxtpx:Extensions>
              <highway>footway</highway>
              <surface>asphalt</surface>
            </gpxtpx:Extensions>
          </gpxtpx:TrackPointExtension>
        </extensions>
      </trkpt>
      <trkpt lat="47.270431" lon="11.441546">
        <ele>567.5</ele>
        <extensions>
          <gpxtpx:TrackPointExtension>
            <gpxtpx:Extensions>
              <highway>footway</highway>
              <surface>asphalt</surface>
            </gpxtpx:Extensions>
          </gpxtpx:TrackPointExtension>
        </extensions>
      </trkpt>
      <trkpt lat="47.27035" lon="11.441749">
        <ele>566.75</ele>
        <extensions>
          <gpxtpx:TrackPointExtension>
            <gpxtpx:Extensions>
              <highway>footway</highway>
              <surface>asphalt</surface>
            </gpxtpx:Extensions>
          </gpxtpx:TrackPointExtension>
        </extensions>
      </trkpt>
      <trkpt lat="47.269881" lon="11.443096">
        <ele>564.25</ele>
        <extensions>
          <gpxtpx:TrackPointExtension>
            <gpxtpx:Extensions>
              <highway>footway</highway>
              <surface>asphalt</surface>
            </gpxtpx:Extensions>
          </gpxtpx:TrackPointExtension>
        </extensions>
      </trkpt>
      <trkpt lat="47.269821" lon="11.443266">
        <ele>564.25</ele>
        <extensions>
          <gpxtpx:TrackPointExtension>
            <gpxtpx:Extensions>
              <highway>footway</highway>
              <surface>asphalt</surface>
            </gpxtpx:Extensions>
          </gpxtpx:TrackPointExtension>
        </extensions>
      </trkpt>
      <trkpt lat="47.26953" lon="11.44409">
        <ele>566.25</ele>
        <extensions>
          <gpxtpx:TrackPointExtension>
            <gpxtpx:Extensions>
              <highway>footway</highway>
              <surface>asphalt</surface>
            </gpxtpx:Extensions>
          </gpxtpx:TrackPointExtension>
        </extensions>
      </trkpt>
      <trkpt lat="47.269466" lon="11.444348">
        <ele>566</ele>
        <extensions>
          <gpxtpx:TrackPointExtension>
            <gpxtpx:Extensions>
              <highway>footway</highway>
              <surface>asphalt</surface>
            </gpxtpx:Extensions>
          </gpxtpx:TrackPointExtension>
        </extensions>
      </trkpt>
      <trkpt lat="47.269438" lon="11.444905">
        <ele>566</ele>
        <extensions>
          <gpxtpx:TrackPointExtension>
            <gpxtpx:Extensions>
              <highway>footway</highway>
              <surface>asphalt</surface>
            </gpxtpx:Extensions>
          </gpxtpx:TrackPointExtension>
        </extensions>
      </trkpt>
      <trkpt lat="47.269406" lon="11.445222">
        <ele>565.75</ele>
        <extensions>
          <gpxtpx:TrackPointExtension>
            <gpxtpx:Extensions>
              <highway>footway</highway>
              <surface>asphalt</surface>
            </gpxtpx:Extensions>
          </gpxtpx:TrackPointExtension>
        </extensions>
      </trkpt>
      <trkpt lat="47.269352" lon="11.445394">
        <ele>565.25</ele>
        <extensions>
          <gpxtpx:TrackPointExtension>
            <gpxtpx:Extensions>
              <highway>footway</highway>
              <surface>asphalt</surface>
            </gpxtpx:Extensions>
          </gpxtpx:TrackPointExtension>
        </extensions>
      </trkpt>
      <trkpt lat="47.268957" lon="11.445936">
        <ele>563.75</ele>
        <extensions>
          <gpxtpx:TrackPointExtension>
            <gpxtpx:Extensions>
              <highway>footway</highway>
              <surface>asphalt</surface>
            </gpxtpx:Extensions>
          </gpxtpx:TrackPointExtension>
        </extensions>
      </trkpt>
      <trkpt lat="47.268514" lon="11.447374">
        <ele>565</ele>
        <extensions>
          <gpxtpx:TrackPointExtension>
            <gpxtpx:Extensions>
              <highway>footway</highway>
              <surface>asphalt</surface>
            </gpxtpx:Extensions>
          </gpxtpx:TrackPointExtension>
        </extensions>
      </trkpt>
      <trkpt lat="47.268466" lon="11.447471">
        <ele>565.5</ele>
        <extensions>
          <gpxtpx:TrackPointExtension>
            <gpxtpx:Extensions>
              <highway>footway</highway>
              <surface>asphalt</surface>
            </gpxtpx:Extensions>
          </gpxtpx:TrackPointExtension>
        </extensions>
      </trkpt>
      <trkpt lat="47.268395" lon="11.447428">
        <ele>565.5</ele>
        <extensions>
          <gpxtpx:TrackPointExtension>
            <gpxtpx:Extensions>
              <highway>footway</highway>
              <surface>asphalt</surface>
            </gpxtpx:Extensions>
          </gpxtpx:TrackPointExtension>
        </extensions>
      </trkpt>
      <trkpt lat="47.267982" lon="11.447134">
        <ele>563.75</ele>
      </trkpt>
      <trkpt lat="47.267983" lon="11.447135">
        <ele>564.5</ele>
        <extensions>
          <gpxtpx:TrackPointExtension>
            <gpxtpx:Extensions>
              <highway>footway</highway>
              <surface>asphalt</surface>
            </gpxtpx:Extensions>
          </gpxtpx:TrackPointExtension>
        </extensions>
      </trkpt>
      <trkpt lat="47.267611" lon="11.44687">
        <ele>563.75</ele>
        <extensions>
          <gpxtpx:TrackPointExtension>
            <gpxtpx:Extensions>
              <highway>footway</highway>
              <surface>asphalt</surface>
            </gpxtpx:Extensions>
          </gpxtpx:TrackPointExtension>
        </extensions>
      </trkpt>
      <trkpt lat="47.267579" lon="11.446846">
        <ele>564</ele>
        <extensions>
          <gpxtpx:TrackPointExtension>
            <gpxtpx:Extensions>
              <highway>footway</highway>
              <surface>asphalt</surface>
            </gpxtpx:Extensions>
          </gpxtpx:TrackPointExtension>
        </extensions>
      </trkpt>
      <trkpt lat="47.267558" lon="11.446796">
        <ele>564.25</ele>
        <extensions>
          <gpxtpx:TrackPointExtension>
            <gpxtpx:Extensions>
              <highway>footway</highway>
              <surface>asphalt</surface>
            </gpxtpx:Extensions>
          </gpxtpx:TrackPointExtension>
        </extensions>
      </trkpt>
      <trkpt lat="47.26754" lon="11.446852">
        <ele>564</ele>
        <extensions>
          <gpxtpx:TrackPointExtension>
            <gpxtpx:Extensions>
              <highway>footway</highway>
              <surface>asphalt</surface>
            </gpxtpx:Extensions>
          </gpxtpx:TrackPointExtension>
        </extensions>
      </trkpt>
      <trkpt lat="47.267521" lon="11.446912">
        <ele>564</ele>
        <extensions>
          <gpxtpx:TrackPointExtension>
            <gpxtpx:Extensions>
              <reversedirection>yes</reversedirection>
              <highway>cycleway</highway>
              <surface>asphalt</surface>
              <lcn>yes</lcn>
            </gpxtpx:Extensions>
          </gpxtpx:TrackPointExtension>
        </extensions>
      </trkpt>
      <trkpt lat="47.267499" lon="11.446896">
        <ele>564</ele>
        <extensions>
          <gpxtpx:TrackPointExtension>
            <gpxtpx:Extensions>
              <reversedirection>yes</reversedirection>
              <highway>cycleway</highway>
              <surface>asphalt</surface>
              <route_bicycle_lcn>yes</route_bicycle_lcn>
            </gpxtpx:Extensions>
          </gpxtpx:TrackPointExtension>
        </extensions>
      </trkpt>
      <trkpt lat="47.267418" lon="11.447192">
        <ele>563.25</ele>
        <extensions>
          <gpxtpx:TrackPointExtension>
            <gpxtpx:Extensions>
              <reversedirection>yes</reversedirection>
              <highway>cycleway</highway>
              <surface>asphalt</surface>
              <route_bicycle_lcn>yes</route_bicycle_lcn>
            </gpxtpx:Extensions>
          </gpxtpx:TrackPointExtension>
        </extensions>
      </trkpt>
      <trkpt lat="47.267204" lon="11.447911">
        <ele>562.5</ele>
        <extensions>
          <gpxtpx:TrackPointExtension>
            <gpxtpx:Extensions>
              <reversedirection>yes</reversedirection>
              <highway>cycleway</highway>
              <surface>asphalt</surface>
              <route_bicycle_lcn>yes</route_bicycle_lcn>
            </gpxtpx:Extensions>
          </gpxtpx:TrackPointExtension>
        </extensions>
      </trkpt>
      <trkpt lat="47.267167" lon="11.448034">
        <ele>562.5</ele>
        <extensions>
          <gpxtpx:TrackPointExtension>
            <gpxtpx:Extensions>
              <reversedirection>yes</reversedirection>
              <highway>cycleway</highway>
              <surface>asphalt</surface>
              <route_bicycle_lcn>yes</route_bicycle_lcn>
            </gpxtpx:Extensions>
          </gpxtpx:TrackPointExtension>
        </extensions>
      </trkpt>
      <trkpt lat="47.266987" lon="11.448694">
        <ele>565.25</ele>
        <extensions>
          <gpxtpx:TrackPointExtension>
            <gpxtpx:Extensions>
              <reversedirection>yes</reversedirection>
              <highway>cycleway</highway>
              <surface>asphalt</surface>
              <route_bicycle_lcn>yes</route_bicycle_lcn>
            </gpxtpx:Extensions>
          </gpxtpx:TrackPointExtension>
        </extensions>
      </trkpt>
      <trkpt lat="47.266903" lon="11.449034">
        <ele>567</ele>
        <extensions>
          <gpxtpx:TrackPointExtension>
            <gpxtpx:Extensions>
              <reversedirection>yes</reversedirection>
              <highway>cycleway</highway>
              <surface>asphalt</surface>
              <route_bicycle_lcn>yes</route_bicycle_lcn>
            </gpxtpx:Extensions>
          </gpxtpx:TrackPointExtension>
        </extensions>
      </trkpt>
      <trkpt lat="47.266851" lon="11.449292">
        <ele>568.5</ele>
        <extensions>
          <gpxtpx:TrackPointExtension>
            <gpxtpx:Extensions>
              <reversedirection>yes</reversedirection>
              <highway>cycleway</highway>
              <surface>asphalt</surface>
              <route_bicycle_lcn>yes</route_bicycle_lcn>
            </gpxtpx:Extensions>
          </gpxtpx:TrackPointExtension>
        </extensions>
      </trkpt>
      <trkpt lat="47.266792" lon="11.449706">
        <ele>572.25</ele>
        <extensions>
          <gpxtpx:TrackPointExtension>
            <gpxtpx:Extensions>
              <reversedirection>yes</reversedirection>
              <highway>cycleway</highway>
              <surface>asphalt</surface>
              <route_bicycle_lcn>yes</route_bicycle_lcn>
            </gpxtpx:Extensions>
          </gpxtpx:TrackPointExtension>
        </extensions>
      </trkpt>
      <trkpt lat="47.266731" lon="11.450046">
        <ele>575.25</ele>
        <extensions>
          <gpxtpx:TrackPointExtension>
            <gpxtpx:Extensions>
              <reversedirection>yes</reversedirection>
              <highway>cycleway</highway>
              <surface>asphalt</surface>
              <route_bicycle_lcn>yes</route_bicycle_lcn>
            </gpxtpx:Extensions>
          </gpxtpx:TrackPointExtension>
        </extensions>
      </trkpt>
      <trkpt lat="47.266703" lon="11.450145">
        <ele>575.75</ele>
        <extensions>
          <gpxtpx:TrackPointExtension>
            <gpxtpx:Extensions>
              <reversedirection>yes</reversedirection>
              <highway>track</highway>
              <tracktype>grade1</tracktype>
              <surface>asphalt</surface>
              <foot>yes</foot>
              <bicycle>yes</bicycle>
            </gpxtpx:Extensions>
          </gpxtpx:TrackPointExtension>
        </extensions>
      </trkpt>
      <trkpt lat="47.266648" lon="11.45007">
        <ele>575.5</ele>
        <extensions>
          <gpxtpx:TrackPointExtension>
            <gpxtpx:Extensions>
              <highway>track</highway>
              <tracktype>grade1</tracktype>
              <surface>asphalt</surface>
              <smoothness>excellent</smoothness>
            </gpxtpx:Extensions>
          </gpxtpx:TrackPointExtension>
        </extensions>
      </trkpt>
      <trkpt lat="47.266611" lon="11.450036">
        <ele>575.5</ele>
        <extensions>
          <gpxtpx:TrackPointExtension>
            <gpxtpx:Extensions>
              <highway>track</highway>
              <tracktype>grade1</tracktype>
              <surface>asphalt</surface>
              <smoothness>excellent</smoothness>
            </gpxtpx:Extensions>
          </gpxtpx:TrackPointExtension>
        </extensions>
      </trkpt>
      <trkpt lat="47.266367" lon="11.449815">
        <ele>575.75</ele>
        <extensions>
          <gpxtpx:TrackPointExtension>
            <gpxtpx:Extensions>
              <highway>track</highway>
              <tracktype>grade1</tracktype>
              <surface>asphalt</surface>
              <foot>yes</foot>
              <bicycle>yes</bicycle>
              <smoothness>excellent</smoothness>
            </gpxtpx:Extensions>
          </gpxtpx:TrackPointExtension>
        </extensions>
      </trkpt>
      <trkpt lat="47.264909" lon="11.448518">
        <ele>571.25</ele>
        <extensions>
          <gpxtpx:TrackPointExtension>
            <gpxtpx:Extensions>
              <highway>track</highway>
              <tracktype>grade1</tracktype>
              <surface>asphalt</surface>
              <foot>yes</foot>
              <bicycle>yes</bicycle>
              <smoothness>excellent</smoothness>
            </gpxtpx:Extensions>
          </gpxtpx:TrackPointExtension>
        </extensions>
      </trkpt>
      <trkpt lat="47.264669" lon="11.448471">
        <ele>569.5</ele>
        <extensions>
          <gpxtpx:TrackPointExtension>
            <gpxtpx:Extensions>
              <highway>cycleway</highway>
              <tracktype>grade1</tracktype>
              <surface>asphalt</surface>
              <foot>designated</foot>
              <bicycle>designated</bicycle>
              <smoothness>excellent</smoothness>
            </gpxtpx:Extensions>
          </gpxtpx:TrackPointExtension>
        </extensions>
      </trkpt>
      <trkpt lat="47.264593" lon="11.44857">
        <ele>569.25</ele>
        <extensions>
          <gpxtpx:TrackPointExtension>
            <gpxtpx:Extensions>
              <highway>track</highway>
              <tracktype>grade4</tracktype>
              <surface>gravel</surface>
              <foot>yes</foot>
              <bicycle>yes</bicycle>
            </gpxtpx:Extensions>
          </gpxtpx:TrackPointExtension>
        </extensions>
      </trkpt>
      <trkpt lat="47.264549" lon="11.448774">
        <ele>569.75</ele>
        <extensions>
          <gpxtpx:TrackPointExtension>
            <gpxtpx:Extensions>
              <highway>track</highway>
              <tracktype>grade4</tracktype>
              <surface>gravel</surface>
              <foot>yes</foot>
              <bicycle>yes</bicycle>
            </gpxtpx:Extensions>
          </gpxtpx:TrackPointExtension>
        </extensions>
      </trkpt>
      <trkpt lat="47.264361" lon="11.449114">
        <ele>569.25</ele>
        <extensions>
          <gpxtpx:TrackPointExtension>
            <gpxtpx:Extensions>
              <highway>track</highway>
              <tracktype>grade4</tracktype>
              <surface>gravel</surface>
              <foot>yes</foot>
              <bicycle>yes</bicycle>
            </gpxtpx:Extensions>
          </gpxtpx:TrackPointExtension>
        </extensions>
      </trkpt>
      <trkpt lat="47.264245" lon="11.449378">
        <ele>571.5</ele>
        <extensions>
          <gpxtpx:TrackPointExtension>
            <gpxtpx:Extensions>
              <highway>track</highway>
              <tracktype>grade4</tracktype>
              <surface>gravel</surface>
              <foot>yes</foot>
              <bicycle>yes</bicycle>
            </gpxtpx:Extensions>
          </gpxtpx:TrackPointExtension>
        </extensions>
      </trkpt>
      <trkpt lat="47.264097" lon="11.449666">
        <ele>575.5</ele>
        <extensions>
          <gpxtpx:TrackPointExtension>
            <gpxtpx:Extensions>
              <highway>track</highway>
              <tracktype>grade4</tracktype>
              <surface>gravel</surface>
              <foot>yes</foot>
              <bicycle>yes</bicycle>
            </gpxtpx:Extensions>
          </gpxtpx:TrackPointExtension>
        </extensions>
      </trkpt>
      <trkpt lat="47.263912" lon="11.449965">
        <ele>582.25</ele>
        <extensions>
          <gpxtpx:TrackPointExtension>
            <gpxtpx:Extensions>
              <highway>track</highway>
              <tracktype>grade4</tracktype>
              <surface>gravel</surface>
              <foot>yes</foot>
              <bicycle>yes</bicycle>
            </gpxtpx:Extensions>
          </gpxtpx:TrackPointExtension>
        </extensions>
      </trkpt>
      <trkpt lat="47.263735" lon="11.450296">
        <ele>588.5</ele>
        <extensions>
          <gpxtpx:TrackPointExtension>
            <gpxtpx:Extensions>
              <highway>track</highway>
              <tracktype>grade4</tracktype>
              <surface>gravel</surface>
              <foot>yes</foot>
              <bicycle>yes</bicycle>
            </gpxtpx:Extensions>
          </gpxtpx:TrackPointExtension>
        </extensions>
      </trkpt>
      <trkpt lat="47.26371" lon="11.45042">
        <ele>590.25</ele>
        <extensions>
          <gpxtpx:TrackPointExtension>
            <gpxtpx:Extensions>
              <highway>track</highway>
              <tracktype>grade4</tracktype>
              <surface>gravel</surface>
              <foot>yes</foot>
              <bicycle>yes</bicycle>
            </gpxtpx:Extensions>
          </gpxtpx:TrackPointExtension>
        </extensions>
      </trkpt>
      <trkpt lat="47.263732" lon="11.450528">
        <ele>591.25</ele>
        <extensions>
          <gpxtpx:TrackPointExtension>
            <gpxtpx:Extensions>
              <highway>track</highway>
              <tracktype>grade4</tracktype>
              <surface>gravel</surface>
              <foot>yes</foot>
              <bicycle>yes</bicycle>
            </gpxtpx:Extensions>
          </gpxtpx:TrackPointExtension>
        </extensions>
      </trkpt>
      <trkpt lat="47.263698" lon="11.450655">
        <ele>593</ele>
        <extensions>
          <gpxtpx:TrackPointExtension>
            <gpxtpx:Extensions>
              <highway>track</highway>
              <tracktype>grade4</tracktype>
              <surface>gravel</surface>
              <foot>yes</foot>
              <bicycle>yes</bicycle>
            </gpxtpx:Extensions>
          </gpxtpx:TrackPointExtension>
        </extensions>
      </trkpt>
      <trkpt lat="47.263583" lon="11.45066">
        <ele>595</ele>
        <extensions>
          <gpxtpx:TrackPointExtension>
            <gpxtpx:Extensions>
              <highway>track</highway>
              <tracktype>grade4</tracktype>
              <surface>gravel</surface>
              <foot>yes</foot>
              <bicycle>yes</bicycle>
            </gpxtpx:Extensions>
          </gpxtpx:TrackPointExtension>
        </extensions>
      </trkpt>
      <trkpt lat="47.26339201271295" lon="11.450559878838776">
        <ele>596.4723711591021</ele>
        <extensions>
          <gpxtpx:TrackPointExtension>
            <gpxtpx:Extensions>
              <highway>track</highway>
              <tracktype>grade4</tracktype>
              <surface>gravel</surface>
              <foot>yes</foot>
              <bicycle>yes</bicycle>
            </gpxtpx:Extensions>
          </gpxtpx:TrackPointExtension>
        </extensions>
      </trkpt>
      <trkpt lat="47.263356" lon="11.450541">
        <ele>596.75</ele>
        <extensions>
          <gpxtpx:TrackPointExtension>
            <gpxtpx:Extensions>
              <highway>track</highway>
              <tracktype>grade4</tracktype>
              <surface>gravel</surface>
              <foot>yes</foot>
              <bicycle>yes</bicycle>
            </gpxtpx:Extensions>
          </gpxtpx:TrackPointExtension>
        </extensions>
      </trkpt>
      <trkpt lat="47.263182" lon="11.450299">
        <ele>593</ele>
        <extensions>
          <gpxtpx:TrackPointExtension>
            <gpxtpx:Extensions>
              <highway>track</highway>
              <tracktype>grade4</tracktype>
              <surface>gravel</surface>
              <foot>yes</foot>
              <bicycle>yes</bicycle>
            </gpxtpx:Extensions>
          </gpxtpx:TrackPointExtension>
        </extensions>
      </trkpt>
      <trkpt lat="47.263143" lon="11.450259">
        <ele>592.5</ele>
        <extensions>
          <gpxtpx:TrackPointExtension>
            <gpxtpx:Extensions>
              <highway>path</highway>
              <surface>ground</surface>
              <foot>no</foot>
              <bicycle>yes</bicycle>
            </gpxtpx:Extensions>
          </gpxtpx:TrackPointExtension>
        </extensions>
      </trkpt>
      <trkpt lat="47.263158" lon="11.450358">
        <ele>593.75</ele>
        <extensions>
          <gpxtpx:TrackPointExtension>
            <gpxtpx:Extensions>
              <highway>path</highway>
              <surface>ground</surface>
              <foot>no</foot>
              <bicycle>yes</bicycle>
            </gpxtpx:Extensions>
          </gpxtpx:TrackPointExtension>
        </extensions>
      </trkpt>
      <trkpt lat="47.263159" lon="11.450507">
        <ele>595.25</ele>
        <extensions>
          <gpxtpx:TrackPointExtension>
            <gpxtpx:Extensions>
              <highway>path</highway>
              <surface>ground</surface>
              <foot>no</foot>
              <bicycle>yes</bicycle>
            </gpxtpx:Extensions>
          </gpxtpx:TrackPointExtension>
        </extensions>
      </trkpt>
      <trkpt lat="47.263303" lon="11.450783">
        <ele>600</ele>
        <extensions>
          <gpxtpx:TrackPointExtension>
            <gpxtpx:Extensions>
              <highway>path</highway>
              <surface>ground</surface>
              <foot>no</foot>
              <bicycle>yes</bicycle>
            </gpxtpx:Extensions>
          </gpxtpx:TrackPointExtension>
        </extensions>
      </trkpt>
      <trkpt lat="47.263303" lon="11.450805">
        <ele>600.25</ele>
        <extensions>
          <gpxtpx:TrackPointExtension>
            <gpxtpx:Extensions>
              <highway>path</highway>
              <surface>ground</surface>
              <foot>no</foot>
              <bicycle>yes</bicycle>
            </gpxtpx:Extensions>
          </gpxtpx:TrackPointExtension>
        </extensions>
      </trkpt>
      <trkpt lat="47.263292" lon="11.450798">
        <ele>600</ele>
        <extensions>
          <gpxtpx:TrackPointExtension>
            <gpxtpx:Extensions>
              <highway>path</highway>
              <surface>ground</surface>
              <foot>no</foot>
              <bicycle>yes</bicycle>
            </gpxtpx:Extensions>
          </gpxtpx:TrackPointExtension>
        </extensions>
      </trkpt>
      <trkpt lat="47.263155" lon="11.450585">
        <ele>596.25</ele>
        <extensions>
          <gpxtpx:TrackPointExtension>
            <gpxtpx:Extensions>
              <highway>path</highway>
              <surface>ground</surface>
              <foot>no</foot>
              <bicycle>yes</bicycle>
            </gpxtpx:Extensions>
          </gpxtpx:TrackPointExtension>
        </extensions>
      </trkpt>
      <trkpt lat="47.263121" lon="11.450602">
        <ele>596</ele>
        <extensions>
          <gpxtpx:TrackPointExtension>
            <gpxtpx:Extensions>
              <highway>path</highway>
              <surface>ground</surface>
              <foot>no</foot>
              <bicycle>yes</bicycle>
            </gpxtpx:Extensions>
          </gpxtpx:TrackPointExtension>
        </extensions>
      </trkpt>
      <trkpt lat="47.26316" lon="11.450754">
        <ele>598</ele>
        <extensions>
          <gpxtpx:TrackPointExtension>
            <gpxtpx:Extensions>
              <highway>path</highway>
              <surface>ground</surface>
              <foot>no</foot>
              <bicycle>yes</bicycle>
            </gpxtpx:Extensions>
          </gpxtpx:TrackPointExtension>
        </extensions>
      </trkpt>
      <trkpt lat="47.263152" lon="11.450754">
        <ele>598</ele>
        <extensions>
          <gpxtpx:TrackPointExtension>
            <gpxtpx:Extensions>
              <highway>path</highway>
              <surface>ground</surface>
              <foot>no</foot>
              <bicycle>yes</bicycle>
            </gpxtpx:Extensions>
          </gpxtpx:TrackPointExtension>
        </extensions>
      </trkpt>
      <trkpt lat="47.263116" lon="11.450669">
        <ele>596.75</ele>
        <extensions>
          <gpxtpx:TrackPointExtension>
            <gpxtpx:Extensions>
              <highway>path</highway>
              <surface>ground</surface>
              <foot>no</foot>
              <bicycle>yes</bicycle>
            </gpxtpx:Extensions>
          </gpxtpx:TrackPointExtension>
        </extensions>
      </trkpt>
      <trkpt lat="47.263044" lon="11.450688">
        <ele>596.25</ele>
        <extensions>
          <gpxtpx:TrackPointExtension>
            <gpxtpx:Extensions>
              <highway>path</highway>
              <surface>ground</surface>
              <foot>no</foot>
              <bicycle>yes</bicycle>
            </gpxtpx:Extensions>
          </gpxtpx:TrackPointExtension>
        </extensions>
      </trkpt>
      <trkpt lat="47.263029" lon="11.450724">
        <ele>596.5</ele>
        <extensions>
          <gpxtpx:TrackPointExtension>
            <gpxtpx:Extensions>
              <highway>path</highway>
              <surface>ground</surface>
              <foot>no</foot>
              <bicycle>yes</bicycle>
            </gpxtpx:Extensions>
          </gpxtpx:TrackPointExtension>
        </extensions>
      </trkpt>
      <trkpt lat="47.263074" lon="11.450809">
        <ele>597.75</ele>
        <extensions>
          <gpxtpx:TrackPointExtension>
            <gpxtpx:Extensions>
              <highway>path</highway>
              <surface>ground</surface>
              <foot>no</foot>
              <bicycle>yes</bicycle>
            </gpxtpx:Extensions>
          </gpxtpx:TrackPointExtension>
        </extensions>
      </trkpt>
      <trkpt lat="47.262996" lon="11.450785">
        <ele>596.75</ele>
        <extensions>
          <gpxtpx:TrackPointExtension>
            <gpxtpx:Extensions>
              <highway>path</highway>
              <surface>ground</surface>
              <foot>no</foot>
              <bicycle>yes</bicycle>
            </gpxtpx:Extensions>
          </gpxtpx:TrackPointExtension>
        </extensions>
      </trkpt>
      <trkpt lat="47.262899" lon="11.450806">
        <ele>596</ele>
        <extensions>
          <gpxtpx:TrackPointExtension>
            <gpxtpx:Extensions>
              <highway>path</highway>
              <surface>ground</surface>
              <foot>no</foot>
              <bicycle>yes</bicycle>
            </gpxtpx:Extensions>
          </gpxtpx:TrackPointExtension>
        </extensions>
      </trkpt>
      <trkpt lat="47.262903" lon="11.450838">
        <ele>596</ele>
        <extensions>
          <gpxtpx:TrackPointExtension>
            <gpxtpx:Extensions>
              <highway>path</highway>
              <surface>ground</surface>
              <foot>no</foot>
              <bicycle>yes</bicycle>
            </gpxtpx:Extensions>
          </gpxtpx:TrackPointExtension>
        </extensions>
      </trkpt>
      <trkpt lat="47.262903" lon="11.450838">
        <ele>596</ele>
        <extensions>
          <gpxtpx:TrackPointExtension>
            <gpxtpx:Extensions>
              <highway>path</highway>
              <surface>ground</surface>
              <foot>no</foot>
              <bicycle>yes</bicycle>
            </gpxtpx:Extensions>
          </gpxtpx:TrackPointExtension>
        </extensions>
      </trkpt>
      <trkpt lat="47.262906" lon="11.450862">
        <ele>596.25</ele>
        <extensions>
          <gpxtpx:TrackPointExtension>
            <gpxtpx:Extensions>
              <highway>path</highway>
              <surface>ground</surface>
              <foot>no</foot>
              <bicycle>yes</bicycle>
            </gpxtpx:Extensions>
          </gpxtpx:TrackPointExtension>
        </extensions>
      </trkpt>
      <trkpt lat="47.262962" lon="11.450898">
        <ele>597</ele>
        <extensions>
          <gpxtpx:TrackPointExtension>
            <gpxtpx:Extensions>
              <highway>path</highway>
              <surface>ground</surface>
              <foot>no</foot>
              <bicycle>yes</bicycle>
            </gpxtpx:Extensions>
          </gpxtpx:TrackPointExtension>
        </extensions>
      </trkpt>
      <trkpt lat="47.262915" lon="11.450903">
        <ele>596.5</ele>
        <extensions>
          <gpxtpx:TrackPointExtension>
            <gpxtpx:Extensions>
              <highway>path</highway>
              <surface>ground</surface>
              <foot>no</foot>
              <bicycle>yes</bicycle>
            </gpxtpx:Extensions>
          </gpxtpx:TrackPointExtension>
        </extensions>
      </trkpt>
      <trkpt lat="47.262895" lon="11.450958">
        <ele>596.25</ele>
        <extensions>
          <gpxtpx:TrackPointExtension>
            <gpxtpx:Extensions>
              <highway>path</highway>
              <surface>ground</surface>
              <foot>no</foot>
              <bicycle>yes</bicycle>
            </gpxtpx:Extensions>
          </gpxtpx:TrackPointExtension>
        </extensions>
      </trkpt>
      <trkpt lat="47.262899" lon="11.451033">
        <ele>596.25</ele>
        <extensions>
          <gpxtpx:TrackPointExtension>
            <gpxtpx:Extensions>
              <highway>path</highway>
              <access>no</access>
              <bicycle>yes</bicycle>
            </gpxtpx:Extensions>
          </gpxtpx:TrackPointExtension>
        </extensions>
      </trkpt>
      <trkpt lat="47.263036" lon="11.451391">
        <ele>598.5</ele>
        <extensions>
          <gpxtpx:TrackPointExtension>
            <gpxtpx:Extensions>
              <highway>path</highway>
            </gpxtpx:Extensions>
          </gpxtpx:TrackPointExtension>
        </extensions>
      </trkpt>
      <trkpt lat="47.263036" lon="11.451389">
        <ele>598.8965575661571</ele>
      </trkpt>
      <trkpt lat="47.263044103309966" lon="11.451515065490781">
        <ele>598.2293286153582</ele>
      </trkpt>
      <trkpt lat="47.26307554044294" lon="11.45151175662059">
        <ele>598.954089844344</ele>
      </trkpt>
      <trkpt lat="47.26314791068583" lon="11.451561029889348">
        <ele>600.2248436473312</ele>
      </trkpt>
      <trkpt lat="47.263186659194986" lon="11.45148042098856">
        <ele>601.6531521699862</ele>
      </trkpt>
      <trkpt lat="47.26320033513255" lon="11.451359507637306">
        <ele>602.8805663731765</ele>
      </trkpt>
      <trkpt lat="47.26324136292399" lon="11.451346072820968">
        <ele>603.8171798274861</ele>
      </trkpt>
      <trkpt lat="47.26324136292399" lon="11.451460268763327">
        <ele>602.9669145300057</ele>
      </trkpt>
      <trkpt lat="47.26332113909436" lon="11.451618127861906">
        <ele>602.9777271116625</ele>
      </trkpt>
      <trkpt lat="47.26340091514453" lon="11.451655073607867">
        <ele>603.5273683071438</ele>
      </trkpt>
      <trkpt lat="47.26351488072228" lon="11.451735682508712">
        <ele>603.7507478094668</ele>
      </trkpt>
      <trkpt lat="47.26360605300738" lon="11.451849878452407">
        <ele>603.1760303992667</ele>
      </trkpt>
      <trkpt lat="47.26368127002468" lon="11.451870030677611">
        <ele>603.4041255042873</ele>
      </trkpt>
      <trkpt lat="47.26373369394278" lon="11.451853237156797">
        <ele>603.0780179797115</ele>
      </trkpt>
      <trkpt lat="47.26373597324255" lon="11.451809574001999">
        <ele>603.1651028601096</ele>
      </trkpt>
      <trkpt lat="47.26373597324255" lon="11.451809574001999">
        <ele>603.1651028601096</ele>
      </trkpt>
      <trkpt lat="47.26371099404696" lon="11.451677245707629">
        <ele>603.8201076461833</ele>
      </trkpt>
      <trkpt lat="47.26357870133836" lon="11.45147370358103">
        <ele>604.9201181520718</ele>
      </trkpt>
      <trkpt lat="47.26357870133836" lon="11.45147370358103">
        <ele>604.9201181520718</ele>
      </trkpt>
      <trkpt lat="47.263596935785785" lon="11.451426681721784">
        <ele>604.6583040444332</ele>
      </trkpt>
      <trkpt lat="47.263656197697316" lon="11.451453551354462">
        <ele>604.4028418735539</ele>
      </trkpt>
      <trkpt lat="47.26371318024184" lon="11.451520725438968">
        <ele>604.056238608089</ele>
      </trkpt>
      <trkpt lat="47.26376104553174" lon="11.451540877664144">
        <ele>603.1368377049462</ele>
      </trkpt>
      <trkpt lat="47.26377016272505" lon="11.451460268763327">
        <ele>602.38135728378</ele>
      </trkpt>
      <trkpt lat="47.263740531841364" lon="11.451198289834338">
        <ele>601.3748570576323</ele>
      </trkpt>
      <trkpt lat="47.263658477000405" lon="11.450976615357092">
        <ele>601.7964438220026</ele>
      </trkpt>
      <trkpt lat="47.26364935978788" lon="11.450912799977033">
        <ele>601.4680526432282</ele>
      </trkpt>
      <trkpt lat="47.263676711420345" lon="11.450869136822234">
        <ele>600.4720587241902</ele>
      </trkpt>
      <trkpt lat="47.263701783737986" lon="11.450869136822234">
        <ele>599.9242898855365</ele>
      </trkpt>
      <trkpt lat="47.263751928337285" lon="11.450865778117787">
        <ele>598.7312148729139</ele>
      </trkpt>
      <trkpt lat="47.26372229744342" lon="11.450771734399297">
        <ele>597.9883038053787</ele>
      </trkpt>
      <trkpt lat="47.26366075630298" lon="11.450741506062144">
        <ele>598.9208634789317</ele>
      </trkpt>
      <trkpt lat="47.26357186341892" lon="11.450734788653278">
        <ele>600.6475307506774</ele>
      </trkpt>
      <trkpt lat="47.26357186341892" lon="11.450734788653278">
        <ele>600.6475307506774</ele>
      </trkpt>
      <trkpt lat="47.263354353851724" lon="11.450543283323555">
        <ele>602.1551323409404</ele>
      </trkpt>
      <trkpt lat="47.263119527311375" lon="11.450224393165229">
        <ele>600.2085761002581</ele>
      </trkpt>
    </trkseg>
  </trk>
</gpx>
