<?xml version='1.0' encoding='utf-8'?>
<gpx version="1.1" creator="GPX Processor">
  <trk>
    <name>Segment 1</name>
    <trkseg>
      <name>Segment 1</name>
      <desc>distance: 23.0km, elevation_gain: 1031.0m, elevation_loss: 1575.0m, estimated_duration: 03:00, avg_km_per_hour: 7.5</desc>
      <trkpt lat="47.300659" lon="11.201644">
        <ele>1126.05</ele>
      </trkpt>
      <trkpt lat="47.300335" lon="11.201931">
        <ele>1126.79</ele>
      </trkpt>
      <trkpt lat="47.300009" lon="11.202219">
        <ele>1125.09</ele>
      </trkpt>
      <trkpt lat="47.299688" lon="11.202557">
        <ele>1122.56</ele>
      </trkpt>
      <trkpt lat="47.299565" lon="11.202753">
        <ele>1122.3</ele>
      </trkpt>
      <trkpt lat="47.299392" lon="11.203162">
        <ele>1123.69</ele>
      </trkpt>
      <trkpt lat="47.299369" lon="11.202907">
        <ele>1121.3</ele>
      </trkpt>
      <trkpt lat="47.299335" lon="11.202823">
        <ele>1120.27</ele>
      </trkpt>
      <trkpt lat="47.299288" lon="11.202794">
        <ele>1119.55</ele>
      </trkpt>
      <trkpt lat="47.298955" lon="11.202368">
        <ele>1113.08</ele>
      </trkpt>
      <trkpt lat="47.29888" lon="11.202413">
        <ele>1112.82</ele>
      </trkpt>
      <trkpt lat="47.298822" lon="11.202282">
        <ele>1111.22</ele>
      </trkpt>
      <trkpt lat="47.298814" lon="11.202254">
        <ele>1110.91</ele>
      </trkpt>
      <trkpt lat="47.298795" lon="11.202221">
        <ele>1110.45</ele>
      </trkpt>
      <trkpt lat="47.298696" lon="11.202194">
        <ele>1109.16</ele>
      </trkpt>
      <trkpt lat="47.298639" lon="11.202166">
        <ele>1108.23</ele>
      </trkpt>
      <trkpt lat="47.298619" lon="11.202136">
        <ele>1107.68</ele>
      </trkpt>
      <trkpt lat="47.298612" lon="11.202089">
        <ele>1107.1</ele>
      </trkpt>
      <trkpt lat="47.298578" lon="11.201951">
        <ele>1105.09</ele>
      </trkpt>
      <trkpt lat="47.298624" lon="11.201942">
        <ele>1105.65</ele>
      </trkpt>
      <trkpt lat="47.298616" lon="11.201908">
        <ele>1105.13</ele>
      </trkpt>
      <trkpt lat="47.298523" lon="11.201745">
        <ele>1101.47</ele>
      </trkpt>
      <trkpt lat="47.298494" lon="11.201695">
        <ele>1100.19</ele>
      </trkpt>
      <trkpt lat="47.29845" lon="11.201746">
        <ele>1100.29</ele>
      </trkpt>
      <trkpt lat="47.298395" lon="11.20178">
        <ele>1099.92</ele>
      </trkpt>
      <trkpt lat="47.298293" lon="11.201818">
        <ele>1098.81</ele>
      </trkpt>
      <trkpt lat="47.298191" lon="11.20184">
        <ele>1097.52</ele>
      </trkpt>
      <trkpt lat="47.298014" lon="11.20184">
        <ele>1094.82</ele>
      </trkpt>
      <trkpt lat="47.29783" lon="11.201813">
        <ele>1091.54</ele>
      </trkpt>
      <trkpt lat="47.297774" lon="11.201821">
        <ele>1090.6</ele>
      </trkpt>
      <trkpt lat="47.297719" lon="11.20184">
        <ele>1089.68</ele>
      </trkpt>
      <trkpt lat="47.297671" lon="11.201872">
        <ele>1088.89</ele>
      </trkpt>
      <trkpt lat="47.297625" lon="11.201924">
        <ele>1088.13</ele>
      </trkpt>
      <trkpt lat="47.297559" lon="11.202049">
        <ele>1086.94</ele>
      </trkpt>
      <trkpt lat="47.29746" lon="11.202344">
        <ele>1084.98</ele>
      </trkpt>
      <trkpt lat="47.297415" lon="11.202441">
        <ele>1084.16</ele>
      </trkpt>
      <trkpt lat="47.297016" lon="11.203052">
        <ele>1077.35</ele>
      </trkpt>
      <trkpt lat="47.296872" lon="11.203239">
        <ele>1073.4</ele>
      </trkpt>
      <trkpt lat="47.29682" lon="11.203338">
        <ele>1071.93</ele>
      </trkpt>
      <trkpt lat="47.296774" lon="11.203444">
        <ele>1070.55</ele>
      </trkpt>
      <trkpt lat="47.296726" lon="11.203578">
        <ele>1069.02</ele>
      </trkpt>
      <trkpt lat="47.296639" lon="11.203857">
        <ele>1066.67</ele>
      </trkpt>
      <trkpt lat="47.296596" lon="11.20401">
        <ele>1066.22</ele>
      </trkpt>
      <trkpt lat="47.296594" lon="11.20408">
        <ele>1066.62</ele>
      </trkpt>
      <trkpt lat="47.29664" lon="11.204341">
        <ele>1069.98</ele>
      </trkpt>
      <trkpt lat="47.296637" lon="11.204405">
        <ele>1070.61</ele>
      </trkpt>
      <trkpt lat="47.296609" lon="11.204455">
        <ele>1070.62</ele>
      </trkpt>
      <trkpt lat="47.296577" lon="11.20447">
        <ele>1070.21</ele>
      </trkpt>
      <trkpt lat="47.296532" lon="11.204443">
        <ele>1069.14</ele>
      </trkpt>
      <trkpt lat="47.296452" lon="11.204323">
        <ele>1066.61</ele>
      </trkpt>
      <trkpt lat="47.296369" lon="11.204231">
        <ele>1064.56</ele>
      </trkpt>
      <trkpt lat="47.296342" lon="11.204219">
        <ele>1064.13</ele>
      </trkpt>
      <trkpt lat="47.296315" lon="11.204221">
        <ele>1063.89</ele>
      </trkpt>
      <trkpt lat="47.296237" lon="11.20429">
        <ele>1064.17</ele>
      </trkpt>
      <trkpt lat="47.296169" lon="11.204357">
        <ele>1064.63</ele>
      </trkpt>
      <trkpt lat="47.296117" lon="11.204399">
        <ele>1064.88</ele>
      </trkpt>
      <trkpt lat="47.295975" lon="11.204478">
        <ele>1064.88</ele>
      </trkpt>
      <trkpt lat="47.295883" lon="11.2045">
        <ele>1064.17</ele>
      </trkpt>
      <trkpt lat="47.29576" lon="11.204512">
        <ele>1062.64</ele>
      </trkpt>
      <trkpt lat="47.295716" lon="11.204545">
        <ele>1062.7</ele>
      </trkpt>
      <trkpt lat="47.295683" lon="11.204584">
        <ele>1063.03</ele>
      </trkpt>
      <trkpt lat="47.29566" lon="11.204629">
        <ele>1063.58</ele>
      </trkpt>
      <trkpt lat="47.295631" lon="11.20473">
        <ele>1065.03</ele>
      </trkpt>
      <trkpt lat="47.295572" lon="11.204853">
        <ele>1066.67</ele>
      </trkpt>
      <trkpt lat="47.29551" lon="11.204922">
        <ele>1067.46</ele>
      </trkpt>
      <trkpt lat="47.295443" lon="11.204963">
        <ele>1067.71</ele>
      </trkpt>
      <trkpt lat="47.295268" lon="11.205035">
        <ele>1066.95</ele>
      </trkpt>
      <trkpt lat="47.295163" lon="11.205068">
        <ele>1065.34</ele>
      </trkpt>
      <trkpt lat="47.295132" lon="11.20509">
        <ele>1064.83</ele>
      </trkpt>
      <trkpt lat="47.295107" lon="11.205131">
        <ele>1064.59</ele>
      </trkpt>
      <trkpt lat="47.29503" lon="11.205377">
        <ele>1063.58</ele>
      </trkpt>
      <trkpt lat="47.294924" lon="11.205608">
        <ele>1059.8</ele>
      </trkpt>
      <trkpt lat="47.294859" lon="11.205832">
        <ele>1057.95</ele>
      </trkpt>
      <trkpt lat="47.29477" lon="11.20609">
        <ele>1055.33</ele>
      </trkpt>
      <trkpt lat="47.294654" lon="11.206522">
        <ele>1050.46</ele>
      </trkpt>
      <trkpt lat="47.294637" lon="11.206746">
        <ele>1052.19</ele>
      </trkpt>
      <trkpt lat="47.294623" lon="11.206801">
        <ele>1052.33</ele>
      </trkpt>
      <trkpt lat="47.294602" lon="11.206861">
        <ele>1052.32</ele>
      </trkpt>
      <trkpt lat="47.294536" lon="11.206977">
        <ele>1051.61</ele>
      </trkpt>
      <trkpt lat="47.294502" lon="11.207082">
        <ele>1053.32</ele>
      </trkpt>
      <trkpt lat="47.294441" lon="11.207357">
        <ele>1060.84</ele>
      </trkpt>
      <trkpt lat="47.294409" lon="11.207403">
        <ele>1061.53</ele>
      </trkpt>
      <trkpt lat="47.294375" lon="11.207426">
        <ele>1061.45</ele>
      </trkpt>
      <trkpt lat="47.294334" lon="11.207435">
        <ele>1060.81</ele>
      </trkpt>
      <trkpt lat="47.294289" lon="11.207417">
        <ele>1059.21</ele>
      </trkpt>
      <trkpt lat="47.294188" lon="11.207303">
        <ele>1052.76</ele>
      </trkpt>
      <trkpt lat="47.294087" lon="11.207208">
        <ele>1047.58</ele>
      </trkpt>
      <trkpt lat="47.29402" lon="11.207164">
        <ele>1045.73</ele>
      </trkpt>
      <trkpt lat="47.293944" lon="11.20713">
        <ele>1045.08</ele>
      </trkpt>
      <trkpt lat="47.293864" lon="11.207112">
        <ele>1045.81</ele>
      </trkpt>
      <trkpt lat="47.293783" lon="11.20711">
        <ele>1047.57</ele>
      </trkpt>
      <trkpt lat="47.293573" lon="11.207156">
        <ele>1053.41</ele>
      </trkpt>
      <trkpt lat="47.293533" lon="11.207187">
        <ele>1054.55</ele>
      </trkpt>
      <trkpt lat="47.293504" lon="11.20723">
        <ele>1055.49</ele>
      </trkpt>
      <trkpt lat="47.293452" lon="11.207371">
        <ele>1057.32</ele>
      </trkpt>
      <trkpt lat="47.293318" lon="11.207403">
        <ele>1057.11</ele>
      </trkpt>
      <trkpt lat="47.293226" lon="11.207461">
        <ele>1056.58</ele>
      </trkpt>
      <trkpt lat="47.293192" lon="11.207501">
        <ele>1056.47</ele>
      </trkpt>
      <trkpt lat="47.293097" lon="11.207657">
        <ele>1056.78</ele>
      </trkpt>
      <trkpt lat="47.293001" lon="11.207884">
        <ele>1058.95</ele>
      </trkpt>
      <trkpt lat="47.292712" lon="11.207607">
        <ele>1050.73</ele>
      </trkpt>
      <trkpt lat="47.292054" lon="11.20764">
        <ele>1047.13</ele>
      </trkpt>
      <trkpt lat="47.29122" lon="11.207791">
        <ele>1038.56</ele>
      </trkpt>
      <trkpt lat="47.290661" lon="11.208041">
        <ele>1026.33</ele>
      </trkpt>
      <trkpt lat="47.290462" lon="11.208061">
        <ele>1017.59</ele>
      </trkpt>
      <trkpt lat="47.290268" lon="11.208093">
        <ele>1008.89</ele>
      </trkpt>
      <trkpt lat="47.290099" lon="11.208109">
        <ele>1001.95</ele>
      </trkpt>
      <trkpt lat="47.289976" lon="11.208156">
        <ele>998.34</ele>
      </trkpt>
      <trkpt lat="47.289814" lon="11.208267">
        <ele>995.49</ele>
      </trkpt>
      <trkpt lat="47.289653" lon="11.208299">
        <ele>992.74</ele>
      </trkpt>
      <trkpt lat="47.289561" lon="11.208306">
        <ele>991.71</ele>
      </trkpt>
      <trkpt lat="47.28944" lon="11.208254">
        <ele>990.31</ele>
      </trkpt>
      <trkpt lat="47.289484" lon="11.207959">
        <ele>988.03</ele>
      </trkpt>
      <trkpt lat="47.289512" lon="11.207817">
        <ele>987.07</ele>
      </trkpt>
      <trkpt lat="47.289461" lon="11.207757">
        <ele>986.19</ele>
      </trkpt>
      <trkpt lat="47.289407" lon="11.207725">
        <ele>985.39</ele>
      </trkpt>
      <trkpt lat="47.289361" lon="11.207737">
        <ele>984.73</ele>
      </trkpt>
      <trkpt lat="47.289338" lon="11.207714">
        <ele>984.28</ele>
      </trkpt>
      <trkpt lat="47.28932" lon="11.207648">
        <ele>983.84</ele>
      </trkpt>
      <trkpt lat="47.289221" lon="11.207696">
        <ele>981.61</ele>
      </trkpt>
      <trkpt lat="47.288877" lon="11.207943">
        <ele>969.4</ele>
      </trkpt>
      <trkpt lat="47.288813" lon="11.20796">
        <ele>966.7</ele>
      </trkpt>
      <trkpt lat="47.28875" lon="11.208007">
        <ele>964.49</ele>
      </trkpt>
      <trkpt lat="47.288682" lon="11.208108">
        <ele>963.12</ele>
      </trkpt>
      <trkpt lat="47.288516" lon="11.20827">
        <ele>958.75</ele>
      </trkpt>
      <trkpt lat="47.288433" lon="11.208362">
        <ele>956.62</ele>
      </trkpt>
      <trkpt lat="47.288383" lon="11.208388">
        <ele>954.65</ele>
      </trkpt>
      <trkpt lat="47.28822" lon="11.208414">
        <ele>945.94</ele>
      </trkpt>
      <trkpt lat="47.288175" lon="11.208431">
        <ele>943.34</ele>
      </trkpt>
      <trkpt lat="47.288152" lon="11.20845">
        <ele>942.15</ele>
      </trkpt>
      <trkpt lat="47.288141" lon="11.208473">
        <ele>941.82</ele>
      </trkpt>
      <trkpt lat="47.288066" lon="11.208817">
        <ele>942.88</ele>
      </trkpt>
      <trkpt lat="47.288003" lon="11.208961">
        <ele>940.98</ele>
      </trkpt>
      <trkpt lat="47.28796" lon="11.209085">
        <ele>940.15</ele>
      </trkpt>
      <trkpt lat="47.287818" lon="11.209349">
        <ele>935.22</ele>
      </trkpt>
      <trkpt lat="47.287809" lon="11.209396">
        <ele>935.71</ele>
      </trkpt>
      <trkpt lat="47.287775" lon="11.209459">
        <ele>934.89</ele>
      </trkpt>
      <trkpt lat="47.287703" lon="11.209554">
        <ele>932.37</ele>
      </trkpt>
      <trkpt lat="47.287615" lon="11.209651">
        <ele>928.98</ele>
      </trkpt>
      <trkpt lat="47.287507" lon="11.209739">
        <ele>924.06</ele>
      </trkpt>
      <trkpt lat="47.287416" lon="11.209921">
        <ele>922.06</ele>
      </trkpt>
      <trkpt lat="47.287371" lon="11.210031">
        <ele>920.7</ele>
      </trkpt>
      <trkpt lat="47.287338" lon="11.210193">
        <ele>919.92</ele>
      </trkpt>
      <trkpt lat="47.287306" lon="11.210293">
        <ele>918.2</ele>
      </trkpt>
      <trkpt lat="47.287311" lon="11.210359">
        <ele>918.77</ele>
      </trkpt>
      <trkpt lat="47.287138" lon="11.210896">
        <ele>910.49</ele>
      </trkpt>
      <trkpt lat="47.287107" lon="11.210953">
        <ele>909.35</ele>
      </trkpt>
      <trkpt lat="47.287067" lon="11.210973">
        <ele>907.24</ele>
      </trkpt>
      <trkpt lat="47.287051" lon="11.211029">
        <ele>907.16</ele>
      </trkpt>
      <trkpt lat="47.287071" lon="11.211178">
        <ele>910.75</ele>
      </trkpt>
      <trkpt lat="47.287069" lon="11.211248">
        <ele>911.84</ele>
      </trkpt>
      <trkpt lat="47.287036" lon="11.211308">
        <ele>911.21</ele>
      </trkpt>
      <trkpt lat="47.286892" lon="11.211359">
        <ele>905.02</ele>
      </trkpt>
      <trkpt lat="47.286831" lon="11.211393">
        <ele>902.81</ele>
      </trkpt>
      <trkpt lat="47.286802" lon="11.2114">
        <ele>901.56</ele>
      </trkpt>
      <trkpt lat="47.286783" lon="11.211423">
        <ele>901.22</ele>
      </trkpt>
      <trkpt lat="47.286775" lon="11.211465">
        <ele>901.88</ele>
      </trkpt>
      <trkpt lat="47.286737" lon="11.211511">
        <ele>901.27</ele>
      </trkpt>
      <trkpt lat="47.286671" lon="11.211523">
        <ele>898.54</ele>
      </trkpt>
      <trkpt lat="47.286536" lon="11.211637">
        <ele>895.72</ele>
      </trkpt>
      <trkpt lat="47.286298" lon="11.211794">
        <ele>890.88</ele>
      </trkpt>
      <trkpt lat="47.286052" lon="11.2119">
        <ele>884.9</ele>
      </trkpt>
      <trkpt lat="47.286001" lon="11.211935">
        <ele>884.05</ele>
      </trkpt>
      <trkpt lat="47.285954" lon="11.211985">
        <ele>883.9</ele>
      </trkpt>
      <trkpt lat="47.285898" lon="11.212069">
        <ele>884.57</ele>
      </trkpt>
      <trkpt lat="47.285826" lon="11.212207">
        <ele>886.26</ele>
      </trkpt>
      <trkpt lat="47.285784" lon="11.21241">
        <ele>890.96</ele>
      </trkpt>
      <trkpt lat="47.285754" lon="11.212431">
        <ele>890.0</ele>
      </trkpt>
      <trkpt lat="47.285706" lon="11.212428">
        <ele>887.22</ele>
      </trkpt>
      <trkpt lat="47.285678" lon="11.212459">
        <ele>886.51</ele>
      </trkpt>
      <trkpt lat="47.285581" lon="11.212643">
        <ele>885.16</ele>
      </trkpt>
      <trkpt lat="47.285515" lon="11.21281">
        <ele>884.14</ele>
      </trkpt>
      <trkpt lat="47.285473" lon="11.212984">
        <ele>884.26</ele>
      </trkpt>
      <trkpt lat="47.285419" lon="11.213094">
        <ele>882.58</ele>
      </trkpt>
      <trkpt lat="47.285389" lon="11.213437">
        <ele>885.48</ele>
      </trkpt>
      <trkpt lat="47.285307" lon="11.213731">
        <ele>881.72</ele>
      </trkpt>
      <trkpt lat="47.285226" lon="11.213962">
        <ele>875.91</ele>
      </trkpt>
      <trkpt lat="47.285194" lon="11.214034">
        <ele>873.53</ele>
      </trkpt>
      <trkpt lat="47.28502" lon="11.214318">
        <ele>862.21</ele>
      </trkpt>
      <trkpt lat="47.284988" lon="11.214596">
        <ele>864.44</ele>
      </trkpt>
      <trkpt lat="47.284942" lon="11.214753">
        <ele>863.94</ele>
      </trkpt>
      <trkpt lat="47.284836" lon="11.215006">
        <ele>860.54</ele>
      </trkpt>
      <trkpt lat="47.284806" lon="11.215101">
        <ele>860.11</ele>
      </trkpt>
      <trkpt lat="47.284781" lon="11.215214">
        <ele>860.66</ele>
      </trkpt>
      <trkpt lat="47.284746" lon="11.215292">
        <ele>859.68</ele>
      </trkpt>
      <trkpt lat="47.28472" lon="11.21538">
        <ele>859.76</ele>
      </trkpt>
      <trkpt lat="47.284686" lon="11.215429">
        <ele>858.26</ele>
      </trkpt>
      <trkpt lat="47.284672" lon="11.215611">
        <ele>861.77</ele>
      </trkpt>
      <trkpt lat="47.284659" lon="11.215687">
        <ele>862.62</ele>
      </trkpt>
      <trkpt lat="47.284634" lon="11.215702">
        <ele>860.96</ele>
      </trkpt>
      <trkpt lat="47.284604" lon="11.215701">
        <ele>858.53</ele>
      </trkpt>
      <trkpt lat="47.284585" lon="11.215722">
        <ele>857.53</ele>
      </trkpt>
      <trkpt lat="47.28457" lon="11.215752">
        <ele>857.04</ele>
      </trkpt>
      <trkpt lat="47.284521" lon="11.21597">
        <ele>857.75</ele>
      </trkpt>
      <trkpt lat="47.284463" lon="11.216036">
        <ele>854.32</ele>
      </trkpt>
      <trkpt lat="47.28443" lon="11.216137">
        <ele>853.43</ele>
      </trkpt>
      <trkpt lat="47.284405" lon="11.216183">
        <ele>852.16</ele>
      </trkpt>
      <trkpt lat="47.284408" lon="11.216261">
        <ele>853.7</ele>
      </trkpt>
      <trkpt lat="47.284376" lon="11.21634">
        <ele>852.33</ele>
      </trkpt>
      <trkpt lat="47.284334" lon="11.216505">
        <ele>851.61</ele>
      </trkpt>
      <trkpt lat="47.284323" lon="11.216585">
        <ele>852.16</ele>
      </trkpt>
      <trkpt lat="47.284284" lon="11.216729">
        <ele>851.84</ele>
      </trkpt>
      <trkpt lat="47.284255" lon="11.216783">
        <ele>850.63</ele>
      </trkpt>
      <trkpt lat="47.284238" lon="11.216854">
        <ele>850.92</ele>
      </trkpt>
      <trkpt lat="47.284213" lon="11.216899">
        <ele>849.98</ele>
      </trkpt>
      <trkpt lat="47.284203" lon="11.21698">
        <ele>851.25</ele>
      </trkpt>
      <trkpt lat="47.284176" lon="11.217028">
        <ele>850.33</ele>
      </trkpt>
      <trkpt lat="47.284113" lon="11.217324">
        <ele>853.22</ele>
      </trkpt>
      <trkpt lat="47.28405" lon="11.217472">
        <ele>851.95</ele>
      </trkpt>
      <trkpt lat="47.284018" lon="11.217524">
        <ele>850.65</ele>
      </trkpt>
      <trkpt lat="47.283946" lon="11.217719">
        <ele>849.45</ele>
      </trkpt>
      <trkpt lat="47.283917" lon="11.217812">
        <ele>849.33</ele>
      </trkpt>
      <trkpt lat="47.283892" lon="11.217929">
        <ele>850.11</ele>
      </trkpt>
      <trkpt lat="47.283878" lon="11.21803">
        <ele>851.39</ele>
      </trkpt>
      <trkpt lat="47.28384" lon="11.218102">
        <ele>850.36</ele>
      </trkpt>
      <trkpt lat="47.283807" lon="11.218202">
        <ele>850.39</ele>
      </trkpt>
      <trkpt lat="47.283691" lon="11.218359">
        <ele>846.1</ele>
      </trkpt>
      <trkpt lat="47.283621" lon="11.218507">
        <ele>844.29</ele>
      </trkpt>
      <trkpt lat="47.283553" lon="11.218698">
        <ele>842.62</ele>
      </trkpt>
      <trkpt lat="47.283522" lon="11.218867">
        <ele>842.65</ele>
      </trkpt>
      <trkpt lat="47.283527" lon="11.218985">
        <ele>844.66</ele>
      </trkpt>
      <trkpt lat="47.283493" lon="11.219101">
        <ele>843.61</ele>
      </trkpt>
      <trkpt lat="47.283477" lon="11.21923">
        <ele>844.31</ele>
      </trkpt>
      <trkpt lat="47.283486" lon="11.219372">
        <ele>847.34</ele>
      </trkpt>
      <trkpt lat="47.283476" lon="11.219547">
        <ele>849.34</ele>
      </trkpt>
      <trkpt lat="47.283385" lon="11.219716">
        <ele>844.19</ele>
      </trkpt>
      <trkpt lat="47.283329" lon="11.219789">
        <ele>840.71</ele>
      </trkpt>
      <trkpt lat="47.283296" lon="11.219871">
        <ele>839.45</ele>
      </trkpt>
      <trkpt lat="47.283297" lon="11.220013">
        <ele>842.25</ele>
      </trkpt>
      <trkpt lat="47.283283" lon="11.22009">
        <ele>842.77</ele>
      </trkpt>
      <trkpt lat="47.283267" lon="11.220137">
        <ele>842.54</ele>
      </trkpt>
      <trkpt lat="47.283237" lon="11.220176">
        <ele>841.06</ele>
      </trkpt>
      <trkpt lat="47.28319" lon="11.220214">
        <ele>838.3</ele>
      </trkpt>
      <trkpt lat="47.283162" lon="11.220291">
        <ele>838.04</ele>
      </trkpt>
      <trkpt lat="47.283148" lon="11.220411">
        <ele>840.04</ele>
      </trkpt>
      <trkpt lat="47.283124" lon="11.220523">
        <ele>841.11</ele>
      </trkpt>
      <trkpt lat="47.283089" lon="11.220601">
        <ele>840.41</ele>
      </trkpt>
      <trkpt lat="47.283043" lon="11.220662">
        <ele>838.39</ele>
      </trkpt>
      <trkpt lat="47.28302" lon="11.22072">
        <ele>838.01</ele>
      </trkpt>
      <trkpt lat="47.283019" lon="11.2208">
        <ele>839.78</ele>
      </trkpt>
      <trkpt lat="47.282998" lon="11.220904">
        <ele>840.39</ele>
      </trkpt>
      <trkpt lat="47.28295" lon="11.220959">
        <ele>837.73</ele>
      </trkpt>
      <trkpt lat="47.282946" lon="11.221024">
        <ele>838.71</ele>
      </trkpt>
      <trkpt lat="47.282932" lon="11.221098">
        <ele>839.04</ele>
      </trkpt>
      <trkpt lat="47.282895" lon="11.221157">
        <ele>837.15</ele>
      </trkpt>
      <trkpt lat="47.282827" lon="11.221292">
        <ele>834.02</ele>
      </trkpt>
      <trkpt lat="47.2828" lon="11.221414">
        <ele>833.88</ele>
      </trkpt>
      <trkpt lat="47.282726" lon="11.221803">
        <ele>834.46</ele>
      </trkpt>
      <trkpt lat="47.282718" lon="11.221893">
        <ele>835.43</ele>
      </trkpt>
      <trkpt lat="47.282697" lon="11.221935">
        <ele>834.38</ele>
      </trkpt>
      <trkpt lat="47.28266" lon="11.222074">
        <ele>833.73</ele>
      </trkpt>
      <trkpt lat="47.282532" lon="11.222384">
        <ele>829.06</ele>
      </trkpt>
      <trkpt lat="47.282524" lon="11.222552">
        <ele>826.68</ele>
      </trkpt>
      <trkpt lat="47.282406" lon="11.22283">
        <ele>824.24</ele>
      </trkpt>
      <trkpt lat="47.282275" lon="11.223148">
        <ele>823.06</ele>
      </trkpt>
      <trkpt lat="47.282177" lon="11.223404">
        <ele>821.18</ele>
      </trkpt>
      <trkpt lat="47.282072" lon="11.223655">
        <ele>819.84</ele>
      </trkpt>
      <trkpt lat="47.28201" lon="11.223799">
        <ele>819.07</ele>
      </trkpt>
      <trkpt lat="47.281993" lon="11.223928">
        <ele>821.02</ele>
      </trkpt>
      <trkpt lat="47.281965" lon="11.224078">
        <ele>821.84</ele>
      </trkpt>
      <trkpt lat="47.281862" lon="11.224244">
        <ele>821.6</ele>
      </trkpt>
      <trkpt lat="47.281837" lon="11.22424">
        <ele>821.57</ele>
      </trkpt>
      <trkpt lat="47.28176" lon="11.224625">
        <ele>821.73</ele>
      </trkpt>
      <trkpt lat="47.281669" lon="11.224955">
        <ele>819.83</ele>
      </trkpt>
      <trkpt lat="47.281568" lon="11.225165">
        <ele>815.92</ele>
      </trkpt>
      <trkpt lat="47.281512" lon="11.225333">
        <ele>813.83</ele>
      </trkpt>
      <trkpt lat="47.281428" lon="11.225337">
        <ele>810.99</ele>
      </trkpt>
      <trkpt lat="47.281358" lon="11.225373">
        <ele>808.94</ele>
      </trkpt>
      <trkpt lat="47.281342" lon="11.225395">
        <ele>808.53</ele>
      </trkpt>
      <trkpt lat="47.281305" lon="11.225445">
        <ele>807.63</ele>
      </trkpt>
      <trkpt lat="47.281271" lon="11.225538">
        <ele>806.98</ele>
      </trkpt>
      <trkpt lat="47.281251" lon="11.225634">
        <ele>806.77</ele>
      </trkpt>
      <trkpt lat="47.281201" lon="11.226126">
        <ele>807.92</ele>
      </trkpt>
      <trkpt lat="47.281151" lon="11.226365">
        <ele>807.55</ele>
      </trkpt>
      <trkpt lat="47.28104" lon="11.226741">
        <ele>805.51</ele>
      </trkpt>
      <trkpt lat="47.280942" lon="11.227006">
        <ele>803.58</ele>
      </trkpt>
      <trkpt lat="47.281005" lon="11.227094">
        <ele>806.79</ele>
      </trkpt>
      <trkpt lat="47.280981" lon="11.227264">
        <ele>807.17</ele>
      </trkpt>
      <trkpt lat="47.280899" lon="11.227511">
        <ele>805.2</ele>
      </trkpt>
      <trkpt lat="47.280762" lon="11.227875">
        <ele>799.54</ele>
      </trkpt>
      <trkpt lat="47.280707" lon="11.228362">
        <ele>798.21</ele>
      </trkpt>
      <trkpt lat="47.280665" lon="11.228566">
        <ele>797.1</ele>
      </trkpt>
      <trkpt lat="47.28059" lon="11.228843">
        <ele>795.07</ele>
      </trkpt>
      <trkpt lat="47.280524" lon="11.229163">
        <ele>794.44</ele>
      </trkpt>
      <trkpt lat="47.280506" lon="11.229376">
        <ele>795.63</ele>
      </trkpt>
      <trkpt lat="47.28047" lon="11.229603">
        <ele>796.18</ele>
      </trkpt>
      <trkpt lat="47.280397" lon="11.229746">
        <ele>793.79</ele>
      </trkpt>
      <trkpt lat="47.280331" lon="11.229915">
        <ele>791.92</ele>
      </trkpt>
      <trkpt lat="47.280244" lon="11.230187">
        <ele>789.72</ele>
      </trkpt>
      <trkpt lat="47.280162" lon="11.230492">
        <ele>788.05</ele>
      </trkpt>
      <trkpt lat="47.279989" lon="11.230846">
        <ele>781.46</ele>
      </trkpt>
      <trkpt lat="47.279905" lon="11.231155">
        <ele>779.35</ele>
      </trkpt>
      <trkpt lat="47.279869" lon="11.231385">
        <ele>779.41</ele>
      </trkpt>
      <trkpt lat="47.27981" lon="11.231602">
        <ele>778.21</ele>
      </trkpt>
      <trkpt lat="47.279656" lon="11.231905">
        <ele>772.58</ele>
      </trkpt>
      <trkpt lat="47.279509" lon="11.232132">
        <ele>766.36</ele>
      </trkpt>
      <trkpt lat="47.279432" lon="11.232414">
        <ele>765.96</ele>
      </trkpt>
      <trkpt lat="47.279372" lon="11.23258">
        <ele>764.88</ele>
      </trkpt>
      <trkpt lat="47.279343" lon="11.232711">
        <ele>765.42</ele>
      </trkpt>
      <trkpt lat="47.279294" lon="11.232883">
        <ele>765.53</ele>
      </trkpt>
      <trkpt lat="47.279182" lon="11.233209">
        <ele>765.24</ele>
      </trkpt>
      <trkpt lat="47.27906" lon="11.233495">
        <ele>765.34</ele>
      </trkpt>
      <trkpt lat="47.278955" lon="11.233841">
        <ele>768.56</ele>
      </trkpt>
      <trkpt lat="47.27884" lon="11.234319">
        <ele>769.59</ele>
      </trkpt>
      <trkpt lat="47.278746" lon="11.234565">
        <ele>765.71</ele>
      </trkpt>
      <trkpt lat="47.278625" lon="11.234662">
        <ele>759.59</ele>
      </trkpt>
      <trkpt lat="47.278464" lon="11.234842">
        <ele>751.13</ele>
      </trkpt>
      <trkpt lat="47.278427" lon="11.2351">
        <ele>749.16</ele>
      </trkpt>
      <trkpt lat="47.278429" lon="11.235716">
        <ele>748.96</ele>
      </trkpt>
      <trkpt lat="47.278569" lon="11.23604">
        <ele>754.83</ele>
      </trkpt>
      <trkpt lat="47.278607" lon="11.236221">
        <ele>755.44</ele>
      </trkpt>
      <trkpt lat="47.278593" lon="11.236473">
        <ele>751.83</ele>
      </trkpt>
      <trkpt lat="47.278598" lon="11.236761">
        <ele>747.69</ele>
      </trkpt>
      <trkpt lat="47.278662" lon="11.236986">
        <ele>746.28</ele>
      </trkpt>
      <trkpt lat="47.278779" lon="11.237076">
        <ele>750.86</ele>
      </trkpt>
      <trkpt lat="47.279024" lon="11.237369">
        <ele>757.67</ele>
      </trkpt>
      <trkpt lat="47.279076" lon="11.237466">
        <ele>758.15</ele>
      </trkpt>
      <trkpt lat="47.279079" lon="11.237549">
        <ele>756.36</ele>
      </trkpt>
      <trkpt lat="47.279063" lon="11.237612">
        <ele>754.21</ele>
      </trkpt>
      <trkpt lat="47.279042" lon="11.237668">
        <ele>752.11</ele>
      </trkpt>
      <trkpt lat="47.279013" lon="11.2377">
        <ele>750.2</ele>
      </trkpt>
      <trkpt lat="47.278938" lon="11.23772">
        <ele>746.53</ele>
      </trkpt>
      <trkpt lat="47.27881" lon="11.237725">
        <ele>740.73</ele>
      </trkpt>
      <trkpt lat="47.278677" lon="11.237822">
        <ele>734.51</ele>
      </trkpt>
      <trkpt lat="47.278633" lon="11.237877">
        <ele>732.75</ele>
      </trkpt>
      <trkpt lat="47.278585" lon="11.237907">
        <ele>730.9</ele>
      </trkpt>
      <trkpt lat="47.278571" lon="11.237943">
        <ele>730.54</ele>
      </trkpt>
      <trkpt lat="47.278574" lon="11.238057">
        <ele>731.32</ele>
      </trkpt>
      <trkpt lat="47.278635" lon="11.238197">
        <ele>733.37</ele>
      </trkpt>
      <trkpt lat="47.278647" lon="11.23825">
        <ele>733.44</ele>
      </trkpt>
      <trkpt lat="47.278636" lon="11.238279">
        <ele>733.09</ele>
      </trkpt>
      <trkpt lat="47.278585" lon="11.238245">
        <ele>732.18</ele>
      </trkpt>
      <trkpt lat="47.278525" lon="11.238231">
        <ele>730.66</ele>
      </trkpt>
      <trkpt lat="47.278508" lon="11.238328">
        <ele>730.47</ele>
      </trkpt>
      <trkpt lat="47.278481" lon="11.238573">
        <ele>730.77</ele>
      </trkpt>
      <trkpt lat="47.278492" lon="11.238669">
        <ele>731.1</ele>
      </trkpt>
      <trkpt lat="47.278397" lon="11.238631">
        <ele>730.55</ele>
      </trkpt>
      <trkpt lat="47.27826" lon="11.238654">
        <ele>726.94</ele>
      </trkpt>
      <trkpt lat="47.27822" lon="11.238711">
        <ele>726.11</ele>
      </trkpt>
      <trkpt lat="47.278127" lon="11.23872">
        <ele>720.64</ele>
      </trkpt>
      <trkpt lat="47.278059" lon="11.238775">
        <ele>716.71</ele>
      </trkpt>
      <trkpt lat="47.278026" lon="11.238849">
        <ele>715.35</ele>
      </trkpt>
      <trkpt lat="47.277982" lon="11.239006">
        <ele>713.38</ele>
      </trkpt>
      <trkpt lat="47.27793" lon="11.239377">
        <ele>704.81</ele>
      </trkpt>
      <trkpt lat="47.277928" lon="11.239522">
        <ele>700.22</ele>
      </trkpt>
      <trkpt lat="47.277862" lon="11.239877">
        <ele>684.88</ele>
      </trkpt>
      <trkpt lat="47.277847" lon="11.239825">
        <ele>685.46</ele>
      </trkpt>
      <trkpt lat="47.277834" lon="11.239628">
        <ele>690.22</ele>
      </trkpt>
      <trkpt lat="47.277725" lon="11.239898">
        <ele>678.11</ele>
      </trkpt>
      <trkpt lat="47.277697" lon="11.239845">
        <ele>677.61</ele>
      </trkpt>
      <trkpt lat="47.277634" lon="11.240109">
        <ele>673.81</ele>
      </trkpt>
      <trkpt lat="47.277595" lon="11.240339">
        <ele>674.62</ele>
      </trkpt>
      <trkpt lat="47.277565" lon="11.240694">
        <ele>678.26</ele>
      </trkpt>
      <trkpt lat="47.27755" lon="11.240782">
        <ele>678.86</ele>
      </trkpt>
      <trkpt lat="47.27755" lon="11.240969">
        <ele>678.72</ele>
      </trkpt>
      <trkpt lat="47.27753" lon="11.24111">
        <ele>677.51</ele>
      </trkpt>
      <trkpt lat="47.277515" lon="11.241135">
        <ele>677.14</ele>
      </trkpt>
      <trkpt lat="47.277497" lon="11.241196">
        <ele>676.22</ele>
      </trkpt>
      <trkpt lat="47.277477" lon="11.241365">
        <ele>673.79</ele>
      </trkpt>
      <trkpt lat="47.27747" lon="11.241544">
        <ele>672.16</ele>
      </trkpt>
      <trkpt lat="47.277455" lon="11.241584">
        <ele>671.71</ele>
      </trkpt>
      <trkpt lat="47.277399" lon="11.241649">
        <ele>670.39</ele>
      </trkpt>
      <trkpt lat="47.277371" lon="11.24161">
        <ele>669.73</ele>
      </trkpt>
      <trkpt lat="47.277367" lon="11.241495">
        <ele>670.29</ele>
      </trkpt>
      <trkpt lat="47.277357" lon="11.241478">
        <ele>670.25</ele>
      </trkpt>
      <trkpt lat="47.277243" lon="11.241622">
        <ele>666.95</ele>
      </trkpt>
      <trkpt lat="47.277217" lon="11.241672">
        <ele>666.38</ele>
      </trkpt>
      <trkpt lat="47.277198" lon="11.241752">
        <ele>666.2</ele>
      </trkpt>
      <trkpt lat="47.277107" lon="11.241716">
        <ele>664.23</ele>
      </trkpt>
      <trkpt lat="47.277071" lon="11.241866">
        <ele>664.2</ele>
      </trkpt>
      <trkpt lat="47.277024" lon="11.242124">
        <ele>665.69</ele>
      </trkpt>
      <trkpt lat="47.277077" lon="11.242158">
        <ele>667.38</ele>
      </trkpt>
      <trkpt lat="47.277117" lon="11.242196">
        <ele>668.94</ele>
      </trkpt>
      <trkpt lat="47.277146" lon="11.242254">
        <ele>670.61</ele>
      </trkpt>
      <trkpt lat="47.27715" lon="11.242328">
        <ele>671.89</ele>
      </trkpt>
      <trkpt lat="47.27714" lon="11.242396">
        <ele>672.65</ele>
      </trkpt>
      <trkpt lat="47.277109" lon="11.242523">
        <ele>673.46</ele>
      </trkpt>
      <trkpt lat="47.277067" lon="11.242671">
        <ele>673.74</ele>
      </trkpt>
      <trkpt lat="47.27698" lon="11.242931">
        <ele>672.56</ele>
      </trkpt>
      <trkpt lat="47.276899" lon="11.243187">
        <ele>670.83</ele>
      </trkpt>
      <trkpt lat="47.276712" lon="11.243718">
        <ele>667.46</ele>
      </trkpt>
      <trkpt lat="47.27668" lon="11.243861">
        <ele>667.81</ele>
      </trkpt>
      <trkpt lat="47.276552" lon="11.244311">
        <ele>668.05</ele>
      </trkpt>
      <trkpt lat="47.276525" lon="11.244474">
        <ele>670.06</ele>
      </trkpt>
      <trkpt lat="47.276494" lon="11.244701">
        <ele>673.17</ele>
      </trkpt>
      <trkpt lat="47.276525" lon="11.24498">
        <ele>679.13</ele>
      </trkpt>
      <trkpt lat="47.276481" lon="11.245036">
        <ele>676.89</ele>
      </trkpt>
      <trkpt lat="47.276483" lon="11.245194">
        <ele>676.66</ele>
      </trkpt>
      <trkpt lat="47.276499" lon="11.245561">
        <ele>674.1</ele>
      </trkpt>
      <trkpt lat="47.276488" lon="11.245667">
        <ele>673.42</ele>
      </trkpt>
      <trkpt lat="47.276476" lon="11.245709">
        <ele>673.07</ele>
      </trkpt>
      <trkpt lat="47.276442" lon="11.245776">
        <ele>672.3</ele>
      </trkpt>
      <trkpt lat="47.276355" lon="11.245909">
        <ele>672.05</ele>
      </trkpt>
      <trkpt lat="47.276312" lon="11.245989">
        <ele>673.32</ele>
      </trkpt>
      <trkpt lat="47.276215" lon="11.246259">
        <ele>681.35</ele>
      </trkpt>
      <trkpt lat="47.276108" lon="11.246499">
        <ele>686.1</ele>
      </trkpt>
      <trkpt lat="47.276037" lon="11.246599">
        <ele>685.43</ele>
      </trkpt>
      <trkpt lat="47.276011" lon="11.246648">
        <ele>685.29</ele>
      </trkpt>
      <trkpt lat="47.275994" lon="11.246697">
        <ele>685.5</ele>
      </trkpt>
      <trkpt lat="47.275981" lon="11.246757">
        <ele>686.09</ele>
      </trkpt>
      <trkpt lat="47.275976" lon="11.246848">
        <ele>687.66</ele>
      </trkpt>
      <trkpt lat="47.275994" lon="11.246956">
        <ele>690.74</ele>
      </trkpt>
      <trkpt lat="47.276024" lon="11.247059">
        <ele>694.33</ele>
      </trkpt>
      <trkpt lat="47.276032" lon="11.247141">
        <ele>696.2</ele>
      </trkpt>
      <trkpt lat="47.276027" lon="11.247226">
        <ele>697.37</ele>
      </trkpt>
      <trkpt lat="47.276008" lon="11.247308">
        <ele>697.75</ele>
      </trkpt>
      <trkpt lat="47.275992" lon="11.247342">
        <ele>697.48</ele>
      </trkpt>
      <trkpt lat="47.275878" lon="11.247541">
        <ele>695.39</ele>
      </trkpt>
      <trkpt lat="47.275751" lon="11.248066">
        <ele>702.23</ele>
      </trkpt>
      <trkpt lat="47.275701" lon="11.248268">
        <ele>703.38</ele>
      </trkpt>
      <trkpt lat="47.27569" lon="11.248424">
        <ele>704.92</ele>
      </trkpt>
      <trkpt lat="47.275695" lon="11.24858">
        <ele>706.68</ele>
      </trkpt>
      <trkpt lat="47.275753" lon="11.249522">
        <ele>719.06</ele>
      </trkpt>
      <trkpt lat="47.275752" lon="11.249628">
        <ele>720.75</ele>
      </trkpt>
      <trkpt lat="47.275737" lon="11.249728">
        <ele>721.01</ele>
      </trkpt>
      <trkpt lat="47.275645" lon="11.250041">
        <ele>714.6</ele>
      </trkpt>
      <trkpt lat="47.275618" lon="11.250159">
        <ele>710.88</ele>
      </trkpt>
      <trkpt lat="47.275609" lon="11.250232">
        <ele>708.73</ele>
      </trkpt>
      <trkpt lat="47.275613" lon="11.250267">
        <ele>708.09</ele>
      </trkpt>
      <trkpt lat="47.275627" lon="11.250303">
        <ele>707.87</ele>
      </trkpt>
      <trkpt lat="47.275645" lon="11.250324">
        <ele>708.2</ele>
      </trkpt>
      <trkpt lat="47.275694" lon="11.250333">
        <ele>710.57</ele>
      </trkpt>
      <trkpt lat="47.275731" lon="11.250306">
        <ele>713.63</ele>
      </trkpt>
      <trkpt lat="47.275746" lon="11.250276">
        <ele>715.56</ele>
      </trkpt>
      <trkpt lat="47.275759" lon="11.250195">
        <ele>718.9</ele>
      </trkpt>
      <trkpt lat="47.275769" lon="11.250048">
        <ele>722.93</ele>
      </trkpt>
      <trkpt lat="47.275781" lon="11.24997">
        <ele>724.7</ele>
      </trkpt>
      <trkpt lat="47.2758" lon="11.249904">
        <ele>726.33</ele>
      </trkpt>
      <trkpt lat="47.275833" lon="11.249826">
        <ele>728.46</ele>
      </trkpt>
      <trkpt lat="47.275959" lon="11.249638">
        <ele>735.26</ele>
      </trkpt>
      <trkpt lat="47.275992" lon="11.249562">
        <ele>736.4</ele>
      </trkpt>
      <trkpt lat="47.275999" lon="11.249523">
        <ele>736.23</ele>
      </trkpt>
      <trkpt lat="47.276" lon="11.249231">
        <ele>731.36</ele>
      </trkpt>
      <trkpt lat="47.276012" lon="11.248989">
        <ele>729.77</ele>
      </trkpt>
      <trkpt lat="47.276026" lon="11.248902">
        <ele>729.98</ele>
      </trkpt>
      <trkpt lat="47.276057" lon="11.248786">
        <ele>730.93</ele>
      </trkpt>
      <trkpt lat="47.276123" lon="11.248599">
        <ele>732.56</ele>
      </trkpt>
      <trkpt lat="47.276201" lon="11.24849">
        <ele>734.86</ele>
      </trkpt>
      <trkpt lat="47.276268" lon="11.248442">
        <ele>737.22</ele>
      </trkpt>
      <trkpt lat="47.27632" lon="11.248434">
        <ele>739.55</ele>
      </trkpt>
      <trkpt lat="47.276437" lon="11.248455">
        <ele>745.72</ele>
      </trkpt>
      <trkpt lat="47.276486" lon="11.248451">
        <ele>748.08</ele>
      </trkpt>
      <trkpt lat="47.276531" lon="11.248429">
        <ele>749.85</ele>
      </trkpt>
      <trkpt lat="47.276544" lon="11.248408">
        <ele>750.02</ele>
      </trkpt>
      <trkpt lat="47.276573" lon="11.248353">
        <ele>750.27</ele>
      </trkpt>
      <trkpt lat="47.276629" lon="11.248113">
        <ele>748.42</ele>
      </trkpt>
      <trkpt lat="47.276817" lon="11.247769">
        <ele>754.52</ele>
      </trkpt>
      <trkpt lat="47.276854" lon="11.247692">
        <ele>755.84</ele>
      </trkpt>
      <trkpt lat="47.276928" lon="11.247518">
        <ele>758.08</ele>
      </trkpt>
      <trkpt lat="47.276996" lon="11.247333">
        <ele>759.48</ele>
      </trkpt>
      <trkpt lat="47.27717" lon="11.246972">
        <ele>762.76</ele>
      </trkpt>
      <trkpt lat="47.277356" lon="11.246505">
        <ele>765.62</ele>
      </trkpt>
      <trkpt lat="47.2774" lon="11.246384">
        <ele>768.16</ele>
      </trkpt>
      <trkpt lat="47.277443" lon="11.246308">
        <ele>771.36</ele>
      </trkpt>
      <trkpt lat="47.277463" lon="11.246293">
        <ele>772.88</ele>
      </trkpt>
      <trkpt lat="47.277488" lon="11.246289">
        <ele>774.7</ele>
      </trkpt>
      <trkpt lat="47.277511" lon="11.246294">
        <ele>776.28</ele>
      </trkpt>
      <trkpt lat="47.277535" lon="11.246311">
        <ele>777.83</ele>
      </trkpt>
      <trkpt lat="47.277553" lon="11.24634">
        <ele>778.89</ele>
      </trkpt>
      <trkpt lat="47.277564" lon="11.246382">
        <ele>779.42</ele>
      </trkpt>
      <trkpt lat="47.277564" lon="11.246427">
        <ele>779.26</ele>
      </trkpt>
      <trkpt lat="47.277558" lon="11.246471">
        <ele>778.78</ele>
      </trkpt>
      <trkpt lat="47.277545" lon="11.246503">
        <ele>777.94</ele>
      </trkpt>
      <trkpt lat="47.277464" lon="11.24662">
        <ele>773.41</ele>
      </trkpt>
      <trkpt lat="47.277432" lon="11.246686">
        <ele>772.17</ele>
      </trkpt>
      <trkpt lat="47.277401" lon="11.246814">
        <ele>772.51</ele>
      </trkpt>
      <trkpt lat="47.277322" lon="11.247387">
        <ele>782.6</ele>
      </trkpt>
      <trkpt lat="47.277251" lon="11.247978">
        <ele>789.55</ele>
      </trkpt>
      <trkpt lat="47.277241" lon="11.248102">
        <ele>790.81</ele>
      </trkpt>
      <trkpt lat="47.277233" lon="11.248472">
        <ele>794.22</ele>
      </trkpt>
      <trkpt lat="47.277224" lon="11.248599">
        <ele>794.07</ele>
      </trkpt>
      <trkpt lat="47.277163" lon="11.24894">
        <ele>792.34</ele>
      </trkpt>
      <trkpt lat="47.277132" lon="11.24915">
        <ele>793.56</ele>
      </trkpt>
      <trkpt lat="47.2771" lon="11.249398">
        <ele>797.49</ele>
      </trkpt>
      <trkpt lat="47.277079" lon="11.249624">
        <ele>802.2</ele>
      </trkpt>
      <trkpt lat="47.277076" lon="11.249823">
        <ele>806.55</ele>
      </trkpt>
      <trkpt lat="47.277078" lon="11.250101">
        <ele>811.29</ele>
      </trkpt>
      <trkpt lat="47.277096" lon="11.250315">
        <ele>815.31</ele>
      </trkpt>
      <trkpt lat="47.277115" lon="11.250395">
        <ele>816.89</ele>
      </trkpt>
      <trkpt lat="47.277151" lon="11.250494">
        <ele>818.59</ele>
      </trkpt>
      <trkpt lat="47.277228" lon="11.250631">
        <ele>820.04</ele>
      </trkpt>
      <trkpt lat="47.277344" lon="11.250796">
        <ele>820.2</ele>
      </trkpt>
      <trkpt lat="47.277462" lon="11.250942">
        <ele>820.61</ele>
      </trkpt>
      <trkpt lat="47.277559" lon="11.251104">
        <ele>821.51</ele>
      </trkpt>
      <trkpt lat="47.27767" lon="11.251341">
        <ele>822.49</ele>
      </trkpt>
      <trkpt lat="47.277831" lon="11.251755">
        <ele>822.26</ele>
      </trkpt>
      <trkpt lat="47.277911" lon="11.252066">
        <ele>819.18</ele>
      </trkpt>
      <trkpt lat="47.277989" lon="11.252338">
        <ele>819.23</ele>
      </trkpt>
      <trkpt lat="47.278017" lon="11.25246">
        <ele>819.71</ele>
      </trkpt>
      <trkpt lat="47.278055" lon="11.252758">
        <ele>819.33</ele>
      </trkpt>
      <trkpt lat="47.278075" lon="11.252852">
        <ele>820.72</ele>
      </trkpt>
      <trkpt lat="47.278127" lon="11.252924">
        <ele>827.28</ele>
      </trkpt>
      <trkpt lat="47.278151" lon="11.252931">
        <ele>830.57</ele>
      </trkpt>
      <trkpt lat="47.278184" lon="11.252924">
        <ele>835.02</ele>
      </trkpt>
      <trkpt lat="47.278219" lon="11.252885">
        <ele>839.49</ele>
      </trkpt>
      <trkpt lat="47.278237" lon="11.252828">
        <ele>841.62</ele>
      </trkpt>
      <trkpt lat="47.278246" lon="11.25235">
        <ele>843.01</ele>
      </trkpt>
      <trkpt lat="47.278268" lon="11.25217">
        <ele>845.18</ele>
      </trkpt>
      <trkpt lat="47.278299" lon="11.252031">
        <ele>847.46</ele>
      </trkpt>
      <trkpt lat="47.278358" lon="11.251876">
        <ele>850.73</ele>
      </trkpt>
      <trkpt lat="47.278399" lon="11.251789">
        <ele>852.59</ele>
      </trkpt>
      <trkpt lat="47.278576" lon="11.251475">
        <ele>858.83</ele>
      </trkpt>
      <trkpt lat="47.27881" lon="11.250951">
        <ele>861.47</ele>
      </trkpt>
      <trkpt lat="47.278839" lon="11.250906">
        <ele>861.64</ele>
      </trkpt>
      <trkpt lat="47.278912" lon="11.250821">
        <ele>862.38</ele>
      </trkpt>
      <trkpt lat="47.279129" lon="11.250619">
        <ele>864.07</ele>
      </trkpt>
      <trkpt lat="47.279207" lon="11.250568">
        <ele>865.11</ele>
      </trkpt>
      <trkpt lat="47.279308" lon="11.250534">
        <ele>867.67</ele>
      </trkpt>
      <trkpt lat="47.279578" lon="11.250475">
        <ele>876.44</ele>
      </trkpt>
      <trkpt lat="47.279686" lon="11.250434">
        <ele>879.54</ele>
      </trkpt>
      <trkpt lat="47.279735" lon="11.2504">
        <ele>880.46</ele>
      </trkpt>
      <trkpt lat="47.279806" lon="11.250325">
        <ele>881.05</ele>
      </trkpt>
      <trkpt lat="47.279864" lon="11.250245">
        <ele>881.14</ele>
      </trkpt>
      <trkpt lat="47.279946" lon="11.250081">
        <ele>880.86</ele>
      </trkpt>
      <trkpt lat="47.279972" lon="11.249983">
        <ele>880.7</ele>
      </trkpt>
      <trkpt lat="47.280017" lon="11.249693">
        <ele>882.11</ele>
      </trkpt>
      <trkpt lat="47.280096" lon="11.249322">
        <ele>887.49</ele>
      </trkpt>
      <trkpt lat="47.280179" lon="11.248847">
        <ele>893.2</ele>
      </trkpt>
      <trkpt lat="47.28021" lon="11.24871">
        <ele>895.23</ele>
      </trkpt>
      <trkpt lat="47.28033" lon="11.248272">
        <ele>901.2</ele>
      </trkpt>
      <trkpt lat="47.280362" lon="11.248136">
        <ele>902.32</ele>
      </trkpt>
      <trkpt lat="47.280417" lon="11.247707">
        <ele>903.88</ele>
      </trkpt>
      <trkpt lat="47.280438" lon="11.24766">
        <ele>904.62</ele>
      </trkpt>
      <trkpt lat="47.280477" lon="11.247629">
        <ele>906.03</ele>
      </trkpt>
      <trkpt lat="47.280526" lon="11.247632">
        <ele>907.78</ele>
      </trkpt>
      <trkpt lat="47.280547" lon="11.247652">
        <ele>908.52</ele>
      </trkpt>
      <trkpt lat="47.280567" lon="11.247709">
        <ele>909.2</ele>
      </trkpt>
      <trkpt lat="47.280572" lon="11.247752">
        <ele>909.35</ele>
      </trkpt>
      <trkpt lat="47.280576" lon="11.248009">
        <ele>909.42</ele>
      </trkpt>
      <trkpt lat="47.280591" lon="11.248247">
        <ele>909.8</ele>
      </trkpt>
      <trkpt lat="47.280648" lon="11.248423">
        <ele>911.52</ele>
      </trkpt>
      <trkpt lat="47.280723" lon="11.248605">
        <ele>913.98</ele>
      </trkpt>
      <trkpt lat="47.280811" lon="11.248787">
        <ele>917.13</ele>
      </trkpt>
      <trkpt lat="47.280849" lon="11.248836">
        <ele>918.52</ele>
      </trkpt>
      <trkpt lat="47.280923" lon="11.248892">
        <ele>921.12</ele>
      </trkpt>
      <trkpt lat="47.281035" lon="11.248916">
        <ele>924.82</ele>
      </trkpt>
      <trkpt lat="47.281052" lon="11.248911">
        <ele>925.37</ele>
      </trkpt>
      <trkpt lat="47.281072" lon="11.248885">
        <ele>926.02</ele>
      </trkpt>
      <trkpt lat="47.281088" lon="11.248829">
        <ele>926.54</ele>
      </trkpt>
      <trkpt lat="47.281067" lon="11.248562">
        <ele>925.93</ele>
      </trkpt>
      <trkpt lat="47.281062" lon="11.248333">
        <ele>925.93</ele>
      </trkpt>
      <trkpt lat="47.281073" lon="11.248133">
        <ele>926.48</ele>
      </trkpt>
      <trkpt lat="47.281096" lon="11.247849">
        <ele>927.57</ele>
      </trkpt>
      <trkpt lat="47.281057" lon="11.247386">
        <ele>927.71</ele>
      </trkpt>
      <trkpt lat="47.281052" lon="11.247248">
        <ele>928.49</ele>
      </trkpt>
      <trkpt lat="47.281049" lon="11.246973">
        <ele>930.5</ele>
      </trkpt>
      <trkpt lat="47.281064" lon="11.246595">
        <ele>932.76</ele>
      </trkpt>
      <trkpt lat="47.281071" lon="11.246516">
        <ele>933.06</ele>
      </trkpt>
      <trkpt lat="47.281108" lon="11.246282">
        <ele>934.38</ele>
      </trkpt>
      <trkpt lat="47.281191" lon="11.245667">
        <ele>936.59</ele>
      </trkpt>
      <trkpt lat="47.281205" lon="11.245608">
        <ele>937.1</ele>
      </trkpt>
      <trkpt lat="47.281284" lon="11.245364">
        <ele>939.96</ele>
      </trkpt>
      <trkpt lat="47.281363" lon="11.245148">
        <ele>942.39</ele>
      </trkpt>
      <trkpt lat="47.281474" lon="11.244968">
        <ele>946.3</ele>
      </trkpt>
      <trkpt lat="47.281529" lon="11.24483">
        <ele>947.48</ele>
      </trkpt>
      <trkpt lat="47.281649" lon="11.244363">
        <ele>947.63</ele>
      </trkpt>
      <trkpt lat="47.281902" lon="11.243462">
        <ele>955.41</ele>
      </trkpt>
      <trkpt lat="47.281934" lon="11.243376">
        <ele>956.52</ele>
      </trkpt>
      <trkpt lat="47.281962" lon="11.24332">
        <ele>957.49</ele>
      </trkpt>
      <trkpt lat="47.281995" lon="11.24327">
        <ele>958.7</ele>
      </trkpt>
      <trkpt lat="47.282073" lon="11.243183">
        <ele>961.42</ele>
      </trkpt>
      <trkpt lat="47.282315" lon="11.243069">
        <ele>967.22</ele>
      </trkpt>
      <trkpt lat="47.2824" lon="11.242898">
        <ele>967.6</ele>
      </trkpt>
      <trkpt lat="47.282415" lon="11.242865">
        <ele>967.52</ele>
      </trkpt>
      <trkpt lat="47.282301" lon="11.24292">
        <ele>966.39</ele>
      </trkpt>
      <trkpt lat="47.282136" lon="11.242959">
        <ele>964.22</ele>
      </trkpt>
      <trkpt lat="47.282057" lon="11.242987">
        <ele>962.83</ele>
      </trkpt>
      <trkpt lat="47.281937" lon="11.242927">
        <ele>961.88</ele>
      </trkpt>
      <trkpt lat="47.281805" lon="11.242912">
        <ele>960.02</ele>
      </trkpt>
      <trkpt lat="47.281624" lon="11.242972">
        <ele>954.26</ele>
      </trkpt>
      <trkpt lat="47.281573" lon="11.242949">
        <ele>953.4</ele>
      </trkpt>
      <trkpt lat="47.281573" lon="11.242892">
        <ele>954.76</ele>
      </trkpt>
      <trkpt lat="47.281605" lon="11.242855">
        <ele>956.53</ele>
      </trkpt>
      <trkpt lat="47.281614" lon="11.242783">
        <ele>958.19</ele>
      </trkpt>
      <trkpt lat="47.281593" lon="11.242695">
        <ele>958.68</ele>
      </trkpt>
      <trkpt lat="47.281543" lon="11.242655">
        <ele>957.23</ele>
      </trkpt>
      <trkpt lat="47.281388" lon="11.242661">
        <ele>950.95</ele>
      </trkpt>
      <trkpt lat="47.28132" lon="11.242504">
        <ele>946.31</ele>
      </trkpt>
      <trkpt lat="47.281333" lon="11.242361">
        <ele>943.33</ele>
      </trkpt>
      <trkpt lat="47.281382" lon="11.242299">
        <ele>943.47</ele>
      </trkpt>
      <trkpt lat="47.281401" lon="11.242162">
        <ele>938.38</ele>
      </trkpt>
      <trkpt lat="47.281453" lon="11.242111">
        <ele>937.77</ele>
      </trkpt>
      <trkpt lat="47.281492" lon="11.242087">
        <ele>937.83</ele>
      </trkpt>
      <trkpt lat="47.281396" lon="11.242042">
        <ele>932.01</ele>
      </trkpt>
      <trkpt lat="47.281275" lon="11.242084">
        <ele>929.51</ele>
      </trkpt>
      <trkpt lat="47.281197" lon="11.242104">
        <ele>927.07</ele>
      </trkpt>
      <trkpt lat="47.281154" lon="11.242187">
        <ele>928.4</ele>
      </trkpt>
      <trkpt lat="47.281121" lon="11.242183">
        <ele>926.63</ele>
      </trkpt>
      <trkpt lat="47.281118" lon="11.242116">
        <ele>923.94</ele>
      </trkpt>
      <trkpt lat="47.280999" lon="11.242172">
        <ele>920.06</ele>
      </trkpt>
      <trkpt lat="47.280839" lon="11.242214">
        <ele>912.94</ele>
      </trkpt>
      <trkpt lat="47.280819" lon="11.242201">
        <ele>911.48</ele>
      </trkpt>
      <trkpt lat="47.280797" lon="11.24215">
        <ele>908.66</ele>
      </trkpt>
      <trkpt lat="47.280785" lon="11.2421">
        <ele>906.31</ele>
      </trkpt>
      <trkpt lat="47.280878" lon="11.24192">
        <ele>904.46</ele>
      </trkpt>
      <trkpt lat="47.280826" lon="11.241945">
        <ele>902.73</ele>
      </trkpt>
      <trkpt lat="47.280765" lon="11.241988">
        <ele>901.0</ele>
      </trkpt>
      <trkpt lat="47.280665" lon="11.24208">
        <ele>898.56</ele>
      </trkpt>
      <trkpt lat="47.280588" lon="11.242224">
        <ele>899.22</ele>
      </trkpt>
      <trkpt lat="47.280578" lon="11.242397">
        <ele>904.21</ele>
      </trkpt>
      <trkpt lat="47.280522" lon="11.242561">
        <ele>905.53</ele>
      </trkpt>
      <trkpt lat="47.280467" lon="11.242688">
        <ele>905.1</ele>
      </trkpt>
      <trkpt lat="47.28048" lon="11.242467">
        <ele>901.0</ele>
      </trkpt>
      <trkpt lat="47.280471" lon="11.242254">
        <ele>893.4</ele>
      </trkpt>
      <trkpt lat="47.280476" lon="11.242143">
        <ele>889.19</ele>
      </trkpt>
      <trkpt lat="47.280512" lon="11.241999">
        <ele>885.15</ele>
      </trkpt>
      <trkpt lat="47.280505" lon="11.241912">
        <ele>880.47</ele>
      </trkpt>
      <trkpt lat="47.280415" lon="11.241946">
        <ele>875.55</ele>
      </trkpt>
      <trkpt lat="47.280323" lon="11.242036">
        <ele>873.6</ele>
      </trkpt>
      <trkpt lat="47.280224" lon="11.242108">
        <ele>870.55</ele>
      </trkpt>
      <trkpt lat="47.280165" lon="11.242276">
        <ele>875.56</ele>
      </trkpt>
      <trkpt lat="47.280104" lon="11.242366">
        <ele>876.03</ele>
      </trkpt>
      <trkpt lat="47.279996" lon="11.242319">
        <ele>866.97</ele>
      </trkpt>
      <trkpt lat="47.279964" lon="11.242254">
        <ele>861.37</ele>
      </trkpt>
      <trkpt lat="47.279905" lon="11.24216">
        <ele>851.73</ele>
      </trkpt>
      <trkpt lat="47.279873" lon="11.242037">
        <ele>841.32</ele>
      </trkpt>
      <trkpt lat="47.27982" lon="11.242047">
        <ele>838.23</ele>
      </trkpt>
      <trkpt lat="47.279807" lon="11.24211">
        <ele>841.64</ele>
      </trkpt>
      <trkpt lat="47.279771" lon="11.242184">
        <ele>844.08</ele>
      </trkpt>
      <trkpt lat="47.279803" lon="11.242292">
        <ele>852.92</ele>
      </trkpt>
      <trkpt lat="47.279812" lon="11.242426">
        <ele>860.42</ele>
      </trkpt>
      <trkpt lat="47.279776" lon="11.242469">
        <ele>859.98</ele>
      </trkpt>
      <trkpt lat="47.279786" lon="11.242531">
        <ele>862.88</ele>
      </trkpt>
      <trkpt lat="47.279776" lon="11.242613">
        <ele>864.63</ele>
      </trkpt>
      <trkpt lat="47.27968" lon="11.242907">
        <ele>863.29</ele>
      </trkpt>
      <trkpt lat="47.279611" lon="11.242977">
        <ele>859.74</ele>
      </trkpt>
      <trkpt lat="47.279563" lon="11.242862">
        <ele>855.88</ele>
      </trkpt>
      <trkpt lat="47.279555" lon="11.24277">
        <ele>854.12</ele>
      </trkpt>
      <trkpt lat="47.279554" lon="11.242584">
        <ele>849.73</ele>
      </trkpt>
      <trkpt lat="47.279533" lon="11.242448">
        <ele>843.12</ele>
      </trkpt>
      <trkpt lat="47.279489" lon="11.242361">
        <ele>835.52</ele>
      </trkpt>
      <trkpt lat="47.279474" lon="11.242409">
        <ele>837.08</ele>
      </trkpt>
      <trkpt lat="47.279462" lon="11.242479">
        <ele>839.58</ele>
      </trkpt>
      <trkpt lat="47.279425" lon="11.242538">
        <ele>839.31</ele>
      </trkpt>
      <trkpt lat="47.279365" lon="11.242601">
        <ele>837.17</ele>
      </trkpt>
      <trkpt lat="47.279278" lon="11.242723">
        <ele>834.17</ele>
      </trkpt>
      <trkpt lat="47.279276" lon="11.242792">
        <ele>835.55</ele>
      </trkpt>
      <trkpt lat="47.279263" lon="11.242831">
        <ele>835.34</ele>
      </trkpt>
      <trkpt lat="47.279272" lon="11.242898">
        <ele>837.12</ele>
      </trkpt>
      <trkpt lat="47.27923" lon="11.242962">
        <ele>835.01</ele>
      </trkpt>
      <trkpt lat="47.279147" lon="11.243191">
        <ele>831.83</ele>
      </trkpt>
      <trkpt lat="47.279068" lon="11.243361">
        <ele>828.41</ele>
      </trkpt>
      <trkpt lat="47.278946" lon="11.243682">
        <ele>825.12</ele>
      </trkpt>
      <trkpt lat="47.278912" lon="11.243754">
        <ele>824.41</ele>
      </trkpt>
      <trkpt lat="47.278808" lon="11.243874">
        <ele>821.52</ele>
      </trkpt>
      <trkpt lat="47.278772" lon="11.243969">
        <ele>822.17</ele>
      </trkpt>
      <trkpt lat="47.278764" lon="11.244046">
        <ele>823.6</ele>
      </trkpt>
      <trkpt lat="47.278748" lon="11.244121">
        <ele>824.59</ele>
      </trkpt>
      <trkpt lat="47.278709" lon="11.244193">
        <ele>824.69</ele>
      </trkpt>
      <trkpt lat="47.278679" lon="11.24429">
        <ele>825.39</ele>
      </trkpt>
      <trkpt lat="47.278693" lon="11.244367">
        <ele>826.77</ele>
      </trkpt>
      <trkpt lat="47.278682" lon="11.244482">
        <ele>827.64</ele>
      </trkpt>
      <trkpt lat="47.278666" lon="11.244564">
        <ele>827.88</ele>
      </trkpt>
      <trkpt lat="47.27862" lon="11.244622">
        <ele>827.2</ele>
      </trkpt>
      <trkpt lat="47.278573" lon="11.244639">
        <ele>826.19</ele>
      </trkpt>
      <trkpt lat="47.278532" lon="11.244614">
        <ele>824.97</ele>
      </trkpt>
      <trkpt lat="47.278483" lon="11.244544">
        <ele>822.99</ele>
      </trkpt>
      <trkpt lat="47.278444" lon="11.244507">
        <ele>821.36</ele>
      </trkpt>
      <trkpt lat="47.278415" lon="11.244517">
        <ele>820.48</ele>
      </trkpt>
      <trkpt lat="47.278431" lon="11.244577">
        <ele>821.66</ele>
      </trkpt>
      <trkpt lat="47.278427" lon="11.244671">
        <ele>822.31</ele>
      </trkpt>
      <trkpt lat="47.278395" lon="11.244704">
        <ele>821.48</ele>
      </trkpt>
      <trkpt lat="47.278251" lon="11.244943">
        <ele>817.55</ele>
      </trkpt>
      <trkpt lat="47.278211" lon="11.244945">
        <ele>816.04</ele>
      </trkpt>
      <trkpt lat="47.278141" lon="11.244868">
        <ele>812.81</ele>
      </trkpt>
      <trkpt lat="47.277984" lon="11.244938">
        <ele>806.83</ele>
      </trkpt>
      <trkpt lat="47.277886" lon="11.244958">
        <ele>802.51</ele>
      </trkpt>
      <trkpt lat="47.277825" lon="11.245043">
        <ele>800.18</ele>
      </trkpt>
      <trkpt lat="47.277786" lon="11.245063">
        <ele>798.27</ele>
      </trkpt>
      <trkpt lat="47.277729" lon="11.245053">
        <ele>795.02</ele>
      </trkpt>
      <trkpt lat="47.27768" lon="11.245107">
        <ele>792.42</ele>
      </trkpt>
      <trkpt lat="47.277594" lon="11.245252">
        <ele>787.14</ele>
      </trkpt>
      <trkpt lat="47.277479" lon="11.245556">
        <ele>777.34</ele>
      </trkpt>
      <trkpt lat="47.27747" lon="11.245631">
        <ele>776.18</ele>
      </trkpt>
      <trkpt lat="47.27748" lon="11.245808">
        <ele>776.39</ele>
      </trkpt>
      <trkpt lat="47.277453" lon="11.245872">
        <ele>773.91</ele>
      </trkpt>
      <trkpt lat="47.277445" lon="11.246057">
        <ele>772.53</ele>
      </trkpt>
      <trkpt lat="47.277424" lon="11.246219">
        <ele>770.14</ele>
      </trkpt>
      <trkpt lat="47.277394" lon="11.246408">
        <ele>767.75</ele>
      </trkpt>
      <trkpt lat="47.277356" lon="11.246505">
        <ele>765.62</ele>
      </trkpt>
      <trkpt lat="47.277311" lon="11.246508">
        <ele>762.58</ele>
      </trkpt>
      <trkpt lat="47.277302" lon="11.246453">
        <ele>761.38</ele>
      </trkpt>
      <trkpt lat="47.277233" lon="11.246606">
        <ele>758.77</ele>
      </trkpt>
      <trkpt lat="47.277189" lon="11.246617">
        <ele>756.15</ele>
      </trkpt>
      <trkpt lat="47.277175" lon="11.246516">
        <ele>753.25</ele>
      </trkpt>
      <trkpt lat="47.277118" lon="11.246577">
        <ele>750.7</ele>
      </trkpt>
      <trkpt lat="47.276867" lon="11.246996">
        <ele>744.85</ele>
      </trkpt>
      <trkpt lat="47.276835" lon="11.246845">
        <ele>739.84</ele>
      </trkpt>
      <trkpt lat="47.276768" lon="11.246882">
        <ele>736.64</ele>
      </trkpt>
      <trkpt lat="47.276532" lon="11.247333">
        <ele>729.13</ele>
      </trkpt>
      <trkpt lat="47.276479" lon="11.247287">
        <ele>725.26</ele>
      </trkpt>
      <trkpt lat="47.276506" lon="11.247183">
        <ele>725.53</ele>
      </trkpt>
      <trkpt lat="47.276464" lon="11.247154">
        <ele>722.57</ele>
      </trkpt>
      <trkpt lat="47.2764" lon="11.2473">
        <ele>720.65</ele>
      </trkpt>
      <trkpt lat="47.276412" lon="11.247447">
        <ele>723.68</ele>
      </trkpt>
      <trkpt lat="47.276384" lon="11.247506">
        <ele>723.13</ele>
      </trkpt>
      <trkpt lat="47.276336" lon="11.247474">
        <ele>719.7</ele>
      </trkpt>
      <trkpt lat="47.276317" lon="11.247218">
        <ele>714.46</ele>
      </trkpt>
      <trkpt lat="47.276296" lon="11.24689">
        <ele>707.92</ele>
      </trkpt>
      <trkpt lat="47.27624" lon="11.246898">
        <ele>704.6</ele>
      </trkpt>
      <trkpt lat="47.27622" lon="11.246959">
        <ele>704.48</ele>
      </trkpt>
      <trkpt lat="47.276216" lon="11.247084">
        <ele>706.3</ele>
      </trkpt>
      <trkpt lat="47.276209" lon="11.247119">
        <ele>706.42</ele>
      </trkpt>
      <trkpt lat="47.27619" lon="11.247181">
        <ele>706.23</ele>
      </trkpt>
      <trkpt lat="47.276193" lon="11.247207">
        <ele>706.82</ele>
      </trkpt>
      <trkpt lat="47.276222" lon="11.247268">
        <ele>709.5</ele>
      </trkpt>
      <trkpt lat="47.276226" lon="11.247304">
        <ele>710.32</ele>
      </trkpt>
      <trkpt lat="47.276215" lon="11.247331">
        <ele>710.11</ele>
      </trkpt>
      <trkpt lat="47.276171" lon="11.247381">
        <ele>708.42</ele>
      </trkpt>
      <trkpt lat="47.276144" lon="11.247381">
        <ele>706.86</ele>
      </trkpt>
      <trkpt lat="47.276118" lon="11.247393">
        <ele>705.6</ele>
      </trkpt>
      <trkpt lat="47.276065" lon="11.247471">
        <ele>704.16</ele>
      </trkpt>
      <trkpt lat="47.276045" lon="11.247516">
        <ele>704.03</ele>
      </trkpt>
      <trkpt lat="47.275987" lon="11.247594">
        <ele>702.67</ele>
      </trkpt>
      <trkpt lat="47.275913" lon="11.247762">
        <ele>703.13</ele>
      </trkpt>
      <trkpt lat="47.275816" lon="11.248013">
        <ele>704.79</ele>
      </trkpt>
      <trkpt lat="47.275795" lon="11.248047">
        <ele>704.45</ele>
      </trkpt>
      <trkpt lat="47.275751" lon="11.248066">
        <ele>702.23</ele>
      </trkpt>
      <trkpt lat="47.275878" lon="11.247541">
        <ele>695.39</ele>
      </trkpt>
      <trkpt lat="47.27581" lon="11.247628">
        <ele>693.81</ele>
      </trkpt>
      <trkpt lat="47.275693" lon="11.247832">
        <ele>692.44</ele>
      </trkpt>
      <trkpt lat="47.275635" lon="11.247979">
        <ele>692.54</ele>
      </trkpt>
      <trkpt lat="47.275619" lon="11.248105">
        <ele>694.4</ele>
      </trkpt>
      <trkpt lat="47.275554" lon="11.248426">
        <ele>695.06</ele>
      </trkpt>
      <trkpt lat="47.275449" lon="11.248804">
        <ele>690.38</ele>
      </trkpt>
      <trkpt lat="47.275379" lon="11.24895">
        <ele>686.61</ele>
      </trkpt>
      <trkpt lat="47.27535" lon="11.249139">
        <ele>686.37</ele>
      </trkpt>
      <trkpt lat="47.275322" lon="11.249139">
        <ele>684.56</ele>
      </trkpt>
      <trkpt lat="47.275298" lon="11.249203">
        <ele>683.69</ele>
      </trkpt>
      <trkpt lat="47.275272" lon="11.24935">
        <ele>683.69</ele>
      </trkpt>
      <trkpt lat="47.275239" lon="11.249163">
        <ele>679.59</ele>
      </trkpt>
      <trkpt lat="47.275228" lon="11.248984">
        <ele>677.03</ele>
      </trkpt>
      <trkpt lat="47.275202" lon="11.248827">
        <ele>673.69</ele>
      </trkpt>
      <trkpt lat="47.275182" lon="11.248622">
        <ele>670.07</ele>
      </trkpt>
      <trkpt lat="47.275145" lon="11.248718">
        <ele>668.83</ele>
      </trkpt>
      <trkpt lat="47.275131" lon="11.248852">
        <ele>669.57</ele>
      </trkpt>
      <trkpt lat="47.27514" lon="11.248949">
        <ele>671.25</ele>
      </trkpt>
      <trkpt lat="47.275127" lon="11.249147">
        <ele>672.73</ele>
      </trkpt>
      <trkpt lat="47.275102" lon="11.249275">
        <ele>672.65</ele>
      </trkpt>
      <trkpt lat="47.275125" lon="11.249367">
        <ele>674.9</ele>
      </trkpt>
      <trkpt lat="47.275131" lon="11.24944">
        <ele>675.97</ele>
      </trkpt>
      <trkpt lat="47.275109" lon="11.249512">
        <ele>675.36</ele>
      </trkpt>
      <trkpt lat="47.27506" lon="11.249598">
        <ele>673.29</ele>
      </trkpt>
      <trkpt lat="47.274978" lon="11.249878">
        <ele>671.38</ele>
      </trkpt>
      <trkpt lat="47.27499" lon="11.250421">
        <ele>681.44</ele>
      </trkpt>
      <trkpt lat="47.274907" lon="11.250688">
        <ele>682.03</ele>
      </trkpt>
      <trkpt lat="47.27483" lon="11.250796">
        <ele>678.81</ele>
      </trkpt>
      <trkpt lat="47.274788" lon="11.250833">
        <ele>676.48</ele>
      </trkpt>
      <trkpt lat="47.274798" lon="11.250911">
        <ele>676.91</ele>
      </trkpt>
      <trkpt lat="47.274758" lon="11.250871">
        <ele>674.66</ele>
      </trkpt>
      <trkpt lat="47.27476" lon="11.250939">
        <ele>674.43</ele>
      </trkpt>
      <trkpt lat="47.274716" lon="11.250915">
        <ele>671.84</ele>
      </trkpt>
      <trkpt lat="47.274705" lon="11.25092">
        <ele>671.11</ele>
      </trkpt>
      <trkpt lat="47.274708" lon="11.250954">
        <ele>671.06</ele>
      </trkpt>
      <trkpt lat="47.274721" lon="11.25098">
        <ele>671.62</ele>
      </trkpt>
      <trkpt lat="47.274782" lon="11.251016">
        <ele>674.82</ele>
      </trkpt>
      <trkpt lat="47.274834" lon="11.25107">
        <ele>676.7</ele>
      </trkpt>
      <trkpt lat="47.274729" lon="11.251091">
        <ele>670.53</ele>
      </trkpt>
      <trkpt lat="47.274663" lon="11.251129">
        <ele>666.02</ele>
      </trkpt>
      <trkpt lat="47.274536" lon="11.251144">
        <ele>658.18</ele>
      </trkpt>
      <trkpt lat="47.274544" lon="11.251169">
        <ele>658.38</ele>
      </trkpt>
      <trkpt lat="47.274522" lon="11.251171">
        <ele>657.07</ele>
      </trkpt>
      <trkpt lat="47.274354" lon="11.251118">
        <ele>648.07</ele>
      </trkpt>
      <trkpt lat="47.274303" lon="11.251276">
        <ele>645.15</ele>
      </trkpt>
      <trkpt lat="47.274264" lon="11.251384">
        <ele>643.46</ele>
      </trkpt>
      <trkpt lat="47.274179" lon="11.251535">
        <ele>641.03</ele>
      </trkpt>
      <trkpt lat="47.274173" lon="11.251569">
        <ele>640.94</ele>
      </trkpt>
      <trkpt lat="47.273792" lon="11.251486">
        <ele>636.64</ele>
      </trkpt>
      <trkpt lat="47.273651" lon="11.25149">
        <ele>636.49</ele>
      </trkpt>
      <trkpt lat="47.273456" lon="11.251332">
        <ele>635.65</ele>
      </trkpt>
      <trkpt lat="47.273344" lon="11.251285">
        <ele>634.87</ele>
      </trkpt>
      <trkpt lat="47.273154" lon="11.251209">
        <ele>632.77</ele>
      </trkpt>
      <trkpt lat="47.272756" lon="11.25105">
        <ele>627.85</ele>
      </trkpt>
      <trkpt lat="47.272552" lon="11.250956">
        <ele>625.69</ele>
      </trkpt>
      <trkpt lat="47.272341" lon="11.25085">
        <ele>624.17</ele>
      </trkpt>
      <trkpt lat="47.271787" lon="11.250476">
        <ele>622.04</ele>
      </trkpt>
      <trkpt lat="47.271528" lon="11.250327">
        <ele>620.55</ele>
      </trkpt>
      <trkpt lat="47.271358" lon="11.250306">
        <ele>619.47</ele>
      </trkpt>
      <trkpt lat="47.27119" lon="11.250302">
        <ele>618.37</ele>
      </trkpt>
      <trkpt lat="47.270905" lon="11.250301">
        <ele>616.65</ele>
      </trkpt>
      <trkpt lat="47.270802" lon="11.250303">
        <ele>616.14</ele>
      </trkpt>
      <trkpt lat="47.270639" lon="11.250323">
        <ele>615.5</ele>
      </trkpt>
      <trkpt lat="47.270514" lon="11.250364">
        <ele>615.11</ele>
      </trkpt>
      <trkpt lat="47.270351" lon="11.250436">
        <ele>614.62</ele>
      </trkpt>
      <trkpt lat="47.270142" lon="11.250554">
        <ele>613.87</ele>
      </trkpt>
      <trkpt lat="47.269822" lon="11.250732">
        <ele>612.46</ele>
      </trkpt>
      <trkpt lat="47.269575" lon="11.250872">
        <ele>611.49</ele>
      </trkpt>
      <trkpt lat="47.269305" lon="11.251048">
        <ele>610.41</ele>
      </trkpt>
      <trkpt lat="47.269302" lon="11.251075">
        <ele>610.35</ele>
      </trkpt>
      <trkpt lat="47.269179" lon="11.251139">
        <ele>609.82</ele>
      </trkpt>
      <trkpt lat="47.269055" lon="11.251253">
        <ele>609.09</ele>
      </trkpt>
      <trkpt lat="47.268935" lon="11.251469">
        <ele>608.19</ele>
      </trkpt>
      <trkpt lat="47.268775" lon="11.25163">
        <ele>607.26</ele>
      </trkpt>
      <trkpt lat="47.26869" lon="11.251726">
        <ele>606.82</ele>
      </trkpt>
      <trkpt lat="47.268624" lon="11.251815">
        <ele>606.54</ele>
      </trkpt>
      <trkpt lat="47.268543" lon="11.25195">
        <ele>606.29</ele>
      </trkpt>
      <trkpt lat="47.268427" lon="11.252158">
        <ele>606.07</ele>
      </trkpt>
      <trkpt lat="47.268351" lon="11.252228">
        <ele>605.86</ele>
      </trkpt>
      <trkpt lat="47.268293" lon="11.252254">
        <ele>605.66</ele>
      </trkpt>
      <trkpt lat="47.26814" lon="11.252303">
        <ele>605.19</ele>
      </trkpt>
      <trkpt lat="47.267944" lon="11.252398">
        <ele>604.62</ele>
      </trkpt>
      <trkpt lat="47.267771" lon="11.252495">
        <ele>604.02</ele>
      </trkpt>
      <trkpt lat="47.26754" lon="11.252567">
        <ele>603.06</ele>
      </trkpt>
      <trkpt lat="47.267442" lon="11.252592">
        <ele>602.6</ele>
      </trkpt>
      <trkpt lat="47.267367" lon="11.252621">
        <ele>602.21</ele>
      </trkpt>
      <trkpt lat="47.267232" lon="11.252734">
        <ele>601.36</ele>
      </trkpt>
      <trkpt lat="47.267153" lon="11.252805">
        <ele>600.87</ele>
      </trkpt>
      <trkpt lat="47.266963" lon="11.252975">
        <ele>599.78</ele>
      </trkpt>
      <trkpt lat="47.266945" lon="11.252991">
        <ele>599.69</ele>
      </trkpt>
      <trkpt lat="47.266696" lon="11.253226">
        <ele>598.36</ele>
      </trkpt>
      <trkpt lat="47.266542" lon="11.253362">
        <ele>597.42</ele>
      </trkpt>
      <trkpt lat="47.26641" lon="11.25348">
        <ele>596.53</ele>
      </trkpt>
      <trkpt lat="47.266233" lon="11.253623">
        <ele>595.46</ele>
      </trkpt>
      <trkpt lat="47.266087" lon="11.253736">
        <ele>594.82</ele>
      </trkpt>
      <trkpt lat="47.265904" lon="11.253858">
        <ele>594.31</ele>
      </trkpt>
      <trkpt lat="47.265802" lon="11.253929">
        <ele>594.09</ele>
      </trkpt>
      <trkpt lat="47.265688" lon="11.254006">
        <ele>593.83</ele>
      </trkpt>
      <trkpt lat="47.265597" lon="11.254056">
        <ele>593.61</ele>
      </trkpt>
      <trkpt lat="47.265475" lon="11.254108">
        <ele>593.3</ele>
      </trkpt>
      <trkpt lat="47.265215" lon="11.254193">
        <ele>592.62</ele>
      </trkpt>
      <trkpt lat="47.265077" lon="11.254269">
        <ele>592.32</ele>
      </trkpt>
      <trkpt lat="47.26509" lon="11.254398">
        <ele>592.56</ele>
      </trkpt>
      <trkpt lat="47.265092" lon="11.254498">
        <ele>592.75</ele>
      </trkpt>
      <trkpt lat="47.265071" lon="11.254677">
        <ele>593.04</ele>
      </trkpt>
      <trkpt lat="47.265021" lon="11.25492">
        <ele>593.14</ele>
      </trkpt>
      <trkpt lat="47.265021" lon="11.25499">
        <ele>593.02</ele>
      </trkpt>
      <trkpt lat="47.265036" lon="11.25508">
        <ele>592.72</ele>
      </trkpt>
      <trkpt lat="47.264106" lon="11.255784">
        <ele>591.94</ele>
      </trkpt>
      <trkpt lat="47.264051" lon="11.25559">
        <ele>591.71</ele>
      </trkpt>
      <trkpt lat="47.264014" lon="11.255476">
        <ele>591.84</ele>
      </trkpt>
      <trkpt lat="47.26396" lon="11.255408">
        <ele>592.18</ele>
      </trkpt>
      <trkpt lat="47.2639" lon="11.255402">
        <ele>592.56</ele>
      </trkpt>
      <trkpt lat="47.263786" lon="11.255457">
        <ele>593.1</ele>
      </trkpt>
      <trkpt lat="47.263447" lon="11.255456">
        <ele>594.66</ele>
      </trkpt>
      <trkpt lat="47.263311" lon="11.255525">
        <ele>594.2</ele>
      </trkpt>
      <trkpt lat="47.262741" lon="11.255786">
        <ele>591.99</ele>
      </trkpt>
      <trkpt lat="47.262021" lon="11.256154">
        <ele>592.36</ele>
      </trkpt>
      <trkpt lat="47.261838" lon="11.256281">
        <ele>592.38</ele>
      </trkpt>
      <trkpt lat="47.261348" lon="11.256563">
        <ele>592.49</ele>
      </trkpt>
      <trkpt lat="47.260797" lon="11.256863">
        <ele>592.89</ele>
      </trkpt>
      <trkpt lat="47.260601" lon="11.256915">
        <ele>592.97</ele>
      </trkpt>
      <trkpt lat="47.260552" lon="11.257012">
        <ele>593.02</ele>
      </trkpt>
      <trkpt lat="47.260383" lon="11.25737">
        <ele>593.93</ele>
      </trkpt>
      <trkpt lat="47.26027" lon="11.257623">
        <ele>594.75</ele>
      </trkpt>
      <trkpt lat="47.260029" lon="11.258169">
        <ele>595.04</ele>
      </trkpt>
      <trkpt lat="47.259983" lon="11.258298">
        <ele>595.06</ele>
      </trkpt>
      <trkpt lat="47.259935" lon="11.258438">
        <ele>595.23</ele>
      </trkpt>
      <trkpt lat="47.259904" lon="11.258542">
        <ele>595.41</ele>
      </trkpt>
      <trkpt lat="47.259767" lon="11.258924">
        <ele>596.24</ele>
      </trkpt>
      <trkpt lat="47.259657" lon="11.259229">
        <ele>596.73</ele>
      </trkpt>
      <trkpt lat="47.259625" lon="11.259299">
        <ele>596.84</ele>
      </trkpt>
      <trkpt lat="47.259559" lon="11.259421">
        <ele>597.06</ele>
      </trkpt>
      <trkpt lat="47.259476" lon="11.259549">
        <ele>597.39</ele>
      </trkpt>
      <trkpt lat="47.25939" lon="11.259662">
        <ele>597.78</ele>
      </trkpt>
      <trkpt lat="47.25926" lon="11.259796">
        <ele>598.42</ele>
      </trkpt>
      <trkpt lat="47.259113" lon="11.259921">
        <ele>599.18</ele>
      </trkpt>
      <trkpt lat="47.259051" lon="11.259963">
        <ele>599.51</ele>
      </trkpt>
      <trkpt lat="47.259007" lon="11.259994">
        <ele>599.75</ele>
      </trkpt>
      <trkpt lat="47.257229" lon="11.26134">
        <ele>605.72</ele>
      </trkpt>
      <trkpt lat="47.255201" lon="11.263158">
        <ele>612.81</ele>
      </trkpt>
      <trkpt lat="47.253843" lon="11.26408">
        <ele>617.28</ele>
      </trkpt>
      <trkpt lat="47.253364" lon="11.264558">
        <ele>619.01</ele>
      </trkpt>
      <trkpt lat="47.253166" lon="11.265051">
        <ele>620.17</ele>
      </trkpt>
      <trkpt lat="47.253167" lon="11.265347">
        <ele>620.77</ele>
      </trkpt>
      <trkpt lat="47.253126" lon="11.265572">
        <ele>621.24</ele>
      </trkpt>
      <trkpt lat="47.253041" lon="11.265681">
        <ele>621.07</ele>
      </trkpt>
      <trkpt lat="47.253011" lon="11.265848">
        <ele>620.88</ele>
      </trkpt>
      <trkpt lat="47.253121" lon="11.266048">
        <ele>621.59</ele>
      </trkpt>
      <trkpt lat="47.253021" lon="11.266426">
        <ele>621.03</ele>
      </trkpt>
      <trkpt lat="47.252871" lon="11.266675">
        <ele>620.57</ele>
      </trkpt>
      <trkpt lat="47.252786" lon="11.266976">
        <ele>620.12</ele>
      </trkpt>
      <trkpt lat="47.252737" lon="11.267555">
        <ele>619.31</ele>
      </trkpt>
      <trkpt lat="47.252874" lon="11.269064">
        <ele>617.2</ele>
      </trkpt>
      <trkpt lat="47.252481" lon="11.269725">
        <ele>617.34</ele>
      </trkpt>
      <trkpt lat="47.252082" lon="11.270702">
        <ele>617.15</ele>
      </trkpt>
      <trkpt lat="47.251879" lon="11.271165">
        <ele>617.01</ele>
      </trkpt>
      <trkpt lat="47.252004" lon="11.271823">
        <ele>616.1</ele>
      </trkpt>
      <trkpt lat="47.251955" lon="11.272207">
        <ele>616.42</ele>
      </trkpt>
      <trkpt lat="47.252093" lon="11.273009">
        <ele>614.84</ele>
      </trkpt>
      <trkpt lat="47.252488" lon="11.274358">
        <ele>611.81</ele>
      </trkpt>
      <trkpt lat="47.251916" lon="11.274788">
        <ele>611.96</ele>
      </trkpt>
      <trkpt lat="47.252513" lon="11.276951">
        <ele>606.26</ele>
      </trkpt>
      <trkpt lat="47.251641" lon="11.277314">
        <ele>608.67</ele>
      </trkpt>
      <trkpt lat="47.251694" lon="11.278637">
        <ele>616.74</ele>
      </trkpt>
      <trkpt lat="47.251695" lon="11.2794">
        <ele>619.65</ele>
      </trkpt>
      <trkpt lat="47.251324" lon="11.280097">
        <ele>626.0</ele>
      </trkpt>
      <trkpt lat="47.251566" lon="11.281303">
        <ele>619.36</ele>
      </trkpt>
      <trkpt lat="47.251705" lon="11.282496">
        <ele>621.17</ele>
      </trkpt>
      <trkpt lat="47.251375" lon="11.283562">
        <ele>619.03</ele>
      </trkpt>
      <trkpt lat="47.250917" lon="11.284155">
        <ele>628.87</ele>
      </trkpt>
      <trkpt lat="47.250869" lon="11.284936">
        <ele>627.24</ele>
      </trkpt>
      <trkpt lat="47.25086" lon="11.285924">
        <ele>630.88</ele>
      </trkpt>
      <trkpt lat="47.251081" lon="11.288149">
        <ele>635.7</ele>
      </trkpt>
      <trkpt lat="47.251112" lon="11.288584">
        <ele>633.38</ele>
      </trkpt>
      <trkpt lat="47.2505337" lon="11.2864583">
        <ele>640.25</ele>
      </trkpt>
      <trkpt lat="47.2501527" lon="11.2849227">
        <ele>645.15</ele>
      </trkpt>
      <trkpt lat="47.250182" lon="11.2842233">
        <ele>647.25</ele>
      </trkpt>
      <trkpt lat="47.2503658" lon="11.2837691">
        <ele>648.84</ele>
      </trkpt>
      <trkpt lat="47.2503485" lon="11.2830957">
        <ele>650.86</ele>
      </trkpt>
      <trkpt lat="47.2499932" lon="11.2816413">
        <ele>655.5</ele>
      </trkpt>
      <trkpt lat="47.2499221" lon="11.2806448">
        <ele>658.5</ele>
      </trkpt>
      <trkpt lat="47.2499738" lon="11.2801224">
        <ele>660.09</ele>
      </trkpt>
      <trkpt lat="47.2501859" lon="11.2791928">
        <ele>663.03</ele>
      </trkpt>
      <trkpt lat="47.2501634" lon="11.2788823">
        <ele>663.96</ele>
      </trkpt>
      <trkpt lat="47.2500923" lon="11.2780447">
        <ele>666.5</ele>
      </trkpt>
      <trkpt lat="47.2500254" lon="11.2773807">
        <ele>668.51</ele>
      </trkpt>
      <trkpt lat="47.2498896" lon="11.2768054">
        <ele>670.34</ele>
      </trkpt>
      <trkpt lat="47.2497699" lon="11.2763349">
        <ele>671.85</ele>
      </trkpt>
      <trkpt lat="47.2496909" lon="11.2759187">
        <ele>673.14</ele>
      </trkpt>
      <trkpt lat="47.2496278" lon="11.2756775">
        <ele>673.92</ele>
      </trkpt>
      <trkpt lat="47.2494821" lon="11.2757893">
        <ele>674.64</ele>
      </trkpt>
      <trkpt lat="47.2492881" lon="11.2761605">
        <ele>676.05</ele>
      </trkpt>
      <trkpt lat="47.2490348" lon="11.2766005">
        <ele>677.77</ele>
      </trkpt>
      <trkpt lat="47.2489241" lon="11.2764259">
        <ele>678.49</ele>
      </trkpt>
      <trkpt lat="47.2485161" lon="11.2766694">
        <ele>680.43</ele>
      </trkpt>
      <trkpt lat="47.2481607" lon="11.2770365">
        <ele>682.34</ele>
      </trkpt>
      <trkpt lat="47.2479831" lon="11.2777465">
        <ele>684.61</ele>
      </trkpt>
      <trkpt lat="47.2479577" lon="11.2783552">
        <ele>686.44</ele>
      </trkpt>
      <trkpt lat="47.2478535" lon="11.2786254">
        <ele>687.38</ele>
      </trkpt>
      <trkpt lat="47.2476374" lon="11.2786791">
        <ele>687.93</ele>
      </trkpt>
      <trkpt lat="47.247579" lon="11.278651">
        <ele>687.77</ele>
      </trkpt>
      <trkpt lat="47.247517" lon="11.27859">
        <ele>689.94</ele>
      </trkpt>
      <trkpt lat="47.247477" lon="11.278523">
        <ele>691.47</ele>
      </trkpt>
      <trkpt lat="47.247444" lon="11.278421">
        <ele>692.97</ele>
      </trkpt>
      <trkpt lat="47.247432" lon="11.278327">
        <ele>693.86</ele>
      </trkpt>
      <trkpt lat="47.247433" lon="11.278221">
        <ele>694.59</ele>
      </trkpt>
      <trkpt lat="47.247465" lon="11.278069">
        <ele>694.85</ele>
      </trkpt>
      <trkpt lat="47.247682" lon="11.277448">
        <ele>693.56</ele>
      </trkpt>
      <trkpt lat="47.247737" lon="11.277268">
        <ele>692.37</ele>
      </trkpt>
      <trkpt lat="47.247796" lon="11.277024">
        <ele>690.97</ele>
      </trkpt>
      <trkpt lat="47.247858" lon="11.276726">
        <ele>690.32</ele>
      </trkpt>
      <trkpt lat="47.247894" lon="11.276424">
        <ele>692.0</ele>
      </trkpt>
      <trkpt lat="47.247915" lon="11.276114">
        <ele>695.02</ele>
      </trkpt>
      <trkpt lat="47.247905" lon="11.274685">
        <ele>708.24</ele>
      </trkpt>
      <trkpt lat="47.247884" lon="11.27414">
        <ele>716.1</ele>
      </trkpt>
      <trkpt lat="47.247842" lon="11.273566">
        <ele>720.86</ele>
      </trkpt>
      <trkpt lat="47.247785" lon="11.273102">
        <ele>723.31</ele>
      </trkpt>
      <trkpt lat="47.247654" lon="11.272433">
        <ele>727.99</ele>
      </trkpt>
      <trkpt lat="47.247591" lon="11.272189">
        <ele>729.12</ele>
      </trkpt>
      <trkpt lat="47.24751" lon="11.271925">
        <ele>730.12</ele>
      </trkpt>
      <trkpt lat="47.247381" lon="11.271595">
        <ele>734.16</ele>
      </trkpt>
      <trkpt lat="47.247221" lon="11.271296">
        <ele>740.41</ele>
      </trkpt>
      <trkpt lat="47.247089" lon="11.271135">
        <ele>742.4</ele>
      </trkpt>
      <trkpt lat="47.246945" lon="11.270986">
        <ele>742.16</ele>
      </trkpt>
      <trkpt lat="47.24686" lon="11.270929">
        <ele>742.33</ele>
      </trkpt>
      <trkpt lat="47.24676" lon="11.270878">
        <ele>742.99</ele>
      </trkpt>
      <trkpt lat="47.246668" lon="11.27085">
        <ele>744.1</ele>
      </trkpt>
      <trkpt lat="47.246484" lon="11.270831">
        <ele>746.58</ele>
      </trkpt>
      <trkpt lat="47.246388" lon="11.270847">
        <ele>747.78</ele>
      </trkpt>
      <trkpt lat="47.246262" lon="11.270892">
        <ele>749.42</ele>
      </trkpt>
      <trkpt lat="47.246142" lon="11.27097">
        <ele>751.43</ele>
      </trkpt>
      <trkpt lat="47.246029" lon="11.271068">
        <ele>753.86</ele>
      </trkpt>
      <trkpt lat="47.24573" lon="11.271385">
        <ele>760.65</ele>
      </trkpt>
      <trkpt lat="47.245444" lon="11.271663">
        <ele>762.02</ele>
      </trkpt>
      <trkpt lat="47.24528" lon="11.271802">
        <ele>762.38</ele>
      </trkpt>
      <trkpt lat="47.245013" lon="11.272009">
        <ele>766.1</ele>
      </trkpt>
      <trkpt lat="47.244742" lon="11.272186">
        <ele>771.44</ele>
      </trkpt>
      <trkpt lat="47.244573" lon="11.272147">
        <ele>772.34</ele>
      </trkpt>
      <trkpt lat="47.244426" lon="11.272136">
        <ele>773.83</ele>
      </trkpt>
      <trkpt lat="47.244316" lon="11.272145">
        <ele>774.95</ele>
      </trkpt>
      <trkpt lat="47.244256" lon="11.272183">
        <ele>775.38</ele>
      </trkpt>
      <trkpt lat="47.244235" lon="11.272209">
        <ele>775.44</ele>
      </trkpt>
      <trkpt lat="47.244206" lon="11.272269">
        <ele>775.4</ele>
      </trkpt>
      <trkpt lat="47.244194" lon="11.272315">
        <ele>775.29</ele>
      </trkpt>
      <trkpt lat="47.244193" lon="11.272379">
        <ele>775.1</ele>
      </trkpt>
      <trkpt lat="47.244214" lon="11.272522">
        <ele>774.85</ele>
      </trkpt>
      <trkpt lat="47.244235" lon="11.272601">
        <ele>774.89</ele>
      </trkpt>
      <trkpt lat="47.244293" lon="11.272849">
        <ele>775.63</ele>
      </trkpt>
      <trkpt lat="47.244412" lon="11.273604">
        <ele>776.55</ele>
      </trkpt>
      <trkpt lat="47.244485" lon="11.274427">
        <ele>775.14</ele>
      </trkpt>
      <trkpt lat="47.24449" lon="11.275223">
        <ele>776.21</ele>
      </trkpt>
      <trkpt lat="47.244429" lon="11.275715">
        <ele>779.85</ele>
      </trkpt>
      <trkpt lat="47.244597" lon="11.275605">
        <ele>782.52</ele>
      </trkpt>
      <trkpt lat="47.24476" lon="11.275474">
        <ele>783.05</ele>
      </trkpt>
      <trkpt lat="47.24484" lon="11.275437">
        <ele>783.41</ele>
      </trkpt>
      <trkpt lat="47.245027" lon="11.275264">
        <ele>781.56</ele>
      </trkpt>
      <trkpt lat="47.245263" lon="11.27503">
        <ele>783.87</ele>
      </trkpt>
      <trkpt lat="47.245579" lon="11.274693">
        <ele>793.33</ele>
      </trkpt>
      <trkpt lat="47.245642" lon="11.274598">
        <ele>794.37</ele>
      </trkpt>
      <trkpt lat="47.245769" lon="11.274333">
        <ele>794.14</ele>
      </trkpt>
      <trkpt lat="47.245829" lon="11.274263">
        <ele>794.16</ele>
      </trkpt>
      <trkpt lat="47.24591" lon="11.274305">
        <ele>794.18</ele>
      </trkpt>
      <trkpt lat="47.246056" lon="11.274434">
        <ele>794.22</ele>
      </trkpt>
      <trkpt lat="47.246123" lon="11.274697">
        <ele>794.26</ele>
      </trkpt>
      <trkpt lat="47.246081" lon="11.275019">
        <ele>794.29</ele>
      </trkpt>
      <trkpt lat="47.246057" lon="11.275353">
        <ele>794.33</ele>
      </trkpt>
      <trkpt lat="47.246112" lon="11.275741">
        <ele>794.5</ele>
      </trkpt>
      <trkpt lat="47.246083" lon="11.276379">
        <ele>794.57</ele>
      </trkpt>
      <trkpt lat="47.246029" lon="11.276752">
        <ele>794.62</ele>
      </trkpt>
      <trkpt lat="47.24595" lon="11.277063">
        <ele>794.67</ele>
      </trkpt>
      <trkpt lat="47.245773" lon="11.277511">
        <ele>794.71</ele>
      </trkpt>
      <trkpt lat="47.2456" lon="11.277775">
        <ele>794.83</ele>
      </trkpt>
      <trkpt lat="47.245635" lon="11.27872">
        <ele>795.0</ele>
      </trkpt>
      <trkpt lat="47.245698" lon="11.279516">
        <ele>795.14</ele>
      </trkpt>
      <trkpt lat="47.24566" lon="11.280209">
        <ele>795.26</ele>
      </trkpt>
      <trkpt lat="47.245576" lon="11.281059">
        <ele>795.41</ele>
      </trkpt>
      <trkpt lat="47.245534" lon="11.281709">
        <ele>795.52</ele>
      </trkpt>
      <trkpt lat="47.245185" lon="11.282169">
        <ele>795.64</ele>
      </trkpt>
      <trkpt lat="47.244958" lon="11.282474">
        <ele>795.72</ele>
      </trkpt>
      <trkpt lat="47.244887" lon="11.282917">
        <ele>795.8</ele>
      </trkpt>
      <trkpt lat="47.244854" lon="11.283797">
        <ele>795.95</ele>
      </trkpt>
      <trkpt lat="47.244837" lon="11.285065">
        <ele>796.17</ele>
      </trkpt>
      <trkpt lat="47.24477" lon="11.285498">
        <ele>796.31</ele>
      </trkpt>
      <trkpt lat="47.244775" lon="11.285768">
        <ele>796.35</ele>
      </trkpt>
      <trkpt lat="47.244903" lon="11.286046">
        <ele>796.39</ele>
      </trkpt>
      <trkpt lat="47.245413" lon="11.28645">
        <ele>796.47</ele>
      </trkpt>
      <trkpt lat="47.245521" lon="11.286858">
        <ele>796.55</ele>
      </trkpt>
      <trkpt lat="47.245465" lon="11.287225">
        <ele>796.61</ele>
      </trkpt>
      <trkpt lat="47.245202" lon="11.287664">
        <ele>796.71</ele>
      </trkpt>
      <trkpt lat="47.245301" lon="11.288099">
        <ele>796.79</ele>
      </trkpt>
      <trkpt lat="47.245632" lon="11.288609">
        <ele>796.91</ele>
      </trkpt>
      <trkpt lat="47.245893" lon="11.289005">
        <ele>797.01</ele>
      </trkpt>
      <trkpt lat="47.24587" lon="11.28944">
        <ele>797.08</ele>
      </trkpt>
      <trkpt lat="47.245831" lon="11.290093">
        <ele>797.2</ele>
      </trkpt>
      <trkpt lat="47.245822" lon="11.290587">
        <ele>797.28</ele>
      </trkpt>
      <trkpt lat="47.245649" lon="11.291179">
        <ele>797.39</ele>
      </trkpt>
      <trkpt lat="47.245619" lon="11.291519">
        <ele>797.45</ele>
      </trkpt>
      <trkpt lat="47.245672" lon="11.292039">
        <ele>797.54</ele>
      </trkpt>
      <trkpt lat="47.245585" lon="11.292621">
        <ele>797.65</ele>
      </trkpt>
      <trkpt lat="47.245637" lon="11.293479">
        <ele>797.8</ele>
      </trkpt>
      <trkpt lat="47.245613" lon="11.294236">
        <ele>797.93</ele>
      </trkpt>
      <trkpt lat="47.245604" lon="11.294915">
        <ele>798.05</ele>
      </trkpt>
      <trkpt lat="47.245606" lon="11.29585">
        <ele>798.21</ele>
      </trkpt>
      <trkpt lat="47.245611" lon="11.296177">
        <ele>798.27</ele>
      </trkpt>
      <trkpt lat="47.2456" lon="11.296379">
        <ele>798.3</ele>
      </trkpt>
      <trkpt lat="47.245565" lon="11.296616">
        <ele>795.52</ele>
      </trkpt>
      <trkpt lat="47.245596" lon="11.296883">
        <ele>794.25</ele>
      </trkpt>
      <trkpt lat="47.245576" lon="11.297137">
        <ele>792.52</ele>
      </trkpt>
      <trkpt lat="47.245592" lon="11.297571">
        <ele>791.21</ele>
      </trkpt>
      <trkpt lat="47.245575" lon="11.298061">
        <ele>789.74</ele>
      </trkpt>
      <trkpt lat="47.245476" lon="11.298653">
        <ele>801.57</ele>
      </trkpt>
      <trkpt lat="47.245612" lon="11.298959">
        <ele>794.37</ele>
      </trkpt>
      <trkpt lat="47.245675" lon="11.299031">
        <ele>790.94</ele>
      </trkpt>
      <trkpt lat="47.245835" lon="11.299121">
        <ele>782.82</ele>
      </trkpt>
      <trkpt lat="47.245897" lon="11.299187">
        <ele>780.05</ele>
      </trkpt>
      <trkpt lat="47.246001" lon="11.299329">
        <ele>775.62</ele>
      </trkpt>
      <trkpt lat="47.24604" lon="11.299471">
        <ele>774.42</ele>
      </trkpt>
      <trkpt lat="47.246034" lon="11.299642">
        <ele>775.32</ele>
      </trkpt>
      <trkpt lat="47.245944" lon="11.3002">
        <ele>778.11</ele>
      </trkpt>
      <trkpt lat="47.245962" lon="11.300284">
        <ele>776.53</ele>
      </trkpt>
      <trkpt lat="47.24605" lon="11.300324">
        <ele>771.93</ele>
      </trkpt>
      <trkpt lat="47.246081" lon="11.300392">
        <ele>769.54</ele>
      </trkpt>
      <trkpt lat="47.246059" lon="11.300473">
        <ele>769.63</ele>
      </trkpt>
      <trkpt lat="47.245945" lon="11.300489">
        <ele>775.31</ele>
      </trkpt>
      <trkpt lat="47.245857" lon="11.300577">
        <ele>778.99</ele>
      </trkpt>
      <trkpt lat="47.245854" lon="11.300751">
        <ele>778.16</ele>
      </trkpt>
      <trkpt lat="47.245843" lon="11.300922">
        <ele>778.48</ele>
      </trkpt>
      <trkpt lat="47.245854" lon="11.301179">
        <ele>778.5</ele>
      </trkpt>
      <trkpt lat="47.245958" lon="11.301366">
        <ele>774.7</ele>
      </trkpt>
      <trkpt lat="47.245948" lon="11.301483">
        <ele>776.02</ele>
      </trkpt>
      <trkpt lat="47.245851" lon="11.301588">
        <ele>780.8</ele>
      </trkpt>
      <trkpt lat="47.24584" lon="11.301707">
        <ele>781.97</ele>
      </trkpt>
      <trkpt lat="47.245886" lon="11.302008">
        <ele>782.22</ele>
      </trkpt>
      <trkpt lat="47.245879" lon="11.302038">
        <ele>782.72</ele>
      </trkpt>
      <trkpt lat="47.245996" lon="11.302438">
        <ele>782.23</ele>
      </trkpt>
      <trkpt lat="47.246089" lon="11.302537">
        <ele>780.25</ele>
      </trkpt>
      <trkpt lat="47.246141" lon="11.302951">
        <ele>785.92</ele>
      </trkpt>
      <trkpt lat="47.246207" lon="11.303088">
        <ele>786.55</ele>
      </trkpt>
      <trkpt lat="47.246387" lon="11.303291">
        <ele>784.07</ele>
      </trkpt>
      <trkpt lat="47.246461" lon="11.303873">
        <ele>790.43</ele>
      </trkpt>
      <trkpt lat="47.24646" lon="11.30415">
        <ele>791.49</ele>
      </trkpt>
      <trkpt lat="47.246401" lon="11.304286">
        <ele>793.57</ele>
      </trkpt>
      <trkpt lat="47.246276" lon="11.304365">
        <ele>799.95</ele>
      </trkpt>
      <trkpt lat="47.246196" lon="11.304535">
        <ele>801.03</ele>
      </trkpt>
      <trkpt lat="47.246175" lon="11.30486">
        <ele>794.66</ele>
      </trkpt>
      <trkpt lat="47.246146" lon="11.304935">
        <ele>795.38</ele>
      </trkpt>
      <trkpt lat="47.246133" lon="11.305109">
        <ele>794.57</ele>
      </trkpt>
      <trkpt lat="47.246137" lon="11.305194">
        <ele>793.91</ele>
      </trkpt>
      <trkpt lat="47.246144" lon="11.305376">
        <ele>793.19</ele>
      </trkpt>
      <trkpt lat="47.246137" lon="11.305469">
        <ele>793.53</ele>
      </trkpt>
      <trkpt lat="47.246105" lon="11.305613">
        <ele>794.67</ele>
      </trkpt>
      <trkpt lat="47.246118" lon="11.305762">
        <ele>793.99</ele>
      </trkpt>
      <trkpt lat="47.246086" lon="11.305903">
        <ele>794.02</ele>
      </trkpt>
      <trkpt lat="47.246097" lon="11.305924">
        <ele>793.72</ele>
      </trkpt>
      <trkpt lat="47.246291" lon="11.306329">
        <ele>791.4</ele>
      </trkpt>
      <trkpt lat="47.246315" lon="11.306614">
        <ele>793.63</ele>
      </trkpt>
      <trkpt lat="47.246381" lon="11.306882">
        <ele>799.27</ele>
      </trkpt>
      <trkpt lat="47.246376" lon="11.307005">
        <ele>802.26</ele>
      </trkpt>
      <trkpt lat="47.246386" lon="11.307078">
        <ele>804.35</ele>
      </trkpt>
      <trkpt lat="47.246516" lon="11.307373">
        <ele>813.71</ele>
      </trkpt>
      <trkpt lat="47.246595" lon="11.307481">
        <ele>815.89</ele>
      </trkpt>
      <trkpt lat="47.246646" lon="11.307561">
        <ele>816.26</ele>
      </trkpt>
      <trkpt lat="47.246919" lon="11.30785">
        <ele>809.45</ele>
      </trkpt>
      <trkpt lat="47.247279" lon="11.308483">
        <ele>802.11</ele>
      </trkpt>
      <trkpt lat="47.247448" lon="11.30858">
        <ele>798.53</ele>
      </trkpt>
      <trkpt lat="47.247485" lon="11.308623">
        <ele>797.62</ele>
      </trkpt>
      <trkpt lat="47.247509" lon="11.308702">
        <ele>797.18</ele>
      </trkpt>
      <trkpt lat="47.247557" lon="11.308801">
        <ele>795.64</ele>
      </trkpt>
      <trkpt lat="47.247828" lon="11.309175">
        <ele>781.42</ele>
      </trkpt>
      <trkpt lat="47.248115" lon="11.3097">
        <ele>764.26</ele>
      </trkpt>
      <trkpt lat="47.248115" lon="11.309842">
        <ele>764.22</ele>
      </trkpt>
      <trkpt lat="47.248176" lon="11.309988">
        <ele>761.6</ele>
      </trkpt>
      <trkpt lat="47.248194" lon="11.310098">
        <ele>760.91</ele>
      </trkpt>
      <trkpt lat="47.248248" lon="11.31029">
        <ele>759.06</ele>
      </trkpt>
      <trkpt lat="47.24826" lon="11.310509">
        <ele>758.42</ele>
      </trkpt>
      <trkpt lat="47.248352" lon="11.310832">
        <ele>754.44</ele>
      </trkpt>
      <trkpt lat="47.248358" lon="11.310953">
        <ele>753.46</ele>
      </trkpt>
      <trkpt lat="47.248389" lon="11.311089">
        <ele>751.47</ele>
      </trkpt>
      <trkpt lat="47.248413" lon="11.311466">
        <ele>746.43</ele>
      </trkpt>
      <trkpt lat="47.248536" lon="11.311834">
        <ele>734.33</ele>
      </trkpt>
      <trkpt lat="47.248584" lon="11.311959">
        <ele>729.02</ele>
      </trkpt>
      <trkpt lat="47.248637" lon="11.312248">
        <ele>719.2</ele>
      </trkpt>
      <trkpt lat="47.248699" lon="11.312479">
        <ele>712.76</ele>
      </trkpt>
      <trkpt lat="47.248747" lon="11.312612">
        <ele>710.12</ele>
      </trkpt>
      <trkpt lat="47.248967" lon="11.313287">
        <ele>707.41</ele>
      </trkpt>
      <trkpt lat="47.249045" lon="11.313323">
        <ele>708.5</ele>
      </trkpt>
      <trkpt lat="47.249085" lon="11.313117">
        <ele>708.1</ele>
      </trkpt>
      <trkpt lat="47.249164" lon="11.312958">
        <ele>706.52</ele>
      </trkpt>
      <trkpt lat="47.249299" lon="11.313032">
        <ele>705.03</ele>
      </trkpt>
      <trkpt lat="47.249613" lon="11.31312">
        <ele>697.08</ele>
      </trkpt>
      <trkpt lat="47.250037" lon="11.31345">
        <ele>682.89</ele>
      </trkpt>
      <trkpt lat="47.250491" lon="11.31373">
        <ele>663.86</ele>
      </trkpt>
      <trkpt lat="47.250542" lon="11.313536">
        <ele>660.52</ele>
      </trkpt>
      <trkpt lat="47.250666" lon="11.313662">
        <ele>655.7</ele>
      </trkpt>
      <trkpt lat="47.250686" lon="11.31337">
        <ele>651.37</ele>
      </trkpt>
      <trkpt lat="47.25075" lon="11.313279">
        <ele>646.47</ele>
      </trkpt>
      <trkpt lat="47.250777" lon="11.313024">
        <ele>639.43</ele>
      </trkpt>
      <trkpt lat="47.250813" lon="11.313072">
        <ele>638.63</ele>
      </trkpt>
      <trkpt lat="47.250892" lon="11.313123">
        <ele>635.5</ele>
      </trkpt>
      <trkpt lat="47.250892" lon="11.313052">
        <ele>633.83</ele>
      </trkpt>
      <trkpt lat="47.250878" lon="11.312934">
        <ele>631.79</ele>
      </trkpt>
      <trkpt lat="47.250911" lon="11.312965">
        <ele>630.67</ele>
      </trkpt>
      <trkpt lat="47.250993" lon="11.312987">
        <ele>626.38</ele>
      </trkpt>
      <trkpt lat="47.251012" lon="11.31303">
        <ele>626.25</ele>
      </trkpt>
      <trkpt lat="47.25099" lon="11.313121">
        <ele>629.7</ele>
      </trkpt>
      <trkpt lat="47.251019" lon="11.313237">
        <ele>630.45</ele>
      </trkpt>
      <trkpt lat="47.251087" lon="11.313392">
        <ele>629.09</ele>
      </trkpt>
      <trkpt lat="47.251194" lon="11.313484">
        <ele>623.92</ele>
      </trkpt>
      <trkpt lat="47.251182" lon="11.313692">
        <ele>628.03</ele>
      </trkpt>
      <trkpt lat="47.251125" lon="11.313884">
        <ele>634.51</ele>
      </trkpt>
      <trkpt lat="47.251219" lon="11.313967">
        <ele>630.24</ele>
      </trkpt>
      <trkpt lat="47.251352" lon="11.314012">
        <ele>623.19</ele>
      </trkpt>
      <trkpt lat="47.251355" lon="11.314081">
        <ele>624.3</ele>
      </trkpt>
      <trkpt lat="47.25133" lon="11.314154">
        <ele>627.15</ele>
      </trkpt>
      <trkpt lat="47.251324" lon="11.314274">
        <ele>630.03</ele>
      </trkpt>
      <trkpt lat="47.251368" lon="11.314415">
        <ele>630.99</ele>
      </trkpt>
      <trkpt lat="47.2515" lon="11.314785">
        <ele>633.8</ele>
      </trkpt>
      <trkpt lat="47.251595" lon="11.314822">
        <ele>630.0</ele>
      </trkpt>
      <trkpt lat="47.251631" lon="11.314959">
        <ele>631.09</ele>
      </trkpt>
      <trkpt lat="47.251685" lon="11.315026">
        <ele>629.46</ele>
      </trkpt>
      <trkpt lat="47.251709" lon="11.31511">
        <ele>629.36</ele>
      </trkpt>
      <trkpt lat="47.25165" lon="11.315266">
        <ele>634.3</ele>
      </trkpt>
      <trkpt lat="47.251674" lon="11.315505">
        <ele>635.03</ele>
      </trkpt>
      <trkpt lat="47.251705" lon="11.315632">
        <ele>634.3</ele>
      </trkpt>
      <trkpt lat="47.251835" lon="11.315844">
        <ele>628.29</ele>
      </trkpt>
      <trkpt lat="47.251876" lon="11.31592">
        <ele>626.46</ele>
      </trkpt>
      <trkpt lat="47.251868" lon="11.315972">
        <ele>627.68</ele>
      </trkpt>
      <trkpt lat="47.251692" lon="11.316203">
        <ele>641.94</ele>
      </trkpt>
      <trkpt lat="47.251678" lon="11.316269">
        <ele>643.63</ele>
      </trkpt>
      <trkpt lat="47.251714" lon="11.316324">
        <ele>642.43</ele>
      </trkpt>
      <trkpt lat="47.251823" lon="11.316381">
        <ele>636.41</ele>
      </trkpt>
      <trkpt lat="47.251935" lon="11.316471">
        <ele>629.35</ele>
      </trkpt>
      <trkpt lat="47.251944" lon="11.316523">
        <ele>628.95</ele>
      </trkpt>
      <trkpt lat="47.251908" lon="11.316611">
        <ele>631.6</ele>
      </trkpt>
      <trkpt lat="47.251886" lon="11.31672">
        <ele>632.38</ele>
      </trkpt>
      <trkpt lat="47.251882" lon="11.316846">
        <ele>630.33</ele>
      </trkpt>
      <trkpt lat="47.251835" lon="11.316964">
        <ele>629.86</ele>
      </trkpt>
      <trkpt lat="47.251603" lon="11.317146">
        <ele>634.73</ele>
      </trkpt>
      <trkpt lat="47.251385" lon="11.31735">
        <ele>639.26</ele>
      </trkpt>
      <trkpt lat="47.25137" lon="11.31741">
        <ele>638.99</ele>
      </trkpt>
      <trkpt lat="47.251378" lon="11.317459">
        <ele>637.96</ele>
      </trkpt>
      <trkpt lat="47.251439" lon="11.317517">
        <ele>634.23</ele>
      </trkpt>
      <trkpt lat="47.25153" lon="11.317569">
        <ele>629.33</ele>
      </trkpt>
      <trkpt lat="47.251593" lon="11.317635">
        <ele>626.47</ele>
      </trkpt>
      <trkpt lat="47.251969" lon="11.317839">
        <ele>612.7</ele>
      </trkpt>
      <trkpt lat="47.252007" lon="11.317878">
        <ele>611.58</ele>
      </trkpt>
      <trkpt lat="47.252035" lon="11.317924">
        <ele>610.94</ele>
      </trkpt>
      <trkpt lat="47.252049" lon="11.318017">
        <ele>611.48</ele>
      </trkpt>
      <trkpt lat="47.252033" lon="11.318127">
        <ele>613.67</ele>
      </trkpt>
      <trkpt lat="47.251977" lon="11.318217">
        <ele>617.81</ele>
      </trkpt>
      <trkpt lat="47.251826" lon="11.318344">
        <ele>627.8</ele>
      </trkpt>
      <trkpt lat="47.251744" lon="11.318399">
        <ele>632.99</ele>
      </trkpt>
      <trkpt lat="47.251624" lon="11.318415">
        <ele>639.3</ele>
      </trkpt>
      <trkpt lat="47.251589" lon="11.318462">
        <ele>641.89</ele>
      </trkpt>
      <trkpt lat="47.2516" lon="11.318513">
        <ele>642.18</ele>
      </trkpt>
      <trkpt lat="47.251634" lon="11.318557">
        <ele>641.17</ele>
      </trkpt>
      <trkpt lat="47.251677" lon="11.318583">
        <ele>639.41</ele>
      </trkpt>
      <trkpt lat="47.251806" lon="11.318631">
        <ele>632.85</ele>
      </trkpt>
      <trkpt lat="47.251908" lon="11.318687">
        <ele>627.03</ele>
      </trkpt>
      <trkpt lat="47.252115" lon="11.318949">
        <ele>614.04</ele>
      </trkpt>
      <trkpt lat="47.25212" lon="11.3192">
        <ele>613.43</ele>
      </trkpt>
      <trkpt lat="47.252228" lon="11.31938">
        <ele>605.22</ele>
      </trkpt>
      <trkpt lat="47.252236" lon="11.319425">
        <ele>604.53</ele>
      </trkpt>
      <trkpt lat="47.252238" lon="11.319552">
        <ele>603.82</ele>
      </trkpt>
      <trkpt lat="47.252247" lon="11.31962">
        <ele>602.97</ele>
      </trkpt>
      <trkpt lat="47.25228" lon="11.319692">
        <ele>600.94</ele>
      </trkpt>
      <trkpt lat="47.252285" lon="11.31987">
        <ele>599.74</ele>
      </trkpt>
      <trkpt lat="47.252276" lon="11.320035">
        <ele>598.8</ele>
      </trkpt>
      <trkpt lat="47.252286" lon="11.320138">
        <ele>597.25</ele>
      </trkpt>
      <trkpt lat="47.252385" lon="11.32033">
        <ele>591.81</ele>
      </trkpt>
      <trkpt lat="47.252403" lon="11.320315">
        <ele>591.57</ele>
      </trkpt>
      <trkpt lat="47.252422" lon="11.320008">
        <ele>594.12</ele>
      </trkpt>
      <trkpt lat="47.252439" lon="11.319992">
        <ele>593.7</ele>
      </trkpt>
      <trkpt lat="47.252461" lon="11.320001">
        <ele>593.03</ele>
      </trkpt>
      <trkpt lat="47.252519" lon="11.320219">
        <ele>590.05</ele>
      </trkpt>
      <trkpt lat="47.252543" lon="11.320368">
        <ele>588.08</ele>
      </trkpt>
      <trkpt lat="47.252551" lon="11.32053">
        <ele>586.29</ele>
      </trkpt>
      <trkpt lat="47.252585" lon="11.320581">
        <ele>585.37</ele>
      </trkpt>
      <trkpt lat="47.252623" lon="11.32066">
        <ele>584.35</ele>
      </trkpt>
      <trkpt lat="47.252605" lon="11.320384">
        <ele>586.93</ele>
      </trkpt>
      <trkpt lat="47.252608" lon="11.320266">
        <ele>587.96</ele>
      </trkpt>
      <trkpt lat="47.252646" lon="11.320079">
        <ele>588.56</ele>
      </trkpt>
      <trkpt lat="47.253429" lon="11.319318">
        <ele>581.66</ele>
      </trkpt>
      <trkpt lat="47.253488" lon="11.319191">
        <ele>581.6</ele>
      </trkpt>
      <trkpt lat="47.253557" lon="11.319208">
        <ele>581.6</ele>
      </trkpt>
      <trkpt lat="47.25358" lon="11.319213">
        <ele>581.61</ele>
      </trkpt>
      <trkpt lat="47.253606" lon="11.31922">
        <ele>581.65</ele>
      </trkpt>
      <trkpt lat="47.253641" lon="11.319442">
        <ele>581.55</ele>
      </trkpt>
      <trkpt lat="47.253711" lon="11.319534">
        <ele>581.58</ele>
      </trkpt>
      <trkpt lat="47.253794" lon="11.319581">
        <ele>581.7</ele>
      </trkpt>
      <trkpt lat="47.254064" lon="11.319434">
        <ele>582.59</ele>
      </trkpt>
      <trkpt lat="47.2544" lon="11.31913">
        <ele>582.8</ele>
      </trkpt>
      <trkpt lat="47.25441" lon="11.318998">
        <ele>582.83</ele>
      </trkpt>
      <trkpt lat="47.254478" lon="11.318991">
        <ele>582.72</ele>
      </trkpt>
      <trkpt lat="47.25478" lon="11.319536">
        <ele>582.33</ele>
      </trkpt>
      <trkpt lat="47.254805" lon="11.319579">
        <ele>582.38</ele>
      </trkpt>
      <trkpt lat="47.25483" lon="11.319624">
        <ele>582.45</ele>
      </trkpt>
      <trkpt lat="47.255108" lon="11.320117">
        <ele>583.11</ele>
      </trkpt>
      <trkpt lat="47.25503" lon="11.320239">
        <ele>582.84</ele>
      </trkpt>
      <trkpt lat="47.254975" lon="11.320348">
        <ele>582.6</ele>
      </trkpt>
      <trkpt lat="47.254912" lon="11.320537">
        <ele>582.25</ele>
      </trkpt>
      <trkpt lat="47.254881" lon="11.320688">
        <ele>582.07</ele>
      </trkpt>
      <trkpt lat="47.254845" lon="11.321033">
        <ele>582.15</ele>
      </trkpt>
      <trkpt lat="47.254835" lon="11.321139">
        <ele>582.29</ele>
      </trkpt>
    </trkseg>
  </trk>
</gpx>