<?xml version='1.0' encoding='utf-8'?>
<gpx creator="https://gpx.studio" version="1.1" schemaLocation="http://www.topografix.com/GPX/1/1 http://www.topografix.com/GPX/1/1/gpx.xsd http://www.garmin.com/xmlschemas/GpxExtensions/v3 http://www.garmin.com/xmlschemas/GpxExtensionsv3.xsd http://www.garmin.com/xmlschemas/TrackPointExtension/v1 http://www.garmin.com/xmlschemas/TrackPointExtensionv1.xsd http://www.garmin.com/xmlschemas/PowerExtension/v1 http://www.garmin.com/xmlschemas/PowerExtensionv1.xsd http://www.topografix.com/GPX/gpx_style/0/2 http://www.topografix.com/GPX/gpx_style/0/2/gpx_style.xsd">
  <metadata>
    <name>H__Trailspotting</name>
    <author>
      <name>gpx.studio</name>
      <link href="https://gpx.studio" />
    </author>
  </metadata>
  <trk>
    <name>H__Trailspotting</name>
    <trkseg>
      <name>Segment 1</name>
      <desc>distance: 26.0km, elevation_gain: 689.0m, elevation_loss: 716.0m, estimated_duration: 02:33</desc>
      <trkpt lat="47.238107" lon="10.859174">
        <ele>692</ele>
        </trkpt>
      <trkpt lat="47.238094" lon="10.85923">
        <ele>692</ele>
        </trkpt>
      <trkpt lat="47.238073" lon="10.859271">
        <ele>692.25</ele>
        </trkpt>
      <trkpt lat="47.23804" lon="10.859232">
        <ele>692.25</ele>
        </trkpt>
      <trkpt lat="47.23806" lon="10.859184">
        <ele>692.25</ele>
        </trkpt>
      <trkpt lat="47.238063" lon="10.859133">
        <ele>692.25</ele>
        </trkpt>
      <trkpt lat="47.238056" lon="10.859082">
        <ele>692.25</ele>
        </trkpt>
      <trkpt lat="47.238037" lon="10.859037">
        <ele>692.25</ele>
        </trkpt>
      <trkpt lat="47.238006" lon="10.858995">
        <ele>692.5</ele>
        </trkpt>
      <trkpt lat="47.237969" lon="10.858988">
        <ele>692.75</ele>
        </trkpt>
      <trkpt lat="47.237781" lon="10.859041">
        <ele>693.5</ele>
        </trkpt>
      <trkpt lat="47.237689" lon="10.859067">
        <ele>694</ele>
        </trkpt>
      <trkpt lat="47.237649" lon="10.858923">
        <ele>694.25</ele>
        </trkpt>
      <trkpt lat="47.23757" lon="10.858762">
        <ele>694.5</ele>
        </trkpt>
      <trkpt lat="47.237371" lon="10.858386">
        <ele>695.25</ele>
        </trkpt>
      <trkpt lat="47.237003" lon="10.857632">
        <ele>698.25</ele>
        </trkpt>
      <trkpt lat="47.236967" lon="10.857651">
        <ele>698.25</ele>
        </trkpt>
      <trkpt lat="47.236862" lon="10.857708">
        <ele>698.75</ele>
        </trkpt>
      <trkpt lat="47.236784" lon="10.857671">
        <ele>699</ele>
        </trkpt>
      <trkpt lat="47.236689" lon="10.857644">
        <ele>699.5</ele>
        </trkpt>
      <trkpt lat="47.236604" lon="10.857599">
        <ele>699.75</ele>
        </trkpt>
      <trkpt lat="47.236569" lon="10.857519">
        <ele>700</ele>
        </trkpt>
      <trkpt lat="47.236561" lon="10.857501">
        <ele>700.25</ele>
        </trkpt>
      <trkpt lat="47.236504" lon="10.857397">
        <ele>700.25</ele>
        </trkpt>
      <trkpt lat="47.236453" lon="10.857348">
        <ele>700.25</ele>
        </trkpt>
      <trkpt lat="47.236369" lon="10.857383">
        <ele>700.5</ele>
        </trkpt>
      <trkpt lat="47.236007" lon="10.856966">
        <ele>700.5</ele>
        </trkpt>
      <trkpt lat="47.235881" lon="10.856925">
        <ele>700.75</ele>
        </trkpt>
      <trkpt lat="47.235895" lon="10.85705">
        <ele>701</ele>
        </trkpt>
      <trkpt lat="47.235806" lon="10.857129">
        <ele>701.5</ele>
        </trkpt>
      <trkpt lat="47.23581" lon="10.857229">
        <ele>702</ele>
        </trkpt>
      <trkpt lat="47.235732" lon="10.857387">
        <ele>702.5</ele>
        </trkpt>
      <trkpt lat="47.235647" lon="10.857472">
        <ele>702.75</ele>
        </trkpt>
      <trkpt lat="47.2356" lon="10.857542">
        <ele>702.75</ele>
        </trkpt>
      <trkpt lat="47.235518" lon="10.85744">
        <ele>702.75</ele>
        </trkpt>
      <trkpt lat="47.235351" lon="10.857171">
        <ele>701.5</ele>
        </trkpt>
      <trkpt lat="47.235149" lon="10.856844">
        <ele>700.5</ele>
        </trkpt>
      <trkpt lat="47.23486" lon="10.857139">
        <ele>702.5</ele>
        </trkpt>
      <trkpt lat="47.234781" lon="10.857235">
        <ele>703.25</ele>
        </trkpt>
      <trkpt lat="47.234669" lon="10.857441">
        <ele>704.75</ele>
        </trkpt>
      <trkpt lat="47.234421" lon="10.857491">
        <ele>706.25</ele>
        </trkpt>
      <trkpt lat="47.234131" lon="10.85749">
        <ele>708.5</ele>
        </trkpt>
      <trkpt lat="47.234094" lon="10.85749">
        <ele>709</ele>
        </trkpt>
      <trkpt lat="47.234071" lon="10.856618">
        <ele>706.5</ele>
        </trkpt>
      <trkpt lat="47.234054" lon="10.856422">
        <ele>706.5</ele>
        </trkpt>
      <trkpt lat="47.233939" lon="10.855879">
        <ele>708.25</ele>
        </trkpt>
      <trkpt lat="47.23394" lon="10.855787">
        <ele>708.25</ele>
        </trkpt>
      <trkpt lat="47.233983" lon="10.855669">
        <ele>707.5</ele>
        </trkpt>
      <trkpt lat="47.233964" lon="10.855534">
        <ele>707.75</ele>
        </trkpt>
      <trkpt lat="47.233981" lon="10.855416">
        <ele>707.5</ele>
        </trkpt>
      <trkpt lat="47.234042" lon="10.855187">
        <ele>706.75</ele>
        </trkpt>
      <trkpt lat="47.234066" lon="10.855088">
        <ele>706.5</ele>
        </trkpt>
      <trkpt lat="47.234071" lon="10.855014">
        <ele>706.25</ele>
        </trkpt>
      <trkpt lat="47.234068" lon="10.854972">
        <ele>706.5</ele>
        </trkpt>
      <trkpt lat="47.234067" lon="10.854953">
        <ele>706.75</ele>
        </trkpt>
      <trkpt lat="47.234041" lon="10.854857">
        <ele>707.5</ele>
        </trkpt>
      <trkpt lat="47.233988" lon="10.854787">
        <ele>708.5</ele>
        </trkpt>
      <trkpt lat="47.233928" lon="10.854746">
        <ele>709.5</ele>
        </trkpt>
      <trkpt lat="47.233864" lon="10.854726">
        <ele>710.5</ele>
        </trkpt>
      <trkpt lat="47.233813" lon="10.854742">
        <ele>711.25</ele>
        </trkpt>
      <trkpt lat="47.233733" lon="10.854807">
        <ele>712.25</ele>
        </trkpt>
      <trkpt lat="47.233421" lon="10.855166">
        <ele>716.75</ele>
        </trkpt>
      <trkpt lat="47.233281" lon="10.855261">
        <ele>719.25</ele>
        </trkpt>
      <trkpt lat="47.233227" lon="10.855255">
        <ele>720.25</ele>
        </trkpt>
      <trkpt lat="47.233174" lon="10.855229">
        <ele>721</ele>
        </trkpt>
      <trkpt lat="47.233121" lon="10.85518">
        <ele>721.75</ele>
        </trkpt>
      <trkpt lat="47.233074" lon="10.855123">
        <ele>722.25</ele>
        </trkpt>
      <trkpt lat="47.233005" lon="10.855004">
        <ele>723</ele>
        </trkpt>
      <trkpt lat="47.232901" lon="10.85465">
        <ele>724.5</ele>
        </trkpt>
      <trkpt lat="47.232764" lon="10.853921">
        <ele>726.75</ele>
        </trkpt>
      <trkpt lat="47.232703" lon="10.853586">
        <ele>728</ele>
        </trkpt>
      <trkpt lat="47.232661" lon="10.853418">
        <ele>728.25</ele>
        </trkpt>
      <trkpt lat="47.232661" lon="10.853416">
        <ele>728.25</ele>
        </trkpt>
      <trkpt lat="47.232651" lon="10.853375">
        <ele>728.5</ele>
        </trkpt>
      <trkpt lat="47.232953" lon="10.852876">
        <ele>727.25</ele>
        </trkpt>
      <trkpt lat="47.233021" lon="10.852711">
        <ele>727.25</ele>
        </trkpt>
      <trkpt lat="47.23316" lon="10.852504">
        <ele>727</ele>
        </trkpt>
      <trkpt lat="47.233212" lon="10.852382">
        <ele>727.25</ele>
        </trkpt>
      <trkpt lat="47.233351" lon="10.851935">
        <ele>729.25</ele>
        </trkpt>
      <trkpt lat="47.233467" lon="10.851786">
        <ele>729</ele>
        </trkpt>
      <trkpt lat="47.233546" lon="10.851548">
        <ele>728.75</ele>
        </trkpt>
      <trkpt lat="47.233824" lon="10.851361">
        <ele>726.5</ele>
        </trkpt>
      <trkpt lat="47.234139" lon="10.8512">
        <ele>724.5</ele>
        </trkpt>
      <trkpt lat="47.23418" lon="10.851057">
        <ele>724.5</ele>
        </trkpt>
      <trkpt lat="47.234273" lon="10.851009">
        <ele>723.25</ele>
        </trkpt>
      <trkpt lat="47.234508" lon="10.850891">
        <ele>721.9236606648932</ele>
      </trkpt>
      <trkpt lat="47.234508" lon="10.850891">
        <ele>721.9236606648932</ele>
      </trkpt>
      <trkpt lat="47.23474295441724" lon="10.850773203426627">
        <ele>718.8999388455691</ele>
      </trkpt>
      <trkpt lat="47.23474295441724" lon="10.850773203426627">
        <ele>718.8999388455691</ele>
      </trkpt>
      <trkpt lat="47.2350104540057" lon="10.850308988184906">
        <ele>717.8132198177757</ele>
      </trkpt>
      <trkpt lat="47.23540228502677" lon="10.849984098427829">
        <ele>714.5871595341904</ele>
      </trkpt>
      <trkpt lat="47.23579411604785" lon="10.84965920867075">
        <ele>707.9385720751222</ele>
      </trkpt>
      <trkpt lat="47.23587449488207" lon="10.849592561931416">
        <ele>706.2730163320249</ele>
      </trkpt>
      <trkpt lat="47.235856" lon="10.849611">
        <ele>704.5</ele>
        </trkpt>
      <trkpt lat="47.235807" lon="10.849519">
        <ele>705</ele>
        </trkpt>
      <trkpt lat="47.235794" lon="10.8494">
        <ele>704.25</ele>
        </trkpt>
      <trkpt lat="47.235788" lon="10.849217">
        <ele>703.25</ele>
        </trkpt>
      <trkpt lat="47.235758" lon="10.849104">
        <ele>702.75</ele>
        </trkpt>
      <trkpt lat="47.235638" lon="10.848894">
        <ele>702.5</ele>
        </trkpt>
      <trkpt lat="47.235464" lon="10.848508">
        <ele>701.5</ele>
        </trkpt>
      <trkpt lat="47.235048" lon="10.847833">
        <ele>701.5</ele>
        </trkpt>
      <trkpt lat="47.235018" lon="10.847784">
        <ele>701.5</ele>
        </trkpt>
      <trkpt lat="47.234954" lon="10.847838">
        <ele>703.75</ele>
        </trkpt>
      <trkpt lat="47.234705" lon="10.847975">
        <ele>709.75</ele>
        </trkpt>
      <trkpt lat="47.234656" lon="10.847984">
        <ele>710.5</ele>
        </trkpt>
      <trkpt lat="47.234262" lon="10.848186">
        <ele>717.75</ele>
        </trkpt>
      <trkpt lat="47.234164" lon="10.848206">
        <ele>719</ele>
        </trkpt>
      <trkpt lat="47.233701" lon="10.848503">
        <ele>719.25</ele>
        </trkpt>
      <trkpt lat="47.233612" lon="10.848618">
        <ele>719.5</ele>
        </trkpt>
      <trkpt lat="47.23359149623942" lon="10.848793512457014">
        <ele>718.5995081499691</ele>
      </trkpt>
      <trkpt lat="47.23334733983131" lon="10.849221119759108">
        <ele>719.1162574247232</ele>
      </trkpt>
      <trkpt lat="47.23314678672378" lon="10.849558672547118">
        <ele>720.2582715255735</ele>
      </trkpt>
      <trkpt lat="47.233063" lon="10.849711">
        <ele>722</ele>
        </trkpt>
      <trkpt lat="47.233011" lon="10.849902">
        <ele>722.75</ele>
        </trkpt>
      <trkpt lat="47.232897" lon="10.850538">
        <ele>728.25</ele>
        </trkpt>
      <trkpt lat="47.232894" lon="10.850882">
        <ele>731</ele>
        </trkpt>
      <trkpt lat="47.232879" lon="10.851104">
        <ele>731.5</ele>
        </trkpt>
      <trkpt lat="47.232693" lon="10.851163">
        <ele>732.75</ele>
        </trkpt>
      <trkpt lat="47.232513" lon="10.851401">
        <ele>733.75</ele>
        </trkpt>
      <trkpt lat="47.232367" lon="10.851647">
        <ele>733.75</ele>
        </trkpt>
      <trkpt lat="47.232372" lon="10.852248">
        <ele>732</ele>
        </trkpt>
      <trkpt lat="47.232221" lon="10.852315">
        <ele>732</ele>
        </trkpt>
      <trkpt lat="47.232324" lon="10.852494">
        <ele>731.25</ele>
        </trkpt>
      <trkpt lat="47.232461" lon="10.852874">
        <ele>730.5</ele>
        </trkpt>
      <trkpt lat="47.232516" lon="10.853023">
        <ele>730.25</ele>
        </trkpt>
      <trkpt lat="47.232446" lon="10.853004">
        <ele>730.5</ele>
        </trkpt>
      <trkpt lat="47.232403" lon="10.853009">
        <ele>730.75</ele>
        </trkpt>
      <trkpt lat="47.232375" lon="10.853025">
        <ele>730.75</ele>
        </trkpt>
      <trkpt lat="47.232365" lon="10.853031">
        <ele>730.75</ele>
        </trkpt>
      <trkpt lat="47.23232" lon="10.853093">
        <ele>731</ele>
        </trkpt>
      <trkpt lat="47.232278" lon="10.853172">
        <ele>731</ele>
        </trkpt>
      <trkpt lat="47.232184" lon="10.853408">
        <ele>731.5</ele>
        </trkpt>
      <trkpt lat="47.232053" lon="10.853579">
        <ele>732</ele>
        </trkpt>
      <trkpt lat="47.232046" lon="10.853589">
        <ele>732.25</ele>
        </trkpt>
      <trkpt lat="47.232014" lon="10.853534">
        <ele>732.25</ele>
        </trkpt>
      <trkpt lat="47.231945" lon="10.853397">
        <ele>732.5</ele>
        </trkpt>
      <trkpt lat="47.231861" lon="10.853317">
        <ele>733</ele>
        </trkpt>
      <trkpt lat="47.231714" lon="10.853051">
        <ele>733.25</ele>
        </trkpt>
      <trkpt lat="47.231602" lon="10.853088">
        <ele>733.75</ele>
        </trkpt>
      <trkpt lat="47.231488" lon="10.853117">
        <ele>734.25</ele>
        </trkpt>
      <trkpt lat="47.231404" lon="10.853172">
        <ele>734.75</ele>
        </trkpt>
      <trkpt lat="47.231327" lon="10.853038">
        <ele>734.75</ele>
        </trkpt>
      <trkpt lat="47.231257" lon="10.852941">
        <ele>734.25</ele>
        </trkpt>
      <trkpt lat="47.231207" lon="10.852871">
        <ele>734.25</ele>
        </trkpt>
      <trkpt lat="47.230997" lon="10.852621">
        <ele>734.25</ele>
        </trkpt>
      <trkpt lat="47.230919" lon="10.852528">
        <ele>734</ele>
        </trkpt>
      <trkpt lat="47.230709" lon="10.852276">
        <ele>733.75</ele>
        </trkpt>
      <trkpt lat="47.230582" lon="10.852117">
        <ele>733.75</ele>
        </trkpt>
      <trkpt lat="47.230395" lon="10.851857">
        <ele>733.5</ele>
        </trkpt>
      <trkpt lat="47.230362" lon="10.851901">
        <ele>733.75</ele>
        </trkpt>
      <trkpt lat="47.230247" lon="10.852061">
        <ele>735.5</ele>
        </trkpt>
      <trkpt lat="47.230179" lon="10.85215">
        <ele>736.5</ele>
        </trkpt>
      <trkpt lat="47.230074" lon="10.852162">
        <ele>737.25</ele>
        </trkpt>
      <trkpt lat="47.230046" lon="10.852166">
        <ele>737.5</ele>
        </trkpt>
      <trkpt lat="47.229946" lon="10.851934">
        <ele>737.25</ele>
        </trkpt>
      <trkpt lat="47.229853" lon="10.851887">
        <ele>738.5</ele>
        </trkpt>
      <trkpt lat="47.229617" lon="10.851586">
        <ele>740.5</ele>
        </trkpt>
      <trkpt lat="47.229377" lon="10.850979">
        <ele>740.75</ele>
        </trkpt>
      <trkpt lat="47.228993" lon="10.850869">
        <ele>743</ele>
        </trkpt>
      <trkpt lat="47.228739" lon="10.850542">
        <ele>740.5</ele>
        </trkpt>
      <trkpt lat="47.228402" lon="10.850579">
        <ele>740.75</ele>
        </trkpt>
      <trkpt lat="47.228345" lon="10.850426">
        <ele>739.5</ele>
        </trkpt>
      <trkpt lat="47.22827" lon="10.850294">
        <ele>738.25</ele>
        </trkpt>
      <trkpt lat="47.227933" lon="10.850383">
        <ele>737.75</ele>
        </trkpt>
      <trkpt lat="47.227786" lon="10.85012">
        <ele>736.25</ele>
        </trkpt>
      <trkpt lat="47.22779" lon="10.849946">
        <ele>735.25</ele>
        </trkpt>
      <trkpt lat="47.227722" lon="10.849513">
        <ele>729.75</ele>
        </trkpt>
      <trkpt lat="47.227736" lon="10.849387">
        <ele>728</ele>
        </trkpt>
      <trkpt lat="47.227707" lon="10.849402">
        <ele>728</ele>
        </trkpt>
      <trkpt lat="47.227736" lon="10.849387">
        <ele>728</ele>
        </trkpt>
      <trkpt lat="47.228066" lon="10.849281">
        <ele>728.5</ele>
        </trkpt>
      <trkpt lat="47.228438" lon="10.84897">
        <ele>725.25</ele>
        </trkpt>
      <trkpt lat="47.228485" lon="10.84878">
        <ele>722</ele>
        </trkpt>
      <trkpt lat="47.228635" lon="10.848933">
        <ele>725.75</ele>
        </trkpt>
      <trkpt lat="47.228653" lon="10.848664">
        <ele>721.25</ele>
        </trkpt>
      <trkpt lat="47.228817" lon="10.848624">
        <ele>722</ele>
        </trkpt>
      <trkpt lat="47.228759" lon="10.848536">
        <ele>720</ele>
        </trkpt>
      <trkpt lat="47.228822" lon="10.848489">
        <ele>720</ele>
        </trkpt>
      <trkpt lat="47.228789" lon="10.848482">
        <ele>719.5</ele>
        </trkpt>
      <trkpt lat="47.228773" lon="10.848478">
        <ele>719.25</ele>
        </trkpt>
      <trkpt lat="47.228789" lon="10.848482">
        <ele>719.5</ele>
        </trkpt>
      <trkpt lat="47.228822" lon="10.848489">
        <ele>720</ele>
        </trkpt>
      <trkpt lat="47.228911" lon="10.848421">
        <ele>720</ele>
        </trkpt>
      <trkpt lat="47.229044" lon="10.848342">
        <ele>720.5</ele>
        </trkpt>
      <trkpt lat="47.229277" lon="10.84825">
        <ele>721.75</ele>
        </trkpt>
      <trkpt lat="47.229323" lon="10.84817">
        <ele>721.25</ele>
        </trkpt>
      <trkpt lat="47.229492" lon="10.848166">
        <ele>724</ele>
        </trkpt>
      <trkpt lat="47.229584" lon="10.848086">
        <ele>724.75</ele>
        </trkpt>
      <trkpt lat="47.229692" lon="10.84807">
        <ele>726.75</ele>
        </trkpt>
      <trkpt lat="47.229922" lon="10.847921">
        <ele>730.5</ele>
        </trkpt>
      <trkpt lat="47.229789" lon="10.847489">
        <ele>724</ele>
        </trkpt>
      <trkpt lat="47.229778" lon="10.847339">
        <ele>721.75</ele>
        </trkpt>
      <trkpt lat="47.229918" lon="10.846875">
        <ele>721.25</ele>
        </trkpt>
      <trkpt lat="47.230067" lon="10.846268">
        <ele>718.25</ele>
        </trkpt>
      <trkpt lat="47.230067" lon="10.846268">
        <ele>718.25</ele>
        </trkpt>
      <trkpt lat="47.230133" lon="10.846">
        <ele>717</ele>
        </trkpt>
      <trkpt lat="47.230155" lon="10.845453">
        <ele>713.75</ele>
        </trkpt>
      <trkpt lat="47.230104" lon="10.84512">
        <ele>710.75</ele>
        </trkpt>
      <trkpt lat="47.230337" lon="10.845134">
        <ele>717.75</ele>
        </trkpt>
      <trkpt lat="47.230509" lon="10.845118">
        <ele>722.75</ele>
        </trkpt>
      <trkpt lat="47.230824" lon="10.845313">
        <ele>730.75</ele>
        </trkpt>
      <trkpt lat="47.231022" lon="10.845609">
        <ele>729</ele>
        </trkpt>
      <trkpt lat="47.231275" lon="10.845755">
        <ele>727</ele>
        </trkpt>
      <trkpt lat="47.23144" lon="10.845809">
        <ele>726</ele>
        </trkpt>
      <trkpt lat="47.231604" lon="10.845851">
        <ele>725</ele>
        </trkpt>
      <trkpt lat="47.231861" lon="10.845917">
        <ele>724</ele>
        </trkpt>
      <trkpt lat="47.232122" lon="10.845917">
        <ele>722.75</ele>
        </trkpt>
      <trkpt lat="47.232239" lon="10.845868">
        <ele>722.25</ele>
        </trkpt>
      <trkpt lat="47.232305" lon="10.846149">
        <ele>722</ele>
        </trkpt>
      <trkpt lat="47.232455" lon="10.846451">
        <ele>721.25</ele>
        </trkpt>
      <trkpt lat="47.232613" lon="10.846559">
        <ele>720.25</ele>
        </trkpt>
      <trkpt lat="47.232668" lon="10.846613">
        <ele>720</ele>
        </trkpt>
      <trkpt lat="47.232774" lon="10.846581">
        <ele>719.5</ele>
        </trkpt>
      <trkpt lat="47.232554" lon="10.846861">
        <ele>721.25</ele>
        </trkpt>
      <trkpt lat="47.232701" lon="10.847244">
        <ele>721.75</ele>
        </trkpt>
      <trkpt lat="47.232583" lon="10.847897">
        <ele>724.25</ele>
        </trkpt>
      <trkpt lat="47.232433" lon="10.848426">
        <ele>726.25</ele>
        </trkpt>
      <trkpt lat="47.232111" lon="10.849198">
        <ele>728.5</ele>
        </trkpt>
      <trkpt lat="47.231875" lon="10.849312">
        <ele>732</ele>
        </trkpt>
      <trkpt lat="47.23181" lon="10.849344">
        <ele>733</ele>
        </trkpt>
      <trkpt lat="47.231781" lon="10.849257">
        <ele>733.25</ele>
        </trkpt>
      <trkpt lat="47.231634" lon="10.848669">
        <ele>735.5</ele>
        </trkpt>
      <trkpt lat="47.231396" lon="10.848383">
        <ele>736</ele>
        </trkpt>
      <trkpt lat="47.23107" lon="10.848173">
        <ele>736.75</ele>
        </trkpt>
      <trkpt lat="47.230766" lon="10.848022">
        <ele>737.75</ele>
        </trkpt>
      <trkpt lat="47.230553" lon="10.847951">
        <ele>736.5</ele>
        </trkpt>
      <trkpt lat="47.230138" lon="10.847893">
        <ele>733.5</ele>
        </trkpt>
      <trkpt lat="47.230139" lon="10.848367">
        <ele>734.5</ele>
        </trkpt>
      <trkpt lat="47.230052" lon="10.848715">
        <ele>736</ele>
        </trkpt>
      <trkpt lat="47.229949" lon="10.849133">
        <ele>738.25</ele>
        </trkpt>
      <trkpt lat="47.230022" lon="10.849371">
        <ele>737.75</ele>
        </trkpt>
      <trkpt lat="47.230058" lon="10.849678">
        <ele>736.25</ele>
        </trkpt>
      <trkpt lat="47.229681" lon="10.84984">
        <ele>734.75</ele>
        </trkpt>
      <trkpt lat="47.229668" lon="10.849856">
        <ele>734.75</ele>
        </trkpt>
      <trkpt lat="47.229536" lon="10.850036">
        <ele>735</ele>
        </trkpt>
      <trkpt lat="47.229241" lon="10.849377">
        <ele>732.5</ele>
        </trkpt>
      <trkpt lat="47.229058" lon="10.849">
        <ele>728.5</ele>
        </trkpt>
      <trkpt lat="47.228817" lon="10.848624">
        <ele>722</ele>
        </trkpt>
      <trkpt lat="47.228759" lon="10.848536">
        <ele>720</ele>
        </trkpt>
      <trkpt lat="47.228682" lon="10.848419">
        <ele>717.5</ele>
        </trkpt>
      <trkpt lat="47.227399" lon="10.846531">
        <ele>716.5</ele>
        </trkpt>
      <trkpt lat="47.22658" lon="10.845318">
        <ele>729</ele>
        </trkpt>
      <trkpt lat="47.226055" lon="10.844555">
        <ele>726.5</ele>
        </trkpt>
      <trkpt lat="47.226034" lon="10.844523">
        <ele>726.5</ele>
        </trkpt>
      <trkpt lat="47.225726" lon="10.844589">
        <ele>727.25</ele>
        </trkpt>
      <trkpt lat="47.225572" lon="10.844511">
        <ele>728.25</ele>
        </trkpt>
      <trkpt lat="47.225316" lon="10.844127">
        <ele>727.25</ele>
        </trkpt>
      <trkpt lat="47.225152" lon="10.843618">
        <ele>727.75</ele>
        </trkpt>
      <trkpt lat="47.22489" lon="10.843573">
        <ele>729</ele>
        </trkpt>
      <trkpt lat="47.224792" lon="10.843556">
        <ele>729.5</ele>
        </trkpt>
      <trkpt lat="47.224664" lon="10.843564">
        <ele>730.25</ele>
        </trkpt>
      <trkpt lat="47.22454" lon="10.843633">
        <ele>731.25</ele>
        </trkpt>
      <trkpt lat="47.22407" lon="10.843727">
        <ele>734.5</ele>
        </trkpt>
      <trkpt lat="47.223976" lon="10.843784">
        <ele>735</ele>
        </trkpt>
      <trkpt lat="47.223829" lon="10.843955">
        <ele>736.25</ele>
        </trkpt>
      <trkpt lat="47.223655" lon="10.844256">
        <ele>738</ele>
        </trkpt>
      <trkpt lat="47.223578" lon="10.844312">
        <ele>738.75</ele>
        </trkpt>
      <trkpt lat="47.223502" lon="10.844339">
        <ele>739.25</ele>
        </trkpt>
      <trkpt lat="47.223388" lon="10.844339">
        <ele>739.75</ele>
        </trkpt>
      <trkpt lat="47.223178" lon="10.844311">
        <ele>741.25</ele>
        </trkpt>
      <trkpt lat="47.222855" lon="10.844422">
        <ele>744.5</ele>
        </trkpt>
      <trkpt lat="47.22276" lon="10.844506">
        <ele>745.5</ele>
        </trkpt>
      <trkpt lat="47.222615" lon="10.844672">
        <ele>746.75</ele>
        </trkpt>
      <trkpt lat="47.222468" lon="10.845075">
        <ele>747.5</ele>
        </trkpt>
      <trkpt lat="47.222429" lon="10.845251">
        <ele>746.75</ele>
        </trkpt>
      <trkpt lat="47.222332" lon="10.845393">
        <ele>746</ele>
        </trkpt>
      <trkpt lat="47.222183" lon="10.845548">
        <ele>745</ele>
        </trkpt>
      <trkpt lat="47.22184" lon="10.84567">
        <ele>744</ele>
        </trkpt>
      <trkpt lat="47.221656" lon="10.845894">
        <ele>743</ele>
        </trkpt>
      <trkpt lat="47.221552" lon="10.84602">
        <ele>743.75</ele>
        </trkpt>
      <trkpt lat="47.221461" lon="10.846306">
        <ele>743.5</ele>
        </trkpt>
      <trkpt lat="47.221455" lon="10.846554">
        <ele>742.75</ele>
        </trkpt>
      <trkpt lat="47.22153" lon="10.84677">
        <ele>742.75</ele>
        </trkpt>
      <trkpt lat="47.2215" lon="10.847141">
        <ele>743.75</ele>
        </trkpt>
      <trkpt lat="47.221414" lon="10.847422">
        <ele>744</ele>
        </trkpt>
      <trkpt lat="47.221273" lon="10.847666">
        <ele>744.75</ele>
        </trkpt>
      <trkpt lat="47.221212" lon="10.847951">
        <ele>747</ele>
        </trkpt>
      <trkpt lat="47.22117" lon="10.848081">
        <ele>747.75</ele>
        </trkpt>
      <trkpt lat="47.221117" lon="10.848242">
        <ele>748.75</ele>
        </trkpt>
      <trkpt lat="47.220982" lon="10.848294">
        <ele>748</ele>
        </trkpt>
      <trkpt lat="47.220811" lon="10.848196">
        <ele>745.75</ele>
        </trkpt>
      <trkpt lat="47.220762" lon="10.848208">
        <ele>746</ele>
        </trkpt>
      <trkpt lat="47.220762" lon="10.848208">
        <ele>746</ele>
        </trkpt>
      <trkpt lat="47.220727" lon="10.848218">
        <ele>746.25</ele>
        </trkpt>
      <trkpt lat="47.220592" lon="10.848253">
        <ele>746.75</ele>
        </trkpt>
      <trkpt lat="47.220277" lon="10.848546">
        <ele>750.5</ele>
        </trkpt>
      <trkpt lat="47.219873" lon="10.849063">
        <ele>758.75</ele>
        </trkpt>
      <trkpt lat="47.219776" lon="10.8493">
        <ele>762.25</ele>
        </trkpt>
      <trkpt lat="47.21933" lon="10.850288">
        <ele>764.25</ele>
        </trkpt>
      <trkpt lat="47.219255" lon="10.8504">
        <ele>764</ele>
        </trkpt>
      <trkpt lat="47.218675" lon="10.850799">
        <ele>767.75</ele>
        </trkpt>
      <trkpt lat="47.218329" lon="10.85108">
        <ele>769</ele>
        </trkpt>
      <trkpt lat="47.218072" lon="10.851389">
        <ele>774.25</ele>
        </trkpt>
      <trkpt lat="47.217493" lon="10.85233">
        <ele>773.25</ele>
        </trkpt>
      <trkpt lat="47.217424" lon="10.852493">
        <ele>773.75</ele>
        </trkpt>
      <trkpt lat="47.217377" lon="10.85297">
        <ele>770.5</ele>
        </trkpt>
      <trkpt lat="47.217285" lon="10.853119">
        <ele>773</ele>
        </trkpt>
      <trkpt lat="47.217081" lon="10.853391">
        <ele>778.75</ele>
        </trkpt>
      <trkpt lat="47.216983" lon="10.853578">
        <ele>780.25</ele>
        </trkpt>
      <trkpt lat="47.21696" lon="10.854039">
        <ele>774.5</ele>
        </trkpt>
      <trkpt lat="47.216893" lon="10.854742">
        <ele>773.5</ele>
        </trkpt>
      <trkpt lat="47.216905" lon="10.854913">
        <ele>772.75</ele>
        </trkpt>
      <trkpt lat="47.216894" lon="10.855159">
        <ele>772.25</ele>
        </trkpt>
      <trkpt lat="47.216831" lon="10.8553">
        <ele>772.5</ele>
        </trkpt>
      <trkpt lat="47.216718" lon="10.855412">
        <ele>773.25</ele>
        </trkpt>
      <trkpt lat="47.216158" lon="10.855656">
        <ele>779.75</ele>
        </trkpt>
      <trkpt lat="47.215987" lon="10.855794">
        <ele>781</ele>
        </trkpt>
      <trkpt lat="47.215655" lon="10.856194">
        <ele>783.75</ele>
        </trkpt>
      <trkpt lat="47.215443" lon="10.856531">
        <ele>784</ele>
        </trkpt>
      <trkpt lat="47.215311" lon="10.856951">
        <ele>782.5</ele>
        </trkpt>
      <trkpt lat="47.215291" lon="10.857012">
        <ele>782.25</ele>
        </trkpt>
      <trkpt lat="47.215218" lon="10.857018">
        <ele>782.5</ele>
        </trkpt>
      <trkpt lat="47.215169" lon="10.856964">
        <ele>782.75</ele>
        </trkpt>
      <trkpt lat="47.215154" lon="10.856918">
        <ele>783.25</ele>
        </trkpt>
      <trkpt lat="47.215087" lon="10.856713">
        <ele>785</ele>
        </trkpt>
      <trkpt lat="47.214924" lon="10.856467">
        <ele>787.25</ele>
        </trkpt>
      <trkpt lat="47.214764" lon="10.85628">
        <ele>788.5</ele>
        </trkpt>
      <trkpt lat="47.214532" lon="10.856082">
        <ele>789.5</ele>
        </trkpt>
      <trkpt lat="47.214397" lon="10.856009">
        <ele>789.75</ele>
        </trkpt>
      <trkpt lat="47.214085" lon="10.855785">
        <ele>791.5</ele>
        </trkpt>
      <trkpt lat="47.213843" lon="10.855561">
        <ele>793.25</ele>
        </trkpt>
      <trkpt lat="47.21365" lon="10.855263">
        <ele>795.5</ele>
        </trkpt>
      <trkpt lat="47.213624" lon="10.855199">
        <ele>796</ele>
        </trkpt>
      <trkpt lat="47.213596" lon="10.855131">
        <ele>796.25</ele>
        </trkpt>
      <trkpt lat="47.213427" lon="10.854914">
        <ele>798</ele>
        </trkpt>
      <trkpt lat="47.213396" lon="10.854873">
        <ele>798.5</ele>
        </trkpt>
      <trkpt lat="47.213633" lon="10.854362">
        <ele>800.25</ele>
        </trkpt>
      <trkpt lat="47.213637" lon="10.854223">
        <ele>801</ele>
        </trkpt>
      <trkpt lat="47.213502" lon="10.853856">
        <ele>804</ele>
        </trkpt>
      <trkpt lat="47.213445" lon="10.853135">
        <ele>808</ele>
        </trkpt>
      <trkpt lat="47.213347" lon="10.852491">
        <ele>808.75</ele>
        </trkpt>
      <trkpt lat="47.213224" lon="10.85213">
        <ele>812.5</ele>
        </trkpt>
      <trkpt lat="47.213204" lon="10.85192">
        <ele>814</ele>
        </trkpt>
      <trkpt lat="47.213208" lon="10.851607">
        <ele>815.5</ele>
        </trkpt>
      <trkpt lat="47.213209" lon="10.85155">
        <ele>816</ele>
        </trkpt>
      <trkpt lat="47.213212" lon="10.850898">
        <ele>820</ele>
        </trkpt>
      <trkpt lat="47.213184" lon="10.850615">
        <ele>821.5</ele>
        </trkpt>
      <trkpt lat="47.213122" lon="10.850362">
        <ele>822.75</ele>
        </trkpt>
      <trkpt lat="47.213101" lon="10.849784">
        <ele>824.25</ele>
        </trkpt>
      <trkpt lat="47.213055" lon="10.849647">
        <ele>824.75</ele>
        </trkpt>
      <trkpt lat="47.212978" lon="10.849546">
        <ele>825.75</ele>
        </trkpt>
      <trkpt lat="47.212896" lon="10.849491">
        <ele>826.5</ele>
        </trkpt>
      <trkpt lat="47.212787" lon="10.849442">
        <ele>827.5</ele>
        </trkpt>
      <trkpt lat="47.212644" lon="10.849395">
        <ele>829</ele>
        </trkpt>
      <trkpt lat="47.212669" lon="10.849203">
        <ele>829</ele>
        </trkpt>
      <trkpt lat="47.212695" lon="10.849005">
        <ele>829.5</ele>
        </trkpt>
      <trkpt lat="47.212758" lon="10.84833">
        <ele>831</ele>
        </trkpt>
      <trkpt lat="47.212766" lon="10.848118">
        <ele>830.25</ele>
        </trkpt>
      <trkpt lat="47.212759" lon="10.847724">
        <ele>828.75</ele>
        </trkpt>
      <trkpt lat="47.212771" lon="10.846787">
        <ele>828.25</ele>
        </trkpt>
      <trkpt lat="47.212824" lon="10.846314">
        <ele>829</ele>
        </trkpt>
      <trkpt lat="47.212841" lon="10.846203">
        <ele>829.25</ele>
        </trkpt>
      <trkpt lat="47.212844" lon="10.846186">
        <ele>829.25</ele>
        </trkpt>
      <trkpt lat="47.212855" lon="10.846134">
        <ele>829.25</ele>
        </trkpt>
      <trkpt lat="47.213026" lon="10.846226">
        <ele>828.75</ele>
        </trkpt>
      <trkpt lat="47.213151" lon="10.846208">
        <ele>828.5</ele>
        </trkpt>
      <trkpt lat="47.213384" lon="10.846031">
        <ele>828.25</ele>
        </trkpt>
      <trkpt lat="47.213816" lon="10.846496">
        <ele>825.25</ele>
        </trkpt>
      <trkpt lat="47.213848" lon="10.846497">
        <ele>825</ele>
        </trkpt>
      <trkpt lat="47.214309" lon="10.846518">
        <ele>822.75</ele>
        </trkpt>
      <trkpt lat="47.214418" lon="10.846643">
        <ele>821.75</ele>
        </trkpt>
      <trkpt lat="47.214428" lon="10.846988">
        <ele>821.5</ele>
        </trkpt>
      <trkpt lat="47.214508" lon="10.847234">
        <ele>821.25</ele>
        </trkpt>
      <trkpt lat="47.214676" lon="10.847497">
        <ele>820.5</ele>
        </trkpt>
      <trkpt lat="47.214829" lon="10.847628">
        <ele>819.25</ele>
        </trkpt>
      <trkpt lat="47.214974" lon="10.847936">
        <ele>817.5</ele>
        </trkpt>
      <trkpt lat="47.2151" lon="10.848062">
        <ele>816.5</ele>
        </trkpt>
      <trkpt lat="47.21519" lon="10.848197">
        <ele>815.75</ele>
        </trkpt>
      <trkpt lat="47.215256" lon="10.848615">
        <ele>814.25</ele>
        </trkpt>
      <trkpt lat="47.215337" lon="10.848729">
        <ele>814</ele>
        </trkpt>
      <trkpt lat="47.215402" lon="10.848744">
        <ele>814</ele>
        </trkpt>
      <trkpt lat="47.215478" lon="10.848679">
        <ele>814.25</ele>
        </trkpt>
      <trkpt lat="47.21559" lon="10.848463">
        <ele>814</ele>
        </trkpt>
      <trkpt lat="47.216163" lon="10.848148">
        <ele>815.25</ele>
        </trkpt>
      <trkpt lat="47.216398" lon="10.847979">
        <ele>815.5</ele>
        </trkpt>
      <trkpt lat="47.216425" lon="10.84796">
        <ele>815.75</ele>
        </trkpt>
      <trkpt lat="47.216433" lon="10.848175">
        <ele>816.5</ele>
        </trkpt>
      <trkpt lat="47.216547" lon="10.848333">
        <ele>818</ele>
        </trkpt>
      <trkpt lat="47.216576" lon="10.848997">
        <ele>822</ele>
        </trkpt>
      <trkpt lat="47.2165" lon="10.849346">
        <ele>824</ele>
        </trkpt>
      <trkpt lat="47.216543" lon="10.84957">
        <ele>826.25</ele>
        </trkpt>
      <trkpt lat="47.216372" lon="10.85017">
        <ele>827.75</ele>
        </trkpt>
      <trkpt lat="47.216144" lon="10.850596">
        <ele>825.5</ele>
        </trkpt>
      <trkpt lat="47.216069" lon="10.850747">
        <ele>824.75</ele>
        </trkpt>
      <trkpt lat="47.216016" lon="10.850855">
        <ele>824.5</ele>
        </trkpt>
      <trkpt lat="47.215987" lon="10.850941">
        <ele>824</ele>
        </trkpt>
      <trkpt lat="47.215996" lon="10.85112">
        <ele>823.5</ele>
        </trkpt>
      <trkpt lat="47.21614" lon="10.851333">
        <ele>823.75</ele>
        </trkpt>
      <trkpt lat="47.216161" lon="10.851319">
        <ele>824.9278037809307</ele>
      </trkpt>
      <trkpt lat="47.21627090060986" lon="10.851785293527058">
        <ele>824.2894763492059</ele>
      </trkpt>
      <trkpt lat="47.216448308261675" lon="10.851775965360503">
        <ele>825.2675182787787</ele>
      </trkpt>
      <trkpt lat="47.216587" lon="10.851504">
        <ele>825.5</ele>
        </trkpt>
      <trkpt lat="47.216587" lon="10.851491">
        <ele>825.75</ele>
        </trkpt>
      <trkpt lat="47.216816" lon="10.85121">
        <ele>822.5</ele>
        </trkpt>
      <trkpt lat="47.216947" lon="10.850917">
        <ele>821</ele>
        </trkpt>
      <trkpt lat="47.217029" lon="10.850541">
        <ele>825.25</ele>
        </trkpt>
      <trkpt lat="47.217072" lon="10.85045">
        <ele>827.25</ele>
        </trkpt>
      <trkpt lat="47.217268" lon="10.850039">
        <ele>837.25</ele>
        </trkpt>
      <trkpt lat="47.217324" lon="10.849832">
        <ele>840</ele>
        </trkpt>
      <trkpt lat="47.217663" lon="10.849423">
        <ele>843.75</ele>
        </trkpt>
      <trkpt lat="47.217776" lon="10.849321">
        <ele>843.75</ele>
        </trkpt>
      <trkpt lat="47.217816" lon="10.848951">
        <ele>847.5</ele>
        </trkpt>
      <trkpt lat="47.217907" lon="10.848715">
        <ele>848.5</ele>
        </trkpt>
      <trkpt lat="47.21802" lon="10.848377">
        <ele>851.25</ele>
        </trkpt>
      <trkpt lat="47.218023" lon="10.848023">
        <ele>848.75</ele>
        </trkpt>
      <trkpt lat="47.218251" lon="10.847259">
        <ele>845.25</ele>
        </trkpt>
      <trkpt lat="47.218261" lon="10.847052">
        <ele>843.75</ele>
        </trkpt>
      <trkpt lat="47.218343" lon="10.846762">
        <ele>842</ele>
        </trkpt>
      <trkpt lat="47.21834" lon="10.846608">
        <ele>840.75</ele>
        </trkpt>
      <trkpt lat="47.218274" lon="10.846468">
        <ele>838.5</ele>
        </trkpt>
      <trkpt lat="47.218238" lon="10.846323">
        <ele>836.25</ele>
        </trkpt>
      <trkpt lat="47.21835" lon="10.84586">
        <ele>832.75</ele>
        </trkpt>
      <trkpt lat="47.218348" lon="10.845661">
        <ele>831.75</ele>
        </trkpt>
      <trkpt lat="47.218511" lon="10.845262">
        <ele>828.75</ele>
        </trkpt>
      <trkpt lat="47.218516" lon="10.845267">
        <ele>828.5</ele>
        </trkpt>
      <trkpt lat="47.218612" lon="10.845381">
        <ele>827.5</ele>
        </trkpt>
      <trkpt lat="47.218703" lon="10.845322">
        <ele>826.75</ele>
        </trkpt>
      <trkpt lat="47.218885" lon="10.845054">
        <ele>829.25</ele>
        </trkpt>
      <trkpt lat="47.219118" lon="10.845076">
        <ele>829</ele>
        </trkpt>
      <trkpt lat="47.219265" lon="10.844919">
        <ele>826.75</ele>
        </trkpt>
      <trkpt lat="47.219482" lon="10.844756">
        <ele>818.5</ele>
        </trkpt>
      <trkpt lat="47.219548" lon="10.84454">
        <ele>819.5</ele>
        </trkpt>
      <trkpt lat="47.219578" lon="10.844286">
        <ele>823.25</ele>
        </trkpt>
      <trkpt lat="47.219654" lon="10.844078">
        <ele>823.75</ele>
        </trkpt>
      <trkpt lat="47.21972" lon="10.843869">
        <ele>823.5</ele>
        </trkpt>
      <trkpt lat="47.219921" lon="10.843423">
        <ele>824.5</ele>
        </trkpt>
      <trkpt lat="47.220175" lon="10.843342">
        <ele>818.25</ele>
        </trkpt>
      <trkpt lat="47.220387" lon="10.843189">
        <ele>812.25</ele>
        </trkpt>
      <trkpt lat="47.220402" lon="10.843179">
        <ele>812</ele>
        </trkpt>
      <trkpt lat="47.220631" lon="10.842946">
        <ele>810</ele>
        </trkpt>
      <trkpt lat="47.220727" lon="10.842708">
        <ele>814</ele>
        </trkpt>
      <trkpt lat="47.221005" lon="10.842559">
        <ele>814.75</ele>
        </trkpt>
      <trkpt lat="47.22142" lon="10.842417">
        <ele>812.75</ele>
        </trkpt>
      <trkpt lat="47.221708" lon="10.842067">
        <ele>815</ele>
        </trkpt>
      <trkpt lat="47.221834" lon="10.841829">
        <ele>815</ele>
        </trkpt>
      <trkpt lat="47.221946" lon="10.841382">
        <ele>818</ele>
        </trkpt>
      <trkpt lat="47.222052" lon="10.841024">
        <ele>818.75</ele>
        </trkpt>
      <trkpt lat="47.222128" lon="10.840488">
        <ele>816.25</ele>
        </trkpt>
      <trkpt lat="47.222183" lon="10.84028">
        <ele>813</ele>
        </trkpt>
      <trkpt lat="47.222189" lon="10.840153">
        <ele>811.75</ele>
        </trkpt>
      <trkpt lat="47.222163" lon="10.840133">
        <ele>812.25</ele>
        </trkpt>
      <trkpt lat="47.222032" lon="10.840026">
        <ele>815</ele>
        </trkpt>
      <trkpt lat="47.22193" lon="10.840004">
        <ele>817.75</ele>
        </trkpt>
      <trkpt lat="47.221759" lon="10.84019">
        <ele>824</ele>
        </trkpt>
      <trkpt lat="47.221678" lon="10.840265">
        <ele>827</ele>
        </trkpt>
      <trkpt lat="47.221394" lon="10.840391">
        <ele>827</ele>
        </trkpt>
      <trkpt lat="47.220995" lon="10.840622">
        <ele>828.75</ele>
        </trkpt>
      <trkpt lat="47.220848" lon="10.840779">
        <ele>831.75</ele>
        </trkpt>
      <trkpt lat="47.220782" lon="10.840794">
        <ele>832</ele>
        </trkpt>
      <trkpt lat="47.220752" lon="10.840607">
        <ele>828</ele>
        </trkpt>
      <trkpt lat="47.220682" lon="10.840527">
        <ele>825.75</ele>
        </trkpt>
      <trkpt lat="47.220661" lon="10.840503">
        <ele>825.25</ele>
        </trkpt>
      <trkpt lat="47.220803" lon="10.840384">
        <ele>823</ele>
        </trkpt>
      <trkpt lat="47.220646" lon="10.840324">
        <ele>821.25</ele>
        </trkpt>
      <trkpt lat="47.220388" lon="10.840265">
        <ele>818.5</ele>
        </trkpt>
      <trkpt lat="47.22018" lon="10.84019">
        <ele>815.5</ele>
        </trkpt>
      <trkpt lat="47.220165" lon="10.840093">
        <ele>812.75</ele>
        </trkpt>
      <trkpt lat="47.220211" lon="10.840019">
        <ele>811</ele>
        </trkpt>
      <trkpt lat="47.220383" lon="10.839922">
        <ele>808.75</ele>
        </trkpt>
      <trkpt lat="47.220762" lon="10.83987">
        <ele>809.75</ele>
        </trkpt>
      <trkpt lat="47.220909" lon="10.839833">
        <ele>810</ele>
        </trkpt>
      <trkpt lat="47.22099" lon="10.839706">
        <ele>806.5</ele>
        </trkpt>
      <trkpt lat="47.221045" lon="10.839542">
        <ele>801.5</ele>
        </trkpt>
      <trkpt lat="47.22105" lon="10.839453">
        <ele>798.5</ele>
        </trkpt>
      <trkpt lat="47.220964" lon="10.839371">
        <ele>794.5</ele>
        </trkpt>
      <trkpt lat="47.220838" lon="10.839356">
        <ele>792.5</ele>
        </trkpt>
      <trkpt lat="47.220494" lon="10.839416">
        <ele>791.75</ele>
        </trkpt>
      <trkpt lat="47.220457" lon="10.839425">
        <ele>791.75</ele>
        </trkpt>
      <trkpt lat="47.220231" lon="10.839483">
        <ele>792</ele>
        </trkpt>
      <trkpt lat="47.220062" lon="10.839454">
        <ele>789.75</ele>
        </trkpt>
      <trkpt lat="47.219927" lon="10.839252">
        <ele>784.5</ele>
        </trkpt>
      <trkpt lat="47.219776" lon="10.83876">
        <ele>778.5</ele>
        </trkpt>
      <trkpt lat="47.219705" lon="10.838448">
        <ele>774.75</ele>
        </trkpt>
      <trkpt lat="47.219462" lon="10.83812">
        <ele>778.75</ele>
        </trkpt>
      <trkpt lat="47.219386" lon="10.837837">
        <ele>777.5</ele>
        </trkpt>
      <trkpt lat="47.219265" lon="10.837517">
        <ele>776.25</ele>
        </trkpt>
      <trkpt lat="47.219189" lon="10.837219">
        <ele>776.25</ele>
        </trkpt>
      <trkpt lat="47.219022" lon="10.836861">
        <ele>775.75</ele>
        </trkpt>
      <trkpt lat="47.218896" lon="10.836385">
        <ele>773.75</ele>
        </trkpt>
      <trkpt lat="47.21883" lon="10.836243">
        <ele>773.5</ele>
        </trkpt>
      <trkpt lat="47.218587" lon="10.8359">
        <ele>773.5</ele>
        </trkpt>
      <trkpt lat="47.218557" lon="10.835692">
        <ele>772.75</ele>
        </trkpt>
      <trkpt lat="47.218541" lon="10.835357">
        <ele>771.5</ele>
        </trkpt>
      <trkpt lat="47.218577" lon="10.835236">
        <ele>770.75</ele>
        </trkpt>
      <trkpt lat="47.218648" lon="10.834999">
        <ele>769.25</ele>
        </trkpt>
      <trkpt lat="47.218951" lon="10.834746">
        <ele>767</ele>
        </trkpt>
      <trkpt lat="47.219016" lon="10.834464">
        <ele>765.75</ele>
        </trkpt>
      <trkpt lat="47.219123" lon="10.834129">
        <ele>764.75</ele>
        </trkpt>
      <trkpt lat="47.219472" lon="10.833547">
        <ele>760.5</ele>
        </trkpt>
      <trkpt lat="47.219543" lon="10.833093">
        <ele>760.75</ele>
        </trkpt>
      <trkpt lat="47.219528" lon="10.832753">
        <ele>761.5</ele>
        </trkpt>
      <trkpt lat="47.21969" lon="10.832609">
        <ele>761</ele>
        </trkpt>
      <trkpt lat="47.219816" lon="10.832579">
        <ele>760.5</ele>
        </trkpt>
      <trkpt lat="47.219942" lon="10.832315">
        <ele>759.5</ele>
        </trkpt>
      <trkpt lat="47.220073" lon="10.832138">
        <ele>757.5</ele>
        </trkpt>
      <trkpt lat="47.220208" lon="10.83173">
        <ele>754.75</ele>
        </trkpt>
      <trkpt lat="47.220299" lon="10.831644">
        <ele>753.5</ele>
        </trkpt>
      <trkpt lat="47.220401" lon="10.831467">
        <ele>752.25</ele>
        </trkpt>
      <trkpt lat="47.220477" lon="10.831118">
        <ele>751</ele>
        </trkpt>
      <trkpt lat="47.220466" lon="10.830845">
        <ele>750.5</ele>
        </trkpt>
      <trkpt lat="47.220528" lon="10.830738">
        <ele>749.5</ele>
        </trkpt>
      <trkpt lat="47.220754" lon="10.830523">
        <ele>747.5</ele>
        </trkpt>
      <trkpt lat="47.220966" lon="10.830174">
        <ele>744.75</ele>
        </trkpt>
      <trkpt lat="47.221075" lon="10.829928">
        <ele>742.5</ele>
        </trkpt>
      <trkpt lat="47.221188" lon="10.829633">
        <ele>738.75</ele>
        </trkpt>
      <trkpt lat="47.221221" lon="10.829418">
        <ele>737</ele>
        </trkpt>
      <trkpt lat="47.221217" lon="10.829295">
        <ele>736</ele>
        </trkpt>
      <trkpt lat="47.221253" lon="10.829316">
        <ele>735.75</ele>
        </trkpt>
      <trkpt lat="47.221217" lon="10.829295">
        <ele>736</ele>
        </trkpt>
      <trkpt lat="47.22135" lon="10.829104">
        <ele>734.25</ele>
        </trkpt>
      <trkpt lat="47.221396" lon="10.828732">
        <ele>734.25</ele>
        </trkpt>
      <trkpt lat="47.22138" lon="10.828596">
        <ele>734.25</ele>
        </trkpt>
      <trkpt lat="47.221298" lon="10.828459">
        <ele>734.5</ele>
        </trkpt>
      <trkpt lat="47.221311" lon="10.828381">
        <ele>734.5</ele>
        </trkpt>
      <trkpt lat="47.221292" lon="10.828299">
        <ele>734.5</ele>
        </trkpt>
      <trkpt lat="47.221249" lon="10.828232">
        <ele>734.25</ele>
        </trkpt>
      <trkpt lat="47.221205" lon="10.8282">
        <ele>734.25</ele>
        </trkpt>
      <trkpt lat="47.221159" lon="10.828136">
        <ele>734.25</ele>
        </trkpt>
      <trkpt lat="47.220963" lon="10.827347">
        <ele>734</ele>
        </trkpt>
      <trkpt lat="47.220961" lon="10.827308">
        <ele>734</ele>
        </trkpt>
      <trkpt lat="47.220969" lon="10.827269">
        <ele>733.75</ele>
        </trkpt>
      <trkpt lat="47.22086" lon="10.827091">
        <ele>733.25</ele>
        </trkpt>
      <trkpt lat="47.220807" lon="10.827025">
        <ele>733.25</ele>
        </trkpt>
      <trkpt lat="47.220742" lon="10.826969">
        <ele>733</ele>
        </trkpt>
      <trkpt lat="47.220502" lon="10.82683">
        <ele>732.75</ele>
        </trkpt>
      <trkpt lat="47.220226" lon="10.826631">
        <ele>732.25</ele>
        </trkpt>
      <trkpt lat="47.220199" lon="10.826611">
        <ele>732.25</ele>
        </trkpt>
      <trkpt lat="47.220097" lon="10.826489">
        <ele>731.75</ele>
        </trkpt>
      <trkpt lat="47.219981" lon="10.826382">
        <ele>731.25</ele>
        </trkpt>
      <trkpt lat="47.219858" lon="10.826304">
        <ele>731</ele>
        </trkpt>
      <trkpt lat="47.219598" lon="10.826235">
        <ele>731.25</ele>
        </trkpt>
      <trkpt lat="47.21953" lon="10.826169">
        <ele>731.25</ele>
        </trkpt>
      <trkpt lat="47.21949" lon="10.826096">
        <ele>731</ele>
        </trkpt>
      <trkpt lat="47.219429" lon="10.825946">
        <ele>730.5</ele>
        </trkpt>
      <trkpt lat="47.219415" lon="10.825887">
        <ele>730.25</ele>
        </trkpt>
      <trkpt lat="47.219423" lon="10.825802">
        <ele>730</ele>
        </trkpt>
      <trkpt lat="47.219444" lon="10.825705">
        <ele>730</ele>
        </trkpt>
      <trkpt lat="47.219673" lon="10.824922">
        <ele>729.5</ele>
        </trkpt>
      <trkpt lat="47.219753" lon="10.824461">
        <ele>728.75</ele>
        </trkpt>
      <trkpt lat="47.219786" lon="10.824037">
        <ele>728</ele>
        </trkpt>
      <trkpt lat="47.219802" lon="10.823911">
        <ele>727.75</ele>
        </trkpt>
      <trkpt lat="47.219701" lon="10.823898">
        <ele>728.25</ele>
        </trkpt>
      <trkpt lat="47.219607" lon="10.823871">
        <ele>728.75</ele>
        </trkpt>
      <trkpt lat="47.219537" lon="10.82379">
        <ele>728.75</ele>
        </trkpt>
      <trkpt lat="47.219504" lon="10.823715">
        <ele>728.5</ele>
        </trkpt>
      <trkpt lat="47.219488" lon="10.823679">
        <ele>728.5</ele>
        </trkpt>
      <trkpt lat="47.219345" lon="10.823117">
        <ele>727.25</ele>
        </trkpt>
      <trkpt lat="47.219312" lon="10.823015">
        <ele>727</ele>
        </trkpt>
      <trkpt lat="47.219119" lon="10.823109">
        <ele>727.5</ele>
        </trkpt>
      <trkpt lat="47.219062" lon="10.823129">
        <ele>727.75</ele>
        </trkpt>
      <trkpt lat="47.218893" lon="10.823163">
        <ele>728.5</ele>
        </trkpt>
      <trkpt lat="47.218709" lon="10.823158">
        <ele>729.25</ele>
        </trkpt>
      <trkpt lat="47.218396" lon="10.823099">
        <ele>730</ele>
        </trkpt>
      <trkpt lat="47.218154" lon="10.823074">
        <ele>732</ele>
        </trkpt>
      <trkpt lat="47.217911" lon="10.82303">
        <ele>734.25</ele>
        </trkpt>
      <trkpt lat="47.217828" lon="10.823">
        <ele>735</ele>
        </trkpt>
      <trkpt lat="47.217757" lon="10.822949">
        <ele>735.25</ele>
        </trkpt>
      <trkpt lat="47.217645" lon="10.822839">
        <ele>735.75</ele>
        </trkpt>
      <trkpt lat="47.217601" lon="10.822806">
        <ele>736</ele>
        </trkpt>
      <trkpt lat="47.21755" lon="10.822789">
        <ele>736.5</ele>
        </trkpt>
      <trkpt lat="47.217495" lon="10.822791">
        <ele>737</ele>
        </trkpt>
      <trkpt lat="47.217443" lon="10.822814">
        <ele>737.5</ele>
        </trkpt>
      <trkpt lat="47.217234" lon="10.822947">
        <ele>740</ele>
        </trkpt>
      <trkpt lat="47.217161" lon="10.823037">
        <ele>741.25</ele>
        </trkpt>
      <trkpt lat="47.217101" lon="10.823111">
        <ele>742.25</ele>
        </trkpt>
      <trkpt lat="47.217025" lon="10.823162">
        <ele>743</ele>
        </trkpt>
      <trkpt lat="47.217048" lon="10.823774">
        <ele>749.25</ele>
        </trkpt>
      <trkpt lat="47.217033" lon="10.823889">
        <ele>750.5</ele>
        </trkpt>
      <trkpt lat="47.217001" lon="10.823968">
        <ele>751.75</ele>
        </trkpt>
      <trkpt lat="47.21692" lon="10.824069">
        <ele>753.25</ele>
        </trkpt>
      <trkpt lat="47.216664" lon="10.824308">
        <ele>757.75</ele>
        </trkpt>
      <trkpt lat="47.216532" lon="10.824435">
        <ele>759.75</ele>
        </trkpt>
      <trkpt lat="47.216307" lon="10.824671">
        <ele>763.25</ele>
        </trkpt>
      <trkpt lat="47.216296" lon="10.824692">
        <ele>763.5</ele>
        </trkpt>
      <trkpt lat="47.216277" lon="10.824733">
        <ele>764</ele>
        </trkpt>
      <trkpt lat="47.21626" lon="10.824825">
        <ele>765.25</ele>
        </trkpt>
      <trkpt lat="47.216254" lon="10.825162">
        <ele>768.75</ele>
        </trkpt>
      <trkpt lat="47.216263" lon="10.825319">
        <ele>770.25</ele>
        </trkpt>
      <trkpt lat="47.216296" lon="10.825549">
        <ele>772.25</ele>
        </trkpt>
      <trkpt lat="47.216339" lon="10.825777">
        <ele>774.25</ele>
        </trkpt>
      <trkpt lat="47.216486" lon="10.826285">
        <ele>779</ele>
        </trkpt>
      <trkpt lat="47.216502" lon="10.826368">
        <ele>779.5</ele>
        </trkpt>
      <trkpt lat="47.216508" lon="10.826477">
        <ele>780.5</ele>
        </trkpt>
      <trkpt lat="47.216489" lon="10.826591">
        <ele>781.75</ele>
        </trkpt>
      <trkpt lat="47.216447" lon="10.826685">
        <ele>782.5</ele>
        </trkpt>
      <trkpt lat="47.216364" lon="10.826759">
        <ele>783.5</ele>
        </trkpt>
      <trkpt lat="47.216101" lon="10.826909">
        <ele>785.75</ele>
        </trkpt>
      <trkpt lat="47.215965" lon="10.82706">
        <ele>787.75</ele>
        </trkpt>
      <trkpt lat="47.215635" lon="10.827461">
        <ele>793.5</ele>
        </trkpt>
      <trkpt lat="47.215561" lon="10.827554">
        <ele>794.75</ele>
        </trkpt>
      <trkpt lat="47.215335" lon="10.82784">
        <ele>799.25</ele>
        </trkpt>
      <trkpt lat="47.21532" lon="10.827891">
        <ele>800</ele>
        </trkpt>
      <trkpt lat="47.215289" lon="10.82799">
        <ele>801.25</ele>
        </trkpt>
      <trkpt lat="47.215272" lon="10.828127">
        <ele>803</ele>
        </trkpt>
      <trkpt lat="47.215276" lon="10.828313">
        <ele>805.25</ele>
        </trkpt>
      <trkpt lat="47.215359" lon="10.828777">
        <ele>807.25</ele>
        </trkpt>
      <trkpt lat="47.215377" lon="10.828988">
        <ele>808</ele>
        </trkpt>
      <trkpt lat="47.215369" lon="10.829149">
        <ele>809</ele>
        </trkpt>
      <trkpt lat="47.215343" lon="10.829302">
        <ele>809.25</ele>
        </trkpt>
      <trkpt lat="47.215228" lon="10.82964">
        <ele>810.25</ele>
        </trkpt>
      <trkpt lat="47.215224" lon="10.829707">
        <ele>810.25</ele>
        </trkpt>
      <trkpt lat="47.215228" lon="10.829887">
        <ele>810</ele>
        </trkpt>
      <trkpt lat="47.21521" lon="10.830153">
        <ele>810.75</ele>
        </trkpt>
      <trkpt lat="47.215178" lon="10.830439">
        <ele>812.5</ele>
        </trkpt>
      <trkpt lat="47.215086" lon="10.830908">
        <ele>816.75</ele>
        </trkpt>
      <trkpt lat="47.215058" lon="10.831129">
        <ele>818.75</ele>
        </trkpt>
      <trkpt lat="47.215058" lon="10.831337">
        <ele>820.25</ele>
        </trkpt>
      <trkpt lat="47.215086" lon="10.831475">
        <ele>820.5</ele>
        </trkpt>
      <trkpt lat="47.215127" lon="10.831584">
        <ele>820.25</ele>
        </trkpt>
      <trkpt lat="47.21518" lon="10.831689">
        <ele>819.75</ele>
        </trkpt>
      <trkpt lat="47.215428" lon="10.831883">
        <ele>814.75</ele>
        </trkpt>
      <trkpt lat="47.215489" lon="10.831979">
        <ele>813.5</ele>
        </trkpt>
      <trkpt lat="47.215527" lon="10.83212">
        <ele>813</ele>
        </trkpt>
      <trkpt lat="47.215537" lon="10.832275">
        <ele>813.5</ele>
        </trkpt>
      <trkpt lat="47.215509" lon="10.832585">
        <ele>816</ele>
        </trkpt>
      <trkpt lat="47.215512" lon="10.832706">
        <ele>817.25</ele>
        </trkpt>
      <trkpt lat="47.215535" lon="10.832837">
        <ele>817.75</ele>
        </trkpt>
      <trkpt lat="47.215742" lon="10.833687">
        <ele>816.5</ele>
        </trkpt>
      <trkpt lat="47.215764" lon="10.833999">
        <ele>818</ele>
        </trkpt>
      <trkpt lat="47.215811" lon="10.834226">
        <ele>817.75</ele>
        </trkpt>
      <trkpt lat="47.215868" lon="10.834548">
        <ele>818.75</ele>
        </trkpt>
      <trkpt lat="47.21595" lon="10.83487">
        <ele>819.25</ele>
        </trkpt>
      <trkpt lat="47.215951" lon="10.834981">
        <ele>820.25</ele>
        </trkpt>
      <trkpt lat="47.215894" lon="10.835454">
        <ele>823.75</ele>
        </trkpt>
      <trkpt lat="47.215906" lon="10.835481">
        <ele>823.25</ele>
        </trkpt>
      <trkpt lat="47.215894" lon="10.835454">
        <ele>823.75</ele>
        </trkpt>
      <trkpt lat="47.215846" lon="10.835836">
        <ele>826.5</ele>
        </trkpt>
      <trkpt lat="47.215852" lon="10.835978">
        <ele>827.75</ele>
        </trkpt>
      <trkpt lat="47.215922" lon="10.83635">
        <ele>829.75</ele>
        </trkpt>
      <trkpt lat="47.215953" lon="10.836415">
        <ele>829.75</ele>
        </trkpt>
      <trkpt lat="47.216027" lon="10.836507">
        <ele>828.5</ele>
        </trkpt>
      <trkpt lat="47.216159" lon="10.836647">
        <ele>826.75</ele>
        </trkpt>
      <trkpt lat="47.21627" lon="10.836863">
        <ele>827.5</ele>
        </trkpt>
      <trkpt lat="47.216331" lon="10.836942">
        <ele>827.25</ele>
        </trkpt>
      <trkpt lat="47.216584" lon="10.837118">
        <ele>824.25</ele>
        </trkpt>
      <trkpt lat="47.216723" lon="10.837291">
        <ele>824.25</ele>
        </trkpt>
      <trkpt lat="47.216785" lon="10.837384">
        <ele>824.5</ele>
        </trkpt>
      <trkpt lat="47.216814" lon="10.837457">
        <ele>825.25</ele>
        </trkpt>
      <trkpt lat="47.216842" lon="10.837619">
        <ele>825</ele>
        </trkpt>
      <trkpt lat="47.216812" lon="10.83772">
        <ele>830.7840563645826</ele>
      </trkpt>
      <trkpt lat="47.21717862490277" lon="10.837997907039465">
        <ele>821.6214660276999</ele>
      </trkpt>
      <trkpt lat="47.21733818727745" lon="10.837895767941006">
        <ele>818.5016256145211</ele>
      </trkpt>
      <trkpt lat="47.21741103081223" lon="10.838069404407605">
        <ele>816.8377487788449</ele>
      </trkpt>
      <trkpt lat="47.21760527974496" lon="10.838248147831195">
        <ele>811.9662593023388</ele>
      </trkpt>
      <trkpt lat="47.21778565311638" lon="10.838248147831195">
        <ele>810.4112515821353</ele>
      </trkpt>
      <trkpt lat="47.217997137761614" lon="10.838340020660155">
        <ele>808.8223643172312</ele>
      </trkpt>
      <trkpt lat="47.218226" lon="10.838402">
        <ele>809.5</ele>
        </trkpt>
      <trkpt lat="47.218237" lon="10.838255">
        <ele>808</ele>
        </trkpt>
      <trkpt lat="47.218282" lon="10.838019">
        <ele>804</ele>
        </trkpt>
      <trkpt lat="47.218381" lon="10.837716">
        <ele>797.5</ele>
        </trkpt>
      <trkpt lat="47.218353" lon="10.837515">
        <ele>794.75</ele>
        </trkpt>
      <trkpt lat="47.218247" lon="10.837337">
        <ele>793.25</ele>
        </trkpt>
      <trkpt lat="47.21802" lon="10.837269">
        <ele>795.5</ele>
        </trkpt>
      <trkpt lat="47.217994" lon="10.837262">
        <ele>796</ele>
        </trkpt>
      <trkpt lat="47.217883" lon="10.837169">
        <ele>796</ele>
        </trkpt>
      <trkpt lat="47.217736" lon="10.836797">
        <ele>791.5</ele>
        </trkpt>
      <trkpt lat="47.217554" lon="10.836557">
        <ele>791</ele>
        </trkpt>
      <trkpt lat="47.217402" lon="10.836399">
        <ele>792.25</ele>
        </trkpt>
      <trkpt lat="47.217481" lon="10.835912">
        <ele>785</ele>
        </trkpt>
      <trkpt lat="47.217611" lon="10.835413">
        <ele>779.75</ele>
        </trkpt>
      <trkpt lat="47.217845" lon="10.835328">
        <ele>777</ele>
        </trkpt>
      <trkpt lat="47.218389" lon="10.835259">
        <ele>772.25</ele>
        </trkpt>
      <trkpt lat="47.218577" lon="10.835236">
        <ele>770.75</ele>
        </trkpt>
      <trkpt lat="47.218648" lon="10.834999">
        <ele>769.25</ele>
        </trkpt>
      <trkpt lat="47.218951" lon="10.834746">
        <ele>767</ele>
        </trkpt>
      <trkpt lat="47.219016" lon="10.834464">
        <ele>765.75</ele>
        </trkpt>
      <trkpt lat="47.219123" lon="10.834129">
        <ele>764.75</ele>
        </trkpt>
      <trkpt lat="47.219472" lon="10.833547">
        <ele>760.5</ele>
        </trkpt>
      <trkpt lat="47.219543" lon="10.833093">
        <ele>760.75</ele>
        </trkpt>
      <trkpt lat="47.219528" lon="10.832753">
        <ele>761.5</ele>
        </trkpt>
      <trkpt lat="47.21969" lon="10.832609">
        <ele>761</ele>
        </trkpt>
      <trkpt lat="47.219816" lon="10.832579">
        <ele>760.5</ele>
        </trkpt>
      <trkpt lat="47.219942" lon="10.832315">
        <ele>759.5</ele>
        </trkpt>
      <trkpt lat="47.220073" lon="10.832138">
        <ele>757.5</ele>
        </trkpt>
      <trkpt lat="47.220208" lon="10.83173">
        <ele>754.75</ele>
        </trkpt>
      <trkpt lat="47.220299" lon="10.831644">
        <ele>753.5</ele>
        </trkpt>
      <trkpt lat="47.220401" lon="10.831467">
        <ele>752.25</ele>
        </trkpt>
      <trkpt lat="47.220477" lon="10.831118">
        <ele>751</ele>
        </trkpt>
      <trkpt lat="47.220466" lon="10.830845">
        <ele>750.5</ele>
        </trkpt>
      <trkpt lat="47.220528" lon="10.830738">
        <ele>749.5</ele>
        </trkpt>
      <trkpt lat="47.220754" lon="10.830523">
        <ele>747.5</ele>
        </trkpt>
      <trkpt lat="47.220966" lon="10.830174">
        <ele>744.75</ele>
        </trkpt>
      <trkpt lat="47.221075" lon="10.829928">
        <ele>742.5</ele>
        </trkpt>
      <trkpt lat="47.221188" lon="10.829633">
        <ele>738.75</ele>
        </trkpt>
      <trkpt lat="47.221221" lon="10.829418">
        <ele>737</ele>
        </trkpt>
      <trkpt lat="47.221217" lon="10.829295">
        <ele>736</ele>
        </trkpt>
      <trkpt lat="47.221272" lon="10.829327">
        <ele>735.75</ele>
        </trkpt>
      <trkpt lat="47.221335" lon="10.829539">
        <ele>736.75</ele>
        </trkpt>
      <trkpt lat="47.221363" lon="10.829675">
        <ele>737.5</ele>
        </trkpt>
      <trkpt lat="47.221385" lon="10.829906">
        <ele>738.75</ele>
        </trkpt>
      <trkpt lat="47.221319" lon="10.830164">
        <ele>740.5</ele>
        </trkpt>
      <trkpt lat="47.221319" lon="10.830197">
        <ele>740.5</ele>
        </trkpt>
      <trkpt lat="47.221323" lon="10.83048">
        <ele>741.25</ele>
        </trkpt>
      <trkpt lat="47.221377" lon="10.830641">
        <ele>741</ele>
        </trkpt>
      <trkpt lat="47.221403" lon="10.830856">
        <ele>741</ele>
        </trkpt>
      <trkpt lat="47.221406" lon="10.830947">
        <ele>741</ele>
        </trkpt>
      <trkpt lat="47.221537" lon="10.831459">
        <ele>739.5</ele>
        </trkpt>
      <trkpt lat="47.221646" lon="10.831555">
        <ele>738.25</ele>
        </trkpt>
      <trkpt lat="47.221761" lon="10.831635">
        <ele>737.5</ele>
        </trkpt>
      <trkpt lat="47.221934" lon="10.83186">
        <ele>736.75</ele>
        </trkpt>
      <trkpt lat="47.22193" lon="10.831973">
        <ele>736.75</ele>
        </trkpt>
      <trkpt lat="47.22184" lon="10.832381">
        <ele>737.5</ele>
        </trkpt>
      <trkpt lat="47.221875" lon="10.832448">
        <ele>737.25</ele>
        </trkpt>
      <trkpt lat="47.222161" lon="10.832368">
        <ele>736.5</ele>
        </trkpt>
      <trkpt lat="47.222271" lon="10.832436">
        <ele>736.25</ele>
        </trkpt>
      <trkpt lat="47.222504" lon="10.832353">
        <ele>735.5</ele>
        </trkpt>
      <trkpt lat="47.22253" lon="10.83241">
        <ele>735.5</ele>
        </trkpt>
      <trkpt lat="47.222611" lon="10.832453">
        <ele>735.5</ele>
        </trkpt>
      <trkpt lat="47.222656" lon="10.832556">
        <ele>735.5</ele>
        </trkpt>
      <trkpt lat="47.222788" lon="10.832675">
        <ele>734.75</ele>
        </trkpt>
      <trkpt lat="47.222851" lon="10.832745">
        <ele>734.25</ele>
        </trkpt>
      <trkpt lat="47.222889" lon="10.832838">
        <ele>733.75</ele>
        </trkpt>
      <trkpt lat="47.222883" lon="10.833017">
        <ele>733.5</ele>
        </trkpt>
      <trkpt lat="47.222904" lon="10.833064">
        <ele>733.25</ele>
        </trkpt>
      <trkpt lat="47.223072" lon="10.833015">
        <ele>731.25</ele>
        </trkpt>
      <trkpt lat="47.22316" lon="10.833242">
        <ele>728.5</ele>
        </trkpt>
      <trkpt lat="47.223144" lon="10.833355">
        <ele>728.25</ele>
        </trkpt>
      <trkpt lat="47.223151" lon="10.833491">
        <ele>727.75</ele>
        </trkpt>
      <trkpt lat="47.223353" lon="10.833648">
        <ele>724.25</ele>
        </trkpt>
      <trkpt lat="47.22361" lon="10.834002">
        <ele>724.75</ele>
        </trkpt>
      <trkpt lat="47.223735" lon="10.833975">
        <ele>725.5</ele>
        </trkpt>
      <trkpt lat="47.223836" lon="10.833975">
        <ele>726</ele>
        </trkpt>
      <trkpt lat="47.224007" lon="10.833998">
        <ele>726.75</ele>
        </trkpt>
      <trkpt lat="47.224105" lon="10.834054">
        <ele>726.75</ele>
        </trkpt>
      <trkpt lat="47.224293" lon="10.834014">
        <ele>726.75</ele>
        </trkpt>
      <trkpt lat="47.224475" lon="10.834124">
        <ele>724.75</ele>
        </trkpt>
      <trkpt lat="47.224618" lon="10.834273">
        <ele>724</ele>
        </trkpt>
      <trkpt lat="47.224656" lon="10.834476">
        <ele>724.25</ele>
        </trkpt>
      <trkpt lat="47.224903" lon="10.834758">
        <ele>722.25</ele>
        </trkpt>
      <trkpt lat="47.224939" lon="10.834785">
        <ele>721.75</ele>
        </trkpt>
      <trkpt lat="47.225139" lon="10.834931">
        <ele>719.5</ele>
        </trkpt>
      <trkpt lat="47.225207" lon="10.834976">
        <ele>718.75</ele>
        </trkpt>
      <trkpt lat="47.225253" lon="10.834996">
        <ele>718.25</ele>
        </trkpt>
      <trkpt lat="47.225334" lon="10.835013">
        <ele>717.25</ele>
        </trkpt>
      <trkpt lat="47.225405" lon="10.834989">
        <ele>716.5</ele>
        </trkpt>
      <trkpt lat="47.225429" lon="10.834893">
        <ele>716.25</ele>
        </trkpt>
      <trkpt lat="47.225658" lon="10.834805">
        <ele>714</ele>
        </trkpt>
      <trkpt lat="47.225806" lon="10.834839">
        <ele>712.25</ele>
        </trkpt>
      <trkpt lat="47.225863" lon="10.834932">
        <ele>711.75</ele>
        </trkpt>
      <trkpt lat="47.225929" lon="10.835224">
        <ele>711.5</ele>
        </trkpt>
      <trkpt lat="47.225986" lon="10.83553">
        <ele>711.75</ele>
        </trkpt>
      <trkpt lat="47.226309" lon="10.835998">
        <ele>708.5</ele>
        </trkpt>
      <trkpt lat="47.226449" lon="10.835874">
        <ele>706</ele>
        </trkpt>
      <trkpt lat="47.226616" lon="10.835625">
        <ele>703.5</ele>
        </trkpt>
      <trkpt lat="47.226629" lon="10.835616">
        <ele>703.25</ele>
        </trkpt>
      <trkpt lat="47.22664" lon="10.83561">
        <ele>703.25</ele>
        </trkpt>
      <trkpt lat="47.226681" lon="10.835618">
        <ele>702.75</ele>
        </trkpt>
      <trkpt lat="47.226715" lon="10.83567">
        <ele>702.25</ele>
        </trkpt>
      <trkpt lat="47.226844" lon="10.836011">
        <ele>700.75</ele>
        </trkpt>
      <trkpt lat="47.226869" lon="10.836044">
        <ele>700.25</ele>
        </trkpt>
      <trkpt lat="47.226899" lon="10.836049">
        <ele>700</ele>
        </trkpt>
      <trkpt lat="47.226926" lon="10.83602">
        <ele>699.5</ele>
        </trkpt>
      <trkpt lat="47.227022" lon="10.8359">
        <ele>698</ele>
        </trkpt>
      <trkpt lat="47.227081" lon="10.835854">
        <ele>697</ele>
        </trkpt>
      <trkpt lat="47.227146" lon="10.836037">
        <ele>696.5</ele>
        </trkpt>
      <trkpt lat="47.227244" lon="10.836182">
        <ele>695.5</ele>
        </trkpt>
      <trkpt lat="47.227509" lon="10.836517">
        <ele>693.25</ele>
        </trkpt>
      <trkpt lat="47.227812" lon="10.836812">
        <ele>692</ele>
        </trkpt>
      <trkpt lat="47.22816" lon="10.837087">
        <ele>691.75</ele>
        </trkpt>
      <trkpt lat="47.228325" lon="10.837253">
        <ele>692.25</ele>
        </trkpt>
      <trkpt lat="47.228498" lon="10.837298">
        <ele>691.75</ele>
        </trkpt>
      <trkpt lat="47.230273" lon="10.838518">
        <ele>695</ele>
        </trkpt>
      <trkpt lat="47.230371" lon="10.838555">
        <ele>694.75</ele>
        </trkpt>
      <trkpt lat="47.230463" lon="10.838568">
        <ele>694.5</ele>
        </trkpt>
      <trkpt lat="47.230569" lon="10.838533">
        <ele>694</ele>
        </trkpt>
      <trkpt lat="47.230637" lon="10.838475">
        <ele>693.5</ele>
        </trkpt>
      <trkpt lat="47.230745" lon="10.838361">
        <ele>692.25</ele>
        </trkpt>
      <trkpt lat="47.2308" lon="10.838319">
        <ele>691.75</ele>
        </trkpt>
      <trkpt lat="47.230829" lon="10.838317">
        <ele>691.75</ele>
        </trkpt>
      <trkpt lat="47.230857" lon="10.838336">
        <ele>691.75</ele>
        </trkpt>
      <trkpt lat="47.230891" lon="10.838402">
        <ele>691.75</ele>
        </trkpt>
      <trkpt lat="47.230947" lon="10.838589">
        <ele>692.25</ele>
        </trkpt>
      <trkpt lat="47.231009" lon="10.838694">
        <ele>692</ele>
        </trkpt>
      <trkpt lat="47.231162" lon="10.838784">
        <ele>690.75</ele>
        </trkpt>
      <trkpt lat="47.231357" lon="10.838826">
        <ele>688.75</ele>
        </trkpt>
      <trkpt lat="47.231431" lon="10.838874">
        <ele>688</ele>
        </trkpt>
      <trkpt lat="47.231475" lon="10.838948">
        <ele>687.75</ele>
        </trkpt>
      <trkpt lat="47.231506" lon="10.839085">
        <ele>687.75</ele>
        </trkpt>
      <trkpt lat="47.231505" lon="10.839243">
        <ele>687.75</ele>
        </trkpt>
      <trkpt lat="47.231458" lon="10.83943">
        <ele>688</ele>
        </trkpt>
      <trkpt lat="47.231396" lon="10.839558">
        <ele>688.25</ele>
        </trkpt>
      <trkpt lat="47.231425" lon="10.839665">
        <ele>687.5</ele>
        </trkpt>
      <trkpt lat="47.23143" lon="10.83968">
        <ele>687.5</ele>
        </trkpt>
      <trkpt lat="47.231569" lon="10.839869">
        <ele>686.5</ele>
        </trkpt>
      <trkpt lat="47.231814" lon="10.840265">
        <ele>690.25</ele>
        </trkpt>
      <trkpt lat="47.231901" lon="10.840413">
        <ele>692.5</ele>
        </trkpt>
      <trkpt lat="47.231949" lon="10.840543">
        <ele>694.25</ele>
        </trkpt>
      <trkpt lat="47.232033" lon="10.840491">
        <ele>694.75</ele>
        </trkpt>
      <trkpt lat="47.232099" lon="10.84041">
        <ele>694.75</ele>
        </trkpt>
      <trkpt lat="47.232182" lon="10.840225">
        <ele>694.25</ele>
        </trkpt>
      <trkpt lat="47.232227" lon="10.840174">
        <ele>694.5</ele>
        </trkpt>
      <trkpt lat="47.232283" lon="10.840189">
        <ele>695.25</ele>
        </trkpt>
      <trkpt lat="47.232351" lon="10.840274">
        <ele>696.75</ele>
        </trkpt>
      <trkpt lat="47.232459" lon="10.840408">
        <ele>698.75</ele>
        </trkpt>
      <trkpt lat="47.232574" lon="10.840483">
        <ele>699.5</ele>
        </trkpt>
      <trkpt lat="47.232753" lon="10.840522">
        <ele>699</ele>
        </trkpt>
      <trkpt lat="47.23296" lon="10.840755">
        <ele>700.25</ele>
        </trkpt>
      <trkpt lat="47.23302" lon="10.840863">
        <ele>700.75</ele>
        </trkpt>
      <trkpt lat="47.233091" lon="10.84104">
        <ele>702</ele>
        </trkpt>
      <trkpt lat="47.23312" lon="10.84125">
        <ele>703.5</ele>
        </trkpt>
      <trkpt lat="47.233126" lon="10.841482">
        <ele>705.25</ele>
        </trkpt>
      <trkpt lat="47.233118" lon="10.841621">
        <ele>706</ele>
        </trkpt>
      <trkpt lat="47.233111" lon="10.841743">
        <ele>707</ele>
        </trkpt>
      <trkpt lat="47.233135" lon="10.841977">
        <ele>708</ele>
        </trkpt>
      <trkpt lat="47.233186" lon="10.842185">
        <ele>708.75</ele>
        </trkpt>
      <trkpt lat="47.233263" lon="10.84242">
        <ele>710.25</ele>
        </trkpt>
      <trkpt lat="47.233313" lon="10.842531">
        <ele>711</ele>
        </trkpt>
      <trkpt lat="47.23334" lon="10.842666">
        <ele>711.5</ele>
        </trkpt>
      <trkpt lat="47.233335" lon="10.842822">
        <ele>712</ele>
        </trkpt>
      <trkpt lat="47.233302" lon="10.842979">
        <ele>712.5</ele>
        </trkpt>
      <trkpt lat="47.233254" lon="10.843317">
        <ele>714</ele>
        </trkpt>
      <trkpt lat="47.233246" lon="10.843644">
        <ele>713.75</ele>
        </trkpt>
      <trkpt lat="47.233247" lon="10.844169">
        <ele>713.25</ele>
        </trkpt>
      <trkpt lat="47.233215" lon="10.844706">
        <ele>714.25</ele>
        </trkpt>
      <trkpt lat="47.233241" lon="10.844953">
        <ele>714.5</ele>
        </trkpt>
      <trkpt lat="47.233294" lon="10.8451">
        <ele>714.5</ele>
        </trkpt>
      <trkpt lat="47.233397" lon="10.84522">
        <ele>713.75</ele>
        </trkpt>
      <trkpt lat="47.233558" lon="10.845253">
        <ele>712.5</ele>
        </trkpt>
      <trkpt lat="47.233619" lon="10.845316">
        <ele>712.25</ele>
        </trkpt>
      <trkpt lat="47.233672" lon="10.845413">
        <ele>712</ele>
        </trkpt>
      <trkpt lat="47.233756" lon="10.845759">
        <ele>712.5</ele>
        </trkpt>
      <trkpt lat="47.23383" lon="10.846047">
        <ele>712.75</ele>
        </trkpt>
      <trkpt lat="47.233934" lon="10.846262">
        <ele>712.5</ele>
        </trkpt>
      <trkpt lat="47.234044" lon="10.846387">
        <ele>712</ele>
        </trkpt>
      <trkpt lat="47.23427" lon="10.846511">
        <ele>708.25</ele>
        </trkpt>
      <trkpt lat="47.234378" lon="10.846595">
        <ele>705</ele>
        </trkpt>
      <trkpt lat="47.234452" lon="10.846702">
        <ele>703.25</ele>
        </trkpt>
      <trkpt lat="47.234652" lon="10.847184">
        <ele>701.25</ele>
        </trkpt>
      <trkpt lat="47.234767" lon="10.847408">
        <ele>700.75</ele>
        </trkpt>
      <trkpt lat="47.234796" lon="10.847433">
        <ele>700.25</ele>
        </trkpt>
      <trkpt lat="47.234869" lon="10.847496">
        <ele>699.5</ele>
        </trkpt>
      <trkpt lat="47.235018" lon="10.847784">
        <ele>701.5</ele>
        </trkpt>
      <trkpt lat="47.235464" lon="10.848508">
        <ele>701.5</ele>
        </trkpt>
      <trkpt lat="47.235638" lon="10.848894">
        <ele>702.5</ele>
        </trkpt>
      <trkpt lat="47.235758" lon="10.849104">
        <ele>702.75</ele>
        </trkpt>
      <trkpt lat="47.235788" lon="10.849217">
        <ele>703.25</ele>
        </trkpt>
      <trkpt lat="47.235794" lon="10.8494">
        <ele>704.25</ele>
        </trkpt>
      <trkpt lat="47.235807" lon="10.849519">
        <ele>705</ele>
        </trkpt>
      <trkpt lat="47.235885" lon="10.849665">
        <ele>704.5</ele>
        </trkpt>
      <trkpt lat="47.236137" lon="10.849846">
        <ele>701</ele>
        </trkpt>
      <trkpt lat="47.236437" lon="10.850268">
        <ele>698.5</ele>
        </trkpt>
      <trkpt lat="47.236573" lon="10.850511">
        <ele>698</ele>
        </trkpt>
      <trkpt lat="47.236798" lon="10.851051">
        <ele>696.25</ele>
        </trkpt>
      <trkpt lat="47.23657" lon="10.851355">
        <ele>700.25</ele>
        </trkpt>
      <trkpt lat="47.236389" lon="10.851597">
        <ele>701.25</ele>
        </trkpt>
      <trkpt lat="47.236351" lon="10.851661">
        <ele>701.5</ele>
        </trkpt>
      <trkpt lat="47.236425" lon="10.851784">
        <ele>701</ele>
        </trkpt>
      <trkpt lat="47.236652" lon="10.852321">
        <ele>700.75</ele>
        </trkpt>
      <trkpt lat="47.236903" lon="10.85291">
        <ele>699.25</ele>
        </trkpt>
      <trkpt lat="47.237074" lon="10.85339">
        <ele>699</ele>
        </trkpt>
      <trkpt lat="47.237203" lon="10.853854">
        <ele>698.25</ele>
        </trkpt>
      <trkpt lat="47.237261" lon="10.854149">
        <ele>698</ele>
        </trkpt>
      <trkpt lat="47.237273" lon="10.85432">
        <ele>698</ele>
        </trkpt>
      <trkpt lat="47.237262" lon="10.854479">
        <ele>698</ele>
        </trkpt>
      <trkpt lat="47.237206" lon="10.854788">
        <ele>698</ele>
        </trkpt>
      <trkpt lat="47.237161" lon="10.855022">
        <ele>698</ele>
        </trkpt>
      <trkpt lat="47.237145" lon="10.855178">
        <ele>697.75</ele>
        </trkpt>
      <trkpt lat="47.237145" lon="10.855323">
        <ele>697.25</ele>
        </trkpt>
      <trkpt lat="47.23717" lon="10.855511">
        <ele>696.5</ele>
        </trkpt>
      <trkpt lat="47.237212" lon="10.855683">
        <ele>696</ele>
        </trkpt>
      <trkpt lat="47.237351" lon="10.856059">
        <ele>695.25</ele>
        </trkpt>
      <trkpt lat="47.236708" lon="10.856934">
        <ele>698.25</ele>
        </trkpt>
      <trkpt lat="47.236826" lon="10.857231">
        <ele>698.75</ele>
        </trkpt>
      <trkpt lat="47.237003" lon="10.857632">
        <ele>698.25</ele>
        </trkpt>
      <trkpt lat="47.237371" lon="10.858386">
        <ele>695.25</ele>
        </trkpt>
      <trkpt lat="47.23757" lon="10.858762">
        <ele>694.5</ele>
        </trkpt>
      <trkpt lat="47.237649" lon="10.858923">
        <ele>694.25</ele>
        </trkpt>
      <trkpt lat="47.237689" lon="10.859067">
        <ele>694</ele>
        </trkpt>
      <trkpt lat="47.237698" lon="10.859203">
        <ele>694</ele>
        </trkpt>
      <trkpt lat="47.237684" lon="10.859314">
        <ele>694</ele>
        </trkpt>
      <trkpt lat="47.237667" lon="10.859374">
        <ele>694</ele>
        </trkpt>
      <trkpt lat="47.237607" lon="10.85946">
        <ele>694.25</ele>
        </trkpt>
      <trkpt lat="47.237549" lon="10.859524">
        <ele>694.75</ele>
        </trkpt>
      <trkpt lat="47.237658" lon="10.860002">
        <ele>694</ele>
        </trkpt>
      <trkpt lat="47.237895" lon="10.860846">
        <ele>692</ele>
        </trkpt>
      <trkpt lat="47.237954" lon="10.860986">
        <ele>691.5</ele>
        </trkpt>
      <trkpt lat="47.238278" lon="10.861433">
        <ele>690.25</ele>
        </trkpt>
      <trkpt lat="47.238321" lon="10.861536">
        <ele>690</ele>
        </trkpt>
      <trkpt lat="47.238419" lon="10.862499">
        <ele>690.75</ele>
        </trkpt>
      <trkpt lat="47.238599" lon="10.864376">
        <ele>690.25</ele>
        </trkpt>
      <trkpt lat="47.238597" lon="10.864444">
        <ele>690.25</ele>
        </trkpt>
      <trkpt lat="47.238577" lon="10.864501">
        <ele>690.25</ele>
        </trkpt>
      <trkpt lat="47.238511" lon="10.864546">
        <ele>690</ele>
        </trkpt>
      <trkpt lat="47.238305" lon="10.864688">
        <ele>690</ele>
        </trkpt>
      <trkpt lat="47.238283" lon="10.864733">
        <ele>690</ele>
        </trkpt>
      <trkpt lat="47.238287" lon="10.864797">
        <ele>690</ele>
        </trkpt>
      <trkpt lat="47.238871" lon="10.864528">
        <ele>690.75</ele>
        </trkpt>
      <trkpt lat="47.239144" lon="10.864338">
        <ele>691</ele>
        </trkpt>
      <trkpt lat="47.239625" lon="10.864006">
        <ele>691.25</ele>
        </trkpt>
      <trkpt lat="47.239679" lon="10.863977">
        <ele>691</ele>
        </trkpt>
      <trkpt lat="47.239625" lon="10.864006">
        <ele>691.25</ele>
        </trkpt>
      <trkpt lat="47.239888" lon="10.864833">
        <ele>693.5</ele>
        </trkpt>
      <trkpt lat="47.239907" lon="10.865168">
        <ele>693.5</ele>
        </trkpt>
      <trkpt lat="47.239889" lon="10.865495">
        <ele>693</ele>
        </trkpt>
      <trkpt lat="47.240176" lon="10.865598">
        <ele>693.5</ele>
        </trkpt>
      <trkpt lat="47.240451" lon="10.865791">
        <ele>694</ele>
        </trkpt>
      <trkpt lat="47.240792" lon="10.865896">
        <ele>694.75</ele>
        </trkpt>
      <trkpt lat="47.240927" lon="10.865978">
        <ele>694.5</ele>
        </trkpt>
      <trkpt lat="47.241217" lon="10.866241">
        <ele>694</ele>
        </trkpt>
      <trkpt lat="47.241394" lon="10.866206">
        <ele>694.25</ele>
        </trkpt>
      <trkpt lat="47.241625" lon="10.8661">
        <ele>694.5</ele>
        </trkpt>
      <trkpt lat="47.241819" lon="10.865866">
        <ele>694.5</ele>
        </trkpt>
      <trkpt lat="47.242173" lon="10.865664">
        <ele>693.5</ele>
        </trkpt>
      <trkpt lat="47.24221" lon="10.865717">
        <ele>693.5</ele>
        </trkpt>
      <trkpt lat="47.242287" lon="10.865725">
        <ele>693.25</ele>
        </trkpt>
      <trkpt lat="47.242544" lon="10.865557">
        <ele>692.25</ele>
        </trkpt>
      <trkpt lat="47.2426" lon="10.865497">
        <ele>692.25</ele>
        </trkpt>
      <trkpt lat="47.242657" lon="10.865419">
        <ele>692.25</ele>
        </trkpt>
      <trkpt lat="47.242706" lon="10.865414">
        <ele>692.25</ele>
        </trkpt>
      <trkpt lat="47.242669" lon="10.865644">
        <ele>692.75</ele>
        </trkpt>
      <trkpt lat="47.242671" lon="10.865844">
        <ele>693.25</ele>
        </trkpt>
      <trkpt lat="47.242666" lon="10.86603">
        <ele>693.5</ele>
        </trkpt>
      <trkpt lat="47.242707" lon="10.866265">
        <ele>693.75</ele>
        </trkpt>
      <trkpt lat="47.242728" lon="10.866458">
        <ele>693.75</ele>
        </trkpt>
      <trkpt lat="47.242742" lon="10.866482">
        <ele>693.75</ele>
        </trkpt>
      <trkpt lat="47.242924" lon="10.86647">
        <ele>694</ele>
        </trkpt>
      <trkpt lat="47.243078" lon="10.866496">
        <ele>693.3000000000011</ele>
      </trkpt>
      <trkpt lat="47.243275436006286" lon="10.866003498001845">
        <ele>694.153294003523</ele>
      </trkpt>
      <trkpt lat="47.243666321090004" lon="10.865676095310894">
        <ele>695.4934630752313</ele>
      </trkpt>
      <trkpt lat="47.24395089198072" lon="10.86543774066584">
        <ele>694.785742764641</ele>
      </trkpt>
      <trkpt lat="47.244318626947575" lon="10.865056555678057">
        <ele>692.9576696438726</ele>
      </trkpt>
      <trkpt lat="47.24466607127292" lon="10.864696403468315">
        <ele>692.3633165363394</ele>
      </trkpt>
      <trkpt lat="47.24481175475975" lon="10.864286717121757">
        <ele>693.404393999748</ele>
      </trkpt>
      <trkpt lat="47.24518258364583" lon="10.86391604852247">
        <ele>692.6611279573832</ele>
      </trkpt>
      <trkpt lat="47.245487191146196" lon="10.86391604852247">
        <ele>691.9964788563659</ele>
      </trkpt>
      <trkpt lat="47.24593394232832" lon="10.863991259329095">
        <ele>691.5248747393962</ele>
      </trkpt>
      <trkpt lat="47.24595072093763" lon="10.863994084017179">
        <ele>691.4870279950094</ele>
      </trkpt>
      <trkpt lat="47.245935" lon="10.864008">
        <ele>692</ele>
        </trkpt>
      <trkpt lat="47.245961" lon="10.864063">
        <ele>692.25</ele>
        </trkpt>
      <trkpt lat="47.246015" lon="10.864137">
        <ele>692.25</ele>
        </trkpt>
      <trkpt lat="47.246121" lon="10.864227">
        <ele>692.5</ele>
        </trkpt>
      <trkpt lat="47.246175" lon="10.864318">
        <ele>692.75</ele>
        </trkpt>
      <trkpt lat="47.246263" lon="10.86437">
        <ele>692.75</ele>
        </trkpt>
      <trkpt lat="47.246325" lon="10.864383">
        <ele>692.5</ele>
        </trkpt>
      <trkpt lat="47.246514" lon="10.86469">
        <ele>693.25</ele>
        </trkpt>
      <trkpt lat="47.246584" lon="10.864717">
        <ele>693</ele>
        </trkpt>
      <trkpt lat="47.2467" lon="10.864791">
        <ele>693</ele>
        </trkpt>
      <trkpt lat="47.246873" lon="10.864847">
        <ele>692.75</ele>
        </trkpt>
      <trkpt lat="47.247025" lon="10.864864">
        <ele>692.5</ele>
        </trkpt>
      <trkpt lat="47.247088" lon="10.8648">
        <ele>692</ele>
        </trkpt>
      <trkpt lat="47.247313" lon="10.864717">
        <ele>691</ele>
        </trkpt>
      <trkpt lat="47.247499" lon="10.864623">
        <ele>690</ele>
        </trkpt>
      <trkpt lat="47.247562" lon="10.864549">
        <ele>689.75</ele>
        </trkpt>
      <trkpt lat="47.247649" lon="10.864482">
        <ele>689.75</ele>
        </trkpt>
      <trkpt lat="47.24774" lon="10.864482">
        <ele>690</ele>
        </trkpt>
      <trkpt lat="47.24779" lon="10.864465">
        <ele>690</ele>
        </trkpt>
      <trkpt lat="47.247878" lon="10.864471">
        <ele>690</ele>
        </trkpt>
      <trkpt lat="47.24788" lon="10.864591">
        <ele>690.75</ele>
        </trkpt>
      <trkpt lat="47.247864" lon="10.864968">
        <ele>693</ele>
        </trkpt>
      <trkpt lat="47.247843" lon="10.865007">
        <ele>693</ele>
        </trkpt>
      <trkpt lat="47.247778" lon="10.865019">
        <ele>693</ele>
        </trkpt>
      <trkpt lat="47.247735" lon="10.865005">
        <ele>692.75</ele>
        </trkpt>
      <trkpt lat="47.247711" lon="10.865033">
        <ele>692.75</ele>
        </trkpt>
      <trkpt lat="47.247713" lon="10.865177">
        <ele>693</ele>
        </trkpt>
      <trkpt lat="47.247723" lon="10.865264">
        <ele>693.25</ele>
        </trkpt>
      <trkpt lat="47.247784" lon="10.865478">
        <ele>693.75</ele>
        </trkpt>
      <trkpt lat="47.247904" lon="10.865766">
        <ele>693.75</ele>
        </trkpt>
      <trkpt lat="47.247907" lon="10.865866">
        <ele>693.75</ele>
        </trkpt>
      <trkpt lat="47.247921" lon="10.865953">
        <ele>693.75</ele>
        </trkpt>
      <trkpt lat="47.24794" lon="10.865993">
        <ele>693.5</ele>
        </trkpt>
      <trkpt lat="47.248055" lon="10.866225">
        <ele>693</ele>
        </trkpt>
      <trkpt lat="47.248089" lon="10.866309">
        <ele>692.75</ele>
        </trkpt>
      <trkpt lat="47.248107" lon="10.86638">
        <ele>692.5</ele>
        </trkpt>
      <trkpt lat="47.248471" lon="10.866425">
        <ele>693.5</ele>
        </trkpt>
      <trkpt lat="47.248651" lon="10.866425">
        <ele>695.25</ele>
        </trkpt>
      <trkpt lat="47.248789" lon="10.86657">
        <ele>697</ele>
        </trkpt>
      <trkpt lat="47.248914" lon="10.866898">
        <ele>699.5</ele>
        </trkpt>
      <trkpt lat="47.249067" lon="10.867175">
        <ele>702</ele>
        </trkpt>
      <trkpt lat="47.249038" lon="10.867609">
        <ele>702.25</ele>
        </trkpt>
      <trkpt lat="47.249099" lon="10.867827">
        <ele>702.75</ele>
        </trkpt>
      <trkpt lat="47.249099" lon="10.868167">
        <ele>702.5</ele>
        </trkpt>
      <trkpt lat="47.249305" lon="10.868493">
        <ele>703</ele>
        </trkpt>
      <trkpt lat="47.249341" lon="10.86855">
        <ele>703.25</ele>
        </trkpt>
      <trkpt lat="47.249476" lon="10.86858">
        <ele>704.25</ele>
        </trkpt>
      <trkpt lat="47.249569" lon="10.868702">
        <ele>704.75</ele>
        </trkpt>
      <trkpt lat="47.249635" lon="10.86879">
        <ele>705.25</ele>
        </trkpt>
      <trkpt lat="47.249709" lon="10.868873">
        <ele>706</ele>
        </trkpt>
      <trkpt lat="47.249768" lon="10.869004">
        <ele>706.75</ele>
        </trkpt>
      <trkpt lat="47.249777" lon="10.869132">
        <ele>706.75</ele>
        </trkpt>
      <trkpt lat="47.249792" lon="10.869219">
        <ele>706.75</ele>
        </trkpt>
      <trkpt lat="47.249806" lon="10.869297">
        <ele>706.5</ele>
        </trkpt>
      <trkpt lat="47.249906" lon="10.869481">
        <ele>707</ele>
        </trkpt>
      <trkpt lat="47.250018" lon="10.869618">
        <ele>707.75</ele>
        </trkpt>
      <trkpt lat="47.250376" lon="10.869629">
        <ele>709.75</ele>
        </trkpt>
      <trkpt lat="47.25051" lon="10.869581">
        <ele>710.75</ele>
        </trkpt>
      <trkpt lat="47.250574" lon="10.869582">
        <ele>711</ele>
        </trkpt>
      <trkpt lat="47.250612" lon="10.869584">
        <ele>711.25</ele>
        </trkpt>
      <trkpt lat="47.250642" lon="10.869704">
        <ele>711.5</ele>
        </trkpt>
      <trkpt lat="47.250782" lon="10.869896">
        <ele>713</ele>
        </trkpt>
      <trkpt lat="47.250869" lon="10.869933">
        <ele>713.5</ele>
        </trkpt>
      <trkpt lat="47.250943" lon="10.870089">
        <ele>712.5</ele>
        </trkpt>
      <trkpt lat="47.251112" lon="10.870351">
        <ele>709.25</ele>
        </trkpt>
      <trkpt lat="47.251218" lon="10.870604">
        <ele>706.75</ele>
        </trkpt>
      <trkpt lat="47.251347" lon="10.870625">
        <ele>705.75</ele>
        </trkpt>
      <trkpt lat="47.251409" lon="10.870713">
        <ele>704.5</ele>
        </trkpt>
      <trkpt lat="47.251502" lon="10.870786">
        <ele>703.5</ele>
        </trkpt>
      <trkpt lat="47.251563" lon="10.870698">
        <ele>703.5</ele>
        </trkpt>
      <trkpt lat="47.251671" lon="10.870674">
        <ele>703</ele>
        </trkpt>
      <trkpt lat="47.251678" lon="10.870574">
        <ele>703.5</ele>
        </trkpt>
      <trkpt lat="47.251814" lon="10.870323">
        <ele>703.25</ele>
        </trkpt>
      <trkpt lat="47.251935" lon="10.870329">
        <ele>701</ele>
        </trkpt>
      <trkpt lat="47.252236" lon="10.870292">
        <ele>696.25</ele>
        </trkpt>
      <trkpt lat="47.252418" lon="10.870485">
        <ele>693</ele>
        </trkpt>
      <trkpt lat="47.252469" lon="10.870485">
        <ele>692.25</ele>
        </trkpt>
      <trkpt lat="47.252614" lon="10.870761">
        <ele>691</ele>
        </trkpt>
      <trkpt lat="47.252604" lon="10.870828">
        <ele>691.25</ele>
        </trkpt>
      <trkpt lat="47.252761" lon="10.870756">
        <ele>690</ele>
        </trkpt>
      <trkpt lat="47.252868" lon="10.87062">
        <ele>689.25</ele>
        </trkpt>
      <trkpt lat="47.253149" lon="10.870547">
        <ele>687.25</ele>
        </trkpt>
      <trkpt lat="47.253231" lon="10.870488">
        <ele>686.5</ele>
        </trkpt>
      <trkpt lat="47.253276" lon="10.870457">
        <ele>686.25</ele>
        </trkpt>
      <trkpt lat="47.253215" lon="10.870335">
        <ele>686.75</ele>
        </trkpt>
      <trkpt lat="47.25308" lon="10.86985">
        <ele>687.5</ele>
        </trkpt>
      <trkpt lat="47.253068" lon="10.869783">
        <ele>687.5</ele>
        </trkpt>
      <trkpt lat="47.252957" lon="10.869127">
        <ele>687.5</ele>
        </trkpt>
      <trkpt lat="47.252975" lon="10.868947">
        <ele>686.25</ele>
        </trkpt>
      <trkpt lat="47.252957" lon="10.868877">
        <ele>686</ele>
        </trkpt>
      <trkpt lat="47.252942" lon="10.868816">
        <ele>686</ele>
        </trkpt>
      <trkpt lat="47.253038" lon="10.868714">
        <ele>684.75</ele>
        </trkpt>
      <trkpt lat="47.253129" lon="10.86859">
        <ele>683.25</ele>
        </trkpt>
      <trkpt lat="47.253266" lon="10.868551">
        <ele>681.75</ele>
        </trkpt>
      <trkpt lat="47.253562" lon="10.868729">
        <ele>679</ele>
        </trkpt>
      <trkpt lat="47.253682" lon="10.868826">
        <ele>678</ele>
        </trkpt>
      <trkpt lat="47.253825" lon="10.86892">
        <ele>676.5</ele>
        </trkpt>
      <trkpt lat="47.253939" lon="10.86906">
        <ele>675.5</ele>
        </trkpt>
      <trkpt lat="47.254021" lon="10.869239">
        <ele>675.5</ele>
        </trkpt>
      <trkpt lat="47.254124" lon="10.869357">
        <ele>675</ele>
        </trkpt>
      <trkpt lat="47.25415" lon="10.869411">
        <ele>675</ele>
        </trkpt>
      <trkpt lat="47.254198" lon="10.869511">
        <ele>675.5</ele>
        </trkpt>
      <trkpt lat="47.254309" lon="10.869653">
        <ele>675.25</ele>
        </trkpt>
      <trkpt lat="47.254393" lon="10.869813">
        <ele>675.25</ele>
        </trkpt>
      <trkpt lat="47.254214" lon="10.870143">
        <ele>679</ele>
        </trkpt>
      <trkpt lat="47.254264" lon="10.87053">
        <ele>678</ele>
        </trkpt>
      <trkpt lat="47.254218" lon="10.871159">
        <ele>678.5</ele>
        </trkpt>
      <trkpt lat="47.254247" lon="10.871365">
        <ele>678.25</ele>
        </trkpt>
      <trkpt lat="47.254186" lon="10.871604">
        <ele>678.75</ele>
        </trkpt>
      <trkpt lat="47.254187" lon="10.871659">
        <ele>678.75</ele>
        </trkpt>
      <trkpt lat="47.254196" lon="10.871959">
        <ele>679.75</ele>
        </trkpt>
      <trkpt lat="47.254281" lon="10.872329">
        <ele>680.5</ele>
        </trkpt>
      <trkpt lat="47.254398" lon="10.872432">
        <ele>680.25</ele>
        </trkpt>
      <trkpt lat="47.254526" lon="10.872663">
        <ele>679.75</ele>
        </trkpt>
      <trkpt lat="47.254667" lon="10.872588">
        <ele>679</ele>
        </trkpt>
      <trkpt lat="47.25479" lon="10.872552">
        <ele>678.25</ele>
        </trkpt>
      <trkpt lat="47.254874" lon="10.872447">
        <ele>677.5</ele>
        </trkpt>
      <trkpt lat="47.255103" lon="10.872604">
        <ele>675.5</ele>
        </trkpt>
      <trkpt lat="47.255127" lon="10.872914">
        <ele>676.5</ele>
        </trkpt>
      <trkpt lat="47.255216" lon="10.87296">
        <ele>675</ele>
        </trkpt>
      <trkpt lat="47.255457" lon="10.873058">
        <ele>671</ele>
        </trkpt>
      <trkpt lat="47.255474" lon="10.873238">
        <ele>671.5</ele>
        </trkpt>
      <trkpt lat="47.255616" lon="10.873368">
        <ele>669.25</ele>
        </trkpt>
      <trkpt lat="47.255663" lon="10.873585">
        <ele>669</ele>
        </trkpt>
      <trkpt lat="47.255716" lon="10.873821">
        <ele>669</ele>
        </trkpt>
      <trkpt lat="47.255716" lon="10.874092">
        <ele>670.25</ele>
        </trkpt>
      <trkpt lat="47.255737" lon="10.874369">
        <ele>670.75</ele>
        </trkpt>
      <trkpt lat="47.255776" lon="10.874532">
        <ele>670.75</ele>
        </trkpt>
      <trkpt lat="47.255727" lon="10.874761">
        <ele>671.75</ele>
        </trkpt>
      <trkpt lat="47.255734" lon="10.874771">
        <ele>671.5</ele>
        </trkpt>
      <trkpt lat="47.255727" lon="10.874761">
        <ele>671.75</ele>
        </trkpt>
      <trkpt lat="47.255613" lon="10.874646">
        <ele>672.5</ele>
        </trkpt>
      <trkpt lat="47.255473" lon="10.874599">
        <ele>673.5</ele>
        </trkpt>
      <trkpt lat="47.255304" lon="10.874475">
        <ele>675.25</ele>
        </trkpt>
      <trkpt lat="47.255122" lon="10.874383">
        <ele>677.5</ele>
        </trkpt>
      <trkpt lat="47.254828" lon="10.874324">
        <ele>679</ele>
        </trkpt>
      <trkpt lat="47.254683" lon="10.87423">
        <ele>679.25</ele>
        </trkpt>
      <trkpt lat="47.254526" lon="10.87406">
        <ele>679.25</ele>
        </trkpt>
      <trkpt lat="47.254441" lon="10.873967">
        <ele>679.25</ele>
        </trkpt>
      <trkpt lat="47.254268" lon="10.873741">
        <ele>679</ele>
        </trkpt>
      <trkpt lat="47.254267" lon="10.87374">
        <ele>679</ele>
        </trkpt>
      <trkpt lat="47.254203" lon="10.873657">
        <ele>679</ele>
        </trkpt>
      <trkpt lat="47.253696" lon="10.873637">
        <ele>681.25</ele>
        </trkpt>
      <trkpt lat="47.253478" lon="10.87362">
        <ele>682.5</ele>
        </trkpt>
      <trkpt lat="47.25325" lon="10.873574">
        <ele>684.25</ele>
        </trkpt>
      <trkpt lat="47.253194" lon="10.873688">
        <ele>684.5</ele>
        </trkpt>
      <trkpt lat="47.252984" lon="10.873637">
        <ele>686.5</ele>
        </trkpt>
      <trkpt lat="47.252855" lon="10.873504">
        <ele>688.5</ele>
        </trkpt>
      <trkpt lat="47.252511" lon="10.873415">
        <ele>692.25</ele>
        </trkpt>
      <trkpt lat="47.252184" lon="10.873279">
        <ele>693.25</ele>
        </trkpt>
      <trkpt lat="47.252183" lon="10.873278">
        <ele>693.25</ele>
        </trkpt>
      <trkpt lat="47.252162" lon="10.87327">
        <ele>693.5</ele>
        </trkpt>
      <trkpt lat="47.251965" lon="10.873022">
        <ele>693.5</ele>
        </trkpt>
      <trkpt lat="47.251922" lon="10.872794">
        <ele>693.5</ele>
        </trkpt>
      <trkpt lat="47.251633" lon="10.872528">
        <ele>692</ele>
        </trkpt>
      <trkpt lat="47.251556" lon="10.872281">
        <ele>692</ele>
        </trkpt>
      <trkpt lat="47.251263" lon="10.872019">
        <ele>692.5</ele>
        </trkpt>
      <trkpt lat="47.251206" lon="10.872043">
        <ele>692.5</ele>
        </trkpt>
      <trkpt lat="47.251028" lon="10.871977">
        <ele>692.75</ele>
        </trkpt>
      <trkpt lat="47.250989" lon="10.872002">
        <ele>692.75</ele>
        </trkpt>
      <trkpt lat="47.250828" lon="10.871932">
        <ele>693.25</ele>
        </trkpt>
      <trkpt lat="47.250676" lon="10.871882">
        <ele>693.75</ele>
        </trkpt>
      <trkpt lat="47.250646" lon="10.871837">
        <ele>693.75</ele>
        </trkpt>
      <trkpt lat="47.250646" lon="10.871837">
        <ele>693.75</ele>
        </trkpt>
      <trkpt lat="47.250624" lon="10.871804">
        <ele>694</ele>
        </trkpt>
      <trkpt lat="47.250489" lon="10.871265">
        <ele>699.75</ele>
        </trkpt>
      <trkpt lat="47.250393" lon="10.871014">
        <ele>702.25</ele>
        </trkpt>
      <trkpt lat="47.250262" lon="10.870716">
        <ele>703.75</ele>
        </trkpt>
      <trkpt lat="47.250252" lon="10.87058">
        <ele>704.5</ele>
        </trkpt>
      <trkpt lat="47.250211" lon="10.870513">
        <ele>704.75</ele>
        </trkpt>
      <trkpt lat="47.250097" lon="10.870448">
        <ele>704</ele>
        </trkpt>
      <trkpt lat="47.249982" lon="10.870404">
        <ele>703.25</ele>
        </trkpt>
      <trkpt lat="47.249883" lon="10.870343">
        <ele>702.5</ele>
        </trkpt>
      <trkpt lat="47.249573" lon="10.870345">
        <ele>699.25</ele>
        </trkpt>
      <trkpt lat="47.249449" lon="10.870154">
        <ele>698.75</ele>
        </trkpt>
      <trkpt lat="47.249439" lon="10.870024">
        <ele>699</ele>
        </trkpt>
      <trkpt lat="47.249352" lon="10.870029">
        <ele>697.25</ele>
        </trkpt>
      <trkpt lat="47.24928" lon="10.870034">
        <ele>697.25</ele>
        </trkpt>
      <trkpt lat="47.249155" lon="10.870135">
        <ele>695.5</ele>
        </trkpt>
      <trkpt lat="47.24907" lon="10.870405">
        <ele>694.75</ele>
        </trkpt>
      <trkpt lat="47.248988" lon="10.87062">
        <ele>694</ele>
        </trkpt>
      <trkpt lat="47.249006" lon="10.870694">
        <ele>693.75</ele>
        </trkpt>
      <trkpt lat="47.248861" lon="10.870756">
        <ele>693.25</ele>
        </trkpt>
      <trkpt lat="47.248755" lon="10.870753">
        <ele>693.25</ele>
        </trkpt>
      <trkpt lat="47.24872" lon="10.870819">
        <ele>692.75</ele>
        </trkpt>
      <trkpt lat="47.248702" lon="10.871003">
        <ele>692.75</ele>
        </trkpt>
      <trkpt lat="47.248574" lon="10.87112">
        <ele>692.25</ele>
        </trkpt>
      <trkpt lat="47.248468" lon="10.871116">
        <ele>692.25</ele>
        </trkpt>
      <trkpt lat="47.248444" lon="10.871264">
        <ele>692</ele>
        </trkpt>
      <trkpt lat="47.248439" lon="10.871374">
        <ele>692</ele>
        </trkpt>
      <trkpt lat="47.248439" lon="10.871389">
        <ele>692</ele>
        </trkpt>
      <trkpt lat="47.24817" lon="10.870998">
        <ele>692.5</ele>
        </trkpt>
      <trkpt lat="47.248063" lon="10.870953">
        <ele>692.75</ele>
        </trkpt>
      <trkpt lat="47.247931" lon="10.870899">
        <ele>693.25</ele>
        </trkpt>
      <trkpt lat="47.247749" lon="10.870862">
        <ele>694.0178340597547</ele>
      </trkpt>
      <trkpt lat="47.247749" lon="10.870862">
        <ele>694.0178340597547</ele>
      </trkpt>
      <trkpt lat="47.247498484555166" lon="10.870983396980392">
        <ele>694.768149461156</ele>
      </trkpt>
      <trkpt lat="47.24727703009347" lon="10.87126302263627">
        <ele>694.727277297543</ele>
      </trkpt>
      <trkpt lat="47.247085" lon="10.871341">
        <ele>693.75</ele>
        </trkpt>
      <trkpt lat="47.247034" lon="10.871359">
        <ele>693.75</ele>
        </trkpt>
      <trkpt lat="47.246872" lon="10.871365">
        <ele>693.5</ele>
        </trkpt>
      <trkpt lat="47.246772" lon="10.871451">
        <ele>693</ele>
        </trkpt>
      <trkpt lat="47.246676" lon="10.871465">
        <ele>692.75</ele>
        </trkpt>
      <trkpt lat="47.246657" lon="10.871567">
        <ele>692.25</ele>
        </trkpt>
      <trkpt lat="47.246648" lon="10.87162">
        <ele>692</ele>
        </trkpt>
      <trkpt lat="47.246541" lon="10.871911">
        <ele>691.5</ele>
        </trkpt>
      <trkpt lat="47.246508" lon="10.87211">
        <ele>691.25</ele>
        </trkpt>
      <trkpt lat="47.246474" lon="10.872201">
        <ele>692.5567540592882</ele>
      </trkpt>
      <trkpt lat="47.24650872645273" lon="10.872569516223905">
        <ele>690.6229372195443</ele>
      </trkpt>
      <trkpt lat="47.24659638582034" lon="10.872668262831866">
        <ele>690.7020046806178</ele>
      </trkpt>
      <trkpt lat="47.24696249102385" lon="10.87285816015617">
        <ele>692.1214394159654</ele>
      </trkpt>
      <trkpt lat="47.246952" lon="10.872874">
        <ele>691</ele>
        </trkpt>
      <trkpt lat="47.247003" lon="10.872932">
        <ele>691</ele>
        </trkpt>
      <trkpt lat="47.247097" lon="10.873115">
        <ele>690.25</ele>
        </trkpt>
      <trkpt lat="47.247177" lon="10.873139">
        <ele>690.5</ele>
        </trkpt>
      <trkpt lat="47.247324" lon="10.873135">
        <ele>690.75</ele>
        </trkpt>
      <trkpt lat="47.247523" lon="10.872997">
        <ele>691.75</ele>
        </trkpt>
      <trkpt lat="47.247631" lon="10.873029">
        <ele>691.25</ele>
        </trkpt>
      <trkpt lat="47.247705" lon="10.872968">
        <ele>691.25</ele>
        </trkpt>
      <trkpt lat="47.247985" lon="10.872891">
        <ele>690.75</ele>
        </trkpt>
      <trkpt lat="47.24812" lon="10.872895">
        <ele>690.5</ele>
        </trkpt>
      <trkpt lat="47.248275" lon="10.872932">
        <ele>690</ele>
        </trkpt>
      <trkpt lat="47.248347" lon="10.872883">
        <ele>690</ele>
        </trkpt>
      <trkpt lat="47.248388" lon="10.872895">
        <ele>690</ele>
        </trkpt>
      <trkpt lat="47.248618" lon="10.87338">
        <ele>689</ele>
        </trkpt>
      <trkpt lat="47.248651" lon="10.873376">
        <ele>689.25</ele>
        </trkpt>
      <trkpt lat="47.248702" lon="10.873496">
        <ele>689</ele>
        </trkpt>
      <trkpt lat="47.248712" lon="10.873518">
        <ele>689</ele>
        </trkpt>
      <trkpt lat="47.2488" lon="10.873567">
        <ele>688.75</ele>
        </trkpt>
      <trkpt lat="47.248911" lon="10.87358">
        <ele>688.75</ele>
        </trkpt>
      <trkpt lat="47.24907" lon="10.873692">
        <ele>688.5</ele>
        </trkpt>
      <trkpt lat="47.249211" lon="10.873689">
        <ele>688.75</ele>
        </trkpt>
      <trkpt lat="47.249322" lon="10.873559">
        <ele>689.5</ele>
        </trkpt>
      <trkpt lat="47.249325" lon="10.87354">
        <ele>689.5</ele>
        </trkpt>
      <trkpt lat="47.249512" lon="10.873449">
        <ele>690.25</ele>
        </trkpt>
      <trkpt lat="47.249888" lon="10.873395">
        <ele>691.5</ele>
        </trkpt>
      <trkpt lat="47.250032" lon="10.873412">
        <ele>691.75</ele>
        </trkpt>
      <trkpt lat="47.250095" lon="10.873389">
        <ele>692</ele>
        </trkpt>
      <trkpt lat="47.25013" lon="10.873332">
        <ele>692.25</ele>
        </trkpt>
      <trkpt lat="47.250158" lon="10.873269">
        <ele>692.5</ele>
        </trkpt>
      <trkpt lat="47.250182" lon="10.873185">
        <ele>692.75</ele>
        </trkpt>
      <trkpt lat="47.250294" lon="10.873146">
        <ele>693</ele>
        </trkpt>
      <trkpt lat="47.25034" lon="10.873168">
        <ele>693</ele>
        </trkpt>
      <trkpt lat="47.250416" lon="10.873176">
        <ele>693.25</ele>
        </trkpt>
      <trkpt lat="47.25047" lon="10.873136">
        <ele>693.25</ele>
        </trkpt>
      <trkpt lat="47.250476" lon="10.873061">
        <ele>693.25</ele>
        </trkpt>
      <trkpt lat="47.25043" lon="10.872808">
        <ele>693</ele>
        </trkpt>
      <trkpt lat="47.250489" lon="10.872594">
        <ele>692.75</ele>
        </trkpt>
      <trkpt lat="47.250527" lon="10.872526">
        <ele>692.75</ele>
        </trkpt>
      <trkpt lat="47.250565" lon="10.872414">
        <ele>692.75</ele>
        </trkpt>
      <trkpt lat="47.2506" lon="10.872379">
        <ele>692.75</ele>
        </trkpt>
      <trkpt lat="47.2506" lon="10.872379">
        <ele>692.75</ele>
        </trkpt>
      <trkpt lat="47.250612" lon="10.872368">
        <ele>692.75</ele>
        </trkpt>
      <trkpt lat="47.250624" lon="10.872303">
        <ele>692.75</ele>
        </trkpt>
      <trkpt lat="47.250841" lon="10.872198">
        <ele>692.5</ele>
        </trkpt>
      <trkpt lat="47.250989" lon="10.872002">
        <ele>692.75</ele>
        </trkpt>
      <trkpt lat="47.251028" lon="10.871977">
        <ele>692.75</ele>
        </trkpt>
      <trkpt lat="47.251206" lon="10.872043">
        <ele>692.5</ele>
        </trkpt>
      <trkpt lat="47.251263" lon="10.872019">
        <ele>692.5</ele>
        </trkpt>
      <trkpt lat="47.251556" lon="10.872281">
        <ele>692</ele>
        </trkpt>
      <trkpt lat="47.251633" lon="10.872528">
        <ele>692</ele>
        </trkpt>
      <trkpt lat="47.251922" lon="10.872794">
        <ele>693.5</ele>
        </trkpt>
      <trkpt lat="47.251965" lon="10.873022">
        <ele>693.5</ele>
        </trkpt>
      <trkpt lat="47.252162" lon="10.87327">
        <ele>693.5</ele>
        </trkpt>
      <trkpt lat="47.252511" lon="10.873415">
        <ele>692.25</ele>
        </trkpt>
      <trkpt lat="47.25266" lon="10.873453">
        <ele>688.5</ele>
        </trkpt>
      <trkpt lat="47.252855" lon="10.873504">
        <ele>688.5</ele>
        </trkpt>
      <trkpt lat="47.252984" lon="10.873637">
        <ele>686.5</ele>
        </trkpt>
      <trkpt lat="47.253194" lon="10.873688">
        <ele>684.5</ele>
        </trkpt>
      <trkpt lat="47.25325" lon="10.873574">
        <ele>684.25</ele>
        </trkpt>
      <trkpt lat="47.253478" lon="10.87362">
        <ele>682.5</ele>
        </trkpt>
      <trkpt lat="47.253696" lon="10.873637">
        <ele>681.25</ele>
        </trkpt>
      <trkpt lat="47.254203" lon="10.873657">
        <ele>679</ele>
        </trkpt>
      <trkpt lat="47.254236" lon="10.873994">
        <ele>679</ele>
        </trkpt>
      <trkpt lat="47.254226" lon="10.874187">
        <ele>679</ele>
        </trkpt>
      <trkpt lat="47.254216" lon="10.874385">
        <ele>678.5</ele>
        </trkpt>
      <trkpt lat="47.254192" lon="10.874457">
        <ele>678.25</ele>
        </trkpt>
      <trkpt lat="47.25417" lon="10.874548">
        <ele>678</ele>
        </trkpt>
      <trkpt lat="47.25417" lon="10.874548">
        <ele>678</ele>
        </trkpt>
      <trkpt lat="47.254148" lon="10.874643">
        <ele>677.75</ele>
        </trkpt>
      <trkpt lat="47.254083" lon="10.874915">
        <ele>677.5</ele>
        </trkpt>
      <trkpt lat="47.253926" lon="10.875415">
        <ele>678</ele>
        </trkpt>
      <trkpt lat="47.25366" lon="10.876267">
        <ele>677.25</ele>
        </trkpt>
      <trkpt lat="47.254067" lon="10.876443">
        <ele>674.25</ele>
        </trkpt>
      <trkpt lat="47.254457" lon="10.876611">
        <ele>673</ele>
        </trkpt>
      <trkpt lat="47.254667" lon="10.876701">
        <ele>672.75</ele>
        </trkpt>
      <trkpt lat="47.25468" lon="10.876707">
        <ele>672.75</ele>
        </trkpt>
      <trkpt lat="47.254862" lon="10.876811">
        <ele>672.5</ele>
        </trkpt>
      <trkpt lat="47.254949" lon="10.87686">
        <ele>672.5</ele>
        </trkpt>
      <trkpt lat="47.255072" lon="10.876979">
        <ele>671.25</ele>
        </trkpt>
      <trkpt lat="47.255322" lon="10.877224">
        <ele>668</ele>
        </trkpt>
      <trkpt lat="47.255372" lon="10.877351">
        <ele>667.25</ele>
        </trkpt>
      <trkpt lat="47.255111" lon="10.878518">
        <ele>664.5</ele>
        </trkpt>
      <trkpt lat="47.255041" lon="10.878832">
        <ele>663.25</ele>
        </trkpt>
      <trkpt lat="47.254953" lon="10.87905">
        <ele>662.75</ele>
        </trkpt>
      <trkpt lat="47.254924" lon="10.879387">
        <ele>662.5</ele>
        </trkpt>
      <trkpt lat="47.254867" lon="10.879714">
        <ele>663</ele>
        </trkpt>
      <trkpt lat="47.254755" lon="10.880386">
        <ele>663.25</ele>
        </trkpt>
      <trkpt lat="47.254748" lon="10.880432">
        <ele>663.25</ele>
        </trkpt>
      <trkpt lat="47.254733" lon="10.880528">
        <ele>663.25</ele>
        </trkpt>
      <trkpt lat="47.254589" lon="10.881072">
        <ele>663</ele>
        </trkpt>
      <trkpt lat="47.254397" lon="10.881534">
        <ele>662.5</ele>
        </trkpt>
      <trkpt lat="47.254355" lon="10.881652">
        <ele>662.5</ele>
        </trkpt>
      <trkpt lat="47.254326" lon="10.881774">
        <ele>662.5</ele>
        </trkpt>
      <trkpt lat="47.254304" lon="10.881968">
        <ele>662.5</ele>
        </trkpt>
      <trkpt lat="47.254279" lon="10.882185">
        <ele>662.5</ele>
        </trkpt>
      <trkpt lat="47.254256" lon="10.882391">
        <ele>662.5</ele>
        </trkpt>
      <trkpt lat="47.25424" lon="10.882533">
        <ele>662.5</ele>
        </trkpt>
      <trkpt lat="47.254211" lon="10.882676">
        <ele>662.75</ele>
        </trkpt>
      <trkpt lat="47.254168" lon="10.882815">
        <ele>662.75</ele>
        </trkpt>
      <trkpt lat="47.254005" lon="10.883187">
        <ele>663.25</ele>
        </trkpt>
      <trkpt lat="47.253755" lon="10.883907">
        <ele>664.25</ele>
        </trkpt>
      <trkpt lat="47.25375" lon="10.884152">
        <ele>664.25</ele>
        </trkpt>
      <trkpt lat="47.253736" lon="10.884281">
        <ele>664.25</ele>
        </trkpt>
      <trkpt lat="47.253703" lon="10.884425">
        <ele>664.5</ele>
        </trkpt>
      <trkpt lat="47.253663" lon="10.884537">
        <ele>664.5</ele>
        </trkpt>
      <trkpt lat="47.253607" lon="10.884668">
        <ele>664.75</ele>
        </trkpt>
      <trkpt lat="47.253503" lon="10.884903">
        <ele>665</ele>
        </trkpt>
      <trkpt lat="47.253483" lon="10.885054">
        <ele>665.25</ele>
        </trkpt>
      <trkpt lat="47.253483" lon="10.885162">
        <ele>665.25</ele>
        </trkpt>
      <trkpt lat="47.253512" lon="10.885404">
        <ele>665.5</ele>
        </trkpt>
      <trkpt lat="47.253603" lon="10.885374">
        <ele>665</ele>
        </trkpt>
      <trkpt lat="47.25368" lon="10.885328">
        <ele>664.5</ele>
        </trkpt>
      <trkpt lat="47.253796" lon="10.88523">
        <ele>663.75</ele>
        </trkpt>
      <trkpt lat="47.253921" lon="10.885276">
        <ele>663.25</ele>
        </trkpt>
      <trkpt lat="47.254054" lon="10.885349">
        <ele>662.5</ele>
        </trkpt>
      <trkpt lat="47.254392" lon="10.885641">
        <ele>661.25</ele>
        </trkpt>
      <trkpt lat="47.254575" lon="10.885821">
        <ele>661</ele>
        </trkpt>
      <trkpt lat="47.254623" lon="10.88591">
        <ele>661</ele>
        </trkpt>
      <trkpt lat="47.254673" lon="10.886137">
        <ele>661.75</ele>
        </trkpt>
      <trkpt lat="47.254601" lon="10.886123">
        <ele>661.75</ele>
        </trkpt>
      <trkpt lat="47.254572" lon="10.886198">
        <ele>662.25</ele>
        </trkpt>
      <trkpt lat="47.254285" lon="10.887185">
        <ele>665.25</ele>
        </trkpt>
      <trkpt lat="47.253908" lon="10.88888">
        <ele>663.25</ele>
        </trkpt>
      <trkpt lat="47.253704" lon="10.889833">
        <ele>664.5</ele>
        </trkpt>
      <trkpt lat="47.253627" lon="10.890159">
        <ele>665.5</ele>
        </trkpt>
      <trkpt lat="47.253654" lon="10.89019">
        <ele>665.25</ele>
        </trkpt>
      <trkpt lat="47.253661" lon="10.890201">
        <ele>664.75</ele>
      </trkpt>
    </trkseg>
  </trk>
</gpx>