<?xml version='1.0' encoding='utf-8'?>
<gpx xmlns="http://www.topografix.com/GPX/1/1" xmlns:xsi="http://www.w3.org/2001/XMLSchema-instance" creator="https://tiroltrailhead.com" version="1.1" xsi:schemaLocation="http://www.topografix.com/GPX/1/1 http://www.topografix.com/GPX/1/1/gpx.xsd">
  <metadata>
    <name>Hu_NR__Trailspotting</name>
    <desc>This file contains a Trailspotting-Route with bike ride segments. For the transfers between bike ride segments, public transport is available (train or local bus services). See this site for details: https://tiroltrailhead.com/webmaps/trailspotting

If your application is having issues with opening this gpx file (some apps might have issues with opening files that contain more than one track) - use one of the following apps instead:
Apple: https://apps.apple.com/de/app/gaia-gps-wander-app/id1201979492
Android: https://play.google.com/store/apps/details?id=menion.android.locus.pro
Web: https://gpx.studio/de/app#0/0/0</desc>
    <author>
      <name>tiroltrailhead.com</name>
      <link href="https://tiroltrailhead.com" />
    </author>
  </metadata>
  <trk>
    <name>Segment 1</name>
    <trkseg>
      <name>Segment 1</name>
      <desc>distance: 24.1km, elevation_gain: 1364m, elevation_loss: 1657m, est_duration_moving: 03:21, est_duration_incl_pauses: 03:54, avg_km_per_hour: 6.2, avg_km_hr_moving: 7.2</desc>
      <trkpt lat="47.285846" lon="11.398966">
        <ele>857.25</ele>
      </trkpt>
      <trkpt lat="47.285876" lon="11.39896">
        <ele>857.75</ele>
      </trkpt>
      <trkpt lat="47.286057" lon="11.398842">
        <ele>860</ele>
      </trkpt>
      <trkpt lat="47.286392" lon="11.398638">
        <ele>863.5</ele>
      </trkpt>
      <trkpt lat="47.28642" lon="11.398618">
        <ele>864</ele>
      </trkpt>
      <trkpt lat="47.286573" lon="11.398532">
        <ele>865.25</ele>
      </trkpt>
      <trkpt lat="47.286608" lon="11.398519">
        <ele>865.75</ele>
      </trkpt>
      <trkpt lat="47.286639" lon="11.398526">
        <ele>866</ele>
      </trkpt>
      <trkpt lat="47.286666" lon="11.398556">
        <ele>866.5</ele>
      </trkpt>
      <trkpt lat="47.286679" lon="11.398594">
        <ele>866.75</ele>
      </trkpt>
      <trkpt lat="47.286683" lon="11.398638">
        <ele>867</ele>
      </trkpt>
      <trkpt lat="47.286673" lon="11.398691">
        <ele>867</ele>
      </trkpt>
      <trkpt lat="47.286647" lon="11.398732">
        <ele>866.5</ele>
      </trkpt>
      <trkpt lat="47.286474" lon="11.398867">
        <ele>864.75</ele>
      </trkpt>
      <trkpt lat="47.286481" lon="11.398936">
        <ele>865</ele>
      </trkpt>
      <trkpt lat="47.286608" lon="11.399414">
        <ele>865.75</ele>
      </trkpt>
      <trkpt lat="47.28669" lon="11.399745">
        <ele>865.5</ele>
      </trkpt>
      <trkpt lat="47.286723" lon="11.399875">
        <ele>865.5</ele>
      </trkpt>
      <trkpt lat="47.286783" lon="11.400118">
        <ele>865.75</ele>
      </trkpt>
      <trkpt lat="47.286851" lon="11.400391">
        <ele>865.75</ele>
      </trkpt>
      <trkpt lat="47.286892" lon="11.400537">
        <ele>865.75</ele>
      </trkpt>
      <trkpt lat="47.28691" lon="11.400571">
        <ele>866</ele>
      </trkpt>
      <trkpt lat="47.286935" lon="11.400595">
        <ele>866.25</ele>
      </trkpt>
      <trkpt lat="47.286958" lon="11.400609">
        <ele>866.5</ele>
      </trkpt>
      <trkpt lat="47.287004" lon="11.400611">
        <ele>867</ele>
      </trkpt>
      <trkpt lat="47.287269" lon="11.400548">
        <ele>871.25</ele>
      </trkpt>
      <trkpt lat="47.287363" lon="11.400558">
        <ele>872.5</ele>
      </trkpt>
      <trkpt lat="47.287404" lon="11.400588">
        <ele>872.75</ele>
      </trkpt>
      <trkpt lat="47.287441" lon="11.400632">
        <ele>873</ele>
      </trkpt>
      <trkpt lat="47.287467" lon="11.400677">
        <ele>873</ele>
      </trkpt>
      <trkpt lat="47.287485" lon="11.400728">
        <ele>872.75</ele>
      </trkpt>
      <trkpt lat="47.28748" lon="11.400788">
        <ele>872</ele>
      </trkpt>
      <trkpt lat="47.287404" lon="11.401203">
        <ele>869.75</ele>
      </trkpt>
      <trkpt lat="47.287386" lon="11.401466">
        <ele>868.5</ele>
      </trkpt>
      <trkpt lat="47.287319" lon="11.401677">
        <ele>866</ele>
      </trkpt>
      <trkpt lat="47.28731" lon="11.401847">
        <ele>865</ele>
      </trkpt>
      <trkpt lat="47.287319" lon="11.401942">
        <ele>865</ele>
      </trkpt>
      <trkpt lat="47.28748" lon="11.402331">
        <ele>870</ele>
      </trkpt>
      <trkpt lat="47.287755" lon="11.402704">
        <ele>872</ele>
      </trkpt>
      <trkpt lat="47.287814" lon="11.402805">
        <ele>871.75</ele>
      </trkpt>
      <trkpt lat="47.287899" lon="11.403008">
        <ele>870.5</ele>
      </trkpt>
      <trkpt lat="47.287938" lon="11.403152">
        <ele>869.25</ele>
      </trkpt>
      <trkpt lat="47.287957" lon="11.403223">
        <ele>869</ele>
      </trkpt>
      <trkpt lat="47.287986" lon="11.403361">
        <ele>868</ele>
      </trkpt>
      <trkpt lat="47.287965" lon="11.403918">
        <ele>860.75</ele>
      </trkpt>
      <trkpt lat="47.287922" lon="11.404071">
        <ele>857.25</ele>
      </trkpt>
      <trkpt lat="47.287986" lon="11.404198">
        <ele>857.5</ele>
      </trkpt>
      <trkpt lat="47.288024" lon="11.404273">
        <ele>858</ele>
      </trkpt>
      <trkpt lat="47.288012" lon="11.404388">
        <ele>855</ele>
      </trkpt>
      <trkpt lat="47.288065" lon="11.404554">
        <ele>854</ele>
      </trkpt>
      <trkpt lat="47.288044" lon="11.40474">
        <ele>849</ele>
      </trkpt>
      <trkpt lat="47.28806" lon="11.404779">
        <ele>849</ele>
      </trkpt>
      <trkpt lat="47.288065" lon="11.404808">
        <ele>848.5</ele>
      </trkpt>
      <trkpt lat="47.288058" lon="11.404829">
        <ele>847.75</ele>
      </trkpt>
      <trkpt lat="47.288024" lon="11.404851">
        <ele>846</ele>
      </trkpt>
      <trkpt lat="47.288056" lon="11.404927">
        <ele>845.75</ele>
      </trkpt>
      <trkpt lat="47.288071" lon="11.405015">
        <ele>844.5</ele>
      </trkpt>
      <trkpt lat="47.288059" lon="11.405108">
        <ele>842.25</ele>
      </trkpt>
      <trkpt lat="47.28801" lon="11.405161">
        <ele>839</ele>
      </trkpt>
      <trkpt lat="47.28799" lon="11.405227">
        <ele>837</ele>
      </trkpt>
      <trkpt lat="47.288001" lon="11.405293">
        <ele>836.25</ele>
      </trkpt>
      <trkpt lat="47.288112" lon="11.405423">
        <ele>838.75</ele>
      </trkpt>
      <trkpt lat="47.288106" lon="11.405528">
        <ele>836.5</ele>
      </trkpt>
      <trkpt lat="47.288149" lon="11.405572">
        <ele>837.75</ele>
      </trkpt>
      <trkpt lat="47.288154" lon="11.405606">
        <ele>837.25</ele>
      </trkpt>
      <trkpt lat="47.288147" lon="11.405624">
        <ele>836.5</ele>
      </trkpt>
      <trkpt lat="47.288128" lon="11.405633">
        <ele>835.5</ele>
      </trkpt>
      <trkpt lat="47.288103" lon="11.405624">
        <ele>834.5</ele>
      </trkpt>
      <trkpt lat="47.288061" lon="11.405599">
        <ele>833.25</ele>
      </trkpt>
      <trkpt lat="47.288014" lon="11.405516">
        <ele>832.75</ele>
      </trkpt>
      <trkpt lat="47.287971" lon="11.405504">
        <ele>831</ele>
      </trkpt>
      <trkpt lat="47.287948" lon="11.405507">
        <ele>829.75</ele>
      </trkpt>
      <trkpt lat="47.287937" lon="11.405523">
        <ele>829</ele>
      </trkpt>
      <trkpt lat="47.287945" lon="11.405562">
        <ele>828.75</ele>
      </trkpt>
      <trkpt lat="47.288002" lon="11.405692">
        <ele>828.75</ele>
      </trkpt>
      <trkpt lat="47.288054" lon="11.405725">
        <ele>830.5</ele>
      </trkpt>
      <trkpt lat="47.288068" lon="11.405752">
        <ele>830.5</ele>
      </trkpt>
      <trkpt lat="47.288056" lon="11.405784">
        <ele>829.5</ele>
      </trkpt>
      <trkpt lat="47.288022" lon="11.405779">
        <ele>828</ele>
      </trkpt>
      <trkpt lat="47.28801" lon="11.40574">
        <ele>828.25</ele>
      </trkpt>
      <trkpt lat="47.287799" lon="11.405564">
        <ele>822</ele>
      </trkpt>
      <trkpt lat="47.287744" lon="11.405454">
        <ele>821.75</ele>
      </trkpt>
      <trkpt lat="47.287699" lon="11.40538">
        <ele>821</ele>
      </trkpt>
      <trkpt lat="47.287648" lon="11.405364">
        <ele>819</ele>
      </trkpt>
      <trkpt lat="47.287626" lon="11.40538">
        <ele>817.75</ele>
      </trkpt>
      <trkpt lat="47.287586" lon="11.405457">
        <ele>814.5</ele>
      </trkpt>
      <trkpt lat="47.287588" lon="11.405511">
        <ele>813.5</ele>
      </trkpt>
      <trkpt lat="47.287606" lon="11.405585">
        <ele>813</ele>
      </trkpt>
      <trkpt lat="47.287643" lon="11.405637">
        <ele>813.75</ele>
      </trkpt>
      <trkpt lat="47.287686" lon="11.405654">
        <ele>815.5</ele>
      </trkpt>
      <trkpt lat="47.287705" lon="11.405689">
        <ele>815.5</ele>
      </trkpt>
      <trkpt lat="47.287709" lon="11.405741">
        <ele>814.75</ele>
      </trkpt>
      <trkpt lat="47.287686" lon="11.405775">
        <ele>813.25</ele>
      </trkpt>
      <trkpt lat="47.287594" lon="11.40571">
        <ele>810.25</ele>
      </trkpt>
      <trkpt lat="47.287578" lon="11.405746">
        <ele>809</ele>
      </trkpt>
      <trkpt lat="47.287583" lon="11.405777">
        <ele>808.5</ele>
      </trkpt>
      <trkpt lat="47.287643" lon="11.405898">
        <ele>808.5</ele>
      </trkpt>
      <trkpt lat="47.287715" lon="11.406007">
        <ele>808.75</ele>
      </trkpt>
      <trkpt lat="47.287838" lon="11.406044">
        <ele>813.5</ele>
      </trkpt>
      <trkpt lat="47.287888" lon="11.406166">
        <ele>812.75</ele>
      </trkpt>
      <trkpt lat="47.287867" lon="11.406245">
        <ele>809.75</ele>
      </trkpt>
      <trkpt lat="47.28785" lon="11.406361">
        <ele>806</ele>
      </trkpt>
      <trkpt lat="47.28791" lon="11.406515">
        <ele>804.75</ele>
      </trkpt>
      <trkpt lat="47.287918" lon="11.406587">
        <ele>803.5</ele>
      </trkpt>
      <trkpt lat="47.287888" lon="11.40665">
        <ele>800.5</ele>
      </trkpt>
      <trkpt lat="47.287833" lon="11.406649">
        <ele>797.75</ele>
      </trkpt>
      <trkpt lat="47.287802" lon="11.406692">
        <ele>795</ele>
      </trkpt>
      <trkpt lat="47.287796" lon="11.406747">
        <ele>792.75</ele>
      </trkpt>
      <trkpt lat="47.287804" lon="11.406822">
        <ele>790.75</ele>
      </trkpt>
      <trkpt lat="47.28783" lon="11.406866">
        <ele>790.5</ele>
      </trkpt>
      <trkpt lat="47.28789" lon="11.406929">
        <ele>791.25</ele>
      </trkpt>
      <trkpt lat="47.287892" lon="11.406968">
        <ele>790</ele>
      </trkpt>
      <trkpt lat="47.287899" lon="11.407093">
        <ele>786.25</ele>
      </trkpt>
      <trkpt lat="47.287924" lon="11.407213">
        <ele>783.25</ele>
      </trkpt>
      <trkpt lat="47.287984" lon="11.407418">
        <ele>778.75</ele>
      </trkpt>
      <trkpt lat="47.288034" lon="11.407492">
        <ele>778.25</ele>
      </trkpt>
      <trkpt lat="47.288026" lon="11.407517">
        <ele>777</ele>
      </trkpt>
      <trkpt lat="47.28801" lon="11.407523">
        <ele>776.25</ele>
      </trkpt>
      <trkpt lat="47.287982" lon="11.407493">
        <ele>776.25</ele>
      </trkpt>
      <trkpt lat="47.287892" lon="11.407362">
        <ele>777</ele>
      </trkpt>
      <trkpt lat="47.287826" lon="11.407384">
        <ele>773.5</ele>
      </trkpt>
      <trkpt lat="47.287835" lon="11.407426">
        <ele>772.5</ele>
      </trkpt>
      <trkpt lat="47.287927" lon="11.407482">
        <ele>774.5</ele>
      </trkpt>
      <trkpt lat="47.288026" lon="11.407914">
        <ele>762.75</ele>
      </trkpt>
      <trkpt lat="47.288156" lon="11.408105">
        <ele>760.5</ele>
      </trkpt>
      <trkpt lat="47.288505" lon="11.408313">
        <ele>760.5</ele>
      </trkpt>
      <trkpt lat="47.288792" lon="11.408459">
        <ele>760.75</ele>
      </trkpt>
      <trkpt lat="47.288922" lon="11.408475">
        <ele>762.5</ele>
      </trkpt>
      <trkpt lat="47.288973" lon="11.40851">
        <ele>762.75</ele>
      </trkpt>
      <trkpt lat="47.288991" lon="11.408564">
        <ele>762.5</ele>
      </trkpt>
      <trkpt lat="47.28896" lon="11.408584">
        <ele>761.5</ele>
      </trkpt>
      <trkpt lat="47.28896" lon="11.408584">
        <ele>761.5</ele>
      </trkpt>
      <trkpt lat="47.288837" lon="11.408665">
        <ele>757.25</ele>
      </trkpt>
      <trkpt lat="47.288837" lon="11.408665">
        <ele>758.25</ele>
      </trkpt>
      <trkpt lat="47.288795" lon="11.408694">
        <ele>757.25</ele>
      </trkpt>
      <trkpt lat="47.288808" lon="11.408749">
        <ele>756.5</ele>
      </trkpt>
      <trkpt lat="47.288817" lon="11.408802">
        <ele>756</ele>
      </trkpt>
      <trkpt lat="47.28874" lon="11.408816">
        <ele>754</ele>
      </trkpt>
      <trkpt lat="47.288543" lon="11.409038">
        <ele>745</ele>
      </trkpt>
      <trkpt lat="47.288543" lon="11.409038">
        <ele>745</ele>
      </trkpt>
      <trkpt lat="47.288099" lon="11.409447">
        <ele>727.5</ele>
      </trkpt>
      <trkpt lat="47.288046" lon="11.409483">
        <ele>725.25</ele>
      </trkpt>
      <trkpt lat="47.288052" lon="11.409612">
        <ele>724.75</ele>
      </trkpt>
      <trkpt lat="47.287956" lon="11.409892">
        <ele>718.75</ele>
      </trkpt>
      <trkpt lat="47.287952" lon="11.40961">
        <ele>720.75</ele>
      </trkpt>
      <trkpt lat="47.287885" lon="11.40968">
        <ele>717.5</ele>
      </trkpt>
      <trkpt lat="47.287811" lon="11.409865">
        <ele>712.25</ele>
      </trkpt>
      <trkpt lat="47.287731" lon="11.409933">
        <ele>707.75</ele>
      </trkpt>
      <trkpt lat="47.287576" lon="11.410006">
        <ele>699.5</ele>
      </trkpt>
      <trkpt lat="47.287553" lon="11.409988">
        <ele>698.5</ele>
      </trkpt>
      <trkpt lat="47.287506" lon="11.409893">
        <ele>698</ele>
      </trkpt>
      <trkpt lat="47.287459" lon="11.40988">
        <ele>696.5</ele>
      </trkpt>
      <trkpt lat="47.287378" lon="11.409766">
        <ele>695.75</ele>
      </trkpt>
      <trkpt lat="47.287264" lon="11.409722">
        <ele>692.75</ele>
      </trkpt>
      <trkpt lat="47.287184" lon="11.409755">
        <ele>689.25</ele>
      </trkpt>
      <trkpt lat="47.287089" lon="11.409826">
        <ele>684.75</ele>
      </trkpt>
      <trkpt lat="47.287002" lon="11.40985">
        <ele>681.25</ele>
      </trkpt>
      <trkpt lat="47.286778" lon="11.409755">
        <ele>675.25</ele>
      </trkpt>
      <trkpt lat="47.28675" lon="11.409741">
        <ele>674.5</ele>
      </trkpt>
      <trkpt lat="47.286512" lon="11.40963">
        <ele>668.75</ele>
      </trkpt>
      <trkpt lat="47.286417" lon="11.409606">
        <ele>666.25</ele>
      </trkpt>
      <trkpt lat="47.286361" lon="11.409624">
        <ele>664.25</ele>
      </trkpt>
      <trkpt lat="47.286209" lon="11.409772">
        <ele>657.5</ele>
      </trkpt>
      <trkpt lat="47.28607" lon="11.409809">
        <ele>653</ele>
      </trkpt>
      <trkpt lat="47.285973" lon="11.409886">
        <ele>649.25</ele>
      </trkpt>
      <trkpt lat="47.285807" lon="11.409945">
        <ele>644</ele>
      </trkpt>
      <trkpt lat="47.285739" lon="11.410123">
        <ele>640.5</ele>
      </trkpt>
      <trkpt lat="47.285699" lon="11.410231">
        <ele>638.75</ele>
      </trkpt>
      <trkpt lat="47.286094" lon="11.411014">
        <ele>642</ele>
      </trkpt>
      <trkpt lat="47.286569" lon="11.41164">
        <ele>651.75</ele>
      </trkpt>
      <trkpt lat="47.287099" lon="11.412274">
        <ele>661.75</ele>
      </trkpt>
      <trkpt lat="47.287108" lon="11.412285">
        <ele>662</ele>
      </trkpt>
      <trkpt lat="47.287297" lon="11.412532">
        <ele>665</ele>
      </trkpt>
      <trkpt lat="47.287364" lon="11.412628">
        <ele>666.25</ele>
      </trkpt>
      <trkpt lat="47.287401" lon="11.412702">
        <ele>666.75</ele>
      </trkpt>
      <trkpt lat="47.287454" lon="11.412856">
        <ele>667.5</ele>
      </trkpt>
      <trkpt lat="47.287468" lon="11.412934">
        <ele>667.5</ele>
      </trkpt>
      <trkpt lat="47.287514" lon="11.41385">
        <ele>665.25</ele>
      </trkpt>
      <trkpt lat="47.287553" lon="11.413985">
        <ele>665.75</ele>
      </trkpt>
      <trkpt lat="47.287619" lon="11.414057">
        <ele>666.75</ele>
      </trkpt>
      <trkpt lat="47.287697" lon="11.414058">
        <ele>668.25</ele>
      </trkpt>
      <trkpt lat="47.287697" lon="11.414058">
        <ele>668.25</ele>
      </trkpt>
      <trkpt lat="47.287999" lon="11.413939">
        <ele>675.5</ele>
      </trkpt>
      <trkpt lat="47.28839" lon="11.41398">
        <ele>683.5</ele>
      </trkpt>
      <trkpt lat="47.288423" lon="11.413994">
        <ele>684.25</ele>
      </trkpt>
      <trkpt lat="47.288492" lon="11.414037">
        <ele>685.5</ele>
      </trkpt>
      <trkpt lat="47.288564" lon="11.414141">
        <ele>686.25</ele>
      </trkpt>
      <trkpt lat="47.288921" lon="11.414824">
        <ele>690.5</ele>
      </trkpt>
      <trkpt lat="47.289057" lon="11.415175">
        <ele>692</ele>
      </trkpt>
      <trkpt lat="47.289142" lon="11.415393">
        <ele>693.25</ele>
      </trkpt>
      <trkpt lat="47.289222" lon="11.415599">
        <ele>695</ele>
      </trkpt>
      <trkpt lat="47.289423" lon="11.416069">
        <ele>698.25</ele>
      </trkpt>
      <trkpt lat="47.289444" lon="11.416165">
        <ele>698.25</ele>
      </trkpt>
      <trkpt lat="47.28946" lon="11.416543">
        <ele>696.5</ele>
      </trkpt>
      <trkpt lat="47.28951" lon="11.416778">
        <ele>696.75</ele>
      </trkpt>
      <trkpt lat="47.289563" lon="11.416904">
        <ele>697.75</ele>
      </trkpt>
      <trkpt lat="47.289624" lon="11.416978">
        <ele>699</ele>
      </trkpt>
      <trkpt lat="47.289774" lon="11.417064">
        <ele>702.25</ele>
      </trkpt>
      <trkpt lat="47.289815" lon="11.417107">
        <ele>703</ele>
      </trkpt>
      <trkpt lat="47.289861" lon="11.417194">
        <ele>704</ele>
      </trkpt>
      <trkpt lat="47.2899" lon="11.417309">
        <ele>705.25</ele>
      </trkpt>
      <trkpt lat="47.2899" lon="11.417381">
        <ele>705.25</ele>
      </trkpt>
      <trkpt lat="47.289806" lon="11.417653">
        <ele>705.5</ele>
      </trkpt>
      <trkpt lat="47.289699" lon="11.417908">
        <ele>707.25</ele>
      </trkpt>
      <trkpt lat="47.289555" lon="11.418298">
        <ele>710.5</ele>
      </trkpt>
      <trkpt lat="47.289522" lon="11.418387">
        <ele>712.25</ele>
      </trkpt>
      <trkpt lat="47.289478" lon="11.41847">
        <ele>714.25</ele>
      </trkpt>
      <trkpt lat="47.289442" lon="11.418517">
        <ele>715</ele>
      </trkpt>
      <trkpt lat="47.289396" lon="11.418565">
        <ele>715.5</ele>
      </trkpt>
      <trkpt lat="47.289326" lon="11.418619">
        <ele>715.75</ele>
      </trkpt>
      <trkpt lat="47.289247" lon="11.418667">
        <ele>715.5</ele>
      </trkpt>
      <trkpt lat="47.289188" lon="11.418672">
        <ele>714.25</ele>
      </trkpt>
      <trkpt lat="47.289133" lon="11.418718">
        <ele>715</ele>
      </trkpt>
      <trkpt lat="47.289055" lon="11.418973">
        <ele>722.5</ele>
      </trkpt>
      <trkpt lat="47.288962" lon="11.419094">
        <ele>724.75</ele>
      </trkpt>
      <trkpt lat="47.288904" lon="11.419127">
        <ele>724.75</ele>
      </trkpt>
      <trkpt lat="47.288828" lon="11.419141">
        <ele>723.75</ele>
      </trkpt>
      <trkpt lat="47.288723" lon="11.419118">
        <ele>721</ele>
      </trkpt>
      <trkpt lat="47.288554" lon="11.419007">
        <ele>715.5</ele>
      </trkpt>
      <trkpt lat="47.288493" lon="11.419018">
        <ele>714.75</ele>
      </trkpt>
      <trkpt lat="47.288453" lon="11.419059">
        <ele>715</ele>
      </trkpt>
      <trkpt lat="47.288411" lon="11.419153">
        <ele>716</ele>
      </trkpt>
      <trkpt lat="47.288238" lon="11.419644">
        <ele>720.75</ele>
      </trkpt>
      <trkpt lat="47.28806" lon="11.420292">
        <ele>723.25</ele>
      </trkpt>
      <trkpt lat="47.287905" lon="11.420605">
        <ele>721.5</ele>
      </trkpt>
      <trkpt lat="47.287602" lon="11.421046">
        <ele>717.75</ele>
      </trkpt>
      <trkpt lat="47.287271" lon="11.421451">
        <ele>718.75</ele>
      </trkpt>
      <trkpt lat="47.28711" lon="11.421566">
        <ele>716.5</ele>
      </trkpt>
      <trkpt lat="47.286957" lon="11.421677">
        <ele>714.5</ele>
      </trkpt>
      <trkpt lat="47.286869" lon="11.42176">
        <ele>712.25</ele>
      </trkpt>
      <trkpt lat="47.286796" lon="11.421863">
        <ele>710</ele>
      </trkpt>
      <trkpt lat="47.286785" lon="11.421891">
        <ele>709.75</ele>
      </trkpt>
      <trkpt lat="47.286768" lon="11.42199">
        <ele>709.5</ele>
      </trkpt>
      <trkpt lat="47.286765" lon="11.422083">
        <ele>709.5</ele>
      </trkpt>
      <trkpt lat="47.286767" lon="11.422134">
        <ele>709.75</ele>
      </trkpt>
      <trkpt lat="47.28679" lon="11.422264">
        <ele>710.75</ele>
      </trkpt>
      <trkpt lat="47.286967" lon="11.422953">
        <ele>713</ele>
      </trkpt>
      <trkpt lat="47.286979" lon="11.423018">
        <ele>712.75</ele>
      </trkpt>
      <trkpt lat="47.287011" lon="11.423204">
        <ele>712</ele>
      </trkpt>
      <trkpt lat="47.287037" lon="11.423397">
        <ele>711.25</ele>
      </trkpt>
      <trkpt lat="47.287165" lon="11.423891">
        <ele>712</ele>
      </trkpt>
      <trkpt lat="47.287219" lon="11.42415">
        <ele>712.25</ele>
      </trkpt>
      <trkpt lat="47.287241" lon="11.424378">
        <ele>712</ele>
      </trkpt>
      <trkpt lat="47.287254" lon="11.424615">
        <ele>711.75</ele>
      </trkpt>
      <trkpt lat="47.287242" lon="11.425597">
        <ele>707.5</ele>
      </trkpt>
      <trkpt lat="47.287298" lon="11.426044">
        <ele>705.75</ele>
      </trkpt>
      <trkpt lat="47.287322" lon="11.426192">
        <ele>704.5</ele>
      </trkpt>
      <trkpt lat="47.287436" lon="11.426548">
        <ele>703</ele>
      </trkpt>
      <trkpt lat="47.287466" lon="11.426639">
        <ele>702.5</ele>
      </trkpt>
      <trkpt lat="47.287508" lon="11.427003">
        <ele>700.5</ele>
      </trkpt>
      <trkpt lat="47.287554" lon="11.427524">
        <ele>698</ele>
      </trkpt>
      <trkpt lat="47.2876" lon="11.427592">
        <ele>699</ele>
      </trkpt>
      <trkpt lat="47.287745" lon="11.427603">
        <ele>701.75</ele>
      </trkpt>
      <trkpt lat="47.287796" lon="11.427673">
        <ele>702.75</ele>
      </trkpt>
      <trkpt lat="47.28787" lon="11.427949">
        <ele>704.25</ele>
      </trkpt>
      <trkpt lat="47.287989" lon="11.428238">
        <ele>706.5</ele>
      </trkpt>
      <trkpt lat="47.288093" lon="11.428368">
        <ele>708.5</ele>
      </trkpt>
      <trkpt lat="47.28813" lon="11.428419">
        <ele>709.25</ele>
      </trkpt>
      <trkpt lat="47.288206" lon="11.428557">
        <ele>711</ele>
      </trkpt>
      <trkpt lat="47.288296" lon="11.428871">
        <ele>713.25</ele>
      </trkpt>
      <trkpt lat="47.288379" lon="11.429032">
        <ele>716.25</ele>
      </trkpt>
      <trkpt lat="47.288568" lon="11.429212">
        <ele>725</ele>
      </trkpt>
      <trkpt lat="47.288529" lon="11.429279">
        <ele>723.75</ele>
      </trkpt>
      <trkpt lat="47.288408" lon="11.42948">
        <ele>719.5</ele>
      </trkpt>
      <trkpt lat="47.288346" lon="11.429545">
        <ele>716.75</ele>
      </trkpt>
      <trkpt lat="47.288303" lon="11.429605">
        <ele>715.75</ele>
      </trkpt>
      <trkpt lat="47.288267" lon="11.429713">
        <ele>715</ele>
      </trkpt>
      <trkpt lat="47.288155" lon="11.430248">
        <ele>713.25</ele>
      </trkpt>
      <trkpt lat="47.288161" lon="11.430413">
        <ele>713.75</ele>
      </trkpt>
      <trkpt lat="47.288166" lon="11.430522">
        <ele>714.25</ele>
      </trkpt>
      <trkpt lat="47.288187" lon="11.430616">
        <ele>715.25</ele>
      </trkpt>
      <trkpt lat="47.288207" lon="11.430698">
        <ele>716.25</ele>
      </trkpt>
      <trkpt lat="47.288218" lon="11.430849">
        <ele>717</ele>
      </trkpt>
      <trkpt lat="47.288251" lon="11.431966">
        <ele>713.5</ele>
      </trkpt>
      <trkpt lat="47.288249" lon="11.432275">
        <ele>713.25</ele>
      </trkpt>
      <trkpt lat="47.28824" lon="11.432364">
        <ele>713</ele>
      </trkpt>
      <trkpt lat="47.288154" lon="11.432755">
        <ele>709</ele>
      </trkpt>
      <trkpt lat="47.288129" lon="11.432945">
        <ele>707.75</ele>
      </trkpt>
      <trkpt lat="47.288107" lon="11.433389">
        <ele>706.25</ele>
      </trkpt>
      <trkpt lat="47.288124" lon="11.433533">
        <ele>706.5</ele>
      </trkpt>
      <trkpt lat="47.28807" lon="11.433868">
        <ele>703.5</ele>
      </trkpt>
      <trkpt lat="47.288138" lon="11.434449">
        <ele>704.75</ele>
      </trkpt>
      <trkpt lat="47.288253" lon="11.434617">
        <ele>708.75</ele>
      </trkpt>
      <trkpt lat="47.288265" lon="11.434862">
        <ele>708</ele>
      </trkpt>
      <trkpt lat="47.288315" lon="11.435136">
        <ele>709</ele>
      </trkpt>
      <trkpt lat="47.288326" lon="11.435197">
        <ele>709.25</ele>
      </trkpt>
      <trkpt lat="47.288434" lon="11.435365">
        <ele>712</ele>
      </trkpt>
      <trkpt lat="47.288405" lon="11.435503">
        <ele>711</ele>
      </trkpt>
      <trkpt lat="47.288203" lon="11.435836">
        <ele>703.5</ele>
      </trkpt>
      <trkpt lat="47.288459" lon="11.436471">
        <ele>714.25</ele>
      </trkpt>
      <trkpt lat="47.288481" lon="11.436525">
        <ele>715.25</ele>
      </trkpt>
      <trkpt lat="47.288551" lon="11.436858">
        <ele>717.25</ele>
      </trkpt>
      <trkpt lat="47.288807" lon="11.437312">
        <ele>723.75</ele>
      </trkpt>
      <trkpt lat="47.288832" lon="11.43738">
        <ele>724.25</ele>
      </trkpt>
      <trkpt lat="47.288835" lon="11.437406">
        <ele>724.25</ele>
      </trkpt>
      <trkpt lat="47.288903" lon="11.437531">
        <ele>726.25</ele>
      </trkpt>
      <trkpt lat="47.288907" lon="11.437582">
        <ele>726.75</ele>
      </trkpt>
      <trkpt lat="47.288907" lon="11.437658">
        <ele>727.5</ele>
      </trkpt>
      <trkpt lat="47.288898" lon="11.437728">
        <ele>727.5</ele>
      </trkpt>
      <trkpt lat="47.288882" lon="11.437802">
        <ele>727.5</ele>
      </trkpt>
      <trkpt lat="47.288855" lon="11.437887">
        <ele>727.25</ele>
      </trkpt>
      <trkpt lat="47.288815" lon="11.437973">
        <ele>726.5</ele>
      </trkpt>
      <trkpt lat="47.288769" lon="11.438044">
        <ele>725.5</ele>
      </trkpt>
      <trkpt lat="47.28871" lon="11.4381">
        <ele>724</ele>
      </trkpt>
      <trkpt lat="47.288478" lon="11.438233">
        <ele>717.5</ele>
      </trkpt>
      <trkpt lat="47.288314" lon="11.438376">
        <ele>714</ele>
      </trkpt>
      <trkpt lat="47.288238" lon="11.438464">
        <ele>713</ele>
      </trkpt>
      <trkpt lat="47.288203" lon="11.438528">
        <ele>712.75</ele>
      </trkpt>
      <trkpt lat="47.288188" lon="11.438572">
        <ele>713</ele>
      </trkpt>
      <trkpt lat="47.288155" lon="11.438758">
        <ele>714.25</ele>
      </trkpt>
      <trkpt lat="47.288154" lon="11.43887">
        <ele>715.5</ele>
      </trkpt>
      <trkpt lat="47.288167" lon="11.438959">
        <ele>717</ele>
      </trkpt>
      <trkpt lat="47.288181" lon="11.439016">
        <ele>718.25</ele>
      </trkpt>
      <trkpt lat="47.288219" lon="11.439071">
        <ele>720.25</ele>
      </trkpt>
      <trkpt lat="47.2885" lon="11.439366">
        <ele>728.25</ele>
      </trkpt>
      <trkpt lat="47.288531" lon="11.439407">
        <ele>728.25</ele>
      </trkpt>
      <trkpt lat="47.288544" lon="11.439424">
        <ele>728.5</ele>
      </trkpt>
      <trkpt lat="47.288655" lon="11.439507">
        <ele>730</ele>
      </trkpt>
      <trkpt lat="47.288719" lon="11.439579">
        <ele>730.5</ele>
      </trkpt>
      <trkpt lat="47.288839" lon="11.439621">
        <ele>732.25</ele>
      </trkpt>
      <trkpt lat="47.289151" lon="11.439815">
        <ele>735</ele>
      </trkpt>
      <trkpt lat="47.289461" lon="11.439983">
        <ele>740.25</ele>
      </trkpt>
      <trkpt lat="47.289536" lon="11.440156">
        <ele>741.75</ele>
      </trkpt>
      <trkpt lat="47.289554" lon="11.440279">
        <ele>741.75</ele>
      </trkpt>
      <trkpt lat="47.289589" lon="11.440409">
        <ele>742.5</ele>
      </trkpt>
      <trkpt lat="47.289626" lon="11.440508">
        <ele>743.5</ele>
      </trkpt>
      <trkpt lat="47.289643" lon="11.440627">
        <ele>743.5</ele>
      </trkpt>
      <trkpt lat="47.289635" lon="11.440709">
        <ele>743.25</ele>
      </trkpt>
      <trkpt lat="47.289621" lon="11.440772">
        <ele>742.75</ele>
      </trkpt>
      <trkpt lat="47.289587" lon="11.440821">
        <ele>741.5</ele>
      </trkpt>
      <trkpt lat="47.289459" lon="11.440912">
        <ele>738</ele>
      </trkpt>
      <trkpt lat="47.289414" lon="11.440969">
        <ele>736.75</ele>
      </trkpt>
      <trkpt lat="47.289405" lon="11.440996">
        <ele>736.75</ele>
      </trkpt>
      <trkpt lat="47.289412" lon="11.441151">
        <ele>737.5</ele>
      </trkpt>
      <trkpt lat="47.289347" lon="11.441327">
        <ele>736.75</ele>
      </trkpt>
      <trkpt lat="47.289342" lon="11.441393">
        <ele>737</ele>
      </trkpt>
      <trkpt lat="47.289349" lon="11.441484">
        <ele>737.5</ele>
      </trkpt>
      <trkpt lat="47.289378" lon="11.441547">
        <ele>738.25</ele>
      </trkpt>
      <trkpt lat="47.289418" lon="11.441631">
        <ele>739.5</ele>
      </trkpt>
      <trkpt lat="47.289538" lon="11.442019">
        <ele>739.75</ele>
      </trkpt>
      <trkpt lat="47.289564" lon="11.44205">
        <ele>739.75</ele>
      </trkpt>
      <trkpt lat="47.289579" lon="11.442055">
        <ele>740</ele>
      </trkpt>
      <trkpt lat="47.289739" lon="11.442045">
        <ele>742.25</ele>
      </trkpt>
      <trkpt lat="47.289894" lon="11.442019">
        <ele>744.75</ele>
      </trkpt>
      <trkpt lat="47.289985" lon="11.441964">
        <ele>746.75</ele>
      </trkpt>
      <trkpt lat="47.29004" lon="11.441913">
        <ele>748</ele>
      </trkpt>
      <trkpt lat="47.290103" lon="11.44194">
        <ele>748.25</ele>
      </trkpt>
      <trkpt lat="47.290131" lon="11.441993">
        <ele>747.75</ele>
      </trkpt>
      <trkpt lat="47.290397" lon="11.44258">
        <ele>743.75</ele>
      </trkpt>
      <trkpt lat="47.29036" lon="11.442618">
        <ele>743</ele>
      </trkpt>
      <trkpt lat="47.290397" lon="11.44258">
        <ele>743.75</ele>
      </trkpt>
      <trkpt lat="47.290577" lon="11.442968">
        <ele>745</ele>
      </trkpt>
      <trkpt lat="47.29058" lon="11.442772">
        <ele>745.5</ele>
      </trkpt>
      <trkpt lat="47.290603" lon="11.442493">
        <ele>746.5</ele>
      </trkpt>
      <trkpt lat="47.290619" lon="11.442405">
        <ele>747.75</ele>
      </trkpt>
      <trkpt lat="47.290653" lon="11.442244">
        <ele>749.75</ele>
      </trkpt>
      <trkpt lat="47.290735" lon="11.441982">
        <ele>753.5</ele>
      </trkpt>
      <trkpt lat="47.290988" lon="11.441491">
        <ele>762.5</ele>
      </trkpt>
      <trkpt lat="47.291015" lon="11.44144">
        <ele>763.5</ele>
      </trkpt>
      <trkpt lat="47.291081" lon="11.441509">
        <ele>763.25</ele>
      </trkpt>
      <trkpt lat="47.291139" lon="11.44155">
        <ele>763.5</ele>
      </trkpt>
      <trkpt lat="47.291221" lon="11.441379">
        <ele>766.5</ele>
      </trkpt>
      <trkpt lat="47.291238" lon="11.441433">
        <ele>766</ele>
      </trkpt>
      <trkpt lat="47.291696" lon="11.442217">
        <ele>761.25</ele>
      </trkpt>
      <trkpt lat="47.291797" lon="11.442235">
        <ele>762.5</ele>
      </trkpt>
      <trkpt lat="47.291858" lon="11.442207">
        <ele>763.75</ele>
      </trkpt>
      <trkpt lat="47.291889" lon="11.442282">
        <ele>763.25</ele>
      </trkpt>
      <trkpt lat="47.291991" lon="11.442524">
        <ele>761.75</ele>
      </trkpt>
      <trkpt lat="47.292033" lon="11.442643">
        <ele>761.5</ele>
      </trkpt>
      <trkpt lat="47.29205" lon="11.44269">
        <ele>761.5</ele>
      </trkpt>
      <trkpt lat="47.292815" lon="11.441842">
        <ele>779.75</ele>
      </trkpt>
      <trkpt lat="47.292915" lon="11.441721">
        <ele>781.5</ele>
      </trkpt>
      <trkpt lat="47.293095" lon="11.441448">
        <ele>784.75</ele>
      </trkpt>
      <trkpt lat="47.293262" lon="11.441218">
        <ele>788.25</ele>
      </trkpt>
      <trkpt lat="47.293661" lon="11.440995">
        <ele>794.75</ele>
      </trkpt>
      <trkpt lat="47.293895" lon="11.440636">
        <ele>798.75</ele>
      </trkpt>
      <trkpt lat="47.294573" lon="11.439864">
        <ele>815.75</ele>
      </trkpt>
      <trkpt lat="47.294767" lon="11.439724">
        <ele>819.25</ele>
      </trkpt>
      <trkpt lat="47.294808" lon="11.439655">
        <ele>820.25</ele>
      </trkpt>
      <trkpt lat="47.294826" lon="11.439624">
        <ele>820.75</ele>
      </trkpt>
      <trkpt lat="47.294892" lon="11.439259">
        <ele>824</ele>
      </trkpt>
      <trkpt lat="47.295097" lon="11.438705">
        <ele>831</ele>
      </trkpt>
      <trkpt lat="47.295126" lon="11.438366">
        <ele>833.75</ele>
      </trkpt>
      <trkpt lat="47.295173" lon="11.438095">
        <ele>835</ele>
      </trkpt>
      <trkpt lat="47.295413" lon="11.43751">
        <ele>840.75</ele>
      </trkpt>
      <trkpt lat="47.295655" lon="11.437135">
        <ele>850.25</ele>
      </trkpt>
      <trkpt lat="47.295992" lon="11.436789">
        <ele>857.75</ele>
      </trkpt>
      <trkpt lat="47.296098" lon="11.436588">
        <ele>861</ele>
      </trkpt>
      <trkpt lat="47.296198" lon="11.436213">
        <ele>866.25</ele>
      </trkpt>
      <trkpt lat="47.296213" lon="11.43616">
        <ele>867</ele>
      </trkpt>
      <trkpt lat="47.296311" lon="11.436533">
        <ele>864</ele>
      </trkpt>
      <trkpt lat="47.296372" lon="11.436715">
        <ele>863.25</ele>
      </trkpt>
      <trkpt lat="47.296474" lon="11.436925">
        <ele>864.25</ele>
      </trkpt>
      <trkpt lat="47.296592" lon="11.437245">
        <ele>866</ele>
      </trkpt>
      <trkpt lat="47.296689" lon="11.437752">
        <ele>867.5</ele>
      </trkpt>
      <trkpt lat="47.296858" lon="11.43804">
        <ele>870</ele>
      </trkpt>
      <trkpt lat="47.297024" lon="11.438342">
        <ele>873</ele>
      </trkpt>
      <trkpt lat="47.297103" lon="11.438573">
        <ele>874.5</ele>
      </trkpt>
      <trkpt lat="47.297348" lon="11.438622">
        <ele>880.5</ele>
      </trkpt>
      <trkpt lat="47.297421" lon="11.438702">
        <ele>882.25</ele>
      </trkpt>
      <trkpt lat="47.29745" lon="11.438796">
        <ele>883.25</ele>
      </trkpt>
      <trkpt lat="47.297415" lon="11.43892">
        <ele>882.25</ele>
      </trkpt>
      <trkpt lat="47.297378" lon="11.438985">
        <ele>881.5</ele>
      </trkpt>
      <trkpt lat="47.297149" lon="11.439143">
        <ele>875.25</ele>
      </trkpt>
      <trkpt lat="47.297133" lon="11.4392">
        <ele>875.25</ele>
      </trkpt>
      <trkpt lat="47.297143" lon="11.439431">
        <ele>878.25</ele>
      </trkpt>
      <trkpt lat="47.297169" lon="11.439685">
        <ele>881.75</ele>
      </trkpt>
      <trkpt lat="47.29718" lon="11.439983">
        <ele>885.5</ele>
      </trkpt>
      <trkpt lat="47.297239" lon="11.440375">
        <ele>886.75</ele>
      </trkpt>
      <trkpt lat="47.297221" lon="11.440713">
        <ele>886.5</ele>
      </trkpt>
      <trkpt lat="47.297374" lon="11.441174">
        <ele>886</ele>
      </trkpt>
      <trkpt lat="47.297547" lon="11.441698">
        <ele>884</ele>
      </trkpt>
      <trkpt lat="47.297483" lon="11.441822">
        <ele>883.25</ele>
      </trkpt>
      <trkpt lat="47.297547" lon="11.441698">
        <ele>884</ele>
      </trkpt>
      <trkpt lat="47.297554" lon="11.442623">
        <ele>881.75</ele>
      </trkpt>
      <trkpt lat="47.297629" lon="11.442927">
        <ele>881</ele>
      </trkpt>
      <trkpt lat="47.297655" lon="11.443308">
        <ele>880.25</ele>
      </trkpt>
      <trkpt lat="47.297769" lon="11.443605">
        <ele>879.5</ele>
      </trkpt>
      <trkpt lat="47.297877" lon="11.444513">
        <ele>881.75</ele>
      </trkpt>
      <trkpt lat="47.298011" lon="11.444946">
        <ele>882.5</ele>
      </trkpt>
      <trkpt lat="47.29805" lon="11.445149">
        <ele>881.75</ele>
      </trkpt>
      <trkpt lat="47.298057" lon="11.446079">
        <ele>878.75</ele>
      </trkpt>
      <trkpt lat="47.298099" lon="11.446293">
        <ele>877.5</ele>
      </trkpt>
      <trkpt lat="47.298186" lon="11.446514">
        <ele>876.5</ele>
      </trkpt>
      <trkpt lat="47.298198" lon="11.446783">
        <ele>875.25</ele>
      </trkpt>
      <trkpt lat="47.298272" lon="11.447043">
        <ele>873.5</ele>
      </trkpt>
      <trkpt lat="47.298332" lon="11.447168">
        <ele>872.75</ele>
      </trkpt>
      <trkpt lat="47.298427" lon="11.447235">
        <ele>872.25</ele>
      </trkpt>
      <trkpt lat="47.29852" lon="11.447278">
        <ele>871.75</ele>
      </trkpt>
      <trkpt lat="47.298806" lon="11.447264">
        <ele>871.25</ele>
      </trkpt>
      <trkpt lat="47.299188" lon="11.447275">
        <ele>870.75</ele>
      </trkpt>
      <trkpt lat="47.299203" lon="11.447232">
        <ele>871.75</ele>
      </trkpt>
      <trkpt lat="47.299323" lon="11.447213">
        <ele>874.5</ele>
      </trkpt>
      <trkpt lat="47.29945" lon="11.447143">
        <ele>878.25</ele>
      </trkpt>
      <trkpt lat="47.299583" lon="11.447096">
        <ele>881.75</ele>
      </trkpt>
      <trkpt lat="47.299656" lon="11.447014">
        <ele>884.5</ele>
      </trkpt>
      <trkpt lat="47.299707" lon="11.446987">
        <ele>886</ele>
      </trkpt>
      <trkpt lat="47.299829" lon="11.446899">
        <ele>889.75</ele>
      </trkpt>
      <trkpt lat="47.29987" lon="11.446849">
        <ele>891.5</ele>
      </trkpt>
      <trkpt lat="47.299895" lon="11.446906">
        <ele>891</ele>
      </trkpt>
      <trkpt lat="47.300018" lon="11.447108">
        <ele>890.5</ele>
      </trkpt>
      <trkpt lat="47.300139" lon="11.447392">
        <ele>888.75</ele>
      </trkpt>
      <trkpt lat="47.300155" lon="11.447472">
        <ele>887.75</ele>
      </trkpt>
      <trkpt lat="47.300227" lon="11.447563">
        <ele>887</ele>
      </trkpt>
      <trkpt lat="47.300346" lon="11.447554">
        <ele>890.25</ele>
      </trkpt>
      <trkpt lat="47.30042" lon="11.447496">
        <ele>893.5</ele>
      </trkpt>
      <trkpt lat="47.300489" lon="11.44752">
        <ele>894.5</ele>
      </trkpt>
      <trkpt lat="47.300515" lon="11.447829">
        <ele>886.25</ele>
      </trkpt>
      <trkpt lat="47.300575" lon="11.447984">
        <ele>883.75</ele>
      </trkpt>
      <trkpt lat="47.300692" lon="11.448182">
        <ele>882</ele>
      </trkpt>
      <trkpt lat="47.300853" lon="11.448332">
        <ele>883.5</ele>
      </trkpt>
      <trkpt lat="47.301059" lon="11.448373">
        <ele>889.5</ele>
      </trkpt>
      <trkpt lat="47.301285" lon="11.448624">
        <ele>892.5</ele>
      </trkpt>
      <trkpt lat="47.301402" lon="11.448875">
        <ele>892.25</ele>
      </trkpt>
      <trkpt lat="47.301483" lon="11.44922">
        <ele>890.25</ele>
      </trkpt>
      <trkpt lat="47.301573" lon="11.449348">
        <ele>893.25</ele>
      </trkpt>
      <trkpt lat="47.301972" lon="11.449673">
        <ele>906.75</ele>
      </trkpt>
      <trkpt lat="47.302018" lon="11.449721">
        <ele>908.5</ele>
      </trkpt>
      <trkpt lat="47.302035" lon="11.449761">
        <ele>909</ele>
      </trkpt>
      <trkpt lat="47.302015" lon="11.449853">
        <ele>908.5</ele>
      </trkpt>
      <trkpt lat="47.301721" lon="11.450224">
        <ele>904</ele>
      </trkpt>
      <trkpt lat="47.301343" lon="11.450398">
        <ele>902.5</ele>
      </trkpt>
      <trkpt lat="47.301176" lon="11.450406">
        <ele>900.25</ele>
      </trkpt>
      <trkpt lat="47.300904" lon="11.450229">
        <ele>892.25</ele>
      </trkpt>
      <trkpt lat="47.300767" lon="11.450195">
        <ele>890.25</ele>
      </trkpt>
      <trkpt lat="47.300694" lon="11.450256">
        <ele>891</ele>
      </trkpt>
      <trkpt lat="47.300682" lon="11.450267">
        <ele>891.25</ele>
      </trkpt>
      <trkpt lat="47.30044" lon="11.450117">
        <ele>887.5</ele>
      </trkpt>
      <trkpt lat="47.300098" lon="11.449988">
        <ele>885.5</ele>
      </trkpt>
      <trkpt lat="47.299697" lon="11.450108">
        <ele>876.75</ele>
      </trkpt>
      <trkpt lat="47.29912" lon="11.450627">
        <ele>868.75</ele>
      </trkpt>
      <trkpt lat="47.298692" lon="11.451141">
        <ele>868</ele>
      </trkpt>
      <trkpt lat="47.298477" lon="11.451347">
        <ele>868</ele>
      </trkpt>
      <trkpt lat="47.298444" lon="11.451432">
        <ele>869.25</ele>
      </trkpt>
      <trkpt lat="47.298226" lon="11.4517">
        <ele>870.75</ele>
      </trkpt>
      <trkpt lat="47.297902" lon="11.451889">
        <ele>865.5</ele>
      </trkpt>
      <trkpt lat="47.297785" lon="11.452272">
        <ele>866.5</ele>
      </trkpt>
      <trkpt lat="47.297613" lon="11.452426">
        <ele>865.158265051252</ele>
      </trkpt>
      <trkpt lat="47.297306366145534" lon="11.452655738106046">
        <ele>858.0693671501854</ele>
      </trkpt>
      <trkpt lat="47.29688343677719" lon="11.452880929792794">
        <ele>847.5485708412739</ele>
      </trkpt>
      <trkpt lat="47.296756615487766" lon="11.452948456671322">
        <ele>843.6022857159819</ele>
      </trkpt>
      <trkpt lat="47.296585407516496" lon="11.4535615341813">
        <ele>835.5315553335251</ele>
      </trkpt>
      <trkpt lat="47.29654282202162" lon="11.453714028302727">
        <ele>834.1717235499531</ele>
      </trkpt>
      <trkpt lat="47.296095394241775" lon="11.453780000464139">
        <ele>821.7854107269793</ele>
      </trkpt>
      <trkpt lat="47.296084690254844" lon="11.453781578741541">
        <ele>821.4323575303899</ele>
      </trkpt>
      <trkpt lat="47.29594724995056" lon="11.454254431808806">
        <ele>815.3122200206773</ele>
      </trkpt>
      <trkpt lat="47.29594724995056" lon="11.454254431808806">
        <ele>815.3122200206773</ele>
      </trkpt>
      <trkpt lat="47.29552315703614" lon="11.454474812600516">
        <ele>798.8574064977939</ele>
      </trkpt>
      <trkpt lat="47.29550307882329" lon="11.45448524628685">
        <ele>797.9606242681393</ele>
      </trkpt>
      <trkpt lat="47.29518368605315" lon="11.45461470134623">
        <ele>782.2914803932895</ele>
      </trkpt>
      <trkpt lat="47.29518368605315" lon="11.45461470134623">
        <ele>782.2914803932895</ele>
      </trkpt>
      <trkpt lat="47.29504468094382" lon="11.45455275448353">
        <ele>773.5157710086085</ele>
      </trkpt>
      <trkpt lat="47.294781" lon="11.45463">
        <ele>764.25</ele>
      </trkpt>
      <trkpt lat="47.294765" lon="11.454495">
        <ele>762.75</ele>
      </trkpt>
      <trkpt lat="47.294743" lon="11.454421">
        <ele>761.5</ele>
      </trkpt>
      <trkpt lat="47.294711" lon="11.454311">
        <ele>759.75</ele>
      </trkpt>
      <trkpt lat="47.294725" lon="11.45414">
        <ele>759.5</ele>
      </trkpt>
      <trkpt lat="47.294784" lon="11.453927">
        <ele>761.5</ele>
      </trkpt>
      <trkpt lat="47.294881" lon="11.453655">
        <ele>764</ele>
      </trkpt>
      <trkpt lat="47.294846" lon="11.453455">
        <ele>762.25</ele>
      </trkpt>
      <trkpt lat="47.294814" lon="11.453393">
        <ele>761.25</ele>
      </trkpt>
      <trkpt lat="47.294726" lon="11.453219">
        <ele>758.75</ele>
      </trkpt>
      <trkpt lat="47.294704" lon="11.452875">
        <ele>758.25</ele>
      </trkpt>
      <trkpt lat="47.294653" lon="11.452578">
        <ele>757.5</ele>
      </trkpt>
      <trkpt lat="47.294526" lon="11.452198">
        <ele>756.75</ele>
      </trkpt>
      <trkpt lat="47.294476" lon="11.45195">
        <ele>757</ele>
      </trkpt>
      <trkpt lat="47.294406" lon="11.451773">
        <ele>757.25</ele>
      </trkpt>
      <trkpt lat="47.294406" lon="11.451771">
        <ele>757.25</ele>
      </trkpt>
      <trkpt lat="47.294362" lon="11.451659">
        <ele>757.75</ele>
      </trkpt>
      <trkpt lat="47.29433" lon="11.451612">
        <ele>758.25</ele>
      </trkpt>
      <trkpt lat="47.294253" lon="11.45159">
        <ele>758</ele>
      </trkpt>
      <trkpt lat="47.294148" lon="11.451423">
        <ele>760.75</ele>
      </trkpt>
      <trkpt lat="47.294064" lon="11.451351">
        <ele>761.75</ele>
      </trkpt>
      <trkpt lat="47.294015" lon="11.451262">
        <ele>763.25</ele>
      </trkpt>
      <trkpt lat="47.294013" lon="11.451191">
        <ele>764.5</ele>
      </trkpt>
      <trkpt lat="47.293979" lon="11.451097">
        <ele>766</ele>
      </trkpt>
      <trkpt lat="47.293925" lon="11.450994">
        <ele>769.5</ele>
      </trkpt>
      <trkpt lat="47.293801" lon="11.450758">
        <ele>769.5</ele>
      </trkpt>
      <trkpt lat="47.293741" lon="11.450676">
        <ele>769.25</ele>
      </trkpt>
      <trkpt lat="47.293703" lon="11.450662">
        <ele>769</ele>
      </trkpt>
      <trkpt lat="47.293704" lon="11.450583">
        <ele>769.5</ele>
      </trkpt>
      <trkpt lat="47.293711" lon="11.450318">
        <ele>771.25</ele>
      </trkpt>
      <trkpt lat="47.293757" lon="11.450014">
        <ele>774.5</ele>
      </trkpt>
      <trkpt lat="47.293715" lon="11.449947">
        <ele>774</ele>
      </trkpt>
      <trkpt lat="47.29366" lon="11.449699">
        <ele>775</ele>
      </trkpt>
      <trkpt lat="47.293572" lon="11.449876">
        <ele>770.25</ele>
      </trkpt>
      <trkpt lat="47.293483" lon="11.450145">
        <ele>766.25</ele>
      </trkpt>
      <trkpt lat="47.293379" lon="11.450391">
        <ele>763.75</ele>
      </trkpt>
      <trkpt lat="47.293249" lon="11.450722">
        <ele>761.25</ele>
      </trkpt>
      <trkpt lat="47.293119" lon="11.450819">
        <ele>757.75</ele>
      </trkpt>
      <trkpt lat="47.292722" lon="11.451321">
        <ele>747.5</ele>
      </trkpt>
      <trkpt lat="47.292591" lon="11.451531">
        <ele>746.25</ele>
      </trkpt>
      <trkpt lat="47.292479" lon="11.451757">
        <ele>745</ele>
      </trkpt>
      <trkpt lat="47.292293" lon="11.451948">
        <ele>740.75</ele>
      </trkpt>
      <trkpt lat="47.292027" lon="11.452279">
        <ele>742.4982060643172</ele>
      </trkpt>
      <trkpt lat="47.292135522390566" lon="11.452546324998337">
        <ele>739.9164740568971</ele>
      </trkpt>
      <trkpt lat="47.29226828925485" lon="11.45258547426991">
        <ele>739.768960227298</ele>
      </trkpt>
      <trkpt lat="47.29248956662104" lon="11.452559374754685">
        <ele>740.4429702171967</ele>
      </trkpt>
      <trkpt lat="47.29244531122194" lon="11.45291171820125">
        <ele>733.9597085144696</ele>
      </trkpt>
      <trkpt lat="47.292465" lon="11.452945">
        <ele>735.5</ele>
      </trkpt>
      <trkpt lat="47.292392" lon="11.453042">
        <ele>733.5</ele>
      </trkpt>
      <trkpt lat="47.292242" lon="11.453282">
        <ele>728.75</ele>
      </trkpt>
      <trkpt lat="47.292027" lon="11.453591">
        <ele>722.25</ele>
      </trkpt>
      <trkpt lat="47.291998" lon="11.453664">
        <ele>720.75</ele>
      </trkpt>
      <trkpt lat="47.291972" lon="11.453801">
        <ele>718</ele>
      </trkpt>
      <trkpt lat="47.291948" lon="11.454067">
        <ele>712.5</ele>
      </trkpt>
      <trkpt lat="47.291827" lon="11.454604">
        <ele>702</ele>
      </trkpt>
      <trkpt lat="47.291823" lon="11.454623">
        <ele>701.75</ele>
      </trkpt>
      <trkpt lat="47.291774" lon="11.454668">
        <ele>700.5</ele>
      </trkpt>
      <trkpt lat="47.291513" lon="11.4548">
        <ele>695.75</ele>
      </trkpt>
      <trkpt lat="47.291431" lon="11.454819">
        <ele>694.5</ele>
      </trkpt>
      <trkpt lat="47.29122" lon="11.454836">
        <ele>692.25</ele>
      </trkpt>
      <trkpt lat="47.291304" lon="11.455075">
        <ele>690</ele>
      </trkpt>
      <trkpt lat="47.291452" lon="11.4555">
        <ele>688.25</ele>
      </trkpt>
      <trkpt lat="47.291483" lon="11.455588">
        <ele>687.75</ele>
      </trkpt>
      <trkpt lat="47.291532" lon="11.455726">
        <ele>687.5</ele>
      </trkpt>
      <trkpt lat="47.291651" lon="11.456079">
        <ele>688.25</ele>
      </trkpt>
      <trkpt lat="47.291766" lon="11.456515">
        <ele>691.75</ele>
      </trkpt>
      <trkpt lat="47.291811" lon="11.456551">
        <ele>693</ele>
      </trkpt>
      <trkpt lat="47.291795" lon="11.456611">
        <ele>692.5</ele>
      </trkpt>
      <trkpt lat="47.291699" lon="11.456983">
        <ele>690.5</ele>
      </trkpt>
      <trkpt lat="47.291544" lon="11.457917">
        <ele>684.5</ele>
      </trkpt>
      <trkpt lat="47.291521" lon="11.458147">
        <ele>682.5</ele>
      </trkpt>
      <trkpt lat="47.291531" lon="11.458355">
        <ele>681</ele>
      </trkpt>
      <trkpt lat="47.291608" lon="11.458569">
        <ele>680.5</ele>
      </trkpt>
      <trkpt lat="47.291707" lon="11.458779">
        <ele>680</ele>
      </trkpt>
      <trkpt lat="47.292313" lon="11.460025">
        <ele>677.25</ele>
      </trkpt>
      <trkpt lat="47.292676" lon="11.460783">
        <ele>676</ele>
      </trkpt>
      <trkpt lat="47.293088" lon="11.461642">
        <ele>675</ele>
      </trkpt>
      <trkpt lat="47.293315" lon="11.462048">
        <ele>673.5</ele>
      </trkpt>
      <trkpt lat="47.293506" lon="11.462468">
        <ele>672.75</ele>
      </trkpt>
      <trkpt lat="47.293584" lon="11.462802">
        <ele>672.75</ele>
      </trkpt>
      <trkpt lat="47.293633" lon="11.463136">
        <ele>672.5</ele>
      </trkpt>
      <trkpt lat="47.293684" lon="11.463558">
        <ele>670.75</ele>
      </trkpt>
      <trkpt lat="47.293708" lon="11.463675">
        <ele>670.25</ele>
      </trkpt>
      <trkpt lat="47.293824" lon="11.46422">
        <ele>667.5</ele>
      </trkpt>
      <trkpt lat="47.293869" lon="11.464368">
        <ele>666.75</ele>
      </trkpt>
      <trkpt lat="47.293895" lon="11.464437">
        <ele>666.25</ele>
      </trkpt>
      <trkpt lat="47.294103" lon="11.46498">
        <ele>664.25</ele>
      </trkpt>
      <trkpt lat="47.294166" lon="11.465168">
        <ele>664</ele>
      </trkpt>
      <trkpt lat="47.294192" lon="11.465276">
        <ele>664.25</ele>
      </trkpt>
      <trkpt lat="47.294217" lon="11.465354">
        <ele>664.25</ele>
      </trkpt>
      <trkpt lat="47.294276" lon="11.46547">
        <ele>665</ele>
      </trkpt>
      <trkpt lat="47.294337" lon="11.465647">
        <ele>665.25</ele>
      </trkpt>
      <trkpt lat="47.294423" lon="11.466018">
        <ele>664.5</ele>
      </trkpt>
      <trkpt lat="47.294455" lon="11.466126">
        <ele>664.75</ele>
      </trkpt>
      <trkpt lat="47.294535" lon="11.466354">
        <ele>665</ele>
      </trkpt>
      <trkpt lat="47.294649" lon="11.466631">
        <ele>665.75</ele>
      </trkpt>
      <trkpt lat="47.294732" lon="11.466775">
        <ele>666</ele>
      </trkpt>
      <trkpt lat="47.294782" lon="11.466839">
        <ele>666.25</ele>
      </trkpt>
      <trkpt lat="47.294879" lon="11.466946">
        <ele>666.5</ele>
      </trkpt>
      <trkpt lat="47.295027" lon="11.467082">
        <ele>667.5</ele>
      </trkpt>
      <trkpt lat="47.29497" lon="11.467263">
        <ele>664.25</ele>
      </trkpt>
      <trkpt lat="47.294996" lon="11.467484">
        <ele>662</ele>
      </trkpt>
      <trkpt lat="47.295154" lon="11.467498">
        <ele>663.75</ele>
      </trkpt>
      <trkpt lat="47.295549" lon="11.46741">
        <ele>670.5</ele>
      </trkpt>
      <trkpt lat="47.295768" lon="11.467366">
        <ele>674.5</ele>
      </trkpt>
      <trkpt lat="47.295895" lon="11.467301">
        <ele>677.75</ele>
      </trkpt>
      <trkpt lat="47.296033" lon="11.467279">
        <ele>679.5</ele>
      </trkpt>
      <trkpt lat="47.296151" lon="11.467279">
        <ele>680.5</ele>
      </trkpt>
      <trkpt lat="47.296362" lon="11.46733">
        <ele>681</ele>
      </trkpt>
      <trkpt lat="47.296467" lon="11.467388">
        <ele>680.25</ele>
      </trkpt>
      <trkpt lat="47.296572" lon="11.467482">
        <ele>678.5</ele>
      </trkpt>
      <trkpt lat="47.296721" lon="11.467631">
        <ele>677.5</ele>
      </trkpt>
      <trkpt lat="47.296774" lon="11.467685">
        <ele>677.25</ele>
      </trkpt>
      <trkpt lat="47.296874" lon="11.46774">
        <ele>677.75</ele>
      </trkpt>
      <trkpt lat="47.29698" lon="11.467758">
        <ele>678.75</ele>
      </trkpt>
      <trkpt lat="47.297095" lon="11.467762">
        <ele>680.25</ele>
      </trkpt>
      <trkpt lat="47.29768" lon="11.467552">
        <ele>690.25</ele>
      </trkpt>
      <trkpt lat="47.297711" lon="11.467562">
        <ele>690.5</ele>
      </trkpt>
      <trkpt lat="47.297733" lon="11.46758">
        <ele>690.5</ele>
      </trkpt>
      <trkpt lat="47.297786" lon="11.467643">
        <ele>690.25</ele>
      </trkpt>
      <trkpt lat="47.297835" lon="11.467733">
        <ele>690</ele>
      </trkpt>
      <trkpt lat="47.297878" lon="11.467833">
        <ele>689.5</ele>
      </trkpt>
      <trkpt lat="47.297809" lon="11.467989">
        <ele>686.75</ele>
      </trkpt>
      <trkpt lat="47.297753" lon="11.46809">
        <ele>685</ele>
      </trkpt>
      <trkpt lat="47.297713" lon="11.468147">
        <ele>683.75</ele>
      </trkpt>
      <trkpt lat="47.298496" lon="11.468763">
        <ele>688</ele>
      </trkpt>
      <trkpt lat="47.298505" lon="11.468789">
        <ele>687.75</ele>
      </trkpt>
      <trkpt lat="47.298477" lon="11.468962">
        <ele>682.5</ele>
      </trkpt>
      <trkpt lat="47.298472" lon="11.468997">
        <ele>681.5</ele>
      </trkpt>
      <trkpt lat="47.298474" lon="11.469057">
        <ele>680.25</ele>
      </trkpt>
      <trkpt lat="47.298614" lon="11.469241">
        <ele>680</ele>
      </trkpt>
      <trkpt lat="47.298709" lon="11.469323">
        <ele>680.75</ele>
      </trkpt>
      <trkpt lat="47.298927" lon="11.469401">
        <ele>684.25</ele>
      </trkpt>
      <trkpt lat="47.299073" lon="11.469495">
        <ele>685.25</ele>
      </trkpt>
      <trkpt lat="47.299127" lon="11.469637">
        <ele>682.75</ele>
      </trkpt>
      <trkpt lat="47.298894" lon="11.469643">
        <ele>678.25</ele>
      </trkpt>
      <trkpt lat="47.298893" lon="11.46969">
        <ele>677</ele>
      </trkpt>
      <trkpt lat="47.298937" lon="11.469747">
        <ele>676.5</ele>
      </trkpt>
      <trkpt lat="47.298937" lon="11.469793">
        <ele>675.5</ele>
      </trkpt>
      <trkpt lat="47.29903" lon="11.469815">
        <ele>676.5</ele>
      </trkpt>
      <trkpt lat="47.29898" lon="11.469873">
        <ele>674.5</ele>
      </trkpt>
      <trkpt lat="47.299034" lon="11.469904">
        <ele>674.5</ele>
      </trkpt>
      <trkpt lat="47.298984" lon="11.469954">
        <ele>672.5</ele>
      </trkpt>
      <trkpt lat="47.2991" lon="11.470087">
        <ele>673.5</ele>
      </trkpt>
      <trkpt lat="47.299106" lon="11.470136">
        <ele>673.75</ele>
      </trkpt>
      <trkpt lat="47.299132" lon="11.470339">
        <ele>675.75</ele>
      </trkpt>
      <trkpt lat="47.299097" lon="11.470492">
        <ele>676.5</ele>
      </trkpt>
      <trkpt lat="47.299119" lon="11.470523">
        <ele>677</ele>
      </trkpt>
      <trkpt lat="47.299128" lon="11.470534">
        <ele>677.25</ele>
      </trkpt>
      <trkpt lat="47.299145" lon="11.470753">
        <ele>679</ele>
      </trkpt>
      <trkpt lat="47.299129" lon="11.470883">
        <ele>680.25</ele>
      </trkpt>
      <trkpt lat="47.299088" lon="11.471008">
        <ele>682.25</ele>
      </trkpt>
      <trkpt lat="47.299002" lon="11.471133">
        <ele>683.5</ele>
      </trkpt>
      <trkpt lat="47.298607" lon="11.47142">
        <ele>682.75</ele>
      </trkpt>
      <trkpt lat="47.298481" lon="11.471471">
        <ele>681.75</ele>
      </trkpt>
      <trkpt lat="47.298329" lon="11.471519">
        <ele>680</ele>
      </trkpt>
      <trkpt lat="47.298171" lon="11.471587">
        <ele>677.75</ele>
      </trkpt>
      <trkpt lat="47.298102" lon="11.471625">
        <ele>676.75</ele>
      </trkpt>
      <trkpt lat="47.29805" lon="11.471676">
        <ele>676</ele>
      </trkpt>
      <trkpt lat="47.29796" lon="11.471822">
        <ele>674.75</ele>
      </trkpt>
      <trkpt lat="47.297769" lon="11.472258">
        <ele>672.5</ele>
      </trkpt>
      <trkpt lat="47.297738" lon="11.472385">
        <ele>672.25</ele>
      </trkpt>
      <trkpt lat="47.297734" lon="11.472739">
        <ele>672.25</ele>
      </trkpt>
      <trkpt lat="47.297699" lon="11.472716">
        <ele>671.25</ele>
      </trkpt>
      <trkpt lat="47.297734" lon="11.472739">
        <ele>672.25</ele>
      </trkpt>
      <trkpt lat="47.297739" lon="11.472745">
        <ele>672.5</ele>
      </trkpt>
      <trkpt lat="47.297827" lon="11.472851">
        <ele>674.5</ele>
      </trkpt>
      <trkpt lat="47.297855" lon="11.472892">
        <ele>675</ele>
      </trkpt>
      <trkpt lat="47.297879" lon="11.472933">
        <ele>675.5</ele>
      </trkpt>
      <trkpt lat="47.297915" lon="11.473028">
        <ele>676.25</ele>
      </trkpt>
      <trkpt lat="47.297938" lon="11.473148">
        <ele>676.75</ele>
      </trkpt>
      <trkpt lat="47.297978" lon="11.473657">
        <ele>676.75</ele>
      </trkpt>
      <trkpt lat="47.297986" lon="11.473701">
        <ele>677</ele>
      </trkpt>
      <trkpt lat="47.298001" lon="11.473764">
        <ele>677.25</ele>
      </trkpt>
      <trkpt lat="47.298018" lon="11.4738">
        <ele>677.75</ele>
      </trkpt>
      <trkpt lat="47.298039" lon="11.473825">
        <ele>678</ele>
      </trkpt>
      <trkpt lat="47.298073" lon="11.473868">
        <ele>679</ele>
      </trkpt>
      <trkpt lat="47.298131" lon="11.4739">
        <ele>680.25</ele>
      </trkpt>
      <trkpt lat="47.298191" lon="11.473901">
        <ele>681.75</ele>
      </trkpt>
      <trkpt lat="47.298247" lon="11.473873">
        <ele>683.25</ele>
      </trkpt>
      <trkpt lat="47.298278" lon="11.473826">
        <ele>684.25</ele>
      </trkpt>
      <trkpt lat="47.298297" lon="11.473783">
        <ele>684.75</ele>
      </trkpt>
      <trkpt lat="47.298352" lon="11.473791">
        <ele>686</ele>
      </trkpt>
      <trkpt lat="47.298607" lon="11.473702">
        <ele>687.75</ele>
      </trkpt>
      <trkpt lat="47.29871" lon="11.473667">
        <ele>688.5</ele>
      </trkpt>
      <trkpt lat="47.298773" lon="11.473743">
        <ele>688.5</ele>
      </trkpt>
      <trkpt lat="47.29886" lon="11.473761">
        <ele>689</ele>
      </trkpt>
      <trkpt lat="47.29905" lon="11.473878">
        <ele>689</ele>
      </trkpt>
      <trkpt lat="47.299215" lon="11.47406">
        <ele>688.75</ele>
      </trkpt>
      <trkpt lat="47.299375" lon="11.474548">
        <ele>687</ele>
      </trkpt>
      <trkpt lat="47.299406" lon="11.474641">
        <ele>686.75</ele>
      </trkpt>
      <trkpt lat="47.299587" lon="11.475156">
        <ele>685.75</ele>
      </trkpt>
      <trkpt lat="47.29965" lon="11.475455">
        <ele>684.25</ele>
      </trkpt>
      <trkpt lat="47.29978" lon="11.475741">
        <ele>683.75</ele>
      </trkpt>
      <trkpt lat="47.300018" lon="11.47637">
        <ele>681</ele>
      </trkpt>
      <trkpt lat="47.300191" lon="11.476899">
        <ele>679.5</ele>
      </trkpt>
      <trkpt lat="47.30039" lon="11.477438">
        <ele>678.75</ele>
      </trkpt>
      <trkpt lat="47.30042" lon="11.477489">
        <ele>678.75</ele>
      </trkpt>
      <trkpt lat="47.30049" lon="11.477608">
        <ele>679.25</ele>
      </trkpt>
      <trkpt lat="47.300559" lon="11.477651">
        <ele>680.25</ele>
      </trkpt>
      <trkpt lat="47.300667" lon="11.477748">
        <ele>681.5</ele>
      </trkpt>
      <trkpt lat="47.300863" lon="11.477919">
        <ele>684</ele>
      </trkpt>
      <trkpt lat="47.300911" lon="11.477939">
        <ele>684.75</ele>
      </trkpt>
      <trkpt lat="47.301031" lon="11.477945">
        <ele>687.25</ele>
      </trkpt>
      <trkpt lat="47.301149" lon="11.478409">
        <ele>687.5</ele>
      </trkpt>
      <trkpt lat="47.30124" lon="11.478725">
        <ele>688</ele>
      </trkpt>
      <trkpt lat="47.301281" lon="11.478953">
        <ele>687.75</ele>
      </trkpt>
      <trkpt lat="47.301268" lon="11.479785">
        <ele>686.75</ele>
      </trkpt>
      <trkpt lat="47.301403" lon="11.480669">
        <ele>688.25</ele>
      </trkpt>
      <trkpt lat="47.301417" lon="11.48142">
        <ele>687.75</ele>
      </trkpt>
      <trkpt lat="47.301461" lon="11.482193">
        <ele>688.25</ele>
      </trkpt>
      <trkpt lat="47.301427" lon="11.482534">
        <ele>686.25</ele>
      </trkpt>
      <trkpt lat="47.301385" lon="11.482897">
        <ele>684.5</ele>
      </trkpt>
      <trkpt lat="47.30117" lon="11.483759">
        <ele>676.25</ele>
      </trkpt>
      <trkpt lat="47.301186" lon="11.484114">
        <ele>675.75</ele>
      </trkpt>
      <trkpt lat="47.301185" lon="11.484113">
        <ele>675.75</ele>
      </trkpt>
      <trkpt lat="47.301199" lon="11.484403">
        <ele>675.5</ele>
      </trkpt>
      <trkpt lat="47.301447" lon="11.485519">
        <ele>677.5</ele>
      </trkpt>
      <trkpt lat="47.301435" lon="11.485735">
        <ele>675.5</ele>
      </trkpt>
      <trkpt lat="47.301405" lon="11.486282">
        <ele>673</ele>
      </trkpt>
      <trkpt lat="47.301328" lon="11.486501">
        <ele>671.25</ele>
      </trkpt>
      <trkpt lat="47.301573" lon="11.486518">
        <ele>675.25</ele>
      </trkpt>
      <trkpt lat="47.301761" lon="11.486671">
        <ele>678.75</ele>
      </trkpt>
      <trkpt lat="47.302046" lon="11.487035">
        <ele>689.5</ele>
      </trkpt>
      <trkpt lat="47.302238" lon="11.487304">
        <ele>695.25</ele>
      </trkpt>
      <trkpt lat="47.302468" lon="11.487748">
        <ele>702.25</ele>
      </trkpt>
      <trkpt lat="47.302569" lon="11.48793">
        <ele>705.75</ele>
      </trkpt>
      <trkpt lat="47.302761" lon="11.488241">
        <ele>711.75</ele>
      </trkpt>
      <trkpt lat="47.302913" lon="11.488409">
        <ele>714.75</ele>
      </trkpt>
      <trkpt lat="47.302996" lon="11.488512">
        <ele>715.75</ele>
      </trkpt>
      <trkpt lat="47.303043" lon="11.488688">
        <ele>715.25</ele>
      </trkpt>
      <trkpt lat="47.303101" lon="11.488739">
        <ele>715.75</ele>
      </trkpt>
      <trkpt lat="47.303151" lon="11.488716">
        <ele>717</ele>
      </trkpt>
      <trkpt lat="47.303195" lon="11.488636">
        <ele>718.5</ele>
      </trkpt>
      <trkpt lat="47.303229" lon="11.48852">
        <ele>720.5</ele>
      </trkpt>
      <trkpt lat="47.303253" lon="11.488278">
        <ele>723.25</ele>
      </trkpt>
      <trkpt lat="47.303253" lon="11.487999">
        <ele>724.75</ele>
      </trkpt>
      <trkpt lat="47.303244" lon="11.487752">
        <ele>725.75</ele>
      </trkpt>
      <trkpt lat="47.303288" lon="11.487379">
        <ele>728.5</ele>
      </trkpt>
      <trkpt lat="47.303253" lon="11.487073">
        <ele>727.75</ele>
      </trkpt>
      <trkpt lat="47.303264" lon="11.486762">
        <ele>728.25</ele>
      </trkpt>
      <trkpt lat="47.303424" lon="11.486524">
        <ele>737.5</ele>
      </trkpt>
      <trkpt lat="47.303474" lon="11.486313">
        <ele>742</ele>
      </trkpt>
      <trkpt lat="47.303496" lon="11.48596">
        <ele>745.75</ele>
      </trkpt>
      <trkpt lat="47.303429" lon="11.485611">
        <ele>744.75</ele>
      </trkpt>
      <trkpt lat="47.303388" lon="11.48522">
        <ele>745</ele>
      </trkpt>
      <trkpt lat="47.303307" lon="11.48475">
        <ele>745</ele>
      </trkpt>
      <trkpt lat="47.303281" lon="11.484422">
        <ele>747</ele>
      </trkpt>
      <trkpt lat="47.303225" lon="11.484145">
        <ele>747.25</ele>
      </trkpt>
      <trkpt lat="47.303285" lon="11.483654">
        <ele>751</ele>
      </trkpt>
      <trkpt lat="47.303349" lon="11.4832">
        <ele>755.25</ele>
      </trkpt>
      <trkpt lat="47.30338" lon="11.482881">
        <ele>758</ele>
      </trkpt>
      <trkpt lat="47.303342" lon="11.482019">
        <ele>759.5</ele>
      </trkpt>
      <trkpt lat="47.303407" lon="11.481742">
        <ele>763</ele>
      </trkpt>
      <trkpt lat="47.303399" lon="11.481627">
        <ele>762.75</ele>
      </trkpt>
      <trkpt lat="47.303311" lon="11.481457">
        <ele>759</ele>
      </trkpt>
      <trkpt lat="47.303312" lon="11.481351">
        <ele>759</ele>
      </trkpt>
      <trkpt lat="47.303378" lon="11.48113">
        <ele>762</ele>
      </trkpt>
      <trkpt lat="47.30342" lon="11.480794">
        <ele>764</ele>
      </trkpt>
      <trkpt lat="47.303434" lon="11.480582">
        <ele>764.5</ele>
      </trkpt>
      <trkpt lat="47.30346" lon="11.480386">
        <ele>765.5</ele>
      </trkpt>
      <trkpt lat="47.303533" lon="11.480137">
        <ele>769.5</ele>
      </trkpt>
      <trkpt lat="47.303554" lon="11.479659">
        <ele>773.25</ele>
      </trkpt>
      <trkpt lat="47.303496" lon="11.479437">
        <ele>771</ele>
      </trkpt>
      <trkpt lat="47.303495" lon="11.47924">
        <ele>772.25</ele>
      </trkpt>
      <trkpt lat="47.30359" lon="11.478956">
        <ele>783</ele>
      </trkpt>
      <trkpt lat="47.303523" lon="11.478645">
        <ele>784.25</ele>
      </trkpt>
      <trkpt lat="47.30351" lon="11.478184">
        <ele>791.75</ele>
      </trkpt>
      <trkpt lat="47.303333" lon="11.477689">
        <ele>787.75</ele>
      </trkpt>
      <trkpt lat="47.303267" lon="11.476891">
        <ele>796.75</ele>
      </trkpt>
      <trkpt lat="47.303205" lon="11.475753">
        <ele>804.25</ele>
      </trkpt>
      <trkpt lat="47.303207" lon="11.474872">
        <ele>814</ele>
      </trkpt>
      <trkpt lat="47.303244" lon="11.474358">
        <ele>818</ele>
      </trkpt>
      <trkpt lat="47.303307" lon="11.473961">
        <ele>822.25</ele>
      </trkpt>
      <trkpt lat="47.303453" lon="11.473637">
        <ele>832.25</ele>
      </trkpt>
      <trkpt lat="47.303451" lon="11.473275">
        <ele>832.75</ele>
      </trkpt>
      <trkpt lat="47.303534" lon="11.472973">
        <ele>838</ele>
      </trkpt>
      <trkpt lat="47.30353" lon="11.472785">
        <ele>838.25</ele>
      </trkpt>
      <trkpt lat="47.303583" lon="11.472417">
        <ele>842.5</ele>
      </trkpt>
      <trkpt lat="47.303419" lon="11.472053">
        <ele>837.5</ele>
      </trkpt>
      <trkpt lat="47.303419" lon="11.47194">
        <ele>838.75</ele>
      </trkpt>
      <trkpt lat="47.303604" lon="11.471603">
        <ele>851.25</ele>
      </trkpt>
      <trkpt lat="47.303806" lon="11.470738">
        <ele>866.75</ele>
      </trkpt>
      <trkpt lat="47.303792" lon="11.470614">
        <ele>866.25</ele>
      </trkpt>
      <trkpt lat="47.303732" lon="11.47049">
        <ele>863.5</ele>
      </trkpt>
      <trkpt lat="47.303729" lon="11.470414">
        <ele>863.5</ele>
      </trkpt>
      <trkpt lat="47.303809" lon="11.470233">
        <ele>868.25</ele>
      </trkpt>
      <trkpt lat="47.303867" lon="11.470009">
        <ele>871.75</ele>
      </trkpt>
      <trkpt lat="47.303764" lon="11.469727">
        <ele>868.5</ele>
      </trkpt>
      <trkpt lat="47.303813" lon="11.4693">
        <ele>873</ele>
      </trkpt>
      <trkpt lat="47.303805" lon="11.468955">
        <ele>871.5</ele>
      </trkpt>
      <trkpt lat="47.303809" lon="11.468703">
        <ele>868.25</ele>
      </trkpt>
      <trkpt lat="47.303809" lon="11.468703">
        <ele>869</ele>
      </trkpt>
      <trkpt lat="47.303811" lon="11.468623">
        <ele>868.25</ele>
      </trkpt>
      <trkpt lat="47.303832" lon="11.468561">
        <ele>868.25</ele>
      </trkpt>
      <trkpt lat="47.303879" lon="11.46855">
        <ele>869.25</ele>
      </trkpt>
      <trkpt lat="47.303922" lon="11.468602">
        <ele>871</ele>
      </trkpt>
      <trkpt lat="47.303945" lon="11.468675">
        <ele>872.5</ele>
      </trkpt>
      <trkpt lat="47.303995" lon="11.468892">
        <ele>876.25</ele>
      </trkpt>
      <trkpt lat="47.304081" lon="11.469089">
        <ele>881.25</ele>
      </trkpt>
      <trkpt lat="47.30423" lon="11.469508">
        <ele>888.25</ele>
      </trkpt>
      <trkpt lat="47.304408" lon="11.469749">
        <ele>897.5</ele>
      </trkpt>
      <trkpt lat="47.30438" lon="11.470018">
        <ele>898</ele>
      </trkpt>
      <trkpt lat="47.304395" lon="11.470148">
        <ele>899</ele>
      </trkpt>
      <trkpt lat="47.304469" lon="11.470323">
        <ele>903.25</ele>
      </trkpt>
      <trkpt lat="47.304519" lon="11.470536">
        <ele>906.75</ele>
      </trkpt>
      <trkpt lat="47.304516" lon="11.470903">
        <ele>907</ele>
      </trkpt>
      <trkpt lat="47.304551" lon="11.470991">
        <ele>908.75</ele>
      </trkpt>
      <trkpt lat="47.304591" lon="11.470941">
        <ele>911.5</ele>
      </trkpt>
      <trkpt lat="47.304614" lon="11.470829">
        <ele>913.25</ele>
      </trkpt>
      <trkpt lat="47.304645" lon="11.470519">
        <ele>913.75</ele>
      </trkpt>
      <trkpt lat="47.304747" lon="11.47025">
        <ele>918</ele>
      </trkpt>
      <trkpt lat="47.304745" lon="11.470016">
        <ele>916.75</ele>
      </trkpt>
      <trkpt lat="47.304799" lon="11.469907">
        <ele>918</ele>
      </trkpt>
      <trkpt lat="47.304902" lon="11.469845">
        <ele>922.25</ele>
      </trkpt>
      <trkpt lat="47.305141" lon="11.469804">
        <ele>931</ele>
      </trkpt>
      <trkpt lat="47.305239" lon="11.46974">
        <ele>933</ele>
      </trkpt>
      <trkpt lat="47.305334" lon="11.46951">
        <ele>931.75</ele>
      </trkpt>
      <trkpt lat="47.305434" lon="11.469387">
        <ele>932.75</ele>
      </trkpt>
      <trkpt lat="47.305728" lon="11.469383">
        <ele>942.75</ele>
      </trkpt>
      <trkpt lat="47.305879" lon="11.46929">
        <ele>946</ele>
      </trkpt>
      <trkpt lat="47.305997" lon="11.46901">
        <ele>943</ele>
      </trkpt>
      <trkpt lat="47.306067" lon="11.468929">
        <ele>943</ele>
      </trkpt>
      <trkpt lat="47.306577" lon="11.468536">
        <ele>946.25</ele>
      </trkpt>
      <trkpt lat="47.306675" lon="11.468496">
        <ele>948</ele>
      </trkpt>
      <trkpt lat="47.306782" lon="11.468453">
        <ele>951.25</ele>
      </trkpt>
      <trkpt lat="47.306923" lon="11.468307">
        <ele>952</ele>
      </trkpt>
      <trkpt lat="47.306969" lon="11.468312">
        <ele>954</ele>
      </trkpt>
      <trkpt lat="47.306982" lon="11.46838">
        <ele>957.25</ele>
      </trkpt>
      <trkpt lat="47.306939" lon="11.46846">
        <ele>958.25</ele>
      </trkpt>
      <trkpt lat="47.306772" lon="11.468623">
        <ele>956.75</ele>
      </trkpt>
      <trkpt lat="47.306575" lon="11.468926">
        <ele>959.5</ele>
      </trkpt>
      <trkpt lat="47.306442" lon="11.469123">
        <ele>961.5</ele>
      </trkpt>
      <trkpt lat="47.306422" lon="11.469307">
        <ele>966.25</ele>
      </trkpt>
      <trkpt lat="47.306427" lon="11.469575">
        <ele>973.75</ele>
      </trkpt>
      <trkpt lat="47.306356" lon="11.469837">
        <ele>977.75</ele>
      </trkpt>
      <trkpt lat="47.306104" lon="11.470036">
        <ele>971.75</ele>
      </trkpt>
      <trkpt lat="47.306072" lon="11.470211">
        <ele>974</ele>
      </trkpt>
      <trkpt lat="47.306166" lon="11.47047">
        <ele>984</ele>
      </trkpt>
      <trkpt lat="47.306151" lon="11.470862">
        <ele>991.75</ele>
      </trkpt>
      <trkpt lat="47.306021" lon="11.471526">
        <ele>999</ele>
      </trkpt>
      <trkpt lat="47.305957" lon="11.471575">
        <ele>997</ele>
      </trkpt>
      <trkpt lat="47.305837" lon="11.471579">
        <ele>991.25</ele>
      </trkpt>
      <trkpt lat="47.305779" lon="11.471657">
        <ele>989</ele>
      </trkpt>
      <trkpt lat="47.305749" lon="11.471856">
        <ele>988.5</ele>
      </trkpt>
      <trkpt lat="47.30576" lon="11.472052">
        <ele>990.5</ele>
      </trkpt>
      <trkpt lat="47.305788" lon="11.47225">
        <ele>993.75</ele>
      </trkpt>
      <trkpt lat="47.305787" lon="11.47299">
        <ele>997.75</ele>
      </trkpt>
      <trkpt lat="47.305825" lon="11.473336">
        <ele>1002.25</ele>
      </trkpt>
      <trkpt lat="47.305965" lon="11.473716">
        <ele>1010.5</ele>
      </trkpt>
      <trkpt lat="47.306111" lon="11.474416">
        <ele>1016.75</ele>
      </trkpt>
      <trkpt lat="47.306145" lon="11.474707">
        <ele>1016.25</ele>
      </trkpt>
      <trkpt lat="47.306214" lon="11.475136">
        <ele>1016.5</ele>
      </trkpt>
      <trkpt lat="47.306277" lon="11.475148">
        <ele>1020.5</ele>
      </trkpt>
      <trkpt lat="47.306298" lon="11.475101">
        <ele>1022.75</ele>
      </trkpt>
      <trkpt lat="47.306263" lon="11.474772">
        <ele>1023.75</ele>
      </trkpt>
      <trkpt lat="47.306376" lon="11.473919">
        <ele>1036.75</ele>
      </trkpt>
      <trkpt lat="47.306467" lon="11.473291">
        <ele>1044.25</ele>
      </trkpt>
      <trkpt lat="47.30649" lon="11.472919">
        <ele>1041</ele>
      </trkpt>
      <trkpt lat="47.306531" lon="11.472652">
        <ele>1040.25</ele>
      </trkpt>
      <trkpt lat="47.306583" lon="11.47248">
        <ele>1040.75</ele>
      </trkpt>
      <trkpt lat="47.306731" lon="11.472178">
        <ele>1045.25</ele>
      </trkpt>
      <trkpt lat="47.306811" lon="11.472068">
        <ele>1048.5</ele>
      </trkpt>
      <trkpt lat="47.307036" lon="11.471906">
        <ele>1060</ele>
      </trkpt>
      <trkpt lat="47.307112" lon="11.4718">
        <ele>1062.5</ele>
      </trkpt>
      <trkpt lat="47.307253" lon="11.471545">
        <ele>1065.25</ele>
      </trkpt>
      <trkpt lat="47.307434" lon="11.471264">
        <ele>1069.75</ele>
      </trkpt>
      <trkpt lat="47.307578" lon="11.471016">
        <ele>1072</ele>
      </trkpt>
      <trkpt lat="47.30778" lon="11.470813">
        <ele>1077.75</ele>
      </trkpt>
      <trkpt lat="47.307871" lon="11.470742">
        <ele>1080.5</ele>
      </trkpt>
      <trkpt lat="47.307984" lon="11.470688">
        <ele>1085</ele>
      </trkpt>
      <trkpt lat="47.308029" lon="11.470633">
        <ele>1085.75</ele>
      </trkpt>
      <trkpt lat="47.308051" lon="11.470529">
        <ele>1084</ele>
      </trkpt>
      <trkpt lat="47.308102" lon="11.470358">
        <ele>1082.25</ele>
      </trkpt>
      <trkpt lat="47.308353" lon="11.470032">
        <ele>1085.75</ele>
      </trkpt>
      <trkpt lat="47.308444" lon="11.469953">
        <ele>1083</ele>
      </trkpt>
      <trkpt lat="47.308463" lon="11.469951">
        <ele>1082.75</ele>
      </trkpt>
      <trkpt lat="47.308463" lon="11.469951">
        <ele>1082.75</ele>
      </trkpt>
      <trkpt lat="47.308476" lon="11.46995">
        <ele>1082.75</ele>
      </trkpt>
      <trkpt lat="47.308516" lon="11.470004">
        <ele>1084</ele>
      </trkpt>
      <trkpt lat="47.308616" lon="11.470016">
        <ele>1084</ele>
      </trkpt>
      <trkpt lat="47.308817" lon="11.470307">
        <ele>1093</ele>
      </trkpt>
      <trkpt lat="47.308925" lon="11.47032">
        <ele>1093.5</ele>
      </trkpt>
      <trkpt lat="47.309031" lon="11.470395">
        <ele>1096.25</ele>
      </trkpt>
      <trkpt lat="47.309139" lon="11.470484">
        <ele>1100</ele>
      </trkpt>
      <trkpt lat="47.309209" lon="11.470496">
        <ele>1100.25</ele>
      </trkpt>
      <trkpt lat="47.30929" lon="11.470549">
        <ele>1101.75</ele>
      </trkpt>
      <trkpt lat="47.30937" lon="11.470525">
        <ele>1100.25</ele>
      </trkpt>
      <trkpt lat="47.309513" lon="11.470529">
        <ele>1099.25</ele>
      </trkpt>
      <trkpt lat="47.309604" lon="11.470604">
        <ele>1101.25</ele>
      </trkpt>
      <trkpt lat="47.309759" lon="11.470618">
        <ele>1100.25</ele>
      </trkpt>
      <trkpt lat="47.30987" lon="11.470605">
        <ele>1099</ele>
      </trkpt>
      <trkpt lat="47.309994" lon="11.470619">
        <ele>1098.25</ele>
      </trkpt>
      <trkpt lat="47.310139" lon="11.470659">
        <ele>1105.25</ele>
      </trkpt>
      <trkpt lat="47.310186" lon="11.470603">
        <ele>1106</ele>
      </trkpt>
      <trkpt lat="47.310186" lon="11.470563">
        <ele>1105.25</ele>
      </trkpt>
      <trkpt lat="47.310119" lon="11.47045">
        <ele>1099.75</ele>
      </trkpt>
      <trkpt lat="47.310093" lon="11.470418">
        <ele>1097.75</ele>
      </trkpt>
      <trkpt lat="47.310084" lon="11.470303">
        <ele>1094.75</ele>
      </trkpt>
      <trkpt lat="47.31004" lon="11.470198">
        <ele>1089.5</ele>
      </trkpt>
      <trkpt lat="47.31004" lon="11.470089">
        <ele>1086.75</ele>
      </trkpt>
      <trkpt lat="47.310025" lon="11.469895">
        <ele>1082</ele>
      </trkpt>
      <trkpt lat="47.310049" lon="11.469626">
        <ele>1080</ele>
      </trkpt>
      <trkpt lat="47.31003" lon="11.469391">
        <ele>1075.25</ele>
      </trkpt>
      <trkpt lat="47.310085" lon="11.469336">
        <ele>1078.5</ele>
      </trkpt>
      <trkpt lat="47.310092" lon="11.469284">
        <ele>1078.25</ele>
      </trkpt>
      <trkpt lat="47.310119" lon="11.469088">
        <ele>1077.5</ele>
      </trkpt>
      <trkpt lat="47.310168" lon="11.468945">
        <ele>1078.75</ele>
      </trkpt>
      <trkpt lat="47.310255" lon="11.468852">
        <ele>1083.5</ele>
      </trkpt>
      <trkpt lat="47.310433" lon="11.468815">
        <ele>1095</ele>
      </trkpt>
      <trkpt lat="47.310536" lon="11.468738">
        <ele>1100.5</ele>
      </trkpt>
      <trkpt lat="47.310562" lon="11.468615">
        <ele>1099.5</ele>
      </trkpt>
      <trkpt lat="47.310568" lon="11.468491">
        <ele>1097</ele>
      </trkpt>
      <trkpt lat="47.310586" lon="11.468376">
        <ele>1095.75</ele>
      </trkpt>
      <trkpt lat="47.310567" lon="11.468172">
        <ele>1092.25</ele>
      </trkpt>
      <trkpt lat="47.310578" lon="11.468041">
        <ele>1092</ele>
      </trkpt>
      <trkpt lat="47.310691" lon="11.467962">
        <ele>1098.25</ele>
      </trkpt>
      <trkpt lat="47.310797" lon="11.467795">
        <ele>1103.75</ele>
      </trkpt>
      <trkpt lat="47.310907" lon="11.46737">
        <ele>1113.5</ele>
      </trkpt>
      <trkpt lat="47.310923" lon="11.467321">
        <ele>1115.75</ele>
      </trkpt>
      <trkpt lat="47.310896" lon="11.467277">
        <ele>1114.25</ele>
      </trkpt>
      <trkpt lat="47.310688" lon="11.467189">
        <ele>1101.25</ele>
      </trkpt>
      <trkpt lat="47.31055" lon="11.467063">
        <ele>1095</ele>
      </trkpt>
      <trkpt lat="47.310403" lon="11.46696">
        <ele>1087.5</ele>
      </trkpt>
      <trkpt lat="47.310265" lon="11.466736">
        <ele>1083</ele>
      </trkpt>
      <trkpt lat="47.310218" lon="11.46657">
        <ele>1085.5</ele>
      </trkpt>
      <trkpt lat="47.310043" lon="11.466432">
        <ele>1080</ele>
      </trkpt>
      <trkpt lat="47.309945" lon="11.466241">
        <ele>1083</ele>
      </trkpt>
      <trkpt lat="47.309769" lon="11.466123">
        <ele>1079.25</ele>
      </trkpt>
      <trkpt lat="47.309585" lon="11.46615">
        <ele>1069</ele>
      </trkpt>
      <trkpt lat="47.309444" lon="11.466088">
        <ele>1064.5</ele>
      </trkpt>
      <trkpt lat="47.309361" lon="11.466014">
        <ele>1063.5</ele>
      </trkpt>
      <trkpt lat="47.3093" lon="11.465961">
        <ele>1063</ele>
      </trkpt>
      <trkpt lat="47.309233" lon="11.465672">
        <ele>1066</ele>
      </trkpt>
      <trkpt lat="47.309174" lon="11.465238">
        <ele>1065.25</ele>
      </trkpt>
      <trkpt lat="47.309213" lon="11.465027">
        <ele>1068.5</ele>
      </trkpt>
      <trkpt lat="47.309163" lon="11.464807">
        <ele>1062.25</ele>
      </trkpt>
      <trkpt lat="47.309188" lon="11.464737">
        <ele>1062.75</ele>
      </trkpt>
      <trkpt lat="47.309127" lon="11.464677">
        <ele>1058</ele>
      </trkpt>
      <trkpt lat="47.309088" lon="11.464567">
        <ele>1053.75</ele>
      </trkpt>
      <trkpt lat="47.308874" lon="11.464831">
        <ele>1044.5</ele>
      </trkpt>
      <trkpt lat="47.308805" lon="11.464841">
        <ele>1040.25</ele>
      </trkpt>
      <trkpt lat="47.308647" lon="11.465122">
        <ele>1032.5</ele>
      </trkpt>
      <trkpt lat="47.308518" lon="11.465296">
        <ele>1023.75</ele>
      </trkpt>
      <trkpt lat="47.308434" lon="11.465298">
        <ele>1018.5</ele>
      </trkpt>
      <trkpt lat="47.308346" lon="11.465388">
        <ele>1012.75</ele>
      </trkpt>
      <trkpt lat="47.308204" lon="11.465387">
        <ele>1005.75</ele>
      </trkpt>
      <trkpt lat="47.308064" lon="11.465462">
        <ele>999</ele>
      </trkpt>
      <trkpt lat="47.30784" lon="11.465448">
        <ele>988.25</ele>
      </trkpt>
      <trkpt lat="47.30771" lon="11.465345">
        <ele>981.75</ele>
      </trkpt>
      <trkpt lat="47.30765" lon="11.465367">
        <ele>979</ele>
      </trkpt>
      <trkpt lat="47.307503" lon="11.46547">
        <ele>972.25</ele>
      </trkpt>
      <trkpt lat="47.307312" lon="11.465494">
        <ele>965.5</ele>
      </trkpt>
      <trkpt lat="47.307172" lon="11.465638">
        <ele>961.75</ele>
      </trkpt>
      <trkpt lat="47.307111" lon="11.465752">
        <ele>961</ele>
      </trkpt>
      <trkpt lat="47.307048" lon="11.465999">
        <ele>954.75</ele>
      </trkpt>
      <trkpt lat="47.306837" lon="11.466081">
        <ele>946.5</ele>
      </trkpt>
      <trkpt lat="47.30662" lon="11.466147">
        <ele>938.75</ele>
      </trkpt>
      <trkpt lat="47.306312" lon="11.466356">
        <ele>926</ele>
      </trkpt>
      <trkpt lat="47.306262" lon="11.466328">
        <ele>924.75</ele>
      </trkpt>
      <trkpt lat="47.306133" lon="11.466395">
        <ele>920.75</ele>
      </trkpt>
      <trkpt lat="47.305932" lon="11.466432">
        <ele>915.75</ele>
      </trkpt>
      <trkpt lat="47.305787" lon="11.466593">
        <ele>912.5</ele>
      </trkpt>
      <trkpt lat="47.305652" lon="11.466536">
        <ele>908.75</ele>
      </trkpt>
      <trkpt lat="47.305669" lon="11.466391">
        <ele>908.75</ele>
      </trkpt>
      <trkpt lat="47.305654" lon="11.466401">
        <ele>908.25</ele>
      </trkpt>
      <trkpt lat="47.305542" lon="11.466485">
        <ele>905.75</ele>
      </trkpt>
      <trkpt lat="47.30547" lon="11.466471">
        <ele>903.75</ele>
      </trkpt>
      <trkpt lat="47.305414" lon="11.466486">
        <ele>902.25</ele>
      </trkpt>
      <trkpt lat="47.305339" lon="11.466389">
        <ele>900</ele>
      </trkpt>
      <trkpt lat="47.305201" lon="11.466419">
        <ele>896.25</ele>
      </trkpt>
      <trkpt lat="47.30486" lon="11.466449">
        <ele>888.5</ele>
      </trkpt>
      <trkpt lat="47.30471" lon="11.466482">
        <ele>886</ele>
      </trkpt>
      <trkpt lat="47.304536" lon="11.46659">
        <ele>883.25</ele>
      </trkpt>
      <trkpt lat="47.304301" lon="11.466631">
        <ele>879.25</ele>
      </trkpt>
      <trkpt lat="47.304128" lon="11.466607">
        <ele>876</ele>
      </trkpt>
      <trkpt lat="47.304085" lon="11.466551">
        <ele>875</ele>
      </trkpt>
      <trkpt lat="47.303853" lon="11.466602">
        <ele>870.25</ele>
      </trkpt>
      <trkpt lat="47.303636" lon="11.466572">
        <ele>865.75</ele>
      </trkpt>
      <trkpt lat="47.303535" lon="11.46649">
        <ele>863.5</ele>
      </trkpt>
      <trkpt lat="47.303428" lon="11.466482">
        <ele>861.25</ele>
      </trkpt>
      <trkpt lat="47.303284" lon="11.466411">
        <ele>857.25</ele>
      </trkpt>
      <trkpt lat="47.303091" lon="11.466502">
        <ele>851</ele>
      </trkpt>
      <trkpt lat="47.303008" lon="11.46659">
        <ele>848.25</ele>
      </trkpt>
      <trkpt lat="47.302917" lon="11.466632">
        <ele>845</ele>
      </trkpt>
      <trkpt lat="47.302864" lon="11.46677">
        <ele>841.25</ele>
      </trkpt>
      <trkpt lat="47.3028" lon="11.466828">
        <ele>838.25</ele>
      </trkpt>
      <trkpt lat="47.302713" lon="11.466979">
        <ele>833</ele>
      </trkpt>
      <trkpt lat="47.302691" lon="11.466916">
        <ele>833</ele>
      </trkpt>
      <trkpt lat="47.302643" lon="11.466771">
        <ele>833.5</ele>
      </trkpt>
      <trkpt lat="47.302593" lon="11.466431">
        <ele>834.75</ele>
      </trkpt>
      <trkpt lat="47.302605" lon="11.466185">
        <ele>836.5</ele>
      </trkpt>
      <trkpt lat="47.302529" lon="11.465965">
        <ele>835.75</ele>
      </trkpt>
      <trkpt lat="47.302464" lon="11.465835">
        <ele>835.25</ele>
      </trkpt>
      <trkpt lat="47.302377" lon="11.465923">
        <ele>833.25</ele>
      </trkpt>
      <trkpt lat="47.30231" lon="11.465919">
        <ele>832.25</ele>
      </trkpt>
      <trkpt lat="47.302303" lon="11.466081">
        <ele>831</ele>
      </trkpt>
      <trkpt lat="47.302245" lon="11.466248">
        <ele>828.75</ele>
      </trkpt>
      <trkpt lat="47.302197" lon="11.46634">
        <ele>827.25</ele>
      </trkpt>
      <trkpt lat="47.302179" lon="11.466422">
        <ele>826.25</ele>
      </trkpt>
      <trkpt lat="47.302042" lon="11.4665">
        <ele>823.5</ele>
      </trkpt>
      <trkpt lat="47.301946" lon="11.466524">
        <ele>821.75</ele>
      </trkpt>
      <trkpt lat="47.30173" lon="11.466706">
        <ele>816.25</ele>
      </trkpt>
      <trkpt lat="47.301729" lon="11.466693">
        <ele>816.25</ele>
      </trkpt>
      <trkpt lat="47.30173" lon="11.466706">
        <ele>816.25</ele>
      </trkpt>
      <trkpt lat="47.301812" lon="11.466328">
        <ele>821</ele>
      </trkpt>
      <trkpt lat="47.301926" lon="11.46602">
        <ele>825.75</ele>
      </trkpt>
      <trkpt lat="47.30173" lon="11.466706">
        <ele>816.25</ele>
      </trkpt>
      <trkpt lat="47.301812" lon="11.466328">
        <ele>821</ele>
      </trkpt>
      <trkpt lat="47.301928" lon="11.466013">
        <ele>825.75</ele>
      </trkpt>
      <trkpt lat="47.30173" lon="11.466706">
        <ele>816.25</ele>
      </trkpt>
      <trkpt lat="47.301812" lon="11.466328">
        <ele>821</ele>
      </trkpt>
      <trkpt lat="47.301917" lon="11.466043">
        <ele>825.75</ele>
      </trkpt>
      <trkpt lat="47.301712" lon="11.466247">
        <ele>820.25</ele>
      </trkpt>
      <trkpt lat="47.3017" lon="11.466187">
        <ele>820.5</ele>
      </trkpt>
      <trkpt lat="47.301628" lon="11.465939">
        <ele>821</ele>
      </trkpt>
      <trkpt lat="47.301468" lon="11.465515">
        <ele>819</ele>
      </trkpt>
      <trkpt lat="47.301354" lon="11.465272">
        <ele>817.75</ele>
      </trkpt>
      <trkpt lat="47.301336" lon="11.465218">
        <ele>817.75</ele>
      </trkpt>
      <trkpt lat="47.301321" lon="11.465145">
        <ele>817.75</ele>
      </trkpt>
      <trkpt lat="47.301295" lon="11.46498">
        <ele>818.5</ele>
      </trkpt>
      <trkpt lat="47.301253" lon="11.464836">
        <ele>819.75</ele>
      </trkpt>
      <trkpt lat="47.30125" lon="11.464826">
        <ele>820</ele>
      </trkpt>
      <trkpt lat="47.301153" lon="11.464645">
        <ele>820.75</ele>
      </trkpt>
      <trkpt lat="47.301095" lon="11.464519">
        <ele>821.5</ele>
      </trkpt>
      <trkpt lat="47.301066" lon="11.464424">
        <ele>822.5</ele>
      </trkpt>
      <trkpt lat="47.301097" lon="11.464338">
        <ele>824.25</ele>
      </trkpt>
      <trkpt lat="47.301098" lon="11.464308">
        <ele>824.75</ele>
      </trkpt>
      <trkpt lat="47.301047" lon="11.464068">
        <ele>826.25</ele>
      </trkpt>
      <trkpt lat="47.301011" lon="11.463687">
        <ele>825.25</ele>
      </trkpt>
      <trkpt lat="47.300926" lon="11.462996">
        <ele>823.75</ele>
      </trkpt>
      <trkpt lat="47.300916" lon="11.462885">
        <ele>823.75</ele>
      </trkpt>
      <trkpt lat="47.300916" lon="11.462811">
        <ele>824</ele>
      </trkpt>
      <trkpt lat="47.30092" lon="11.462751">
        <ele>824.25</ele>
      </trkpt>
      <trkpt lat="47.30094" lon="11.462666">
        <ele>825</ele>
      </trkpt>
      <trkpt lat="47.301043" lon="11.462472">
        <ele>828</ele>
      </trkpt>
      <trkpt lat="47.301077" lon="11.462388">
        <ele>829.75</ele>
      </trkpt>
      <trkpt lat="47.301097" lon="11.462277">
        <ele>831.25</ele>
      </trkpt>
      <trkpt lat="47.301098" lon="11.462217">
        <ele>832</ele>
      </trkpt>
      <trkpt lat="47.301091" lon="11.462098">
        <ele>833</ele>
      </trkpt>
      <trkpt lat="47.301055" lon="11.461852">
        <ele>835</ele>
      </trkpt>
      <trkpt lat="47.300955" lon="11.461261">
        <ele>839.5</ele>
      </trkpt>
      <trkpt lat="47.300931" lon="11.461041">
        <ele>841.5</ele>
      </trkpt>
      <trkpt lat="47.300891" lon="11.460209">
        <ele>854.75</ele>
      </trkpt>
      <trkpt lat="47.300901" lon="11.459944">
        <ele>859.5</ele>
      </trkpt>
      <trkpt lat="47.300918" lon="11.459799">
        <ele>861.75</ele>
      </trkpt>
      <trkpt lat="47.300911" lon="11.45966">
        <ele>863.25</ele>
      </trkpt>
      <trkpt lat="47.300854" lon="11.459372">
        <ele>865.75</ele>
      </trkpt>
      <trkpt lat="47.300776" lon="11.459044">
        <ele>867.5</ele>
      </trkpt>
      <trkpt lat="47.300806" lon="11.458591">
        <ele>871.5</ele>
      </trkpt>
      <trkpt lat="47.300704" lon="11.458138">
        <ele>872.5</ele>
      </trkpt>
      <trkpt lat="47.30057" lon="11.457154">
        <ele>876.25</ele>
      </trkpt>
      <trkpt lat="47.300603" lon="11.456215">
        <ele>883.75</ele>
      </trkpt>
      <trkpt lat="47.30072" lon="11.455147">
        <ele>890.75</ele>
      </trkpt>
      <trkpt lat="47.300705" lon="11.45497">
        <ele>891</ele>
      </trkpt>
      <trkpt lat="47.300678" lon="11.454301">
        <ele>894.5</ele>
      </trkpt>
      <trkpt lat="47.300593" lon="11.453805">
        <ele>897</ele>
      </trkpt>
      <trkpt lat="47.300296" lon="11.453048">
        <ele>896.75</ele>
      </trkpt>
      <trkpt lat="47.30016" lon="11.45221">
        <ele>894.25</ele>
      </trkpt>
      <trkpt lat="47.300106" lon="11.451882">
        <ele>893</ele>
      </trkpt>
      <trkpt lat="47.300124" lon="11.451767">
        <ele>893.5</ele>
      </trkpt>
      <trkpt lat="47.300309" lon="11.451376">
        <ele>897</ele>
      </trkpt>
      <trkpt lat="47.300682" lon="11.450267">
        <ele>891.25</ele>
      </trkpt>
      <trkpt lat="47.300767" lon="11.450195">
        <ele>890.25</ele>
      </trkpt>
      <trkpt lat="47.300904" lon="11.450229">
        <ele>892.25</ele>
      </trkpt>
      <trkpt lat="47.301176" lon="11.450406">
        <ele>900.25</ele>
      </trkpt>
      <trkpt lat="47.301343" lon="11.450398">
        <ele>902.5</ele>
      </trkpt>
      <trkpt lat="47.301721" lon="11.450224">
        <ele>904</ele>
      </trkpt>
      <trkpt lat="47.302015" lon="11.449853">
        <ele>908.5</ele>
      </trkpt>
      <trkpt lat="47.302035" lon="11.449761">
        <ele>909</ele>
      </trkpt>
      <trkpt lat="47.302018" lon="11.449721">
        <ele>908.5</ele>
      </trkpt>
      <trkpt lat="47.301972" lon="11.449673">
        <ele>906.75</ele>
      </trkpt>
      <trkpt lat="47.301573" lon="11.449348">
        <ele>893.25</ele>
      </trkpt>
      <trkpt lat="47.301483" lon="11.44922">
        <ele>890.25</ele>
      </trkpt>
      <trkpt lat="47.301402" lon="11.448875">
        <ele>892.25</ele>
      </trkpt>
      <trkpt lat="47.301285" lon="11.448624">
        <ele>892.5</ele>
      </trkpt>
      <trkpt lat="47.301059" lon="11.448373">
        <ele>889.5</ele>
      </trkpt>
      <trkpt lat="47.300853" lon="11.448332">
        <ele>883.5</ele>
      </trkpt>
      <trkpt lat="47.300692" lon="11.448182">
        <ele>882</ele>
      </trkpt>
      <trkpt lat="47.300575" lon="11.447984">
        <ele>883.75</ele>
      </trkpt>
      <trkpt lat="47.300515" lon="11.447829">
        <ele>886.25</ele>
      </trkpt>
      <trkpt lat="47.300489" lon="11.44752">
        <ele>894.5</ele>
      </trkpt>
      <trkpt lat="47.30042" lon="11.447496">
        <ele>893.5</ele>
      </trkpt>
      <trkpt lat="47.300346" lon="11.447554">
        <ele>890.25</ele>
      </trkpt>
      <trkpt lat="47.300227" lon="11.447563">
        <ele>887</ele>
      </trkpt>
      <trkpt lat="47.300155" lon="11.447472">
        <ele>887.75</ele>
      </trkpt>
      <trkpt lat="47.300139" lon="11.447392">
        <ele>888.75</ele>
      </trkpt>
      <trkpt lat="47.300018" lon="11.447108">
        <ele>890.5</ele>
      </trkpt>
      <trkpt lat="47.299895" lon="11.446906">
        <ele>891</ele>
      </trkpt>
      <trkpt lat="47.29987" lon="11.446849">
        <ele>891.5</ele>
      </trkpt>
      <trkpt lat="47.299829" lon="11.446899">
        <ele>889.75</ele>
      </trkpt>
      <trkpt lat="47.299707" lon="11.446987">
        <ele>886</ele>
      </trkpt>
      <trkpt lat="47.299656" lon="11.447014">
        <ele>884.5</ele>
      </trkpt>
      <trkpt lat="47.299583" lon="11.447096">
        <ele>881.75</ele>
      </trkpt>
      <trkpt lat="47.29945" lon="11.447143">
        <ele>878.25</ele>
      </trkpt>
      <trkpt lat="47.299323" lon="11.447213">
        <ele>874.5</ele>
      </trkpt>
      <trkpt lat="47.299203" lon="11.447232">
        <ele>871.75</ele>
      </trkpt>
      <trkpt lat="47.299188" lon="11.447275">
        <ele>870.75</ele>
      </trkpt>
      <trkpt lat="47.298806" lon="11.447264">
        <ele>871.25</ele>
      </trkpt>
      <trkpt lat="47.29852" lon="11.447278">
        <ele>871.75</ele>
      </trkpt>
      <trkpt lat="47.298427" lon="11.447235">
        <ele>872.25</ele>
      </trkpt>
      <trkpt lat="47.298332" lon="11.447168">
        <ele>872.75</ele>
      </trkpt>
      <trkpt lat="47.298272" lon="11.447043">
        <ele>873.5</ele>
      </trkpt>
      <trkpt lat="47.298198" lon="11.446783">
        <ele>875.25</ele>
      </trkpt>
      <trkpt lat="47.298186" lon="11.446514">
        <ele>876.5</ele>
      </trkpt>
      <trkpt lat="47.298099" lon="11.446293">
        <ele>877.5</ele>
      </trkpt>
      <trkpt lat="47.298057" lon="11.446079">
        <ele>878.75</ele>
      </trkpt>
      <trkpt lat="47.29805" lon="11.445149">
        <ele>881.75</ele>
      </trkpt>
      <trkpt lat="47.298011" lon="11.444946">
        <ele>882.5</ele>
      </trkpt>
      <trkpt lat="47.297877" lon="11.444513">
        <ele>881.75</ele>
      </trkpt>
      <trkpt lat="47.297769" lon="11.443605">
        <ele>879.5</ele>
      </trkpt>
      <trkpt lat="47.297655" lon="11.443308">
        <ele>880.25</ele>
      </trkpt>
      <trkpt lat="47.297629" lon="11.442927">
        <ele>881</ele>
      </trkpt>
      <trkpt lat="47.297554" lon="11.442623">
        <ele>881.75</ele>
      </trkpt>
      <trkpt lat="47.297547" lon="11.441698">
        <ele>884</ele>
      </trkpt>
      <trkpt lat="47.297374" lon="11.441174">
        <ele>886</ele>
      </trkpt>
      <trkpt lat="47.297221" lon="11.440713">
        <ele>886.5</ele>
      </trkpt>
      <trkpt lat="47.297239" lon="11.440375">
        <ele>886.75</ele>
      </trkpt>
      <trkpt lat="47.29718" lon="11.439983">
        <ele>885.5</ele>
      </trkpt>
      <trkpt lat="47.297098" lon="11.440132">
        <ele>884.25</ele>
      </trkpt>
      <trkpt lat="47.296722" lon="11.440428">
        <ele>879.25</ele>
      </trkpt>
      <trkpt lat="47.296565" lon="11.440552">
        <ele>877.5</ele>
      </trkpt>
      <trkpt lat="47.296467" lon="11.440636">
        <ele>875.75</ele>
      </trkpt>
      <trkpt lat="47.296164" lon="11.441171">
        <ele>872.75</ele>
      </trkpt>
      <trkpt lat="47.296123" lon="11.441357">
        <ele>873.25</ele>
      </trkpt>
      <trkpt lat="47.296115" lon="11.441482">
        <ele>873.75</ele>
      </trkpt>
      <trkpt lat="47.295911" lon="11.441927">
        <ele>872</ele>
      </trkpt>
      <trkpt lat="47.295733" lon="11.442752">
        <ele>868.25</ele>
      </trkpt>
      <trkpt lat="47.295649" lon="11.443817">
        <ele>861</ele>
      </trkpt>
      <trkpt lat="47.295544" lon="11.444119">
        <ele>855.5</ele>
      </trkpt>
      <trkpt lat="47.295553" lon="11.444532">
        <ele>853.5</ele>
      </trkpt>
      <trkpt lat="47.295511" lon="11.444995">
        <ele>851</ele>
      </trkpt>
      <trkpt lat="47.295195" lon="11.445459">
        <ele>849.5</ele>
      </trkpt>
      <trkpt lat="47.294531" lon="11.445961">
        <ele>837.75</ele>
      </trkpt>
      <trkpt lat="47.294303" lon="11.445966">
        <ele>832.5</ele>
      </trkpt>
      <trkpt lat="47.294247" lon="11.446032">
        <ele>830.75</ele>
      </trkpt>
      <trkpt lat="47.294101" lon="11.446053">
        <ele>826.5</ele>
      </trkpt>
      <trkpt lat="47.294008" lon="11.446209">
        <ele>822.75</ele>
      </trkpt>
      <trkpt lat="47.293935" lon="11.446257">
        <ele>820.25</ele>
      </trkpt>
      <trkpt lat="47.293654" lon="11.446445">
        <ele>811.25</ele>
      </trkpt>
      <trkpt lat="47.293442" lon="11.446522">
        <ele>805.25</ele>
      </trkpt>
      <trkpt lat="47.293385" lon="11.446656">
        <ele>804.25</ele>
      </trkpt>
      <trkpt lat="47.293276" lon="11.446721">
        <ele>800</ele>
      </trkpt>
      <trkpt lat="47.293256" lon="11.446693">
        <ele>799.25</ele>
      </trkpt>
      <trkpt lat="47.293163" lon="11.446685">
        <ele>795.25</ele>
      </trkpt>
      <trkpt lat="47.29296" lon="11.446425">
        <ele>786</ele>
      </trkpt>
      <trkpt lat="47.292859" lon="11.446408">
        <ele>781.75</ele>
      </trkpt>
      <trkpt lat="47.293002" lon="11.446685">
        <ele>788.25</ele>
      </trkpt>
      <trkpt lat="47.292987" lon="11.447152">
        <ele>788</ele>
      </trkpt>
      <trkpt lat="47.292798" lon="11.447462">
        <ele>783.75</ele>
      </trkpt>
      <trkpt lat="47.292793" lon="11.447665">
        <ele>783.5</ele>
      </trkpt>
      <trkpt lat="47.292731" lon="11.447768">
        <ele>782</ele>
      </trkpt>
      <trkpt lat="47.292599" lon="11.447875">
        <ele>779.75</ele>
      </trkpt>
      <trkpt lat="47.292522" lon="11.448177">
        <ele>779.5</ele>
      </trkpt>
      <trkpt lat="47.292362" lon="11.448227">
        <ele>776.5</ele>
      </trkpt>
      <trkpt lat="47.292279" lon="11.448412">
        <ele>774.75</ele>
      </trkpt>
      <trkpt lat="47.292138" lon="11.448562">
        <ele>770.75</ele>
      </trkpt>
      <trkpt lat="47.291931" lon="11.448728">
        <ele>766</ele>
      </trkpt>
      <trkpt lat="47.291768" lon="11.448895">
        <ele>762.5</ele>
      </trkpt>
      <trkpt lat="47.291697" lon="11.448993">
        <ele>761</ele>
      </trkpt>
      <trkpt lat="47.291697" lon="11.448993">
        <ele>761</ele>
      </trkpt>
      <trkpt lat="47.291625" lon="11.449095">
        <ele>759.75</ele>
      </trkpt>
      <trkpt lat="47.291502" lon="11.449224">
        <ele>757.25</ele>
      </trkpt>
      <trkpt lat="47.291405" lon="11.449437">
        <ele>752.5</ele>
      </trkpt>
      <trkpt lat="47.29134" lon="11.449625">
        <ele>748.75</ele>
      </trkpt>
      <trkpt lat="47.291119" lon="11.45003">
        <ele>739.5</ele>
      </trkpt>
      <trkpt lat="47.290933" lon="11.450232">
        <ele>733.25</ele>
      </trkpt>
      <trkpt lat="47.290775" lon="11.450322">
        <ele>729</ele>
      </trkpt>
      <trkpt lat="47.290726" lon="11.450413">
        <ele>725.75</ele>
      </trkpt>
      <trkpt lat="47.290726" lon="11.450413">
        <ele>725.75</ele>
      </trkpt>
      <trkpt lat="47.290706" lon="11.450452">
        <ele>724.5</ele>
      </trkpt>
      <trkpt lat="47.29059" lon="11.450588">
        <ele>719.25</ele>
      </trkpt>
      <trkpt lat="47.290458" lon="11.450675">
        <ele>714.75</ele>
      </trkpt>
      <trkpt lat="47.290172" lon="11.450898">
        <ele>705.75</ele>
      </trkpt>
      <trkpt lat="47.290165" lon="11.450925">
        <ele>705</ele>
      </trkpt>
      <trkpt lat="47.290167" lon="11.450983">
        <ele>704</ele>
      </trkpt>
      <trkpt lat="47.290154" lon="11.450994">
        <ele>703.5</ele>
      </trkpt>
      <trkpt lat="47.290074" lon="11.45095">
        <ele>703</ele>
      </trkpt>
      <trkpt lat="47.290061" lon="11.450969">
        <ele>702.25</ele>
      </trkpt>
      <trkpt lat="47.290077" lon="11.451049">
        <ele>701</ele>
      </trkpt>
      <trkpt lat="47.290066" lon="11.451071">
        <ele>700.5</ele>
      </trkpt>
      <trkpt lat="47.289928" lon="11.450966">
        <ele>699.5</ele>
      </trkpt>
      <trkpt lat="47.289904" lon="11.450963">
        <ele>698.75</ele>
      </trkpt>
      <trkpt lat="47.289902" lon="11.450963">
        <ele>698.75</ele>
      </trkpt>
      <trkpt lat="47.289777" lon="11.45095">
        <ele>696</ele>
      </trkpt>
      <trkpt lat="47.289595" lon="11.451076">
        <ele>689.5</ele>
      </trkpt>
      <trkpt lat="47.289517" lon="11.451111">
        <ele>687</ele>
      </trkpt>
      <trkpt lat="47.289495" lon="11.451154">
        <ele>685.75</ele>
      </trkpt>
      <trkpt lat="47.289459" lon="11.451185">
        <ele>684.25</ele>
      </trkpt>
      <trkpt lat="47.289431" lon="11.451137">
        <ele>684.5</ele>
      </trkpt>
      <trkpt lat="47.289407" lon="11.451187">
        <ele>683</ele>
      </trkpt>
      <trkpt lat="47.289391" lon="11.451241">
        <ele>681.75</ele>
      </trkpt>
      <trkpt lat="47.289395" lon="11.451273">
        <ele>681.25</ele>
      </trkpt>
      <trkpt lat="47.289428" lon="11.451311">
        <ele>681.5</ele>
      </trkpt>
      <trkpt lat="47.28948" lon="11.451351">
        <ele>682</ele>
      </trkpt>
      <trkpt lat="47.289493" lon="11.451371">
        <ele>682</ele>
      </trkpt>
      <trkpt lat="47.289481" lon="11.451392">
        <ele>681.25</ele>
      </trkpt>
      <trkpt lat="47.28943" lon="11.451395">
        <ele>680</ele>
      </trkpt>
      <trkpt lat="47.289408" lon="11.451406">
        <ele>679.5</ele>
      </trkpt>
      <trkpt lat="47.289407" lon="11.451432">
        <ele>679</ele>
      </trkpt>
      <trkpt lat="47.289437" lon="11.451455">
        <ele>679.25</ele>
      </trkpt>
      <trkpt lat="47.289456" lon="11.451502">
        <ele>679</ele>
      </trkpt>
      <trkpt lat="47.289448" lon="11.451517">
        <ele>678.5</ele>
      </trkpt>
      <trkpt lat="47.289435" lon="11.451521">
        <ele>678</ele>
      </trkpt>
      <trkpt lat="47.289367" lon="11.451492">
        <ele>677</ele>
      </trkpt>
      <trkpt lat="47.289289" lon="11.451433">
        <ele>676.25</ele>
      </trkpt>
      <trkpt lat="47.289252" lon="11.451446">
        <ele>675.25</ele>
      </trkpt>
      <trkpt lat="47.289233" lon="11.451476">
        <ele>674.25</ele>
      </trkpt>
      <trkpt lat="47.289165" lon="11.4514">
        <ele>674</ele>
      </trkpt>
      <trkpt lat="47.289094" lon="11.451339">
        <ele>674</ele>
      </trkpt>
      <trkpt lat="47.289037" lon="11.45134">
        <ele>673.25</ele>
      </trkpt>
      <trkpt lat="47.289021" lon="11.45134">
        <ele>668.2862808733137</ele>
      </trkpt>
      <trkpt lat="47.288827520623045" lon="11.451324861865572">
        <ele>665.8208422681062</ele>
      </trkpt>
      <trkpt lat="47.28869379406672" lon="11.451394817772666">
        <ele>663.3748830632312</ele>
      </trkpt>
      <trkpt lat="47.288288219831315" lon="11.451681074980602">
        <ele>658.7197460244466</ele>
      </trkpt>
      <trkpt lat="47.287882645595914" lon="11.451967332188536">
        <ele>653.3009172458209</ele>
      </trkpt>
      <trkpt lat="47.28747707136051" lon="11.452253589396472">
        <ele>647.5838663931014</ele>
      </trkpt>
      <trkpt lat="47.28707149712511" lon="11.452539846604408">
        <ele>643.3075538106274</ele>
      </trkpt>
      <trkpt lat="47.28666592288971" lon="11.452826103812342">
        <ele>640.1423132951376</ele>
      </trkpt>
      <trkpt lat="47.28626034865431" lon="11.453112361020278">
        <ele>632.6080182272859</ele>
      </trkpt>
      <trkpt lat="47.2859" lon="11.45336">
        <ele>629</ele>
      </trkpt>
      <trkpt lat="47.285441" lon="11.453734">
        <ele>624.75</ele>
      </trkpt>
      <trkpt lat="47.285185" lon="11.45397">
        <ele>622.25</ele>
      </trkpt>
      <trkpt lat="47.284926" lon="11.454194">
        <ele>619</ele>
      </trkpt>
      <trkpt lat="47.284444" lon="11.454601">
        <ele>613.5</ele>
      </trkpt>
      <trkpt lat="47.28391" lon="11.454867">
        <ele>608</ele>
      </trkpt>
      <trkpt lat="47.283768" lon="11.45497">
        <ele>606.5</ele>
      </trkpt>
      <trkpt lat="47.283576" lon="11.455169">
        <ele>604.25</ele>
      </trkpt>
      <trkpt lat="47.283222" lon="11.455441">
        <ele>600</ele>
      </trkpt>
      <trkpt lat="47.28307" lon="11.455606">
        <ele>597.75</ele>
      </trkpt>
      <trkpt lat="47.282966" lon="11.455782">
        <ele>596</ele>
      </trkpt>
      <trkpt lat="47.282895" lon="11.455958">
        <ele>594.75</ele>
      </trkpt>
      <trkpt lat="47.282814" lon="11.456133">
        <ele>593.5</ele>
      </trkpt>
      <trkpt lat="47.282738" lon="11.456253">
        <ele>592.5</ele>
      </trkpt>
      <trkpt lat="47.282655" lon="11.456333">
        <ele>591.5</ele>
      </trkpt>
      <trkpt lat="47.282095" lon="11.456729">
        <ele>586.25</ele>
      </trkpt>
      <trkpt lat="47.281891" lon="11.456874">
        <ele>584.25</ele>
      </trkpt>
      <trkpt lat="47.28185" lon="11.456986">
        <ele>583.75</ele>
      </trkpt>
      <trkpt lat="47.281665" lon="11.456853">
        <ele>582.75</ele>
      </trkpt>
      <trkpt lat="47.281261" lon="11.456525">
        <ele>579.25</ele>
      </trkpt>
      <trkpt lat="47.280897" lon="11.456388">
        <ele>576.5</ele>
      </trkpt>
      <trkpt lat="47.279993" lon="11.456086">
        <ele>568</ele>
      </trkpt>
      <trkpt lat="47.279964" lon="11.456076">
        <ele>568</ele>
      </trkpt>
      <trkpt lat="47.279935" lon="11.456064">
        <ele>568</ele>
      </trkpt>
      <trkpt lat="47.279659" lon="11.455941">
        <ele>567.75</ele>
      </trkpt>
      <trkpt lat="47.279559" lon="11.455852">
        <ele>567.75</ele>
      </trkpt>
      <trkpt lat="47.279513" lon="11.455785">
        <ele>568</ele>
      </trkpt>
      <trkpt lat="47.279429" lon="11.455862">
        <ele>567.5</ele>
      </trkpt>
      <trkpt lat="47.279029" lon="11.455718">
        <ele>567</ele>
      </trkpt>
      <trkpt lat="47.278836" lon="11.455665">
        <ele>567</ele>
      </trkpt>
      <trkpt lat="47.278633" lon="11.455651">
        <ele>567</ele>
      </trkpt>
      <trkpt lat="47.278365" lon="11.455663">
        <ele>566.75</ele>
      </trkpt>
      <trkpt lat="47.278297" lon="11.455653">
        <ele>566.5</ele>
      </trkpt>
      <trkpt lat="47.278277" lon="11.455697">
        <ele>566.75</ele>
      </trkpt>
      <trkpt lat="47.278235" lon="11.455735">
        <ele>566.75</ele>
      </trkpt>
      <trkpt lat="47.278182" lon="11.455762">
        <ele>566.5</ele>
      </trkpt>
      <trkpt lat="47.278146" lon="11.455745">
        <ele>566.5</ele>
      </trkpt>
      <trkpt lat="47.278122" lon="11.455709">
        <ele>566.5</ele>
      </trkpt>
      <trkpt lat="47.278098" lon="11.455708">
        <ele>566.5</ele>
      </trkpt>
      <trkpt lat="47.278092" lon="11.455865">
        <ele>566.5</ele>
      </trkpt>
      <trkpt lat="47.278061" lon="11.455861">
        <ele>566.5</ele>
      </trkpt>
      <trkpt lat="47.278021" lon="11.456707">
        <ele>564.75</ele>
      </trkpt>
      <trkpt lat="47.278006" lon="11.456999">
        <ele>564.25</ele>
      </trkpt>
    </trkseg>
  </trk>
</gpx>