<?xml version='1.0' encoding='utf-8'?>
<gpx creator="https://tiroltrailhead.com" version="1.1" schemaLocation="http://www.topografix.com/GPX/1/1 http://www.topografix.com/GPX/1/1/gpx.xsd http://www.garmin.com/xmlschemas/GpxExtensions/v3 http://www.garmin.com/xmlschemas/GpxExtensionsv3.xsd http://www.garmin.com/xmlschemas/TrackPointExtension/v1 http://www.garmin.com/xmlschemas/TrackPointExtensionv1.xsd http://www.garmin.com/xmlschemas/PowerExtension/v1 http://www.garmin.com/xmlschemas/PowerExtensionv1.xsd http://www.topografix.com/GPX/gpx_style/0/2 http://www.topografix.com/GPX/gpx_style/0/2/gpx_style.xsd">
  <metadata>
    <name>New file 1</name>
    <author>
      <name>tiroltrailhead.com</name>
      <link href="https://tiroltrailhead.com" />
    </author>
  </metadata>
  <trk>
    <name>Segment 1</name>
    <trkseg>
      <name>Segment 1</name>
      <desc>distance: 26.0km, elevation_gain: 826.0m, elevation_loss: 825.0m, estimated_duration: 02:52</desc>
      <trkpt lat="47.238057" lon="10.859288">
        <ele>692.25</ele>
      </trkpt>
      <trkpt lat="47.238073" lon="10.859271">
        <ele>692.25</ele>
      </trkpt>
      <trkpt lat="47.23804" lon="10.859232">
        <ele>692.25</ele>
      </trkpt>
      <trkpt lat="47.23806" lon="10.859184">
        <ele>692.25</ele>
      </trkpt>
      <trkpt lat="47.238063" lon="10.859133">
        <ele>692.25</ele>
      </trkpt>
      <trkpt lat="47.238056" lon="10.859082">
        <ele>692.25</ele>
      </trkpt>
      <trkpt lat="47.238037" lon="10.859037">
        <ele>692.25</ele>
      </trkpt>
      <trkpt lat="47.238006" lon="10.858995">
        <ele>692.5</ele>
      </trkpt>
      <trkpt lat="47.237969" lon="10.858988">
        <ele>692.75</ele>
      </trkpt>
      <trkpt lat="47.237781" lon="10.859041">
        <ele>693.5</ele>
      </trkpt>
      <trkpt lat="47.237689" lon="10.859067">
        <ele>694</ele>
      </trkpt>
      <trkpt lat="47.237649" lon="10.858923">
        <ele>694.25</ele>
      </trkpt>
      <trkpt lat="47.23757" lon="10.858762">
        <ele>694.5</ele>
      </trkpt>
      <trkpt lat="47.237371" lon="10.858386">
        <ele>695.25</ele>
      </trkpt>
      <trkpt lat="47.237023" lon="10.857672">
        <ele>699.0624360894087</ele>
      </trkpt>
      <trkpt lat="47.23669229357253" lon="10.857649258422356">
        <ele>700.6861001699621</ele>
      </trkpt>
      <trkpt lat="47.236570445793916" lon="10.857586837833765">
        <ele>701.8698417530059</ele>
      </trkpt>
      <trkpt lat="47.23652806389234" lon="10.857415181213838">
        <ele>702.1211133802315</ele>
      </trkpt>
      <trkpt lat="47.236443299987485" lon="10.857368365772714">
        <ele>703.0860564016284</ele>
      </trkpt>
      <trkpt lat="47.23635853594649" lon="10.857391773492509">
        <ele>703.7725063260655</ele>
      </trkpt>
      <trkpt lat="47.23621019854889" lon="10.857204511726565">
        <ele>704.3372653498786</ele>
      </trkpt>
      <trkpt lat="47.23604066958606" lon="10.85699384223932">
        <ele>702.271371727049</ele>
      </trkpt>
      <trkpt lat="47.23596120269792" lon="10.85694702679669">
        <ele>701.4406768452379</ele>
      </trkpt>
      <trkpt lat="47.23591352250796" lon="10.85694702679669">
        <ele>701.1360559521345</ele>
      </trkpt>
      <trkpt lat="47.23583405542908" lon="10.85712648599042">
        <ele>701.5734944129836</ele>
      </trkpt>
      <trkpt lat="47.2357228013189" lon="10.857368365772714">
        <ele>702.1356345114646</ele>
      </trkpt>
      <trkpt lat="47.23564863178217" lon="10.857477601802458">
        <ele>702.3993132855661</ele>
      </trkpt>
      <trkpt lat="47.23552148376331" lon="10.85753221981733">
        <ele>702.4086766359403</ele>
      </trkpt>
      <trkpt lat="47.23550029239729" lon="10.857383970918733">
        <ele>701.6003352754242</ele>
      </trkpt>
      <trkpt lat="47.23549" lon="10.857395">
        <ele>702.5</ele>
      </trkpt>
      <trkpt lat="47.235149" lon="10.856844">
        <ele>700.5</ele>
      </trkpt>
      <trkpt lat="47.235057" lon="10.856562">
        <ele>699.5</ele>
      </trkpt>
      <trkpt lat="47.235032" lon="10.85626">
        <ele>699</ele>
      </trkpt>
      <trkpt lat="47.235023" lon="10.855773">
        <ele>698</ele>
      </trkpt>
      <trkpt lat="47.234571" lon="10.855752">
        <ele>701.25</ele>
      </trkpt>
      <trkpt lat="47.234069" lon="10.855752">
        <ele>705.75</ele>
      </trkpt>
      <trkpt lat="47.234011" lon="10.855721">
        <ele>707</ele>
      </trkpt>
      <trkpt lat="47.233983" lon="10.855669">
        <ele>707.5</ele>
      </trkpt>
      <trkpt lat="47.233964" lon="10.855534">
        <ele>707.75</ele>
      </trkpt>
      <trkpt lat="47.233981" lon="10.855416">
        <ele>707.5</ele>
      </trkpt>
      <trkpt lat="47.234042" lon="10.855187">
        <ele>706.75</ele>
      </trkpt>
      <trkpt lat="47.234066" lon="10.855088">
        <ele>706.5</ele>
      </trkpt>
      <trkpt lat="47.234071" lon="10.855014">
        <ele>706.25</ele>
      </trkpt>
      <trkpt lat="47.234067" lon="10.854953">
        <ele>706.75</ele>
      </trkpt>
      <trkpt lat="47.234041" lon="10.854857">
        <ele>707.5</ele>
      </trkpt>
      <trkpt lat="47.233988" lon="10.854787">
        <ele>708.5</ele>
      </trkpt>
      <trkpt lat="47.233928" lon="10.854746">
        <ele>709.5</ele>
      </trkpt>
      <trkpt lat="47.233864" lon="10.854726">
        <ele>710.5</ele>
      </trkpt>
      <trkpt lat="47.233813" lon="10.854742">
        <ele>711.25</ele>
      </trkpt>
      <trkpt lat="47.233733" lon="10.854807">
        <ele>712.25</ele>
      </trkpt>
      <trkpt lat="47.233421" lon="10.855166">
        <ele>716.75</ele>
      </trkpt>
      <trkpt lat="47.233281" lon="10.855261">
        <ele>719.25</ele>
      </trkpt>
      <trkpt lat="47.233227" lon="10.855255">
        <ele>720.25</ele>
      </trkpt>
      <trkpt lat="47.233174" lon="10.855229">
        <ele>721</ele>
      </trkpt>
      <trkpt lat="47.233121" lon="10.85518">
        <ele>721.75</ele>
      </trkpt>
      <trkpt lat="47.233074" lon="10.855123">
        <ele>722.25</ele>
      </trkpt>
      <trkpt lat="47.233005" lon="10.855004">
        <ele>723</ele>
      </trkpt>
      <trkpt lat="47.232901" lon="10.85465">
        <ele>724.5</ele>
      </trkpt>
      <trkpt lat="47.232764" lon="10.853921">
        <ele>726.75</ele>
      </trkpt>
      <trkpt lat="47.232703" lon="10.853586">
        <ele>728</ele>
      </trkpt>
      <trkpt lat="47.232651" lon="10.853375">
        <ele>728.5</ele>
      </trkpt>
      <trkpt lat="47.232655" lon="10.853367">
        <ele>728.9179581521086</ele>
      </trkpt>
      <trkpt lat="47.23293245509468" lon="10.852845875217884">
        <ele>727.2829919032473</ele>
      </trkpt>
      <trkpt lat="47.23304485617109" lon="10.852634760022738">
        <ele>727.3292987172497</ele>
      </trkpt>
      <trkpt lat="47.233277735430136" lon="10.852239830025098">
        <ele>728.5400833012168</ele>
      </trkpt>
      <trkpt lat="47.23353471341552" lon="10.851696403194795">
        <ele>730.4334539166657</ele>
      </trkpt>
      <trkpt lat="47.233552955053426" lon="10.851657827923646">
        <ele>730.5950477344919</ele>
      </trkpt>
      <trkpt lat="47.23362352395674" lon="10.851501934503375">
        <ele>730.7299682289371</ele>
      </trkpt>
      <trkpt lat="47.23404147891917" lon="10.851257673459637">
        <ele>728.5454048845925</ele>
      </trkpt>
      <trkpt lat="47.23406810589074" lon="10.851242112137356">
        <ele>728.2531440997501</ele>
      </trkpt>
      <trkpt lat="47.23420218542441" lon="10.851055040032435">
        <ele>726.5574815519037</ele>
      </trkpt>
      <trkpt lat="47.23462116861601" lon="10.850814627257279">
        <ele>720.3161868860537</ele>
      </trkpt>
      <trkpt lat="47.23474555690305" lon="10.850743253192917">
        <ele>718.9491290423</ele>
      </trkpt>
      <trkpt lat="47.23503488230105" lon="10.850275572932162">
        <ele>717.7271740016073</ele>
      </trkpt>
      <trkpt lat="47.23542664766778" lon="10.8499505120229">
        <ele>714.2538328007805</ele>
      </trkpt>
      <trkpt lat="47.23553590547195" lon="10.849859857145816">
        <ele>712.7433809918448</ele>
      </trkpt>
      <trkpt lat="47.23584501074657" lon="10.849587012318153">
        <ele>706.7051147695443</ele>
      </trkpt>
      <trkpt lat="47.23579809363042" lon="10.8492263589836">
        <ele>705.4247678064207</ele>
      </trkpt>
      <trkpt lat="47.23553740088202" lon="10.848686760444458">
        <ele>706.7025033134273</ele>
      </trkpt>
      <trkpt lat="47.23553699893108" lon="10.848685928460668">
        <ele>706.70024772808</ele>
      </trkpt>
      <trkpt lat="47.23525473294367" lon="10.848218248199885">
        <ele>704.6820266255181</ele>
      </trkpt>
      <trkpt lat="47.23506420255262" lon="10.847937640043995">
        <ele>703.8123815085703</ele>
      </trkpt>
      <trkpt lat="47.234986578863214" lon="10.847781746623781">
        <ele>703.0584573908629</ele>
      </trkpt>
      <trkpt lat="47.23457728844065" lon="10.847999997412359">
        <ele>716.8881929211111</ele>
      </trkpt>
      <trkpt lat="47.234582" lon="10.848021">
        <ele>711.75</ele>
      </trkpt>
      <trkpt lat="47.234262" lon="10.848186">
        <ele>717.75</ele>
      </trkpt>
      <trkpt lat="47.234164" lon="10.848206">
        <ele>719</ele>
      </trkpt>
      <trkpt lat="47.233701" lon="10.848503">
        <ele>719.25</ele>
      </trkpt>
      <trkpt lat="47.233612" lon="10.848618">
        <ele>719.5</ele>
      </trkpt>
      <trkpt lat="47.23359" lon="10.8488">
        <ele>718.6170490964788</ele>
      </trkpt>
      <trkpt lat="47.23326946128803" lon="10.849264432070092">
        <ele>719.2276704077616</ele>
      </trkpt>
      <trkpt lat="47.23318897846997" lon="10.849381044511603">
        <ele>719.6352604326331</ele>
      </trkpt>
      <trkpt lat="47.23301534754706" lon="10.849991904761119">
        <ele>723.1000869034797</ele>
      </trkpt>
      <trkpt lat="47.23293492789321" lon="10.850274833452573">
        <ele>726.299581138138</ele>
      </trkpt>
      <trkpt lat="47.23287206977173" lon="10.850930550587053">
        <ele>733.11860170008</ele>
      </trkpt>
      <trkpt lat="47.23285024409722" lon="10.851158229499646">
        <ele>733.5621131306981</ele>
      </trkpt>
      <trkpt lat="47.23265264804627" lon="10.85118940818333">
        <ele>735.0080102076763</ele>
      </trkpt>
      <trkpt lat="47.232371747557586" lon="10.851706510922055">
        <ele>735.3706225884151</ele>
      </trkpt>
      <trkpt lat="47.232370366695136" lon="10.851709052917471">
        <ele>735.3641069756361</ele>
      </trkpt>
      <trkpt lat="47.23234919553343" lon="10.852187126072096">
        <ele>733.8643194807125</ele>
      </trkpt>
      <trkpt lat="47.23223628252674" lon="10.852311840807715">
        <ele>733.9200938861827</ele>
      </trkpt>
      <trkpt lat="47.23244390649648" lon="10.852899235377972">
        <ele>730.0406629325823</ele>
      </trkpt>
      <trkpt lat="47.23250445052426" lon="10.853070522119225">
        <ele>729.6314157530669</ele>
      </trkpt>
      <trkpt lat="47.232521" lon="10.853027">
        <ele>730</ele>
      </trkpt>
      <trkpt lat="47.232516" lon="10.853023">
        <ele>730.25</ele>
      </trkpt>
      <trkpt lat="47.232446" lon="10.853004">
        <ele>730.5</ele>
      </trkpt>
      <trkpt lat="47.232403" lon="10.853009">
        <ele>730.75</ele>
      </trkpt>
      <trkpt lat="47.232365" lon="10.853031">
        <ele>730.75</ele>
      </trkpt>
      <trkpt lat="47.23232" lon="10.853093">
        <ele>731</ele>
      </trkpt>
      <trkpt lat="47.232278" lon="10.853172">
        <ele>731</ele>
      </trkpt>
      <trkpt lat="47.232184" lon="10.853408">
        <ele>731.5</ele>
      </trkpt>
      <trkpt lat="47.232046" lon="10.853589">
        <ele>732.25</ele>
      </trkpt>
      <trkpt lat="47.231994" lon="10.853649">
        <ele>732.5</ele>
      </trkpt>
      <trkpt lat="47.231895" lon="10.8537">
        <ele>733</ele>
      </trkpt>
      <trkpt lat="47.231863" lon="10.853716">
        <ele>733.25</ele>
      </trkpt>
      <trkpt lat="47.231831" lon="10.853718">
        <ele>733.5</ele>
      </trkpt>
      <trkpt lat="47.231786" lon="10.85368">
        <ele>733.75</ele>
      </trkpt>
      <trkpt lat="47.231736" lon="10.853661">
        <ele>734</ele>
      </trkpt>
      <trkpt lat="47.231693" lon="10.853663">
        <ele>734</ele>
      </trkpt>
      <trkpt lat="47.231683" lon="10.853664">
        <ele>734.25</ele>
      </trkpt>
      <trkpt lat="47.23163" lon="10.853587">
        <ele>734.25</ele>
      </trkpt>
      <trkpt lat="47.231564" lon="10.853491">
        <ele>734.5</ele>
      </trkpt>
      <trkpt lat="47.231471" lon="10.853293">
        <ele>734.75</ele>
      </trkpt>
      <trkpt lat="47.231404" lon="10.853172">
        <ele>734.75</ele>
      </trkpt>
      <trkpt lat="47.231327" lon="10.853038">
        <ele>734.5</ele>
      </trkpt>
      <trkpt lat="47.231207" lon="10.852871">
        <ele>734.25</ele>
      </trkpt>
      <trkpt lat="47.230997" lon="10.852621">
        <ele>734</ele>
      </trkpt>
      <trkpt lat="47.230919" lon="10.852528">
        <ele>734</ele>
      </trkpt>
      <trkpt lat="47.230709" lon="10.852276">
        <ele>733.75</ele>
      </trkpt>
      <trkpt lat="47.230582" lon="10.852117">
        <ele>733.75</ele>
      </trkpt>
      <trkpt lat="47.230395" lon="10.851857">
        <ele>733.5</ele>
      </trkpt>
      <trkpt lat="47.230358" lon="10.851907">
        <ele>733.75</ele>
      </trkpt>
      <trkpt lat="47.230247" lon="10.852061">
        <ele>735.5</ele>
      </trkpt>
      <trkpt lat="47.230179" lon="10.85215">
        <ele>736.5</ele>
      </trkpt>
      <trkpt lat="47.230046" lon="10.852166">
        <ele>737.5</ele>
      </trkpt>
      <trkpt lat="47.229946" lon="10.851934">
        <ele>737.25</ele>
      </trkpt>
      <trkpt lat="47.229853" lon="10.851887">
        <ele>738.5</ele>
      </trkpt>
      <trkpt lat="47.229617" lon="10.851586">
        <ele>740.5</ele>
      </trkpt>
      <trkpt lat="47.229377" lon="10.850979">
        <ele>740.75</ele>
      </trkpt>
      <trkpt lat="47.228993" lon="10.850869">
        <ele>743</ele>
      </trkpt>
      <trkpt lat="47.228971" lon="10.85084">
        <ele>742.75</ele>
      </trkpt>
      <trkpt lat="47.228739" lon="10.850542">
        <ele>740.5</ele>
      </trkpt>
      <trkpt lat="47.228402" lon="10.850579">
        <ele>740.75</ele>
      </trkpt>
      <trkpt lat="47.228345" lon="10.850426">
        <ele>739.5</ele>
      </trkpt>
      <trkpt lat="47.22827" lon="10.850294">
        <ele>738.25</ele>
      </trkpt>
      <trkpt lat="47.227933" lon="10.850383">
        <ele>737.75</ele>
      </trkpt>
      <trkpt lat="47.227786" lon="10.85012">
        <ele>736.25</ele>
      </trkpt>
      <trkpt lat="47.22779" lon="10.849946">
        <ele>735.25</ele>
      </trkpt>
      <trkpt lat="47.227722" lon="10.849513">
        <ele>729.75</ele>
      </trkpt>
      <trkpt lat="47.227736" lon="10.849387">
        <ele>728</ele>
      </trkpt>
      <trkpt lat="47.228066" lon="10.849281">
        <ele>728.5</ele>
      </trkpt>
      <trkpt lat="47.228092" lon="10.849258">
        <ele>728.25</ele>
      </trkpt>
      <trkpt lat="47.228438" lon="10.84897">
        <ele>725.25</ele>
      </trkpt>
      <trkpt lat="47.228485" lon="10.84878">
        <ele>722</ele>
      </trkpt>
      <trkpt lat="47.228635" lon="10.848933">
        <ele>725.75</ele>
      </trkpt>
      <trkpt lat="47.228653" lon="10.848664">
        <ele>721.25</ele>
      </trkpt>
      <trkpt lat="47.228817" lon="10.848624">
        <ele>722</ele>
      </trkpt>
      <trkpt lat="47.228759" lon="10.848536">
        <ele>720</ele>
      </trkpt>
      <trkpt lat="47.228759" lon="10.848536">
        <ele>720</ele>
      </trkpt>
      <trkpt lat="47.228822" lon="10.848489">
        <ele>720</ele>
      </trkpt>
      <trkpt lat="47.228911" lon="10.848421">
        <ele>720</ele>
      </trkpt>
      <trkpt lat="47.229044" lon="10.848342">
        <ele>720.5</ele>
      </trkpt>
      <trkpt lat="47.229277" lon="10.84825">
        <ele>721.75</ele>
      </trkpt>
      <trkpt lat="47.229323" lon="10.84817">
        <ele>721.25</ele>
      </trkpt>
      <trkpt lat="47.229492" lon="10.848166">
        <ele>724</ele>
      </trkpt>
      <trkpt lat="47.229584" lon="10.848086">
        <ele>724.75</ele>
      </trkpt>
      <trkpt lat="47.229692" lon="10.84807">
        <ele>726.75</ele>
      </trkpt>
      <trkpt lat="47.229922" lon="10.847921">
        <ele>730.5</ele>
      </trkpt>
      <trkpt lat="47.229789" lon="10.847489">
        <ele>724</ele>
      </trkpt>
      <trkpt lat="47.229778" lon="10.847339">
        <ele>721.75</ele>
      </trkpt>
      <trkpt lat="47.229918" lon="10.846875">
        <ele>721.25</ele>
      </trkpt>
      <trkpt lat="47.230133" lon="10.846">
        <ele>717</ele>
      </trkpt>
      <trkpt lat="47.230155" lon="10.845453">
        <ele>713.75</ele>
      </trkpt>
      <trkpt lat="47.230104" lon="10.84512">
        <ele>710.75</ele>
      </trkpt>
      <trkpt lat="47.230113" lon="10.84512">
        <ele>711</ele>
      </trkpt>
      <trkpt lat="47.230337" lon="10.845134">
        <ele>717.75</ele>
      </trkpt>
      <trkpt lat="47.230509" lon="10.845118">
        <ele>722.75</ele>
      </trkpt>
      <trkpt lat="47.230824" lon="10.845313">
        <ele>730.75</ele>
      </trkpt>
      <trkpt lat="47.231022" lon="10.845609">
        <ele>729</ele>
      </trkpt>
      <trkpt lat="47.231275" lon="10.845755">
        <ele>727</ele>
      </trkpt>
      <trkpt lat="47.23144" lon="10.845809">
        <ele>726</ele>
      </trkpt>
      <trkpt lat="47.231861" lon="10.845917">
        <ele>724</ele>
      </trkpt>
      <trkpt lat="47.232122" lon="10.845917">
        <ele>722.75</ele>
      </trkpt>
      <trkpt lat="47.232239" lon="10.845868">
        <ele>722.25</ele>
      </trkpt>
      <trkpt lat="47.232305" lon="10.846149">
        <ele>722</ele>
      </trkpt>
      <trkpt lat="47.232455" lon="10.846451">
        <ele>721.25</ele>
      </trkpt>
      <trkpt lat="47.232613" lon="10.846559">
        <ele>720.25</ele>
      </trkpt>
      <trkpt lat="47.232668" lon="10.846613">
        <ele>720</ele>
      </trkpt>
      <trkpt lat="47.232774" lon="10.846581">
        <ele>719.5</ele>
      </trkpt>
      <trkpt lat="47.232722" lon="10.846646">
        <ele>719.75</ele>
      </trkpt>
      <trkpt lat="47.232722" lon="10.846646">
        <ele>719.75</ele>
      </trkpt>
      <trkpt lat="47.232554" lon="10.846861">
        <ele>721.25</ele>
      </trkpt>
      <trkpt lat="47.232701" lon="10.847244">
        <ele>721.75</ele>
      </trkpt>
      <trkpt lat="47.232583" lon="10.847897">
        <ele>724.25</ele>
      </trkpt>
      <trkpt lat="47.232433" lon="10.848426">
        <ele>726.25</ele>
      </trkpt>
      <trkpt lat="47.232111" lon="10.849198">
        <ele>728.5</ele>
      </trkpt>
      <trkpt lat="47.23181" lon="10.849344">
        <ele>733</ele>
      </trkpt>
      <trkpt lat="47.231781" lon="10.849257">
        <ele>733.25</ele>
      </trkpt>
      <trkpt lat="47.231634" lon="10.848669">
        <ele>735.5</ele>
      </trkpt>
      <trkpt lat="47.231396" lon="10.848383">
        <ele>736</ele>
      </trkpt>
      <trkpt lat="47.23107" lon="10.848173">
        <ele>736.75</ele>
      </trkpt>
      <trkpt lat="47.230766" lon="10.848022">
        <ele>737.75</ele>
      </trkpt>
      <trkpt lat="47.230553" lon="10.847951">
        <ele>736.5</ele>
      </trkpt>
      <trkpt lat="47.230138" lon="10.847893">
        <ele>733.5</ele>
      </trkpt>
      <trkpt lat="47.229936" lon="10.847919">
        <ele>730.5</ele>
      </trkpt>
      <trkpt lat="47.229922" lon="10.847921">
        <ele>730.5</ele>
      </trkpt>
      <trkpt lat="47.229692" lon="10.84807">
        <ele>726.75</ele>
      </trkpt>
      <trkpt lat="47.229584" lon="10.848086">
        <ele>724.75</ele>
      </trkpt>
      <trkpt lat="47.229492" lon="10.848166">
        <ele>724</ele>
      </trkpt>
      <trkpt lat="47.229323" lon="10.84817">
        <ele>721.25</ele>
      </trkpt>
      <trkpt lat="47.229277" lon="10.84825">
        <ele>721.75</ele>
      </trkpt>
      <trkpt lat="47.229044" lon="10.848342">
        <ele>720.5</ele>
      </trkpt>
      <trkpt lat="47.228911" lon="10.848421">
        <ele>720</ele>
      </trkpt>
      <trkpt lat="47.228822" lon="10.848489">
        <ele>720</ele>
      </trkpt>
      <trkpt lat="47.228759" lon="10.848536">
        <ele>720</ele>
      </trkpt>
      <trkpt lat="47.228682" lon="10.848419">
        <ele>717.5</ele>
      </trkpt>
      <trkpt lat="47.227399" lon="10.846531">
        <ele>716.5</ele>
      </trkpt>
      <trkpt lat="47.22658" lon="10.845318">
        <ele>729</ele>
      </trkpt>
      <trkpt lat="47.226055" lon="10.844553">
        <ele>726.5</ele>
      </trkpt>
      <trkpt lat="47.226034" lon="10.844523">
        <ele>726.5</ele>
      </trkpt>
      <trkpt lat="47.225726" lon="10.844589">
        <ele>727.25</ele>
      </trkpt>
      <trkpt lat="47.225572" lon="10.844511">
        <ele>728.25</ele>
      </trkpt>
      <trkpt lat="47.225316" lon="10.844127">
        <ele>727.25</ele>
      </trkpt>
      <trkpt lat="47.225152" lon="10.843618">
        <ele>727.75</ele>
      </trkpt>
      <trkpt lat="47.224792" lon="10.843556">
        <ele>729.5</ele>
      </trkpt>
      <trkpt lat="47.224664" lon="10.843564">
        <ele>730.25</ele>
      </trkpt>
      <trkpt lat="47.22454" lon="10.843633">
        <ele>731.25</ele>
      </trkpt>
      <trkpt lat="47.22407" lon="10.843727">
        <ele>734.5</ele>
      </trkpt>
      <trkpt lat="47.223976" lon="10.843784">
        <ele>735</ele>
      </trkpt>
      <trkpt lat="47.223829" lon="10.843955">
        <ele>736.25</ele>
      </trkpt>
      <trkpt lat="47.223655" lon="10.844256">
        <ele>738</ele>
      </trkpt>
      <trkpt lat="47.223578" lon="10.844312">
        <ele>738.75</ele>
      </trkpt>
      <trkpt lat="47.223502" lon="10.844339">
        <ele>739.25</ele>
      </trkpt>
      <trkpt lat="47.223388" lon="10.844339">
        <ele>739.75</ele>
      </trkpt>
      <trkpt lat="47.223178" lon="10.844311">
        <ele>741.25</ele>
      </trkpt>
      <trkpt lat="47.222855" lon="10.844422">
        <ele>744.5</ele>
      </trkpt>
      <trkpt lat="47.22276" lon="10.844506">
        <ele>745.5</ele>
      </trkpt>
      <trkpt lat="47.222615" lon="10.844672">
        <ele>746.75</ele>
      </trkpt>
      <trkpt lat="47.222468" lon="10.845075">
        <ele>747.5</ele>
      </trkpt>
      <trkpt lat="47.222429" lon="10.845251">
        <ele>746.75</ele>
      </trkpt>
      <trkpt lat="47.222332" lon="10.845393">
        <ele>746</ele>
      </trkpt>
      <trkpt lat="47.222183" lon="10.845548">
        <ele>745</ele>
      </trkpt>
      <trkpt lat="47.22184" lon="10.84567">
        <ele>744</ele>
      </trkpt>
      <trkpt lat="47.221656" lon="10.845894">
        <ele>743</ele>
      </trkpt>
      <trkpt lat="47.221552" lon="10.84602">
        <ele>743.75</ele>
      </trkpt>
      <trkpt lat="47.221461" lon="10.846306">
        <ele>743.5</ele>
      </trkpt>
      <trkpt lat="47.221455" lon="10.846554">
        <ele>742.75</ele>
      </trkpt>
      <trkpt lat="47.22153" lon="10.84677">
        <ele>742.75</ele>
      </trkpt>
      <trkpt lat="47.2215" lon="10.847141">
        <ele>743.75</ele>
      </trkpt>
      <trkpt lat="47.221414" lon="10.847422">
        <ele>744</ele>
      </trkpt>
      <trkpt lat="47.221273" lon="10.847666">
        <ele>744.75</ele>
      </trkpt>
      <trkpt lat="47.221212" lon="10.847951">
        <ele>747</ele>
      </trkpt>
      <trkpt lat="47.22117" lon="10.848081">
        <ele>747.75</ele>
      </trkpt>
      <trkpt lat="47.221117" lon="10.848242">
        <ele>748.75</ele>
      </trkpt>
      <trkpt lat="47.220982" lon="10.848294">
        <ele>748</ele>
      </trkpt>
      <trkpt lat="47.220811" lon="10.848196">
        <ele>745.75</ele>
      </trkpt>
      <trkpt lat="47.220727" lon="10.848218">
        <ele>746.25</ele>
      </trkpt>
      <trkpt lat="47.220592" lon="10.848253">
        <ele>746.75</ele>
      </trkpt>
      <trkpt lat="47.220277" lon="10.848546">
        <ele>750.5</ele>
      </trkpt>
      <trkpt lat="47.219873" lon="10.849063">
        <ele>758.75</ele>
      </trkpt>
      <trkpt lat="47.219776" lon="10.8493">
        <ele>762.25</ele>
      </trkpt>
      <trkpt lat="47.21933" lon="10.850288">
        <ele>764.25</ele>
      </trkpt>
      <trkpt lat="47.219255" lon="10.8504">
        <ele>764</ele>
      </trkpt>
      <trkpt lat="47.218675" lon="10.850799">
        <ele>767.75</ele>
      </trkpt>
      <trkpt lat="47.218329" lon="10.85108">
        <ele>769</ele>
      </trkpt>
      <trkpt lat="47.218072" lon="10.851389">
        <ele>774.25</ele>
      </trkpt>
      <trkpt lat="47.217493" lon="10.85233">
        <ele>773.25</ele>
      </trkpt>
      <trkpt lat="47.217424" lon="10.852493">
        <ele>773.75</ele>
      </trkpt>
      <trkpt lat="47.217377" lon="10.85297">
        <ele>770.5</ele>
      </trkpt>
      <trkpt lat="47.217285" lon="10.853119">
        <ele>773</ele>
      </trkpt>
      <trkpt lat="47.217081" lon="10.853391">
        <ele>778.75</ele>
      </trkpt>
      <trkpt lat="47.216983" lon="10.853578">
        <ele>780.25</ele>
      </trkpt>
      <trkpt lat="47.21696" lon="10.854039">
        <ele>774.5</ele>
      </trkpt>
      <trkpt lat="47.216893" lon="10.854742">
        <ele>773.5</ele>
      </trkpt>
      <trkpt lat="47.216897" lon="10.854804">
        <ele>773</ele>
      </trkpt>
      <trkpt lat="47.216905" lon="10.854913">
        <ele>772.75</ele>
      </trkpt>
      <trkpt lat="47.216894" lon="10.855159">
        <ele>772.25</ele>
      </trkpt>
      <trkpt lat="47.216831" lon="10.8553">
        <ele>772.5</ele>
      </trkpt>
      <trkpt lat="47.216718" lon="10.855412">
        <ele>773.25</ele>
      </trkpt>
      <trkpt lat="47.216158" lon="10.855656">
        <ele>779.75</ele>
      </trkpt>
      <trkpt lat="47.215987" lon="10.855794">
        <ele>781</ele>
      </trkpt>
      <trkpt lat="47.215655" lon="10.856194">
        <ele>783.75</ele>
      </trkpt>
      <trkpt lat="47.215443" lon="10.856531">
        <ele>784</ele>
      </trkpt>
      <trkpt lat="47.215311" lon="10.856951">
        <ele>782.5</ele>
      </trkpt>
      <trkpt lat="47.215291" lon="10.857012">
        <ele>782.25</ele>
      </trkpt>
      <trkpt lat="47.215218" lon="10.857018">
        <ele>782.5</ele>
      </trkpt>
      <trkpt lat="47.215169" lon="10.856964">
        <ele>782.75</ele>
      </trkpt>
      <trkpt lat="47.215154" lon="10.856918">
        <ele>783.25</ele>
      </trkpt>
      <trkpt lat="47.215087" lon="10.856713">
        <ele>785</ele>
      </trkpt>
      <trkpt lat="47.214924" lon="10.856467">
        <ele>787.25</ele>
      </trkpt>
      <trkpt lat="47.214764" lon="10.85628">
        <ele>788.5</ele>
      </trkpt>
      <trkpt lat="47.214532" lon="10.856082">
        <ele>789.5</ele>
      </trkpt>
      <trkpt lat="47.214546" lon="10.856048">
        <ele>789.5</ele>
      </trkpt>
      <trkpt lat="47.214546" lon="10.856048">
        <ele>789.5</ele>
      </trkpt>
      <trkpt lat="47.214532" lon="10.856082">
        <ele>789.5</ele>
      </trkpt>
      <trkpt lat="47.214397" lon="10.856009">
        <ele>789.75</ele>
      </trkpt>
      <trkpt lat="47.214085" lon="10.855785">
        <ele>791.5</ele>
      </trkpt>
      <trkpt lat="47.213843" lon="10.855561">
        <ele>793.25</ele>
      </trkpt>
      <trkpt lat="47.21365" lon="10.855263">
        <ele>795.5</ele>
      </trkpt>
      <trkpt lat="47.213624" lon="10.855199">
        <ele>796</ele>
      </trkpt>
      <trkpt lat="47.213596" lon="10.855131">
        <ele>796.25</ele>
      </trkpt>
      <trkpt lat="47.213396" lon="10.854873">
        <ele>798.5</ele>
      </trkpt>
      <trkpt lat="47.213633" lon="10.854362">
        <ele>800.25</ele>
      </trkpt>
      <trkpt lat="47.213637" lon="10.854223">
        <ele>801</ele>
      </trkpt>
      <trkpt lat="47.213502" lon="10.853856">
        <ele>804</ele>
      </trkpt>
      <trkpt lat="47.213445" lon="10.853135">
        <ele>808</ele>
      </trkpt>
      <trkpt lat="47.213347" lon="10.852491">
        <ele>808.75</ele>
      </trkpt>
      <trkpt lat="47.213237" lon="10.85217">
        <ele>812</ele>
      </trkpt>
      <trkpt lat="47.213224" lon="10.85213">
        <ele>812.5</ele>
      </trkpt>
      <trkpt lat="47.213367" lon="10.851884">
        <ele>811.75</ele>
      </trkpt>
      <trkpt lat="47.213547" lon="10.851511">
        <ele>812.5</ele>
      </trkpt>
      <trkpt lat="47.213698" lon="10.851054">
        <ele>814.5</ele>
      </trkpt>
      <trkpt lat="47.213719" lon="10.850926">
        <ele>815</ele>
      </trkpt>
      <trkpt lat="47.213819" lon="10.850741">
        <ele>815.25</ele>
      </trkpt>
      <trkpt lat="47.213945" lon="10.850568">
        <ele>814.75</ele>
      </trkpt>
      <trkpt lat="47.213986" lon="10.850453">
        <ele>814.75</ele>
      </trkpt>
      <trkpt lat="47.214074" lon="10.850197">
        <ele>815</ele>
      </trkpt>
      <trkpt lat="47.214131" lon="10.850101">
        <ele>814.75</ele>
      </trkpt>
      <trkpt lat="47.214223" lon="10.850097">
        <ele>814.5</ele>
      </trkpt>
      <trkpt lat="47.214327" lon="10.850174">
        <ele>814.25</ele>
      </trkpt>
      <trkpt lat="47.214494" lon="10.850296">
        <ele>814.25</ele>
      </trkpt>
      <trkpt lat="47.214628" lon="10.850322">
        <ele>814.5</ele>
      </trkpt>
      <trkpt lat="47.214835" lon="10.850343">
        <ele>815</ele>
      </trkpt>
      <trkpt lat="47.215114" lon="10.850348">
        <ele>816</ele>
      </trkpt>
      <trkpt lat="47.215258" lon="10.850498">
        <ele>817.5</ele>
      </trkpt>
      <trkpt lat="47.215452" lon="10.85057">
        <ele>819</ele>
      </trkpt>
      <trkpt lat="47.215616" lon="10.850826">
        <ele>821</ele>
      </trkpt>
      <trkpt lat="47.215812" lon="10.85084">
        <ele>822.75</ele>
      </trkpt>
      <trkpt lat="47.215987" lon="10.850941">
        <ele>824</ele>
      </trkpt>
      <trkpt lat="47.215997" lon="10.850908">
        <ele>824</ele>
      </trkpt>
      <trkpt lat="47.215987" lon="10.850941">
        <ele>824</ele>
      </trkpt>
      <trkpt lat="47.215996" lon="10.85112">
        <ele>823.5</ele>
      </trkpt>
      <trkpt lat="47.21614" lon="10.851333">
        <ele>824.6790548065218</ele>
      </trkpt>
      <trkpt lat="47.216267285794316" lon="10.851765073758287">
        <ele>824.3762626755761</ele>
      </trkpt>
      <trkpt lat="47.216457255028814" lon="10.851776727196267">
        <ele>825.2868909567102</ele>
      </trkpt>
      <trkpt lat="47.2166234775506" lon="10.85142712406659">
        <ele>827.7990173752848</ele>
      </trkpt>
      <trkpt lat="47.216629" lon="10.851438">
        <ele>825</ele>
      </trkpt>
      <trkpt lat="47.216816" lon="10.85121">
        <ele>822.5</ele>
      </trkpt>
      <trkpt lat="47.216947" lon="10.850917">
        <ele>821</ele>
      </trkpt>
      <trkpt lat="47.217029" lon="10.850541">
        <ele>825.25</ele>
      </trkpt>
      <trkpt lat="47.217268" lon="10.850039">
        <ele>837.25</ele>
      </trkpt>
      <trkpt lat="47.217324" lon="10.849832">
        <ele>840</ele>
      </trkpt>
      <trkpt lat="47.217663" lon="10.849423">
        <ele>843.75</ele>
      </trkpt>
      <trkpt lat="47.217776" lon="10.849321">
        <ele>843.75</ele>
      </trkpt>
      <trkpt lat="47.217816" lon="10.848951">
        <ele>847.5</ele>
      </trkpt>
      <trkpt lat="47.217907" lon="10.848715">
        <ele>848.5</ele>
      </trkpt>
      <trkpt lat="47.21802" lon="10.848377">
        <ele>851.25</ele>
      </trkpt>
      <trkpt lat="47.218023" lon="10.848023">
        <ele>848.75</ele>
      </trkpt>
      <trkpt lat="47.218241" lon="10.847291">
        <ele>845.25</ele>
      </trkpt>
      <trkpt lat="47.218251" lon="10.847259">
        <ele>845.25</ele>
      </trkpt>
      <trkpt lat="47.218261" lon="10.847052">
        <ele>843.75</ele>
      </trkpt>
      <trkpt lat="47.218343" lon="10.846762">
        <ele>842</ele>
      </trkpt>
      <trkpt lat="47.21834" lon="10.846608">
        <ele>840.75</ele>
      </trkpt>
      <trkpt lat="47.218274" lon="10.846468">
        <ele>838.5</ele>
      </trkpt>
      <trkpt lat="47.218238" lon="10.846323">
        <ele>836.25</ele>
      </trkpt>
      <trkpt lat="47.21835" lon="10.84586">
        <ele>832.75</ele>
      </trkpt>
      <trkpt lat="47.218348" lon="10.845661">
        <ele>831.75</ele>
      </trkpt>
      <trkpt lat="47.218469" lon="10.845364">
        <ele>829.5</ele>
      </trkpt>
      <trkpt lat="47.218511" lon="10.845262">
        <ele>828.75</ele>
      </trkpt>
      <trkpt lat="47.218612" lon="10.845381">
        <ele>827.5</ele>
      </trkpt>
      <trkpt lat="47.218703" lon="10.845322">
        <ele>826.75</ele>
      </trkpt>
      <trkpt lat="47.218885" lon="10.845054">
        <ele>829.25</ele>
      </trkpt>
      <trkpt lat="47.218931" lon="10.845058">
        <ele>829</ele>
      </trkpt>
      <trkpt lat="47.219118" lon="10.845076">
        <ele>829</ele>
      </trkpt>
      <trkpt lat="47.219265" lon="10.844919">
        <ele>826.75</ele>
      </trkpt>
      <trkpt lat="47.219482" lon="10.844756">
        <ele>818.5</ele>
      </trkpt>
      <trkpt lat="47.219548" lon="10.84454">
        <ele>819.5</ele>
      </trkpt>
      <trkpt lat="47.219578" lon="10.844286">
        <ele>823.25</ele>
      </trkpt>
      <trkpt lat="47.219654" lon="10.844078">
        <ele>823.75</ele>
      </trkpt>
      <trkpt lat="47.21972" lon="10.843869">
        <ele>823.5</ele>
      </trkpt>
      <trkpt lat="47.219921" lon="10.843423">
        <ele>824.5</ele>
      </trkpt>
      <trkpt lat="47.220175" lon="10.843342">
        <ele>818.25</ele>
      </trkpt>
      <trkpt lat="47.220402" lon="10.843179">
        <ele>812</ele>
      </trkpt>
      <trkpt lat="47.220631" lon="10.842946">
        <ele>810</ele>
      </trkpt>
      <trkpt lat="47.220727" lon="10.842708">
        <ele>814</ele>
      </trkpt>
      <trkpt lat="47.221005" lon="10.842559">
        <ele>814.75</ele>
      </trkpt>
      <trkpt lat="47.22142" lon="10.842417">
        <ele>812.75</ele>
      </trkpt>
      <trkpt lat="47.221708" lon="10.842067">
        <ele>815</ele>
      </trkpt>
      <trkpt lat="47.221834" lon="10.841829">
        <ele>815</ele>
      </trkpt>
      <trkpt lat="47.221946" lon="10.841382">
        <ele>818</ele>
      </trkpt>
      <trkpt lat="47.222052" lon="10.841024">
        <ele>818.75</ele>
      </trkpt>
      <trkpt lat="47.222128" lon="10.840488">
        <ele>816.25</ele>
      </trkpt>
      <trkpt lat="47.222183" lon="10.84028">
        <ele>813</ele>
      </trkpt>
      <trkpt lat="47.222189" lon="10.840153">
        <ele>811.75</ele>
      </trkpt>
      <trkpt lat="47.222163" lon="10.840133">
        <ele>812.25</ele>
      </trkpt>
      <trkpt lat="47.222032" lon="10.840026">
        <ele>815</ele>
      </trkpt>
      <trkpt lat="47.22193" lon="10.840004">
        <ele>817.75</ele>
      </trkpt>
      <trkpt lat="47.221843" lon="10.840098">
        <ele>820.75</ele>
      </trkpt>
      <trkpt lat="47.221759" lon="10.84019">
        <ele>824</ele>
      </trkpt>
      <trkpt lat="47.221678" lon="10.840265">
        <ele>827</ele>
      </trkpt>
      <trkpt lat="47.221394" lon="10.840391">
        <ele>827</ele>
      </trkpt>
      <trkpt lat="47.220995" lon="10.840622">
        <ele>828.75</ele>
      </trkpt>
      <trkpt lat="47.220848" lon="10.840779">
        <ele>831.75</ele>
      </trkpt>
      <trkpt lat="47.220782" lon="10.840794">
        <ele>832</ele>
      </trkpt>
      <trkpt lat="47.220752" lon="10.840607">
        <ele>828</ele>
      </trkpt>
      <trkpt lat="47.220661" lon="10.840503">
        <ele>825.25</ele>
      </trkpt>
      <trkpt lat="47.220803" lon="10.840384">
        <ele>823</ele>
      </trkpt>
      <trkpt lat="47.220646" lon="10.840324">
        <ele>821.25</ele>
      </trkpt>
      <trkpt lat="47.220388" lon="10.840265">
        <ele>818.5</ele>
      </trkpt>
      <trkpt lat="47.22018" lon="10.84019">
        <ele>815.5</ele>
      </trkpt>
      <trkpt lat="47.220165" lon="10.840093">
        <ele>812.75</ele>
      </trkpt>
      <trkpt lat="47.220166" lon="10.84009">
        <ele>812.5</ele>
      </trkpt>
      <trkpt lat="47.220211" lon="10.840019">
        <ele>811</ele>
      </trkpt>
      <trkpt lat="47.220383" lon="10.839922">
        <ele>808.75</ele>
      </trkpt>
      <trkpt lat="47.220762" lon="10.83987">
        <ele>809.75</ele>
      </trkpt>
      <trkpt lat="47.220909" lon="10.839833">
        <ele>810</ele>
      </trkpt>
      <trkpt lat="47.22099" lon="10.839706">
        <ele>806.5</ele>
      </trkpt>
      <trkpt lat="47.221045" lon="10.839542">
        <ele>801.5</ele>
      </trkpt>
      <trkpt lat="47.22105" lon="10.839453">
        <ele>798.5</ele>
      </trkpt>
      <trkpt lat="47.220964" lon="10.839371">
        <ele>794.5</ele>
      </trkpt>
      <trkpt lat="47.220838" lon="10.839356">
        <ele>792.5</ele>
      </trkpt>
      <trkpt lat="47.220494" lon="10.839416">
        <ele>791.75</ele>
      </trkpt>
      <trkpt lat="47.220231" lon="10.839483">
        <ele>792</ele>
      </trkpt>
      <trkpt lat="47.220062" lon="10.839454">
        <ele>789.75</ele>
      </trkpt>
      <trkpt lat="47.219927" lon="10.839252">
        <ele>784.5</ele>
      </trkpt>
      <trkpt lat="47.219776" lon="10.83876">
        <ele>778.5</ele>
      </trkpt>
      <trkpt lat="47.219705" lon="10.838448">
        <ele>774.75</ele>
      </trkpt>
      <trkpt lat="47.219462" lon="10.83812">
        <ele>778.75</ele>
      </trkpt>
      <trkpt lat="47.219386" lon="10.837837">
        <ele>777.5</ele>
      </trkpt>
      <trkpt lat="47.219265" lon="10.837517">
        <ele>776.25</ele>
      </trkpt>
      <trkpt lat="47.219189" lon="10.837219">
        <ele>776.25</ele>
      </trkpt>
      <trkpt lat="47.219022" lon="10.836861">
        <ele>775.75</ele>
      </trkpt>
      <trkpt lat="47.218896" lon="10.836385">
        <ele>773.75</ele>
      </trkpt>
      <trkpt lat="47.21883" lon="10.836243">
        <ele>773.5</ele>
      </trkpt>
      <trkpt lat="47.218587" lon="10.8359">
        <ele>773.5</ele>
      </trkpt>
      <trkpt lat="47.218557" lon="10.835692">
        <ele>772.75</ele>
      </trkpt>
      <trkpt lat="47.218541" lon="10.835357">
        <ele>771.5</ele>
      </trkpt>
      <trkpt lat="47.218577" lon="10.835236">
        <ele>770.75</ele>
      </trkpt>
      <trkpt lat="47.218648" lon="10.834999">
        <ele>769.25</ele>
      </trkpt>
      <trkpt lat="47.218951" lon="10.834746">
        <ele>767</ele>
      </trkpt>
      <trkpt lat="47.219016" lon="10.834464">
        <ele>765.75</ele>
      </trkpt>
      <trkpt lat="47.219123" lon="10.834129">
        <ele>764.75</ele>
      </trkpt>
      <trkpt lat="47.219472" lon="10.833547">
        <ele>760.5</ele>
      </trkpt>
      <trkpt lat="47.219543" lon="10.833093">
        <ele>760.75</ele>
      </trkpt>
      <trkpt lat="47.219528" lon="10.832753">
        <ele>761.5</ele>
      </trkpt>
      <trkpt lat="47.21969" lon="10.832609">
        <ele>761</ele>
      </trkpt>
      <trkpt lat="47.219816" lon="10.832579">
        <ele>760.5</ele>
      </trkpt>
      <trkpt lat="47.219942" lon="10.832315">
        <ele>759.5</ele>
      </trkpt>
      <trkpt lat="47.220073" lon="10.832138">
        <ele>757.5</ele>
      </trkpt>
      <trkpt lat="47.220208" lon="10.83173">
        <ele>754.75</ele>
      </trkpt>
      <trkpt lat="47.220299" lon="10.831644">
        <ele>753.5</ele>
      </trkpt>
      <trkpt lat="47.220401" lon="10.831467">
        <ele>752.25</ele>
      </trkpt>
      <trkpt lat="47.220477" lon="10.831118">
        <ele>751</ele>
      </trkpt>
      <trkpt lat="47.220466" lon="10.830845">
        <ele>750.5</ele>
      </trkpt>
      <trkpt lat="47.220528" lon="10.830738">
        <ele>749.5</ele>
      </trkpt>
      <trkpt lat="47.220754" lon="10.830523">
        <ele>747.5</ele>
      </trkpt>
      <trkpt lat="47.220966" lon="10.830174">
        <ele>744.75</ele>
      </trkpt>
      <trkpt lat="47.221075" lon="10.829928">
        <ele>742.5</ele>
      </trkpt>
      <trkpt lat="47.221171" lon="10.829675">
        <ele>739.25</ele>
      </trkpt>
      <trkpt lat="47.221188" lon="10.829633">
        <ele>738.75</ele>
      </trkpt>
      <trkpt lat="47.221221" lon="10.829418">
        <ele>737</ele>
      </trkpt>
      <trkpt lat="47.221217" lon="10.829295">
        <ele>736</ele>
      </trkpt>
      <trkpt lat="47.221272" lon="10.829327">
        <ele>735.75</ele>
      </trkpt>
      <trkpt lat="47.221335" lon="10.829539">
        <ele>736.75</ele>
      </trkpt>
      <trkpt lat="47.221363" lon="10.829675">
        <ele>737.5</ele>
      </trkpt>
      <trkpt lat="47.221385" lon="10.829906">
        <ele>738.75</ele>
      </trkpt>
      <trkpt lat="47.221319" lon="10.830164">
        <ele>740.5</ele>
      </trkpt>
      <trkpt lat="47.221323" lon="10.83048">
        <ele>741.25</ele>
      </trkpt>
      <trkpt lat="47.221377" lon="10.830641">
        <ele>741</ele>
      </trkpt>
      <trkpt lat="47.221403" lon="10.830856">
        <ele>741</ele>
      </trkpt>
      <trkpt lat="47.221406" lon="10.830947">
        <ele>741</ele>
      </trkpt>
      <trkpt lat="47.221537" lon="10.831459">
        <ele>739.5</ele>
      </trkpt>
      <trkpt lat="47.221646" lon="10.831555">
        <ele>738.25</ele>
      </trkpt>
      <trkpt lat="47.221761" lon="10.831635">
        <ele>737.5</ele>
      </trkpt>
      <trkpt lat="47.221934" lon="10.83186">
        <ele>736.75</ele>
      </trkpt>
      <trkpt lat="47.22193" lon="10.831973">
        <ele>736.75</ele>
      </trkpt>
      <trkpt lat="47.22184" lon="10.832381">
        <ele>737.5</ele>
      </trkpt>
      <trkpt lat="47.221875" lon="10.832448">
        <ele>737.25</ele>
      </trkpt>
      <trkpt lat="47.222161" lon="10.832368">
        <ele>736.5</ele>
      </trkpt>
      <trkpt lat="47.222271" lon="10.832436">
        <ele>736.25</ele>
      </trkpt>
      <trkpt lat="47.222504" lon="10.832353">
        <ele>735.5</ele>
      </trkpt>
      <trkpt lat="47.22253" lon="10.83241">
        <ele>735.5</ele>
      </trkpt>
      <trkpt lat="47.222611" lon="10.832453">
        <ele>735.5</ele>
      </trkpt>
      <trkpt lat="47.222656" lon="10.832556">
        <ele>735.5</ele>
      </trkpt>
      <trkpt lat="47.222788" lon="10.832675">
        <ele>734.75</ele>
      </trkpt>
      <trkpt lat="47.222851" lon="10.832745">
        <ele>734.25</ele>
      </trkpt>
      <trkpt lat="47.222889" lon="10.832838">
        <ele>733.75</ele>
      </trkpt>
      <trkpt lat="47.222883" lon="10.833017">
        <ele>733.5</ele>
      </trkpt>
      <trkpt lat="47.222904" lon="10.833064">
        <ele>733.25</ele>
      </trkpt>
      <trkpt lat="47.223072" lon="10.833015">
        <ele>731.25</ele>
      </trkpt>
      <trkpt lat="47.22316" lon="10.833242">
        <ele>728.5</ele>
      </trkpt>
      <trkpt lat="47.223144" lon="10.833355">
        <ele>728.25</ele>
      </trkpt>
      <trkpt lat="47.223147" lon="10.833415">
        <ele>728</ele>
      </trkpt>
      <trkpt lat="47.223151" lon="10.833491">
        <ele>727.75</ele>
      </trkpt>
      <trkpt lat="47.223353" lon="10.833648">
        <ele>724.25</ele>
      </trkpt>
      <trkpt lat="47.22361" lon="10.834002">
        <ele>724.75</ele>
      </trkpt>
      <trkpt lat="47.223735" lon="10.833975">
        <ele>725.5</ele>
      </trkpt>
      <trkpt lat="47.223836" lon="10.833975">
        <ele>726</ele>
      </trkpt>
      <trkpt lat="47.224007" lon="10.833998">
        <ele>726.75</ele>
      </trkpt>
      <trkpt lat="47.224105" lon="10.834054">
        <ele>726.75</ele>
      </trkpt>
      <trkpt lat="47.224293" lon="10.834014">
        <ele>726.75</ele>
      </trkpt>
      <trkpt lat="47.224475" lon="10.834124">
        <ele>724.75</ele>
      </trkpt>
      <trkpt lat="47.224618" lon="10.834273">
        <ele>724</ele>
      </trkpt>
      <trkpt lat="47.224656" lon="10.834476">
        <ele>724.25</ele>
      </trkpt>
      <trkpt lat="47.224903" lon="10.834758">
        <ele>722.25</ele>
      </trkpt>
      <trkpt lat="47.225139" lon="10.834931">
        <ele>719.5</ele>
      </trkpt>
      <trkpt lat="47.225207" lon="10.834976">
        <ele>718.75</ele>
      </trkpt>
      <trkpt lat="47.225253" lon="10.834996">
        <ele>718.25</ele>
      </trkpt>
      <trkpt lat="47.225334" lon="10.835013">
        <ele>717.25</ele>
      </trkpt>
      <trkpt lat="47.225405" lon="10.834989">
        <ele>716.5</ele>
      </trkpt>
      <trkpt lat="47.225429" lon="10.834893">
        <ele>716.25</ele>
      </trkpt>
      <trkpt lat="47.225658" lon="10.834805">
        <ele>714</ele>
      </trkpt>
      <trkpt lat="47.225806" lon="10.834839">
        <ele>712.25</ele>
      </trkpt>
      <trkpt lat="47.225863" lon="10.834932">
        <ele>711.75</ele>
      </trkpt>
      <trkpt lat="47.225929" lon="10.835224">
        <ele>711.5</ele>
      </trkpt>
      <trkpt lat="47.225986" lon="10.83553">
        <ele>711.75</ele>
      </trkpt>
      <trkpt lat="47.226309" lon="10.835998">
        <ele>708.5</ele>
      </trkpt>
      <trkpt lat="47.226449" lon="10.835874">
        <ele>706</ele>
      </trkpt>
      <trkpt lat="47.226616" lon="10.835625">
        <ele>703.5</ele>
      </trkpt>
      <trkpt lat="47.22664" lon="10.83561">
        <ele>703.25</ele>
      </trkpt>
      <trkpt lat="47.226681" lon="10.835618">
        <ele>702.75</ele>
      </trkpt>
      <trkpt lat="47.226715" lon="10.83567">
        <ele>702.25</ele>
      </trkpt>
      <trkpt lat="47.226844" lon="10.836011">
        <ele>700.75</ele>
      </trkpt>
      <trkpt lat="47.226869" lon="10.836044">
        <ele>700.25</ele>
      </trkpt>
      <trkpt lat="47.226899" lon="10.836049">
        <ele>700</ele>
      </trkpt>
      <trkpt lat="47.226926" lon="10.83602">
        <ele>699.5</ele>
      </trkpt>
      <trkpt lat="47.22694" lon="10.836001">
        <ele>699.25</ele>
      </trkpt>
      <trkpt lat="47.227022" lon="10.8359">
        <ele>698</ele>
      </trkpt>
      <trkpt lat="47.227081" lon="10.835854">
        <ele>697</ele>
      </trkpt>
      <trkpt lat="47.227146" lon="10.836037">
        <ele>696.5</ele>
      </trkpt>
      <trkpt lat="47.227244" lon="10.836182">
        <ele>695.5</ele>
      </trkpt>
      <trkpt lat="47.227509" lon="10.836517">
        <ele>693.25</ele>
      </trkpt>
      <trkpt lat="47.227812" lon="10.836812">
        <ele>692</ele>
      </trkpt>
      <trkpt lat="47.22816" lon="10.837087">
        <ele>691.75</ele>
      </trkpt>
      <trkpt lat="47.228325" lon="10.837253">
        <ele>692.25</ele>
      </trkpt>
      <trkpt lat="47.228498" lon="10.837298">
        <ele>691.75</ele>
      </trkpt>
      <trkpt lat="47.230273" lon="10.838518">
        <ele>695</ele>
      </trkpt>
      <trkpt lat="47.230371" lon="10.838555">
        <ele>694.75</ele>
      </trkpt>
      <trkpt lat="47.230463" lon="10.838568">
        <ele>694.5</ele>
      </trkpt>
      <trkpt lat="47.230569" lon="10.838533">
        <ele>694</ele>
      </trkpt>
      <trkpt lat="47.230637" lon="10.838475">
        <ele>693.5</ele>
      </trkpt>
      <trkpt lat="47.230745" lon="10.838361">
        <ele>692.25</ele>
      </trkpt>
      <trkpt lat="47.2308" lon="10.838319">
        <ele>691.75</ele>
      </trkpt>
      <trkpt lat="47.230829" lon="10.838317">
        <ele>691.75</ele>
      </trkpt>
      <trkpt lat="47.230857" lon="10.838336">
        <ele>691.75</ele>
      </trkpt>
      <trkpt lat="47.230891" lon="10.838402">
        <ele>691.75</ele>
      </trkpt>
      <trkpt lat="47.230947" lon="10.838589">
        <ele>692.25</ele>
      </trkpt>
      <trkpt lat="47.231009" lon="10.838694">
        <ele>692</ele>
      </trkpt>
      <trkpt lat="47.231162" lon="10.838784">
        <ele>690.75</ele>
      </trkpt>
      <trkpt lat="47.231357" lon="10.838826">
        <ele>688.75</ele>
      </trkpt>
      <trkpt lat="47.231431" lon="10.838874">
        <ele>688</ele>
      </trkpt>
      <trkpt lat="47.231475" lon="10.838948">
        <ele>687.75</ele>
      </trkpt>
      <trkpt lat="47.231506" lon="10.839085">
        <ele>687.75</ele>
      </trkpt>
      <trkpt lat="47.231505" lon="10.839243">
        <ele>687.75</ele>
      </trkpt>
      <trkpt lat="47.231458" lon="10.83943">
        <ele>688</ele>
      </trkpt>
      <trkpt lat="47.231396" lon="10.839558">
        <ele>688.25</ele>
      </trkpt>
      <trkpt lat="47.231409" lon="10.839606">
        <ele>687.75</ele>
      </trkpt>
      <trkpt lat="47.23143" lon="10.83968">
        <ele>687.5</ele>
      </trkpt>
      <trkpt lat="47.231569" lon="10.839869">
        <ele>686.5</ele>
      </trkpt>
      <trkpt lat="47.231814" lon="10.840265">
        <ele>690.25</ele>
      </trkpt>
      <trkpt lat="47.231901" lon="10.840413">
        <ele>692.5</ele>
      </trkpt>
      <trkpt lat="47.231949" lon="10.840543">
        <ele>694.25</ele>
      </trkpt>
      <trkpt lat="47.232033" lon="10.840491">
        <ele>694.75</ele>
      </trkpt>
      <trkpt lat="47.232099" lon="10.84041">
        <ele>694.75</ele>
      </trkpt>
      <trkpt lat="47.232182" lon="10.840225">
        <ele>694.25</ele>
      </trkpt>
      <trkpt lat="47.232227" lon="10.840174">
        <ele>694.5</ele>
      </trkpt>
      <trkpt lat="47.232283" lon="10.840189">
        <ele>695.25</ele>
      </trkpt>
      <trkpt lat="47.232351" lon="10.840274">
        <ele>696.75</ele>
      </trkpt>
      <trkpt lat="47.232459" lon="10.840408">
        <ele>698.75</ele>
      </trkpt>
      <trkpt lat="47.232574" lon="10.840483">
        <ele>699.5</ele>
      </trkpt>
      <trkpt lat="47.232753" lon="10.840522">
        <ele>699</ele>
      </trkpt>
      <trkpt lat="47.23296" lon="10.840755">
        <ele>700.25</ele>
      </trkpt>
      <trkpt lat="47.23302" lon="10.840863">
        <ele>700.75</ele>
      </trkpt>
      <trkpt lat="47.233091" lon="10.84104">
        <ele>702</ele>
      </trkpt>
      <trkpt lat="47.23312" lon="10.84125">
        <ele>703.5</ele>
      </trkpt>
      <trkpt lat="47.233126" lon="10.841482">
        <ele>705.25</ele>
      </trkpt>
      <trkpt lat="47.233111" lon="10.841743">
        <ele>707</ele>
      </trkpt>
      <trkpt lat="47.233135" lon="10.841977">
        <ele>708</ele>
      </trkpt>
      <trkpt lat="47.233186" lon="10.842185">
        <ele>708.75</ele>
      </trkpt>
      <trkpt lat="47.233263" lon="10.84242">
        <ele>710.25</ele>
      </trkpt>
      <trkpt lat="47.233313" lon="10.842531">
        <ele>711</ele>
      </trkpt>
      <trkpt lat="47.23334" lon="10.842666">
        <ele>711.5</ele>
      </trkpt>
      <trkpt lat="47.233335" lon="10.842822">
        <ele>712</ele>
      </trkpt>
      <trkpt lat="47.233302" lon="10.842979">
        <ele>712.5</ele>
      </trkpt>
      <trkpt lat="47.233254" lon="10.843317">
        <ele>714</ele>
      </trkpt>
      <trkpt lat="47.233246" lon="10.843644">
        <ele>713.75</ele>
      </trkpt>
      <trkpt lat="47.233247" lon="10.844169">
        <ele>713.25</ele>
      </trkpt>
      <trkpt lat="47.233215" lon="10.844706">
        <ele>714.25</ele>
      </trkpt>
      <trkpt lat="47.233241" lon="10.844953">
        <ele>714.5</ele>
      </trkpt>
      <trkpt lat="47.23325" lon="10.84498">
        <ele>714.5</ele>
      </trkpt>
      <trkpt lat="47.233294" lon="10.8451">
        <ele>714.5</ele>
      </trkpt>
      <trkpt lat="47.233397" lon="10.84522">
        <ele>713.75</ele>
      </trkpt>
      <trkpt lat="47.233558" lon="10.845253">
        <ele>712.5</ele>
      </trkpt>
      <trkpt lat="47.233619" lon="10.845316">
        <ele>712.25</ele>
      </trkpt>
      <trkpt lat="47.233672" lon="10.845413">
        <ele>712</ele>
      </trkpt>
      <trkpt lat="47.233756" lon="10.845759">
        <ele>712.5</ele>
      </trkpt>
      <trkpt lat="47.23383" lon="10.846047">
        <ele>712.75</ele>
      </trkpt>
      <trkpt lat="47.233934" lon="10.846262">
        <ele>712.5</ele>
      </trkpt>
      <trkpt lat="47.234044" lon="10.846387">
        <ele>712</ele>
      </trkpt>
      <trkpt lat="47.23427" lon="10.846511">
        <ele>708.25</ele>
      </trkpt>
      <trkpt lat="47.234378" lon="10.846595">
        <ele>705</ele>
      </trkpt>
      <trkpt lat="47.234452" lon="10.846702">
        <ele>703.25</ele>
      </trkpt>
      <trkpt lat="47.234652" lon="10.847184">
        <ele>701.25</ele>
      </trkpt>
      <trkpt lat="47.234767" lon="10.847408">
        <ele>700.75</ele>
      </trkpt>
      <trkpt lat="47.234869" lon="10.847496">
        <ele>699.5</ele>
      </trkpt>
      <trkpt lat="47.235018" lon="10.847784">
        <ele>701.5</ele>
      </trkpt>
      <trkpt lat="47.235464" lon="10.848508">
        <ele>701.5</ele>
      </trkpt>
      <trkpt lat="47.235638" lon="10.848894">
        <ele>702.5</ele>
      </trkpt>
      <trkpt lat="47.235758" lon="10.849104">
        <ele>702.75</ele>
      </trkpt>
      <trkpt lat="47.235788" lon="10.849217">
        <ele>703.25</ele>
      </trkpt>
      <trkpt lat="47.235794" lon="10.8494">
        <ele>704.25</ele>
      </trkpt>
      <trkpt lat="47.235807" lon="10.849519">
        <ele>705</ele>
      </trkpt>
      <trkpt lat="47.235885" lon="10.849665">
        <ele>704.5</ele>
      </trkpt>
      <trkpt lat="47.236137" lon="10.849846">
        <ele>701</ele>
      </trkpt>
      <trkpt lat="47.236437" lon="10.850268">
        <ele>698.5</ele>
      </trkpt>
      <trkpt lat="47.236573" lon="10.850511">
        <ele>698</ele>
      </trkpt>
      <trkpt lat="47.236798" lon="10.851051">
        <ele>696.25</ele>
      </trkpt>
      <trkpt lat="47.23657" lon="10.851355">
        <ele>700.25</ele>
      </trkpt>
      <trkpt lat="47.23639" lon="10.851595">
        <ele>701</ele>
      </trkpt>
      <trkpt lat="47.236389" lon="10.851597">
        <ele>701.25</ele>
      </trkpt>
      <trkpt lat="47.236351" lon="10.851661">
        <ele>701.5</ele>
      </trkpt>
      <trkpt lat="47.236425" lon="10.851784">
        <ele>701</ele>
      </trkpt>
      <trkpt lat="47.236652" lon="10.852321">
        <ele>700.75</ele>
      </trkpt>
      <trkpt lat="47.236903" lon="10.85291">
        <ele>699.25</ele>
      </trkpt>
      <trkpt lat="47.237074" lon="10.85339">
        <ele>699</ele>
      </trkpt>
      <trkpt lat="47.237203" lon="10.853854">
        <ele>698.25</ele>
      </trkpt>
      <trkpt lat="47.237261" lon="10.854149">
        <ele>698</ele>
      </trkpt>
      <trkpt lat="47.237273" lon="10.85432">
        <ele>698</ele>
      </trkpt>
      <trkpt lat="47.237262" lon="10.854479">
        <ele>698</ele>
      </trkpt>
      <trkpt lat="47.237206" lon="10.854788">
        <ele>698</ele>
      </trkpt>
      <trkpt lat="47.237161" lon="10.855022">
        <ele>698</ele>
      </trkpt>
      <trkpt lat="47.237145" lon="10.855178">
        <ele>697.75</ele>
      </trkpt>
      <trkpt lat="47.237145" lon="10.855323">
        <ele>697.25</ele>
      </trkpt>
      <trkpt lat="47.23717" lon="10.855511">
        <ele>696.5</ele>
      </trkpt>
      <trkpt lat="47.237212" lon="10.855683">
        <ele>696</ele>
      </trkpt>
      <trkpt lat="47.237351" lon="10.856059">
        <ele>695.25</ele>
      </trkpt>
      <trkpt lat="47.236708" lon="10.856934">
        <ele>698.25</ele>
      </trkpt>
      <trkpt lat="47.236826" lon="10.857231">
        <ele>698.75</ele>
      </trkpt>
      <trkpt lat="47.237003" lon="10.857632">
        <ele>698.25</ele>
      </trkpt>
      <trkpt lat="47.237371" lon="10.858386">
        <ele>695.25</ele>
      </trkpt>
      <trkpt lat="47.23757" lon="10.858762">
        <ele>694.5</ele>
      </trkpt>
      <trkpt lat="47.237649" lon="10.858923">
        <ele>694.25</ele>
      </trkpt>
      <trkpt lat="47.237689" lon="10.859067">
        <ele>694</ele>
      </trkpt>
      <trkpt lat="47.237698" lon="10.859203">
        <ele>694</ele>
      </trkpt>
      <trkpt lat="47.237684" lon="10.859314">
        <ele>694</ele>
      </trkpt>
      <trkpt lat="47.237667" lon="10.859374">
        <ele>694</ele>
      </trkpt>
      <trkpt lat="47.237607" lon="10.85946">
        <ele>694.25</ele>
      </trkpt>
      <trkpt lat="47.237549" lon="10.859524">
        <ele>694.75</ele>
      </trkpt>
      <trkpt lat="47.237658" lon="10.860002">
        <ele>694</ele>
      </trkpt>
      <trkpt lat="47.237895" lon="10.860846">
        <ele>692</ele>
      </trkpt>
      <trkpt lat="47.237954" lon="10.860986">
        <ele>691.5</ele>
      </trkpt>
      <trkpt lat="47.238278" lon="10.861433">
        <ele>690.25</ele>
      </trkpt>
      <trkpt lat="47.238321" lon="10.861536">
        <ele>690</ele>
      </trkpt>
      <trkpt lat="47.238419" lon="10.862499">
        <ele>690.75</ele>
      </trkpt>
      <trkpt lat="47.238599" lon="10.864376">
        <ele>690.25</ele>
      </trkpt>
      <trkpt lat="47.238597" lon="10.864444">
        <ele>690.25</ele>
      </trkpt>
      <trkpt lat="47.238577" lon="10.864501">
        <ele>690.25</ele>
      </trkpt>
      <trkpt lat="47.238305" lon="10.864688">
        <ele>690</ele>
      </trkpt>
      <trkpt lat="47.238283" lon="10.864733">
        <ele>690</ele>
      </trkpt>
      <trkpt lat="47.238287" lon="10.864797">
        <ele>690</ele>
      </trkpt>
      <trkpt lat="47.238344" lon="10.86477">
        <ele>690</ele>
      </trkpt>
      <trkpt lat="47.238344" lon="10.86477">
        <ele>690</ele>
      </trkpt>
      <trkpt lat="47.238871" lon="10.864528">
        <ele>690.75</ele>
      </trkpt>
      <trkpt lat="47.239144" lon="10.864338">
        <ele>691</ele>
      </trkpt>
      <trkpt lat="47.239625" lon="10.864006">
        <ele>691.25</ele>
      </trkpt>
      <trkpt lat="47.239888" lon="10.864833">
        <ele>693.5</ele>
      </trkpt>
      <trkpt lat="47.239907" lon="10.865168">
        <ele>693.5</ele>
      </trkpt>
      <trkpt lat="47.239889" lon="10.865495">
        <ele>693</ele>
      </trkpt>
      <trkpt lat="47.240176" lon="10.865598">
        <ele>693.5</ele>
      </trkpt>
      <trkpt lat="47.240451" lon="10.865791">
        <ele>694</ele>
      </trkpt>
      <trkpt lat="47.240792" lon="10.865896">
        <ele>694.75</ele>
      </trkpt>
      <trkpt lat="47.240864" lon="10.86594">
        <ele>694.5</ele>
      </trkpt>
      <trkpt lat="47.240927" lon="10.865978">
        <ele>694.5</ele>
      </trkpt>
      <trkpt lat="47.241217" lon="10.866241">
        <ele>694</ele>
      </trkpt>
      <trkpt lat="47.241394" lon="10.866206">
        <ele>694.25</ele>
      </trkpt>
      <trkpt lat="47.241625" lon="10.8661">
        <ele>694.5</ele>
      </trkpt>
      <trkpt lat="47.241819" lon="10.865866">
        <ele>694.5</ele>
      </trkpt>
      <trkpt lat="47.242173" lon="10.865664">
        <ele>693.5</ele>
      </trkpt>
      <trkpt lat="47.24221" lon="10.865717">
        <ele>693.5</ele>
      </trkpt>
      <trkpt lat="47.242287" lon="10.865725">
        <ele>693.25</ele>
      </trkpt>
      <trkpt lat="47.242544" lon="10.865557">
        <ele>692.25</ele>
      </trkpt>
      <trkpt lat="47.2426" lon="10.865497">
        <ele>692.25</ele>
      </trkpt>
      <trkpt lat="47.242657" lon="10.865419">
        <ele>692.25</ele>
      </trkpt>
      <trkpt lat="47.242706" lon="10.865414">
        <ele>692.25</ele>
      </trkpt>
      <trkpt lat="47.242669" lon="10.865644">
        <ele>692.75</ele>
      </trkpt>
      <trkpt lat="47.242671" lon="10.865844">
        <ele>693.25</ele>
      </trkpt>
      <trkpt lat="47.242666" lon="10.86603">
        <ele>693.5</ele>
      </trkpt>
      <trkpt lat="47.242707" lon="10.866265">
        <ele>693.75</ele>
      </trkpt>
      <trkpt lat="47.242728" lon="10.866458">
        <ele>693.75</ele>
      </trkpt>
      <trkpt lat="47.242742" lon="10.866482">
        <ele>693.75</ele>
      </trkpt>
      <trkpt lat="47.242833" lon="10.866475">
        <ele>693.75</ele>
      </trkpt>
      <trkpt lat="47.242924" lon="10.86647">
        <ele>694</ele>
      </trkpt>
      <trkpt lat="47.243094" lon="10.866499">
        <ele>693.3000000000011</ele>
      </trkpt>
      <trkpt lat="47.243347904937565" lon="10.866056338437147">
        <ele>694.6495281166403</ele>
      </trkpt>
      <trkpt lat="47.24371888805427" lon="10.865682046689757">
        <ele>695.7470676857998</ele>
      </trkpt>
      <trkpt lat="47.24408987117097" lon="10.865307754942366">
        <ele>693.9533301853586</ele>
      </trkpt>
      <trkpt lat="47.244460854287674" lon="10.864933463194976">
        <ele>692.5739915891161</ele>
      </trkpt>
      <trkpt lat="47.24476598112784" lon="10.864625615066473">
        <ele>692.2611604104702</ele>
      </trkpt>
      <trkpt lat="47.244843682835494" lon="10.864225012522496">
        <ele>693.5567945948117</ele>
      </trkpt>
      <trkpt lat="47.24521520437252" lon="10.863851874300568">
        <ele>692.4888827902453</ele>
      </trkpt>
      <trkpt lat="47.245271040191795" lon="10.863795795510384">
        <ele>692.2960316961876</ele>
      </trkpt>
      <trkpt lat="47.24571562618522" lon="10.863895023315441">
        <ele>691.6753890051725</ele>
      </trkpt>
      <trkpt lat="47.245912069762056" lon="10.863938867847736">
        <ele>691.2337095160976</ele>
      </trkpt>
      <trkpt lat="47.24625347722409" lon="10.864369942079259">
        <ele>693.0460427812069</ele>
      </trkpt>
      <trkpt lat="47.2463199936314" lon="10.864453928261042">
        <ele>693.317017695914</ele>
      </trkpt>
      <trkpt lat="47.246708400609116" lon="10.864787687459721">
        <ele>693.6902537017136</ele>
      </trkpt>
      <trkpt lat="47.246786188492905" lon="10.864854530805104">
        <ele>693.7000000000007</ele>
      </trkpt>
      <trkpt lat="47.247200862586425" lon="10.86459836428506">
        <ele>692.8709794013763</ele>
      </trkpt>
      <trkpt lat="47.24738835078247" lon="10.864482542729093">
        <ele>691.2008690441094</ele>
      </trkpt>
      <trkpt lat="47.24771856590587" lon="10.864453928261042">
        <ele>689.2333243842245</ele>
      </trkpt>
      <trkpt lat="47.247912809134846" lon="10.864453928261042">
        <ele>689.1731433198325</ele>
      </trkpt>
      <trkpt lat="47.24787396054623" lon="10.865026217610477">
        <ele>692.2568070102027</ele>
      </trkpt>
      <trkpt lat="47.247699141543904" lon="10.864968988675798">
        <ele>691.8146994212717</ele>
      </trkpt>
      <trkpt lat="47.24788447702326" lon="10.865572512740124">
        <ele>694.1071766425446</ele>
      </trkpt>
      <trkpt lat="47.24806820320484" lon="10.866170796307927">
        <ele>692.5736007800796</ele>
      </trkpt>
      <trkpt lat="47.24850715565593" lon="10.866314493725246">
        <ele>691.5784108876135</ele>
      </trkpt>
      <trkpt lat="47.2485926548257" lon="10.866342483111907">
        <ele>692.11622162142</ele>
      </trkpt>
      <trkpt lat="47.24886792473484" lon="10.866866273172288">
        <ele>696.8491708520803</ele>
      </trkpt>
      <trkpt lat="47.249058829684515" lon="10.867229531602646">
        <ele>700.6025378567635</ele>
      </trkpt>
      <trkpt lat="47.24912425253887" lon="10.867884904941915">
        <ele>703.3922972345736</ele>
      </trkpt>
      <trkpt lat="47.24915594893051" lon="10.868202423494665">
        <ele>703.337076810026</ele>
      </trkpt>
      <trkpt lat="47.24947390669435" lon="10.868670828702871">
        <ele>703.1185036355997</ele>
      </trkpt>
      <trkpt lat="47.249525000440855" lon="10.86874609837605">
        <ele>702.9529042614043</ele>
      </trkpt>
      <trkpt lat="47.249572" lon="10.868732">
        <ele>704.75</ele>
      </trkpt>
      <trkpt lat="47.249569" lon="10.868702">
        <ele>704.75</ele>
      </trkpt>
      <trkpt lat="47.249635" lon="10.86879">
        <ele>705.25</ele>
      </trkpt>
      <trkpt lat="47.249709" lon="10.868873">
        <ele>706</ele>
      </trkpt>
      <trkpt lat="47.249768" lon="10.869004">
        <ele>706.75</ele>
      </trkpt>
      <trkpt lat="47.249777" lon="10.869132">
        <ele>706.75</ele>
      </trkpt>
      <trkpt lat="47.249792" lon="10.869219">
        <ele>706.75</ele>
      </trkpt>
      <trkpt lat="47.249806" lon="10.869297">
        <ele>706.5</ele>
      </trkpt>
      <trkpt lat="47.249906" lon="10.869481">
        <ele>707</ele>
      </trkpt>
      <trkpt lat="47.250018" lon="10.869618">
        <ele>707.75</ele>
      </trkpt>
      <trkpt lat="47.250376" lon="10.869629">
        <ele>709.75</ele>
      </trkpt>
      <trkpt lat="47.250456" lon="10.8696">
        <ele>710.25</ele>
      </trkpt>
      <trkpt lat="47.25051" lon="10.869581">
        <ele>710.75</ele>
      </trkpt>
      <trkpt lat="47.250612" lon="10.869584">
        <ele>711.25</ele>
      </trkpt>
      <trkpt lat="47.250642" lon="10.869704">
        <ele>711.5</ele>
      </trkpt>
      <trkpt lat="47.250782" lon="10.869896">
        <ele>713</ele>
      </trkpt>
      <trkpt lat="47.250869" lon="10.869933">
        <ele>713.5</ele>
      </trkpt>
      <trkpt lat="47.250943" lon="10.870089">
        <ele>712.5</ele>
      </trkpt>
      <trkpt lat="47.251112" lon="10.870351">
        <ele>709.25</ele>
      </trkpt>
      <trkpt lat="47.251218" lon="10.870604">
        <ele>706.75</ele>
      </trkpt>
      <trkpt lat="47.251347" lon="10.870625">
        <ele>705.75</ele>
      </trkpt>
      <trkpt lat="47.251409" lon="10.870713">
        <ele>704.5</ele>
      </trkpt>
      <trkpt lat="47.251502" lon="10.870786">
        <ele>703.5</ele>
      </trkpt>
      <trkpt lat="47.251563" lon="10.870698">
        <ele>703.5</ele>
      </trkpt>
      <trkpt lat="47.251671" lon="10.870674">
        <ele>703</ele>
      </trkpt>
      <trkpt lat="47.251678" lon="10.870574">
        <ele>703.5</ele>
      </trkpt>
      <trkpt lat="47.251814" lon="10.870323">
        <ele>703.25</ele>
      </trkpt>
      <trkpt lat="47.251935" lon="10.870329">
        <ele>701</ele>
      </trkpt>
      <trkpt lat="47.252236" lon="10.870292">
        <ele>696.25</ele>
      </trkpt>
      <trkpt lat="47.252418" lon="10.870485">
        <ele>693</ele>
      </trkpt>
      <trkpt lat="47.252469" lon="10.870485">
        <ele>692.25</ele>
      </trkpt>
      <trkpt lat="47.252581" lon="10.870698">
        <ele>691.25</ele>
      </trkpt>
      <trkpt lat="47.252614" lon="10.870761">
        <ele>691</ele>
      </trkpt>
      <trkpt lat="47.252604" lon="10.870828">
        <ele>691.25</ele>
      </trkpt>
      <trkpt lat="47.252761" lon="10.870756">
        <ele>690</ele>
      </trkpt>
      <trkpt lat="47.252868" lon="10.87062">
        <ele>689.25</ele>
      </trkpt>
      <trkpt lat="47.253149" lon="10.870547">
        <ele>687.25</ele>
      </trkpt>
      <trkpt lat="47.253276" lon="10.870457">
        <ele>686.25</ele>
      </trkpt>
      <trkpt lat="47.253265" lon="10.870435">
        <ele>686.25</ele>
      </trkpt>
      <trkpt lat="47.253215" lon="10.870335">
        <ele>686.75</ele>
      </trkpt>
      <trkpt lat="47.25308" lon="10.86985">
        <ele>687.5</ele>
      </trkpt>
      <trkpt lat="47.252957" lon="10.869127">
        <ele>687.5</ele>
      </trkpt>
      <trkpt lat="47.252975" lon="10.868947">
        <ele>686.25</ele>
      </trkpt>
      <trkpt lat="47.252954" lon="10.868864">
        <ele>686</ele>
      </trkpt>
      <trkpt lat="47.252942" lon="10.868816">
        <ele>686</ele>
      </trkpt>
      <trkpt lat="47.253038" lon="10.868714">
        <ele>684.75</ele>
      </trkpt>
      <trkpt lat="47.253129" lon="10.86859">
        <ele>683.25</ele>
      </trkpt>
      <trkpt lat="47.253266" lon="10.868551">
        <ele>681.75</ele>
      </trkpt>
      <trkpt lat="47.253562" lon="10.868729">
        <ele>679</ele>
      </trkpt>
      <trkpt lat="47.253682" lon="10.868826">
        <ele>678</ele>
      </trkpt>
      <trkpt lat="47.253825" lon="10.86892">
        <ele>676.5</ele>
      </trkpt>
      <trkpt lat="47.253939" lon="10.86906">
        <ele>675.5</ele>
      </trkpt>
      <trkpt lat="47.253989" lon="10.869171">
        <ele>675.5</ele>
      </trkpt>
      <trkpt lat="47.254021" lon="10.869239">
        <ele>675.5</ele>
      </trkpt>
      <trkpt lat="47.254124" lon="10.869357">
        <ele>675</ele>
      </trkpt>
      <trkpt lat="47.254198" lon="10.869511">
        <ele>675.5</ele>
      </trkpt>
      <trkpt lat="47.254309" lon="10.869653">
        <ele>675.25</ele>
      </trkpt>
      <trkpt lat="47.254393" lon="10.869813">
        <ele>675.25</ele>
      </trkpt>
      <trkpt lat="47.254214" lon="10.870143">
        <ele>679</ele>
      </trkpt>
      <trkpt lat="47.254264" lon="10.87053">
        <ele>678</ele>
      </trkpt>
      <trkpt lat="47.254218" lon="10.871159">
        <ele>678.5</ele>
      </trkpt>
      <trkpt lat="47.254247" lon="10.871365">
        <ele>678.25</ele>
      </trkpt>
      <trkpt lat="47.254186" lon="10.871604">
        <ele>678.75</ele>
      </trkpt>
      <trkpt lat="47.254196" lon="10.871959">
        <ele>679.75</ele>
      </trkpt>
      <trkpt lat="47.254281" lon="10.872329">
        <ele>680.5</ele>
      </trkpt>
      <trkpt lat="47.254398" lon="10.872432">
        <ele>680.25</ele>
      </trkpt>
      <trkpt lat="47.254526" lon="10.872663">
        <ele>679.75</ele>
      </trkpt>
      <trkpt lat="47.254667" lon="10.872588">
        <ele>679</ele>
      </trkpt>
      <trkpt lat="47.25479" lon="10.872552">
        <ele>678.25</ele>
      </trkpt>
      <trkpt lat="47.254874" lon="10.872447">
        <ele>677.5</ele>
      </trkpt>
      <trkpt lat="47.255103" lon="10.872604">
        <ele>675.5</ele>
      </trkpt>
      <trkpt lat="47.255118" lon="10.8728">
        <ele>676</ele>
      </trkpt>
      <trkpt lat="47.255127" lon="10.872914">
        <ele>676.5</ele>
      </trkpt>
      <trkpt lat="47.255216" lon="10.87296">
        <ele>675</ele>
      </trkpt>
      <trkpt lat="47.255457" lon="10.873058">
        <ele>671</ele>
      </trkpt>
      <trkpt lat="47.255474" lon="10.873238">
        <ele>671.5</ele>
      </trkpt>
      <trkpt lat="47.255616" lon="10.873368">
        <ele>669.25</ele>
      </trkpt>
      <trkpt lat="47.255716" lon="10.873821">
        <ele>669</ele>
      </trkpt>
      <trkpt lat="47.255716" lon="10.874092">
        <ele>670.25</ele>
      </trkpt>
      <trkpt lat="47.255737" lon="10.874369">
        <ele>670.75</ele>
      </trkpt>
      <trkpt lat="47.255776" lon="10.874532">
        <ele>670.75</ele>
      </trkpt>
      <trkpt lat="47.255727" lon="10.874761">
        <ele>671.75</ele>
      </trkpt>
      <trkpt lat="47.255643" lon="10.874677">
        <ele>672.25</ele>
      </trkpt>
      <trkpt lat="47.255727" lon="10.874761">
        <ele>671.75</ele>
      </trkpt>
      <trkpt lat="47.255879" lon="10.874982">
        <ele>671.25</ele>
      </trkpt>
      <trkpt lat="47.256029" lon="10.875164">
        <ele>669</ele>
      </trkpt>
      <trkpt lat="47.256045" lon="10.875313">
        <ele>668.5</ele>
      </trkpt>
      <trkpt lat="47.256759" lon="10.877828">
        <ele>659.25</ele>
      </trkpt>
      <trkpt lat="47.257753" lon="10.87719">
        <ele>658.75</ele>
      </trkpt>
      <trkpt lat="47.258238" lon="10.876879">
        <ele>658</ele>
      </trkpt>
      <trkpt lat="47.25812" lon="10.87602">
        <ele>659.5</ele>
      </trkpt>
      <trkpt lat="47.258102" lon="10.875811">
        <ele>659.75</ele>
      </trkpt>
      <trkpt lat="47.25813" lon="10.875588">
        <ele>659.25</ele>
      </trkpt>
      <trkpt lat="47.258195" lon="10.875399">
        <ele>658.5</ele>
      </trkpt>
      <trkpt lat="47.258281" lon="10.875303">
        <ele>657.75</ele>
      </trkpt>
      <trkpt lat="47.258338" lon="10.87524">
        <ele>657.25</ele>
      </trkpt>
      <trkpt lat="47.258438" lon="10.875165">
        <ele>657.25</ele>
      </trkpt>
      <trkpt lat="47.258911" lon="10.874798">
        <ele>659.75</ele>
      </trkpt>
      <trkpt lat="47.258971" lon="10.874753">
        <ele>660.25</ele>
      </trkpt>
      <trkpt lat="47.258989" lon="10.874808">
        <ele>659.75</ele>
      </trkpt>
      <trkpt lat="47.25901" lon="10.874909">
        <ele>659</ele>
      </trkpt>
      <trkpt lat="47.258989" lon="10.874808">
        <ele>659.75</ele>
      </trkpt>
      <trkpt lat="47.258971" lon="10.874753">
        <ele>660.25</ele>
      </trkpt>
      <trkpt lat="47.259027" lon="10.874653">
        <ele>661.25</ele>
      </trkpt>
      <trkpt lat="47.259106" lon="10.874469">
        <ele>663</ele>
      </trkpt>
      <trkpt lat="47.259154" lon="10.874288">
        <ele>664.75</ele>
      </trkpt>
      <trkpt lat="47.259183" lon="10.874092">
        <ele>666.75</ele>
      </trkpt>
      <trkpt lat="47.259181" lon="10.873852">
        <ele>669</ele>
      </trkpt>
      <trkpt lat="47.259137" lon="10.873679">
        <ele>669.75</ele>
      </trkpt>
      <trkpt lat="47.25909" lon="10.873574">
        <ele>670</ele>
      </trkpt>
      <trkpt lat="47.259074" lon="10.873537">
        <ele>670</ele>
      </trkpt>
      <trkpt lat="47.258856" lon="10.873222">
        <ele>670</ele>
      </trkpt>
      <trkpt lat="47.2588" lon="10.873141">
        <ele>670.25</ele>
      </trkpt>
      <trkpt lat="47.258375" lon="10.872527">
        <ele>667.75</ele>
      </trkpt>
      <trkpt lat="47.258089" lon="10.872081">
        <ele>670.5</ele>
      </trkpt>
      <trkpt lat="47.2579" lon="10.871771">
        <ele>672.75</ele>
      </trkpt>
      <trkpt lat="47.257804" lon="10.871602">
        <ele>674</ele>
      </trkpt>
      <trkpt lat="47.257721" lon="10.871439">
        <ele>675</ele>
      </trkpt>
      <trkpt lat="47.257573" lon="10.871178">
        <ele>675.75</ele>
      </trkpt>
      <trkpt lat="47.257478" lon="10.870963">
        <ele>676.25</ele>
      </trkpt>
      <trkpt lat="47.257425" lon="10.870719">
        <ele>678.25</ele>
      </trkpt>
      <trkpt lat="47.257418" lon="10.870526">
        <ele>680.5</ele>
      </trkpt>
      <trkpt lat="47.257438" lon="10.870386">
        <ele>682.25</ele>
      </trkpt>
      <trkpt lat="47.257534" lon="10.869942">
        <ele>689.75</ele>
      </trkpt>
      <trkpt lat="47.257537" lon="10.869722">
        <ele>693.25</ele>
      </trkpt>
      <trkpt lat="47.25750958751394" lon="10.86958950631736">
        <ele>694.5825513069562</ele>
      </trkpt>
      <trkpt lat="47.257501" lon="10.869548">
        <ele>695</ele>
      </trkpt>
      <trkpt lat="47.257434" lon="10.869402">
        <ele>696</ele>
      </trkpt>
      <trkpt lat="47.257488" lon="10.869363">
        <ele>697.5</ele>
      </trkpt>
      <trkpt lat="47.257655" lon="10.869492">
        <ele>700.75</ele>
      </trkpt>
      <trkpt lat="47.257526" lon="10.869186">
        <ele>701.25</ele>
      </trkpt>
      <trkpt lat="47.257522" lon="10.869175">
        <ele>701.5</ele>
      </trkpt>
      <trkpt lat="47.257222" lon="10.868856">
        <ele>700.75</ele>
      </trkpt>
      <trkpt lat="47.257008" lon="10.868668">
        <ele>699</ele>
      </trkpt>
      <trkpt lat="47.256431" lon="10.867853">
        <ele>705</ele>
      </trkpt>
      <trkpt lat="47.255931" lon="10.867126">
        <ele>712.5</ele>
      </trkpt>
      <trkpt lat="47.255707" lon="10.866743">
        <ele>715.25</ele>
      </trkpt>
      <trkpt lat="47.255639" lon="10.866567">
        <ele>717.25</ele>
      </trkpt>
      <trkpt lat="47.255601" lon="10.866503">
        <ele>717.5165032838477</ele>
      </trkpt>
      <trkpt lat="47.25566551828237" lon="10.866430282557957">
        <ele>719.9136999005456</ele>
      </trkpt>
      <trkpt lat="47.25583139184971" lon="10.866445094025067">
        <ele>722.7480916296151</ele>
      </trkpt>
      <trkpt lat="47.25599223844901" lon="10.866504339892344">
        <ele>725.3536682950056</ele>
      </trkpt>
      <trkpt lat="47.25601234423948" lon="10.866556180025952">
        <ele>724.5815680469635</ele>
      </trkpt>
      <trkpt lat="47.256067635123856" lon="10.866445094025067">
        <ele>728.9820306486164</ele>
      </trkpt>
      <trkpt lat="47.2558917093815" lon="10.8663488194899">
        <ele>725.7378431181079</ele>
      </trkpt>
      <trkpt lat="47.25577610071818" lon="10.866156270421044">
        <ele>725.3873330510289</ele>
      </trkpt>
      <trkpt lat="47.25574594189479" lon="10.865845229617719">
        <ele>729.1272868443984</ele>
      </trkpt>
      <trkpt lat="47.25574594189479" lon="10.865845229617719">
        <ele>729.1272868443984</ele>
      </trkpt>
      <trkpt lat="47.255770563986005" lon="10.865713212592908">
        <ele>732.8978065875453</ele>
      </trkpt>
      <trkpt lat="47.25612732122859" lon="10.866116487765838">
        <ele>739.998663363655</ele>
      </trkpt>
      <trkpt lat="47.25620837529715" lon="10.866208110554709">
        <ele>741.0854288563792</ele>
      </trkpt>
      <trkpt lat="47.25658472720588" lon="10.866570670570598">
        <ele>742.7094893184121</ele>
      </trkpt>
      <trkpt lat="47.25660043523632" lon="10.866585802960344">
        <ele>742.5210187741886</ele>
      </trkpt>
      <trkpt lat="47.25697912166209" lon="10.866943050813193">
        <ele>740.6491938724199</ele>
      </trkpt>
      <trkpt lat="47.25729909895696" lon="10.867244913234913">
        <ele>741.0964260205019</ele>
      </trkpt>
      <trkpt lat="47.25727418772237" lon="10.867335066379212">
        <ele>737.7915422602122</ele>
      </trkpt>
      <trkpt lat="47.25727418772237" lon="10.867335066379212">
        <ele>737.7915422602122</ele>
      </trkpt>
      <trkpt lat="47.257189416592354" lon="10.867406544507503">
        <ele>733.4521435294766</ele>
      </trkpt>
      <trkpt lat="47.257168634752304" lon="10.867520209715991">
        <ele>729.777539218195</ele>
      </trkpt>
      <trkpt lat="47.257168634752304" lon="10.867520209715991">
        <ele>729.777539218195</ele>
      </trkpt>
      <trkpt lat="47.257168634752304" lon="10.867520209715991">
        <ele>729.777539218195</ele>
      </trkpt>
      <trkpt lat="47.25713420308847" lon="10.8675866638105">
        <ele>726.9720410581685</ele>
      </trkpt>
      <trkpt lat="47.25711837135913" lon="10.867705353051292">
        <ele>723.1239633185799</ele>
      </trkpt>
      <trkpt lat="47.257189627521285" lon="10.867766195819826">
        <ele>723.3345109582358</ele>
      </trkpt>
      <trkpt lat="47.25716597247896" lon="10.867841710672536">
        <ele>720.2612283857779</ele>
      </trkpt>
      <trkpt lat="47.25723693757428" lon="10.867928843196296">
        <ele>719.9984875924583</ele>
      </trkpt>
      <trkpt lat="47.257343385038325" lon="10.867998549213922">
        <ele>721.763751667273</ele>
      </trkpt>
      <trkpt lat="47.2572763625856" lon="10.868074064067741">
        <ele>717.4108786758509</ele>
      </trkpt>
      <trkpt lat="47.25732761505719" lon="10.868225093774157">
        <ele>715.3071184163986</ele>
      </trkpt>
      <trkpt lat="47.2573079025741" lon="10.86829479979292">
        <ele>712.8571761937355</ele>
      </trkpt>
      <trkpt lat="47.2573079025741" lon="10.868486491343191">
        <ele>709.2943767944355</ele>
      </trkpt>
      <trkpt lat="47.257333528800416" lon="10.868643329884605">
        <ele>707.1661888956569</ele>
      </trkpt>
      <trkpt lat="47.257544" lon="10.868838">
        <ele>709.25</ele>
      </trkpt>
      <trkpt lat="47.257562" lon="10.868883">
        <ele>709</ele>
      </trkpt>
      <trkpt lat="47.257584" lon="10.869025">
        <ele>706.75</ele>
      </trkpt>
      <trkpt lat="47.257698" lon="10.86928">
        <ele>705.5</ele>
      </trkpt>
      <trkpt lat="47.257737" lon="10.869478">
        <ele>703.5</ele>
      </trkpt>
      <trkpt lat="47.257757" lon="10.869779">
        <ele>699.25</ele>
      </trkpt>
      <trkpt lat="47.257713" lon="10.869658">
        <ele>699.75</ele>
      </trkpt>
      <trkpt lat="47.257663" lon="10.869514">
        <ele>696.5636315678254</ele>
      </trkpt>
      <trkpt lat="47.25761241091462" lon="10.86953615363231">
        <ele>694.0655445295164</ele>
      </trkpt>
      <trkpt lat="47.25754534150613" lon="10.86958542422633">
        <ele>690.9039571262537</ele>
      </trkpt>
      <trkpt lat="47.257358775494225" lon="10.869324147221931">
        <ele>690.7325314550835</ele>
      </trkpt>
      <trkpt lat="47.257367" lon="10.869309">
        <ele>696</ele>
      </trkpt>
      <trkpt lat="47.257362" lon="10.869301">
        <ele>696</ele>
      </trkpt>
      <trkpt lat="47.257284" lon="10.869225">
        <ele>695.5</ele>
      </trkpt>
      <trkpt lat="47.257052" lon="10.869075">
        <ele>692.75</ele>
      </trkpt>
      <trkpt lat="47.256913" lon="10.868934">
        <ele>692</ele>
      </trkpt>
      <trkpt lat="47.256793" lon="10.868784">
        <ele>691.5</ele>
      </trkpt>
      <trkpt lat="47.255701" lon="10.867183">
        <ele>705.5</ele>
      </trkpt>
      <trkpt lat="47.255261" lon="10.866501">
        <ele>708.75</ele>
      </trkpt>
      <trkpt lat="47.254831" lon="10.8658">
        <ele>707.25</ele>
      </trkpt>
      <trkpt lat="47.254672" lon="10.865519">
        <ele>707.75</ele>
      </trkpt>
      <trkpt lat="47.254445" lon="10.865123">
        <ele>709.25</ele>
      </trkpt>
      <trkpt lat="47.25408" lon="10.864427">
        <ele>708.75</ele>
      </trkpt>
      <trkpt lat="47.253681" lon="10.863605">
        <ele>711</ele>
      </trkpt>
      <trkpt lat="47.253675" lon="10.863591">
        <ele>711.25</ele>
      </trkpt>
      <trkpt lat="47.253288" lon="10.862743">
        <ele>719.5</ele>
      </trkpt>
      <trkpt lat="47.252708" lon="10.861429">
        <ele>721</ele>
      </trkpt>
      <trkpt lat="47.252486" lon="10.860965">
        <ele>722.5</ele>
      </trkpt>
      <trkpt lat="47.252193" lon="10.860373">
        <ele>724.5</ele>
      </trkpt>
      <trkpt lat="47.252026" lon="10.860068">
        <ele>726.25</ele>
      </trkpt>
      <trkpt lat="47.251608" lon="10.859395">
        <ele>725.25</ele>
      </trkpt>
      <trkpt lat="47.251339" lon="10.859035">
        <ele>722.75</ele>
      </trkpt>
      <trkpt lat="47.251151" lon="10.858798">
        <ele>722</ele>
      </trkpt>
      <trkpt lat="47.250677" lon="10.8582">
        <ele>723.75</ele>
      </trkpt>
      <trkpt lat="47.250413" lon="10.857907">
        <ele>724</ele>
      </trkpt>
      <trkpt lat="47.250333" lon="10.857839">
        <ele>724</ele>
      </trkpt>
      <trkpt lat="47.250355" lon="10.857771">
        <ele>726</ele>
      </trkpt>
      <trkpt lat="47.250363" lon="10.857749">
        <ele>726.75</ele>
      </trkpt>
      <trkpt lat="47.250348" lon="10.857649">
        <ele>729</ele>
      </trkpt>
      <trkpt lat="47.250272" lon="10.857529">
        <ele>730.25</ele>
      </trkpt>
      <trkpt lat="47.250202" lon="10.85747">
        <ele>730.5</ele>
      </trkpt>
      <trkpt lat="47.249996" lon="10.857326">
        <ele>729.5</ele>
      </trkpt>
      <trkpt lat="47.249531" lon="10.856911">
        <ele>733</ele>
      </trkpt>
      <trkpt lat="47.249261" lon="10.856648">
        <ele>736.25</ele>
      </trkpt>
      <trkpt lat="47.2488" lon="10.856184">
        <ele>738</ele>
      </trkpt>
      <trkpt lat="47.248537" lon="10.855902">
        <ele>740.75</ele>
      </trkpt>
      <trkpt lat="47.248394" lon="10.855712">
        <ele>743</ele>
      </trkpt>
      <trkpt lat="47.248229" lon="10.855415">
        <ele>746.25</ele>
      </trkpt>
      <trkpt lat="47.24811" lon="10.855172">
        <ele>748.75</ele>
      </trkpt>
      <trkpt lat="47.248042" lon="10.854934">
        <ele>752</ele>
      </trkpt>
      <trkpt lat="47.24796" lon="10.854863">
        <ele>751.5</ele>
      </trkpt>
      <trkpt lat="47.247854" lon="10.854861">
        <ele>749.5</ele>
      </trkpt>
      <trkpt lat="47.247725" lon="10.854747">
        <ele>749</ele>
      </trkpt>
      <trkpt lat="47.247687" lon="10.854674">
        <ele>749.5</ele>
      </trkpt>
      <trkpt lat="47.247468" lon="10.853939">
        <ele>756.75</ele>
      </trkpt>
      <trkpt lat="47.247271" lon="10.853236">
        <ele>758</ele>
      </trkpt>
      <trkpt lat="47.247162" lon="10.852957">
        <ele>758.25</ele>
      </trkpt>
      <trkpt lat="47.247078" lon="10.852584">
        <ele>760</ele>
      </trkpt>
      <trkpt lat="47.247043" lon="10.852064">
        <ele>763.5</ele>
      </trkpt>
      <trkpt lat="47.246987" lon="10.851843">
        <ele>764.5</ele>
      </trkpt>
      <trkpt lat="47.246928" lon="10.851502">
        <ele>766</ele>
      </trkpt>
      <trkpt lat="47.246886" lon="10.85111">
        <ele>768</ele>
      </trkpt>
      <trkpt lat="47.246814" lon="10.850695">
        <ele>771</ele>
      </trkpt>
      <trkpt lat="47.24656" lon="10.850338">
        <ele>773.75</ele>
      </trkpt>
      <trkpt lat="47.246379" lon="10.850121">
        <ele>774.5</ele>
      </trkpt>
      <trkpt lat="47.246261" lon="10.849992">
        <ele>774.75</ele>
      </trkpt>
      <trkpt lat="47.246194" lon="10.849956">
        <ele>774</ele>
      </trkpt>
      <trkpt lat="47.246119" lon="10.849892">
        <ele>773.75</ele>
      </trkpt>
      <trkpt lat="47.245856" lon="10.849705">
        <ele>772.5</ele>
      </trkpt>
      <trkpt lat="47.245604" lon="10.849435">
        <ele>773.5</ele>
      </trkpt>
      <trkpt lat="47.245456" lon="10.849232">
        <ele>774.75</ele>
      </trkpt>
      <trkpt lat="47.245326" lon="10.849004">
        <ele>776.5</ele>
      </trkpt>
      <trkpt lat="47.245184" lon="10.848784">
        <ele>778</ele>
      </trkpt>
      <trkpt lat="47.245063" lon="10.848514">
        <ele>780.25</ele>
      </trkpt>
      <trkpt lat="47.244883" lon="10.848221">
        <ele>781</ele>
      </trkpt>
      <trkpt lat="47.24475" lon="10.847967">
        <ele>781.25</ele>
      </trkpt>
      <trkpt lat="47.244599" lon="10.847647">
        <ele>781.5</ele>
      </trkpt>
      <trkpt lat="47.244449" lon="10.847287">
        <ele>782.25</ele>
      </trkpt>
      <trkpt lat="47.244305" lon="10.847048">
        <ele>782.5</ele>
      </trkpt>
      <trkpt lat="47.244233" lon="10.846905">
        <ele>783</ele>
      </trkpt>
      <trkpt lat="47.244203" lon="10.846803">
        <ele>783.75</ele>
      </trkpt>
      <trkpt lat="47.244179" lon="10.846716">
        <ele>784.5</ele>
      </trkpt>
      <trkpt lat="47.244109" lon="10.84653">
        <ele>785.75</ele>
      </trkpt>
      <trkpt lat="47.244005" lon="10.846341">
        <ele>786.75</ele>
      </trkpt>
      <trkpt lat="47.243952" lon="10.846172">
        <ele>788.25</ele>
      </trkpt>
      <trkpt lat="47.243859" lon="10.845816">
        <ele>791.75</ele>
      </trkpt>
      <trkpt lat="47.243775" lon="10.845646">
        <ele>793.5</ele>
      </trkpt>
      <trkpt lat="47.243659" lon="10.845233">
        <ele>799.25</ele>
      </trkpt>
      <trkpt lat="47.243567" lon="10.845115">
        <ele>801.25</ele>
      </trkpt>
      <trkpt lat="47.243536" lon="10.844975">
        <ele>803.75</ele>
      </trkpt>
      <trkpt lat="47.243523" lon="10.844743">
        <ele>807.75</ele>
      </trkpt>
      <trkpt lat="47.243472" lon="10.8446">
        <ele>810.5</ele>
      </trkpt>
      <trkpt lat="47.243436" lon="10.844287">
        <ele>816.25</ele>
      </trkpt>
      <trkpt lat="47.243265" lon="10.843974">
        <ele>820.25</ele>
      </trkpt>
      <trkpt lat="47.243163" lon="10.84356">
        <ele>823.25</ele>
      </trkpt>
      <trkpt lat="47.243057" lon="10.843422">
        <ele>824.75</ele>
      </trkpt>
      <trkpt lat="47.243012" lon="10.843159">
        <ele>827.5</ele>
      </trkpt>
      <trkpt lat="47.243019" lon="10.842921">
        <ele>829.75</ele>
      </trkpt>
      <trkpt lat="47.243014" lon="10.842619">
        <ele>832.5</ele>
      </trkpt>
      <trkpt lat="47.242935" lon="10.842407">
        <ele>833.75</ele>
      </trkpt>
      <trkpt lat="47.242893" lon="10.842441">
        <ele>831.8456223561429</ele>
      </trkpt>
      <trkpt lat="47.24269771415868" lon="10.84184438186176">
        <ele>833.6688179399557</ele>
      </trkpt>
      <trkpt lat="47.24257519912382" lon="10.841470085950135">
        <ele>832.5586258041675</ele>
      </trkpt>
      <trkpt lat="47.24233806504352" lon="10.840907336964614">
        <ele>832.56790794998</ele>
      </trkpt>
      <trkpt lat="47.242194297112974" lon="10.840566157590644">
        <ele>832.6483183671203</ele>
      </trkpt>
      <trkpt lat="47.24198268370171" lon="10.84031679804275">
        <ele>833.1541402694027</ele>
      </trkpt>
      <trkpt lat="47.24167584275344" lon="10.839958343693667">
        <ele>834.3964443231055</ele>
      </trkpt>
      <trkpt lat="47.24135317528928" lon="10.83949704930991">
        <ele>830.097239996121</ele>
      </trkpt>
      <trkpt lat="47.241316095930756" lon="10.83944403962738">
        <ele>828.9157564895697</ele>
      </trkpt>
      <trkpt lat="47.24118912588051" lon="10.839085585278326">
        <ele>825.2273664545946</ele>
      </trkpt>
      <trkpt lat="47.24113622160306" lon="10.839007660419696">
        <ele>823.7651406503049</ele>
      </trkpt>
      <trkpt lat="47.241019832007055" lon="10.839007660419696">
        <ele>819.8389286257419</ele>
      </trkpt>
      <trkpt lat="47.240741422866435" lon="10.839527758515013">
        <ele>806.6684528149674</ele>
      </trkpt>
      <trkpt lat="47.240586013986615" lon="10.839818078948497">
        <ele>800.9667970774699</ele>
      </trkpt>
      <trkpt lat="47.2404061371802" lon="10.840005098609765">
        <ele>795.9879680749922</ele>
      </trkpt>
      <trkpt lat="47.24035323212141" lon="10.840472647759952">
        <ele>791.373257131247</ele>
      </trkpt>
      <trkpt lat="47.24021567871989" lon="10.840472647759952">
        <ele>788.6122235168491</ele>
      </trkpt>
      <trkpt lat="47.24019451662653" lon="10.840722007307932">
        <ele>786.0041546940267</ele>
      </trkpt>
      <trkpt lat="47.23998289522763" lon="10.8407843471945">
        <ele>781.4058273795072</ele>
      </trkpt>
      <trkpt lat="47.23975011071201" lon="10.840753177250434">
        <ele>779.9724612334755</ele>
      </trkpt>
      <trkpt lat="47.23956192410557" lon="10.841037620198762">
        <ele>774.6317419594167</ele>
      </trkpt>
      <trkpt lat="47.23916836283742" lon="10.841357965615705">
        <ele>764.3827655390214</ele>
      </trkpt>
      <trkpt lat="47.23915983792406" lon="10.841364904603722">
        <ele>764.1680681193446</ele>
      </trkpt>
      <trkpt lat="47.23896937498304" lon="10.841754528896871">
        <ele>760.1024868565482</ele>
      </trkpt>
      <trkpt lat="47.238683679288584" lon="10.841785698839374">
        <ele>761.6469244573719</ele>
      </trkpt>
      <trkpt lat="47.238482633246576" lon="10.842128568217959">
        <ele>766.0682224995824</ele>
      </trkpt>
      <trkpt lat="47.23836623782114" lon="10.842128568217959">
        <ele>764.8840675368151</ele>
      </trkpt>
      <trkpt lat="47.23813344620268" lon="10.842222078047087">
        <ele>754.6379298948733</ele>
      </trkpt>
      <trkpt lat="47.23785832751696" lon="10.842409097708384">
        <ele>743.7182621163332</ele>
      </trkpt>
      <trkpt lat="47.237646696786925" lon="10.84231558787772">
        <ele>736.8360237293167</ele>
      </trkpt>
      <trkpt lat="47.23743506521117" lon="10.841879208670065">
        <ele>741.6990089403275</ele>
      </trkpt>
      <trkpt lat="47.237339830726484" lon="10.841692189010274">
        <ele>741.9918385989731</ele>
      </trkpt>
      <trkpt lat="47.23719168785445" lon="10.841879208670065">
        <ele>735.389440753516</ele>
      </trkpt>
      <trkpt lat="47.23691889101956" lon="10.84240568197556">
        <ele>720.8609449082993</ele>
      </trkpt>
      <trkpt lat="47.23688481915937" lon="10.842471437595009">
        <ele>719.2621988025032</ele>
      </trkpt>
      <trkpt lat="47.23673667501521" lon="10.842689627198837">
        <ele>713.840750547161</ele>
      </trkpt>
      <trkpt lat="47.236548839232086" lon="10.84282989143415">
        <ele>709.5717659625701</ele>
      </trkpt>
      <trkpt lat="47.236337203271944" lon="10.843016911093855">
        <ele>705.4801381245265</ele>
      </trkpt>
      <trkpt lat="47.236146730184544" lon="10.842876646348685">
        <ele>702.5036938061013</ele>
      </trkpt>
      <trkpt lat="47.236009165862754" lon="10.843344195500435">
        <ele>697.0981282530411</ele>
      </trkpt>
      <trkpt lat="47.235892765003825" lon="10.843079250982015">
        <ele>693.9343246324362</ele>
      </trkpt>
      <trkpt lat="47.23550123296451" lon="10.842876646348685">
        <ele>682.8296107718731</ele>
      </trkpt>
      <trkpt lat="47.235466" lon="10.842878">
        <ele>689</ele>
      </trkpt>
      <trkpt lat="47.235488" lon="10.843538">
        <ele>686.75</ele>
      </trkpt>
      <trkpt lat="47.235546" lon="10.844643">
        <ele>684.5</ele>
      </trkpt>
      <trkpt lat="47.235947" lon="10.846081">
        <ele>681.75</ele>
      </trkpt>
      <trkpt lat="47.236187" lon="10.846295">
        <ele>684</ele>
      </trkpt>
      <trkpt lat="47.237802" lon="10.847233">
        <ele>692</ele>
      </trkpt>
      <trkpt lat="47.23793" lon="10.847376">
        <ele>692.25</ele>
      </trkpt>
      <trkpt lat="47.237947" lon="10.847481">
        <ele>691.75</ele>
      </trkpt>
      <trkpt lat="47.237943" lon="10.847699">
        <ele>690</ele>
      </trkpt>
      <trkpt lat="47.237952" lon="10.847819">
        <ele>689.25</ele>
      </trkpt>
      <trkpt lat="47.237996" lon="10.84792">
        <ele>689</ele>
      </trkpt>
      <trkpt lat="47.238068" lon="10.847986">
        <ele>689</ele>
      </trkpt>
      <trkpt lat="47.238275" lon="10.848145">
        <ele>690</ele>
      </trkpt>
      <trkpt lat="47.2384" lon="10.848192">
        <ele>690.5</ele>
      </trkpt>
      <trkpt lat="47.238529" lon="10.848226">
        <ele>691.25</ele>
      </trkpt>
      <trkpt lat="47.238614" lon="10.848271">
        <ele>691.75</ele>
      </trkpt>
      <trkpt lat="47.23871" lon="10.848355">
        <ele>691.75</ele>
      </trkpt>
      <trkpt lat="47.238812" lon="10.848405">
        <ele>692</ele>
      </trkpt>
      <trkpt lat="47.239131" lon="10.848487">
        <ele>694</ele>
      </trkpt>
      <trkpt lat="47.239188" lon="10.848494">
        <ele>694.25</ele>
      </trkpt>
      <trkpt lat="47.239238" lon="10.848501">
        <ele>694.5</ele>
      </trkpt>
      <trkpt lat="47.239345" lon="10.848484">
        <ele>695</ele>
      </trkpt>
      <trkpt lat="47.239391" lon="10.848486">
        <ele>695</ele>
      </trkpt>
      <trkpt lat="47.239444" lon="10.84851">
        <ele>695</ele>
      </trkpt>
      <trkpt lat="47.239534" lon="10.848581">
        <ele>694.75</ele>
      </trkpt>
      <trkpt lat="47.239662" lon="10.848653">
        <ele>694.5</ele>
      </trkpt>
      <trkpt lat="47.239762" lon="10.848772">
        <ele>693.75</ele>
      </trkpt>
      <trkpt lat="47.239809" lon="10.848804">
        <ele>693.75</ele>
      </trkpt>
      <trkpt lat="47.239878" lon="10.848815">
        <ele>694</ele>
      </trkpt>
      <trkpt lat="47.240045" lon="10.848792">
        <ele>695</ele>
      </trkpt>
      <trkpt lat="47.240399" lon="10.848829">
        <ele>699</ele>
      </trkpt>
      <trkpt lat="47.240372" lon="10.848909">
        <ele>698.25</ele>
      </trkpt>
      <trkpt lat="47.24033" lon="10.849081">
        <ele>696.5</ele>
      </trkpt>
      <trkpt lat="47.24029" lon="10.849295">
        <ele>693.75</ele>
      </trkpt>
      <trkpt lat="47.240273" lon="10.849714">
        <ele>688.5</ele>
      </trkpt>
      <trkpt lat="47.240275" lon="10.849914">
        <ele>686.25</ele>
      </trkpt>
      <trkpt lat="47.240303" lon="10.850129">
        <ele>684.75</ele>
      </trkpt>
      <trkpt lat="47.240349" lon="10.850413">
        <ele>683.5</ele>
      </trkpt>
      <trkpt lat="47.240382" lon="10.850554">
        <ele>682.75</ele>
      </trkpt>
      <trkpt lat="47.240432" lon="10.850679">
        <ele>682.25</ele>
      </trkpt>
      <trkpt lat="47.240586" lon="10.850959">
        <ele>681.5</ele>
      </trkpt>
      <trkpt lat="47.241176" lon="10.851881">
        <ele>680.5</ele>
      </trkpt>
      <trkpt lat="47.241242" lon="10.852042">
        <ele>680.25</ele>
      </trkpt>
      <trkpt lat="47.24123" lon="10.852138">
        <ele>680</ele>
      </trkpt>
      <trkpt lat="47.241235" lon="10.852313">
        <ele>679.5</ele>
      </trkpt>
      <trkpt lat="47.241209" lon="10.85233">
        <ele>679.25</ele>
      </trkpt>
      <trkpt lat="47.24074" lon="10.852646">
        <ele>677.75</ele>
      </trkpt>
      <trkpt lat="47.240567" lon="10.852868">
        <ele>675.75</ele>
      </trkpt>
      <trkpt lat="47.240544" lon="10.852921">
        <ele>675.25</ele>
      </trkpt>
      <trkpt lat="47.240465" lon="10.853036">
        <ele>674.25</ele>
      </trkpt>
      <trkpt lat="47.240429" lon="10.853064">
        <ele>674</ele>
      </trkpt>
      <trkpt lat="47.240368" lon="10.853092">
        <ele>673.75</ele>
      </trkpt>
      <trkpt lat="47.240146" lon="10.853106">
        <ele>672.75</ele>
      </trkpt>
      <trkpt lat="47.240105" lon="10.85314">
        <ele>672.5</ele>
      </trkpt>
      <trkpt lat="47.240083" lon="10.853183">
        <ele>672</ele>
      </trkpt>
      <trkpt lat="47.240067" lon="10.853252">
        <ele>671.5</ele>
      </trkpt>
      <trkpt lat="47.240065" lon="10.853331">
        <ele>671</ele>
      </trkpt>
      <trkpt lat="47.240172" lon="10.853693">
        <ele>670.5</ele>
      </trkpt>
      <trkpt lat="47.240314" lon="10.854089">
        <ele>669.5</ele>
      </trkpt>
      <trkpt lat="47.240286" lon="10.854155">
        <ele>669.25</ele>
      </trkpt>
      <trkpt lat="47.239754" lon="10.854563">
        <ele>672.25</ele>
      </trkpt>
      <trkpt lat="47.239731" lon="10.85458">
        <ele>672.5</ele>
      </trkpt>
      <trkpt lat="47.239731" lon="10.85458">
        <ele>672.5</ele>
      </trkpt>
      <trkpt lat="47.239173" lon="10.854999">
        <ele>683.75</ele>
      </trkpt>
      <trkpt lat="47.239153" lon="10.855063">
        <ele>684.75</ele>
      </trkpt>
      <trkpt lat="47.239178" lon="10.855134">
        <ele>685.25</ele>
      </trkpt>
      <trkpt lat="47.239177" lon="10.855179">
        <ele>685.75</ele>
      </trkpt>
      <trkpt lat="47.239192" lon="10.855221">
        <ele>685.75</ele>
      </trkpt>
      <trkpt lat="47.23948" lon="10.855679">
        <ele>684.75</ele>
      </trkpt>
      <trkpt lat="47.239757" lon="10.856401">
        <ele>687.5</ele>
      </trkpt>
      <trkpt lat="47.23999" lon="10.856757">
        <ele>690.25</ele>
      </trkpt>
      <trkpt lat="47.240211" lon="10.857005">
        <ele>688.25</ele>
      </trkpt>
      <trkpt lat="47.240254" lon="10.85709">
        <ele>688.25</ele>
      </trkpt>
      <trkpt lat="47.240259" lon="10.857162">
        <ele>688.75</ele>
      </trkpt>
      <trkpt lat="47.240245" lon="10.857227">
        <ele>689.5</ele>
      </trkpt>
      <trkpt lat="47.240222" lon="10.857276">
        <ele>690</ele>
      </trkpt>
      <trkpt lat="47.240151" lon="10.857342">
        <ele>691.5</ele>
      </trkpt>
      <trkpt lat="47.240067" lon="10.857397">
        <ele>692.75</ele>
      </trkpt>
      <trkpt lat="47.240025" lon="10.857424">
        <ele>693.25</ele>
      </trkpt>
      <trkpt lat="47.239855" lon="10.857535">
        <ele>693.75</ele>
      </trkpt>
      <trkpt lat="47.239667" lon="10.857739">
        <ele>693.75</ele>
      </trkpt>
      <trkpt lat="47.239625" lon="10.857785">
        <ele>693.75</ele>
      </trkpt>
      <trkpt lat="47.23941" lon="10.858019">
        <ele>693.75</ele>
      </trkpt>
      <trkpt lat="47.239328" lon="10.858088">
        <ele>693.75</ele>
      </trkpt>
      <trkpt lat="47.23926" lon="10.858152">
        <ele>693.75</ele>
      </trkpt>
      <trkpt lat="47.238768" lon="10.858776">
        <ele>692.75</ele>
      </trkpt>
      <trkpt lat="47.238791" lon="10.859074">
        <ele>693</ele>
      </trkpt>
    </trkseg>
  </trk>
</gpx>