<?xml version='1.0' encoding='utf-8'?>
<gpx creator="https://tiroltrailhead.com" version="1.1" schemaLocation="http://www.topografix.com/GPX/1/1 http://www.topografix.com/GPX/1/1/gpx.xsd">
  <metadata>
    <name>Moe_Te_BH_Te__Trailspotting</name>
    <desc>This file contains a Trailspotting-Route with bike ride segments. For the transfers between bike ride segments, public transport is available (train or local bus services). See this site for details: https://tiroltrailhead.com/webmaps/trailspotting

If your application is having issues with opening this gpx file (some apps might have issues with opening files that contain more than one track) - use one of the following apps instead:
Apple: https://apps.apple.com/de/app/gaia-gps-wander-app/id1201979492
Android: https://play.google.com/store/apps/details?id=menion.android.locus.pro
Web: https://gpx.studio/de/app#0/0/0</desc>
    <author>
      <name>tiroltrailhead.com</name>
      <link href="https://tiroltrailhead.com" />
    </author>
  </metadata>
  <trk>
    <name>Segment 1</name>
    <trkseg>
      <name>Segment 1</name>
      <desc>distance: 21.0km, elevation_gain: 1020m, elevation_loss: 1019m, est_duration_moving: 02:40, est_duration_incl_pauses: 03:07, avg_km_per_hour: 6.7, avg_km_hr_moving: 7.8</desc>
      <trkpt lat="47.275762" lon="10.960721">
        <ele>641</ele>
      </trkpt>
      <trkpt lat="47.275635" lon="10.960461">
        <ele>640.75</ele>
      </trkpt>
      <trkpt lat="47.275564" lon="10.960342">
        <ele>640.75</ele>
      </trkpt>
      <trkpt lat="47.275529" lon="10.960262">
        <ele>640.75</ele>
      </trkpt>
      <trkpt lat="47.275533" lon="10.960219">
        <ele>640.75</ele>
      </trkpt>
      <trkpt lat="47.275575" lon="10.960108">
        <ele>640.5</ele>
      </trkpt>
      <trkpt lat="47.275622" lon="10.960027">
        <ele>640.5</ele>
      </trkpt>
      <trkpt lat="47.27592" lon="10.959724">
        <ele>640.75</ele>
      </trkpt>
      <trkpt lat="47.275955" lon="10.959651">
        <ele>641</ele>
      </trkpt>
      <trkpt lat="47.275954" lon="10.959587">
        <ele>641.25</ele>
      </trkpt>
      <trkpt lat="47.276217" lon="10.959305">
        <ele>642.25</ele>
      </trkpt>
      <trkpt lat="47.276326" lon="10.959092">
        <ele>642.25</ele>
      </trkpt>
      <trkpt lat="47.276394" lon="10.959">
        <ele>642.25</ele>
      </trkpt>
      <trkpt lat="47.275962" lon="10.958693">
        <ele>642.25</ele>
      </trkpt>
      <trkpt lat="47.275842" lon="10.958593">
        <ele>642.5</ele>
      </trkpt>
      <trkpt lat="47.275803" lon="10.958552">
        <ele>642.5</ele>
      </trkpt>
      <trkpt lat="47.275767" lon="10.958494">
        <ele>642.75</ele>
      </trkpt>
      <trkpt lat="47.275735" lon="10.958419">
        <ele>642.75</ele>
      </trkpt>
      <trkpt lat="47.275729" lon="10.95836">
        <ele>642.75</ele>
      </trkpt>
      <trkpt lat="47.275728" lon="10.958306">
        <ele>642.75</ele>
      </trkpt>
      <trkpt lat="47.275753" lon="10.958195">
        <ele>642.25</ele>
      </trkpt>
      <trkpt lat="47.276067" lon="10.957047">
        <ele>640</ele>
      </trkpt>
      <trkpt lat="47.27611" lon="10.956892">
        <ele>640.25</ele>
      </trkpt>
      <trkpt lat="47.276136" lon="10.956804">
        <ele>640.5</ele>
      </trkpt>
      <trkpt lat="47.27618" lon="10.956693">
        <ele>640.75</ele>
      </trkpt>
      <trkpt lat="47.276239" lon="10.95659">
        <ele>641</ele>
      </trkpt>
      <trkpt lat="47.27631" lon="10.956504">
        <ele>641.25</ele>
      </trkpt>
      <trkpt lat="47.276378" lon="10.956458">
        <ele>641.5</ele>
      </trkpt>
      <trkpt lat="47.276461" lon="10.956431">
        <ele>641.5</ele>
      </trkpt>
      <trkpt lat="47.27662" lon="10.956438">
        <ele>641.5</ele>
      </trkpt>
      <trkpt lat="47.277016" lon="10.956493">
        <ele>641</ele>
      </trkpt>
      <trkpt lat="47.277434" lon="10.956529">
        <ele>641</ele>
      </trkpt>
      <trkpt lat="47.278081" lon="10.956613">
        <ele>643.75</ele>
      </trkpt>
      <trkpt lat="47.278288" lon="10.956642">
        <ele>644.75</ele>
      </trkpt>
      <trkpt lat="47.278968" lon="10.956703">
        <ele>646.25</ele>
      </trkpt>
      <trkpt lat="47.279067" lon="10.956707">
        <ele>646.5</ele>
      </trkpt>
      <trkpt lat="47.279338" lon="10.95672">
        <ele>647.5</ele>
      </trkpt>
      <trkpt lat="47.279877" lon="10.95654">
        <ele>650.25</ele>
      </trkpt>
      <trkpt lat="47.27997" lon="10.956512">
        <ele>650.75</ele>
      </trkpt>
      <trkpt lat="47.280385" lon="10.956265">
        <ele>651.25</ele>
      </trkpt>
      <trkpt lat="47.28076" lon="10.956018">
        <ele>651.75</ele>
      </trkpt>
      <trkpt lat="47.281317" lon="10.955657">
        <ele>653.75</ele>
      </trkpt>
      <trkpt lat="47.281451" lon="10.955584">
        <ele>654.25</ele>
      </trkpt>
      <trkpt lat="47.281438" lon="10.955545">
        <ele>654</ele>
      </trkpt>
      <trkpt lat="47.281334" lon="10.955227">
        <ele>654</ele>
      </trkpt>
      <trkpt lat="47.281279" lon="10.95506">
        <ele>654</ele>
      </trkpt>
      <trkpt lat="47.281172" lon="10.95473">
        <ele>655.25</ele>
      </trkpt>
      <trkpt lat="47.281183" lon="10.954614">
        <ele>655.75</ele>
      </trkpt>
      <trkpt lat="47.281228" lon="10.954484">
        <ele>656.75</ele>
      </trkpt>
      <trkpt lat="47.281259" lon="10.954395">
        <ele>657.5</ele>
      </trkpt>
      <trkpt lat="47.281738" lon="10.952977">
        <ele>678</ele>
      </trkpt>
      <trkpt lat="47.281935" lon="10.952545">
        <ele>683.5</ele>
      </trkpt>
      <trkpt lat="47.282019" lon="10.952397">
        <ele>685.75</ele>
      </trkpt>
      <trkpt lat="47.282073" lon="10.952302">
        <ele>687.25</ele>
      </trkpt>
      <trkpt lat="47.282137" lon="10.952199">
        <ele>689</ele>
      </trkpt>
      <trkpt lat="47.282206" lon="10.952088">
        <ele>691</ele>
      </trkpt>
      <trkpt lat="47.282289" lon="10.95216">
        <ele>692</ele>
      </trkpt>
      <trkpt lat="47.282288" lon="10.952159">
        <ele>692</ele>
      </trkpt>
      <trkpt lat="47.282587" lon="10.952421">
        <ele>696.25</ele>
      </trkpt>
      <trkpt lat="47.282652" lon="10.952477">
        <ele>697.25</ele>
      </trkpt>
      <trkpt lat="47.282727" lon="10.952526">
        <ele>698.75</ele>
      </trkpt>
      <trkpt lat="47.282956" lon="10.952599">
        <ele>703.25</ele>
      </trkpt>
      <trkpt lat="47.283011" lon="10.952632">
        <ele>704.25</ele>
      </trkpt>
      <trkpt lat="47.283139" lon="10.952761">
        <ele>706</ele>
      </trkpt>
      <trkpt lat="47.283254" lon="10.952891">
        <ele>707.5</ele>
      </trkpt>
      <trkpt lat="47.283339" lon="10.952969">
        <ele>708.5</ele>
      </trkpt>
      <trkpt lat="47.283426" lon="10.953022">
        <ele>709.75</ele>
      </trkpt>
      <trkpt lat="47.283653" lon="10.953098">
        <ele>712.5</ele>
      </trkpt>
      <trkpt lat="47.283901" lon="10.953163">
        <ele>715.25</ele>
      </trkpt>
      <trkpt lat="47.284222" lon="10.953181">
        <ele>719.75</ele>
      </trkpt>
      <trkpt lat="47.284458" lon="10.953219">
        <ele>723.25</ele>
      </trkpt>
      <trkpt lat="47.28464" lon="10.953229">
        <ele>726.25</ele>
      </trkpt>
      <trkpt lat="47.284705" lon="10.95325">
        <ele>727</ele>
      </trkpt>
      <trkpt lat="47.284774" lon="10.953297">
        <ele>727</ele>
      </trkpt>
      <trkpt lat="47.284832" lon="10.953391">
        <ele>724.75</ele>
      </trkpt>
      <trkpt lat="47.284882" lon="10.953452">
        <ele>723</ele>
      </trkpt>
      <trkpt lat="47.284911" lon="10.953474">
        <ele>722.5</ele>
      </trkpt>
      <trkpt lat="47.28494" lon="10.953479">
        <ele>722.75</ele>
      </trkpt>
      <trkpt lat="47.284978" lon="10.953458">
        <ele>724.25</ele>
      </trkpt>
      <trkpt lat="47.285001" lon="10.953426">
        <ele>726</ele>
      </trkpt>
      <trkpt lat="47.285006" lon="10.953351">
        <ele>729.25</ele>
      </trkpt>
      <trkpt lat="47.284981" lon="10.953274">
        <ele>731.25</ele>
      </trkpt>
      <trkpt lat="47.284838" lon="10.952921">
        <ele>737.75</ele>
      </trkpt>
      <trkpt lat="47.284767" lon="10.952836">
        <ele>738.5</ele>
      </trkpt>
      <trkpt lat="47.284579" lon="10.952679">
        <ele>738</ele>
      </trkpt>
      <trkpt lat="47.284449" lon="10.952636">
        <ele>736</ele>
      </trkpt>
      <trkpt lat="47.284413" lon="10.952591">
        <ele>736</ele>
      </trkpt>
      <trkpt lat="47.284389" lon="10.952542">
        <ele>736.5</ele>
      </trkpt>
      <trkpt lat="47.284379" lon="10.952477">
        <ele>737.5</ele>
      </trkpt>
      <trkpt lat="47.284377" lon="10.952373">
        <ele>739.25</ele>
      </trkpt>
      <trkpt lat="47.284364" lon="10.9523">
        <ele>740.25</ele>
      </trkpt>
      <trkpt lat="47.284332" lon="10.952229">
        <ele>740.5</ele>
      </trkpt>
      <trkpt lat="47.284201" lon="10.952091">
        <ele>739.25</ele>
      </trkpt>
      <trkpt lat="47.284173" lon="10.952045">
        <ele>739.25</ele>
      </trkpt>
      <trkpt lat="47.284155" lon="10.951985">
        <ele>739.5</ele>
      </trkpt>
      <trkpt lat="47.28415" lon="10.951919">
        <ele>740.5</ele>
      </trkpt>
      <trkpt lat="47.284157" lon="10.951861">
        <ele>741.5</ele>
      </trkpt>
      <trkpt lat="47.284181" lon="10.951807">
        <ele>743</ele>
      </trkpt>
      <trkpt lat="47.284217" lon="10.951774">
        <ele>744.75</ele>
      </trkpt>
      <trkpt lat="47.284273" lon="10.951765">
        <ele>746.5</ele>
      </trkpt>
      <trkpt lat="47.284321" lon="10.951779">
        <ele>747.75</ele>
      </trkpt>
      <trkpt lat="47.284803" lon="10.952162">
        <ele>754.5</ele>
      </trkpt>
      <trkpt lat="47.28516" lon="10.952475">
        <ele>755.75</ele>
      </trkpt>
      <trkpt lat="47.285257" lon="10.952538">
        <ele>755.5</ele>
      </trkpt>
      <trkpt lat="47.285365" lon="10.952589">
        <ele>755.25</ele>
      </trkpt>
      <trkpt lat="47.285427" lon="10.952597">
        <ele>756</ele>
      </trkpt>
      <trkpt lat="47.28549" lon="10.952592">
        <ele>757</ele>
      </trkpt>
      <trkpt lat="47.285577" lon="10.952578">
        <ele>758.5</ele>
      </trkpt>
      <trkpt lat="47.285669" lon="10.952549">
        <ele>760.75</ele>
      </trkpt>
      <trkpt lat="47.28573" lon="10.952504">
        <ele>763.25</ele>
      </trkpt>
      <trkpt lat="47.2858" lon="10.952439">
        <ele>765.5</ele>
      </trkpt>
      <trkpt lat="47.285911" lon="10.952301">
        <ele>768.75</ele>
      </trkpt>
      <trkpt lat="47.286161" lon="10.951527">
        <ele>783.5</ele>
      </trkpt>
      <trkpt lat="47.286231" lon="10.951269">
        <ele>787</ele>
      </trkpt>
      <trkpt lat="47.286237" lon="10.951167">
        <ele>788.5</ele>
      </trkpt>
      <trkpt lat="47.286225" lon="10.95109">
        <ele>789.5</ele>
      </trkpt>
      <trkpt lat="47.286168" lon="10.950953">
        <ele>791</ele>
      </trkpt>
      <trkpt lat="47.285961" lon="10.950589">
        <ele>796</ele>
      </trkpt>
      <trkpt lat="47.285882" lon="10.950508">
        <ele>797</ele>
      </trkpt>
      <trkpt lat="47.285859" lon="10.950484">
        <ele>797</ele>
      </trkpt>
      <trkpt lat="47.285741" lon="10.950361">
        <ele>797.5</ele>
      </trkpt>
      <trkpt lat="47.285658" lon="10.950193">
        <ele>798.5</ele>
      </trkpt>
      <trkpt lat="47.285595" lon="10.949953">
        <ele>800</ele>
      </trkpt>
      <trkpt lat="47.285461" lon="10.949645">
        <ele>799.75</ele>
      </trkpt>
      <trkpt lat="47.285445" lon="10.949581">
        <ele>800</ele>
      </trkpt>
      <trkpt lat="47.285438" lon="10.949497">
        <ele>800.5</ele>
      </trkpt>
      <trkpt lat="47.285414" lon="10.948938">
        <ele>805.25</ele>
      </trkpt>
      <trkpt lat="47.285388" lon="10.948645">
        <ele>808.25</ele>
      </trkpt>
      <trkpt lat="47.285327" lon="10.948379">
        <ele>810.25</ele>
      </trkpt>
      <trkpt lat="47.285186" lon="10.947982">
        <ele>812.25</ele>
      </trkpt>
      <trkpt lat="47.285004" lon="10.947578">
        <ele>813</ele>
      </trkpt>
      <trkpt lat="47.284833" lon="10.947164">
        <ele>817.25</ele>
      </trkpt>
      <trkpt lat="47.284522" lon="10.946381">
        <ele>825.5</ele>
      </trkpt>
      <trkpt lat="47.284342" lon="10.945973">
        <ele>829.25</ele>
      </trkpt>
      <trkpt lat="47.284219" lon="10.945645">
        <ele>831.75</ele>
      </trkpt>
      <trkpt lat="47.284143" lon="10.945434">
        <ele>833.75</ele>
      </trkpt>
      <trkpt lat="47.284061" lon="10.945157">
        <ele>838.25</ele>
      </trkpt>
      <trkpt lat="47.283942" lon="10.944619">
        <ele>846.5</ele>
      </trkpt>
      <trkpt lat="47.283932" lon="10.944515">
        <ele>848</ele>
      </trkpt>
      <trkpt lat="47.283942" lon="10.944442">
        <ele>848.75</ele>
      </trkpt>
      <trkpt lat="47.283996" lon="10.944153">
        <ele>852.5</ele>
      </trkpt>
      <trkpt lat="47.283999" lon="10.944051">
        <ele>853.5</ele>
      </trkpt>
      <trkpt lat="47.283985" lon="10.943985">
        <ele>854.25</ele>
      </trkpt>
      <trkpt lat="47.283945" lon="10.943932">
        <ele>855</ele>
      </trkpt>
      <trkpt lat="47.283904" lon="10.943916">
        <ele>855.5</ele>
      </trkpt>
      <trkpt lat="47.283857" lon="10.943924">
        <ele>855.5</ele>
      </trkpt>
      <trkpt lat="47.283553" lon="10.944101">
        <ele>854.25</ele>
      </trkpt>
      <trkpt lat="47.283474" lon="10.944177">
        <ele>853.5</ele>
      </trkpt>
      <trkpt lat="47.283415" lon="10.944314">
        <ele>852.25</ele>
      </trkpt>
      <trkpt lat="47.283365" lon="10.944475">
        <ele>850.75</ele>
      </trkpt>
      <trkpt lat="47.283294" lon="10.944658">
        <ele>850</ele>
      </trkpt>
      <trkpt lat="47.283219" lon="10.944797">
        <ele>850.5</ele>
      </trkpt>
      <trkpt lat="47.28319" lon="10.944812">
        <ele>851.25</ele>
      </trkpt>
      <trkpt lat="47.283156" lon="10.944813">
        <ele>852</ele>
      </trkpt>
      <trkpt lat="47.283122" lon="10.944791">
        <ele>853</ele>
      </trkpt>
      <trkpt lat="47.283104" lon="10.944746">
        <ele>853.75</ele>
      </trkpt>
      <trkpt lat="47.283104" lon="10.944746">
        <ele>853.75</ele>
      </trkpt>
      <trkpt lat="47.283111" lon="10.944686">
        <ele>854.25</ele>
      </trkpt>
      <trkpt lat="47.283183" lon="10.944534">
        <ele>854</ele>
      </trkpt>
      <trkpt lat="47.283204" lon="10.944371">
        <ele>855</ele>
      </trkpt>
      <trkpt lat="47.283167" lon="10.944138">
        <ele>858.25</ele>
      </trkpt>
      <trkpt lat="47.283135" lon="10.943998">
        <ele>860.75</ele>
      </trkpt>
      <trkpt lat="47.283098" lon="10.943915">
        <ele>862.5</ele>
      </trkpt>
      <trkpt lat="47.283063" lon="10.943868">
        <ele>863.75</ele>
      </trkpt>
      <trkpt lat="47.283018" lon="10.943845">
        <ele>865</ele>
      </trkpt>
      <trkpt lat="47.282898" lon="10.9438">
        <ele>868</ele>
      </trkpt>
      <trkpt lat="47.282865" lon="10.943756">
        <ele>869.25</ele>
      </trkpt>
      <trkpt lat="47.282821" lon="10.94354">
        <ele>872.25</ele>
      </trkpt>
      <trkpt lat="47.282635" lon="10.943148">
        <ele>880</ele>
      </trkpt>
      <trkpt lat="47.282621" lon="10.943073">
        <ele>881.25</ele>
      </trkpt>
      <trkpt lat="47.282662" lon="10.942773">
        <ele>884.75</ele>
      </trkpt>
      <trkpt lat="47.282714" lon="10.942657">
        <ele>885.5</ele>
      </trkpt>
      <trkpt lat="47.282797" lon="10.942589">
        <ele>885.25</ele>
      </trkpt>
      <trkpt lat="47.282826" lon="10.942549">
        <ele>885.5</ele>
      </trkpt>
      <trkpt lat="47.282847" lon="10.942441">
        <ele>886.5</ele>
      </trkpt>
      <trkpt lat="47.282855" lon="10.942127">
        <ele>890.25</ele>
      </trkpt>
      <trkpt lat="47.282904" lon="10.941844">
        <ele>893.25</ele>
      </trkpt>
      <trkpt lat="47.282959" lon="10.941672">
        <ele>894.75</ele>
      </trkpt>
      <trkpt lat="47.283011" lon="10.941621">
        <ele>895.5</ele>
      </trkpt>
      <trkpt lat="47.283076" lon="10.941608">
        <ele>895.25</ele>
      </trkpt>
      <trkpt lat="47.283152" lon="10.941629">
        <ele>893.75</ele>
      </trkpt>
      <trkpt lat="47.28349" lon="10.941802">
        <ele>887.75</ele>
      </trkpt>
      <trkpt lat="47.283554" lon="10.941815">
        <ele>887</ele>
      </trkpt>
      <trkpt lat="47.283587" lon="10.941813">
        <ele>886.75</ele>
      </trkpt>
      <trkpt lat="47.283624" lon="10.941784">
        <ele>887</ele>
      </trkpt>
      <trkpt lat="47.28382" lon="10.941483">
        <ele>891.25</ele>
      </trkpt>
      <trkpt lat="47.283889" lon="10.941225">
        <ele>896</ele>
      </trkpt>
      <trkpt lat="47.283969" lon="10.94071">
        <ele>906.25</ele>
      </trkpt>
      <trkpt lat="47.284082" lon="10.940415">
        <ele>912.5</ele>
      </trkpt>
      <trkpt lat="47.284276" lon="10.940167">
        <ele>916.75</ele>
      </trkpt>
      <trkpt lat="47.284551" lon="10.939983">
        <ele>919.75</ele>
      </trkpt>
      <trkpt lat="47.284842" lon="10.939832">
        <ele>922.75</ele>
      </trkpt>
      <trkpt lat="47.284919" lon="10.93983">
        <ele>922.25</ele>
      </trkpt>
      <trkpt lat="47.284983" lon="10.939867">
        <ele>920.5</ele>
      </trkpt>
      <trkpt lat="47.285043" lon="10.939991">
        <ele>916.25</ele>
      </trkpt>
      <trkpt lat="47.285077" lon="10.940082">
        <ele>914.25</ele>
      </trkpt>
      <trkpt lat="47.285116" lon="10.940111">
        <ele>913.75</ele>
      </trkpt>
      <trkpt lat="47.285176" lon="10.940108">
        <ele>914.25</ele>
      </trkpt>
      <trkpt lat="47.285472" lon="10.939721">
        <ele>925</ele>
      </trkpt>
      <trkpt lat="47.285594" lon="10.939415">
        <ele>932.75</ele>
      </trkpt>
      <trkpt lat="47.28568" lon="10.939263">
        <ele>936</ele>
      </trkpt>
      <trkpt lat="47.285728" lon="10.939194">
        <ele>937.25</ele>
      </trkpt>
      <trkpt lat="47.285769" lon="10.939173">
        <ele>937.25</ele>
      </trkpt>
      <trkpt lat="47.285802" lon="10.939163">
        <ele>937.25</ele>
      </trkpt>
      <trkpt lat="47.285838" lon="10.939172">
        <ele>936.75</ele>
      </trkpt>
      <trkpt lat="47.285869" lon="10.939192">
        <ele>936.25</ele>
      </trkpt>
      <trkpt lat="47.285937" lon="10.939281">
        <ele>934.25</ele>
      </trkpt>
      <trkpt lat="47.285999" lon="10.939393">
        <ele>932</ele>
      </trkpt>
      <trkpt lat="47.286039" lon="10.939445">
        <ele>931</ele>
      </trkpt>
      <trkpt lat="47.286088" lon="10.939472">
        <ele>930.5</ele>
      </trkpt>
      <trkpt lat="47.286141" lon="10.939476">
        <ele>930.5</ele>
      </trkpt>
      <trkpt lat="47.286186" lon="10.939457">
        <ele>930.75</ele>
      </trkpt>
      <trkpt lat="47.286216" lon="10.939415">
        <ele>931.5</ele>
      </trkpt>
      <trkpt lat="47.286237" lon="10.939358">
        <ele>932.5</ele>
      </trkpt>
      <trkpt lat="47.286252" lon="10.938951">
        <ele>940.5</ele>
      </trkpt>
      <trkpt lat="47.286268" lon="10.938841">
        <ele>942.75</ele>
      </trkpt>
      <trkpt lat="47.286296" lon="10.938791">
        <ele>943.5</ele>
      </trkpt>
      <trkpt lat="47.286327" lon="10.938769">
        <ele>943.75</ele>
      </trkpt>
      <trkpt lat="47.286375" lon="10.938763">
        <ele>943.25</ele>
      </trkpt>
      <trkpt lat="47.28643" lon="10.938803">
        <ele>942</ele>
      </trkpt>
      <trkpt lat="47.286513" lon="10.938929">
        <ele>939</ele>
      </trkpt>
      <trkpt lat="47.286546" lon="10.938959">
        <ele>938.5</ele>
      </trkpt>
      <trkpt lat="47.286575" lon="10.938954">
        <ele>938.25</ele>
      </trkpt>
      <trkpt lat="47.286599" lon="10.938931">
        <ele>938.5</ele>
      </trkpt>
      <trkpt lat="47.286613" lon="10.938891">
        <ele>939</ele>
      </trkpt>
      <trkpt lat="47.286604" lon="10.938816">
        <ele>940</ele>
      </trkpt>
      <trkpt lat="47.286572" lon="10.93871">
        <ele>942</ele>
      </trkpt>
      <trkpt lat="47.286445" lon="10.938419">
        <ele>948.75</ele>
      </trkpt>
      <trkpt lat="47.286423" lon="10.938342">
        <ele>950.5</ele>
      </trkpt>
      <trkpt lat="47.286412" lon="10.938267">
        <ele>952.25</ele>
      </trkpt>
      <trkpt lat="47.286426" lon="10.938157">
        <ele>954.25</ele>
      </trkpt>
      <trkpt lat="47.286447" lon="10.938066">
        <ele>955.75</ele>
      </trkpt>
      <trkpt lat="47.286476" lon="10.937985">
        <ele>957</ele>
      </trkpt>
      <trkpt lat="47.286506" lon="10.937845">
        <ele>959.25</ele>
      </trkpt>
      <trkpt lat="47.286511" lon="10.937785">
        <ele>960.25</ele>
      </trkpt>
      <trkpt lat="47.286506" lon="10.937845">
        <ele>959.25</ele>
      </trkpt>
      <trkpt lat="47.286476" lon="10.937985">
        <ele>957</ele>
      </trkpt>
      <trkpt lat="47.286447" lon="10.938066">
        <ele>955.75</ele>
      </trkpt>
      <trkpt lat="47.28647" lon="10.937902">
        <ele>958.75</ele>
      </trkpt>
      <trkpt lat="47.286475" lon="10.937811">
        <ele>960.5</ele>
      </trkpt>
      <trkpt lat="47.286456" lon="10.93766">
        <ele>964.25</ele>
      </trkpt>
      <trkpt lat="47.286418" lon="10.937433">
        <ele>970.5</ele>
      </trkpt>
      <trkpt lat="47.286487" lon="10.937184">
        <ele>975</ele>
      </trkpt>
      <trkpt lat="47.28657" lon="10.937015">
        <ele>977</ele>
      </trkpt>
      <trkpt lat="47.286626" lon="10.936959">
        <ele>976.75</ele>
      </trkpt>
      <trkpt lat="47.286705" lon="10.936934">
        <ele>976</ele>
      </trkpt>
      <trkpt lat="47.286772" lon="10.936942">
        <ele>975.5</ele>
      </trkpt>
      <trkpt lat="47.286848" lon="10.936973">
        <ele>974.25</ele>
      </trkpt>
      <trkpt lat="47.286964" lon="10.936901">
        <ele>975.25</ele>
      </trkpt>
      <trkpt lat="47.287073" lon="10.936845">
        <ele>975.75</ele>
      </trkpt>
      <trkpt lat="47.287177" lon="10.936841">
        <ele>975.25</ele>
      </trkpt>
      <trkpt lat="47.287432" lon="10.936857">
        <ele>973.25</ele>
      </trkpt>
      <trkpt lat="47.287487" lon="10.936836">
        <ele>973.25</ele>
      </trkpt>
      <trkpt lat="47.287515" lon="10.936766">
        <ele>974</ele>
      </trkpt>
      <trkpt lat="47.287487" lon="10.936836">
        <ele>973.25</ele>
      </trkpt>
      <trkpt lat="47.287513" lon="10.936942">
        <ele>971.25</ele>
      </trkpt>
      <trkpt lat="47.287514" lon="10.937286">
        <ele>966</ele>
      </trkpt>
      <trkpt lat="47.287501" lon="10.937475">
        <ele>963.25</ele>
      </trkpt>
      <trkpt lat="47.287575" lon="10.937665">
        <ele>959</ele>
      </trkpt>
      <trkpt lat="47.287613" lon="10.937762">
        <ele>957</ele>
      </trkpt>
      <trkpt lat="47.287667" lon="10.937867">
        <ele>954.75</ele>
      </trkpt>
      <trkpt lat="47.287699" lon="10.938048">
        <ele>951.5</ele>
      </trkpt>
      <trkpt lat="47.287707" lon="10.938186">
        <ele>949.5</ele>
      </trkpt>
      <trkpt lat="47.287769" lon="10.938306">
        <ele>947</ele>
      </trkpt>
      <trkpt lat="47.287776" lon="10.938457">
        <ele>945</ele>
      </trkpt>
      <trkpt lat="47.287754" lon="10.938551">
        <ele>943.75</ele>
      </trkpt>
      <trkpt lat="47.287755" lon="10.938623">
        <ele>942.75</ele>
      </trkpt>
      <trkpt lat="47.287714" lon="10.938745">
        <ele>941.5</ele>
      </trkpt>
      <trkpt lat="47.287704" lon="10.938883">
        <ele>939.5</ele>
      </trkpt>
      <trkpt lat="47.287747" lon="10.939154">
        <ele>935.5</ele>
      </trkpt>
      <trkpt lat="47.287751" lon="10.939255">
        <ele>934.75</ele>
      </trkpt>
      <trkpt lat="47.287719" lon="10.939324">
        <ele>934.25</ele>
      </trkpt>
      <trkpt lat="47.287667" lon="10.939386">
        <ele>934</ele>
      </trkpt>
      <trkpt lat="47.28762" lon="10.93946">
        <ele>933.75</ele>
      </trkpt>
      <trkpt lat="47.287581" lon="10.939619">
        <ele>932.25</ele>
      </trkpt>
      <trkpt lat="47.287581" lon="10.939754">
        <ele>931.25</ele>
      </trkpt>
      <trkpt lat="47.287717" lon="10.940138">
        <ele>928.25</ele>
      </trkpt>
      <trkpt lat="47.287707" lon="10.940235">
        <ele>927.5</ele>
      </trkpt>
      <trkpt lat="47.287633" lon="10.940495">
        <ele>925</ele>
      </trkpt>
      <trkpt lat="47.287632" lon="10.94066">
        <ele>923.75</ele>
      </trkpt>
      <trkpt lat="47.287661" lon="10.940762">
        <ele>923.25</ele>
      </trkpt>
      <trkpt lat="47.287742" lon="10.940882">
        <ele>923</ele>
      </trkpt>
      <trkpt lat="47.287762" lon="10.940943">
        <ele>922.75</ele>
      </trkpt>
      <trkpt lat="47.287982" lon="10.941113">
        <ele>923.75</ele>
      </trkpt>
      <trkpt lat="47.288083" lon="10.941143">
        <ele>924.75</ele>
      </trkpt>
      <trkpt lat="47.288207" lon="10.941216">
        <ele>926</ele>
      </trkpt>
      <trkpt lat="47.288322" lon="10.941336">
        <ele>926.75</ele>
      </trkpt>
      <trkpt lat="47.288379" lon="10.941418">
        <ele>925.5</ele>
      </trkpt>
      <trkpt lat="47.288459" lon="10.941562">
        <ele>923.25</ele>
      </trkpt>
      <trkpt lat="47.288557" lon="10.941648">
        <ele>921.25</ele>
      </trkpt>
      <trkpt lat="47.288681" lon="10.941827">
        <ele>917.5</ele>
      </trkpt>
      <trkpt lat="47.288762" lon="10.941892">
        <ele>915.75</ele>
      </trkpt>
      <trkpt lat="47.288848" lon="10.942014">
        <ele>913.5</ele>
      </trkpt>
      <trkpt lat="47.288953" lon="10.942189">
        <ele>910.75</ele>
      </trkpt>
      <trkpt lat="47.28915" lon="10.942591">
        <ele>905.75</ele>
      </trkpt>
      <trkpt lat="47.289201" lon="10.942656">
        <ele>903.25</ele>
      </trkpt>
      <trkpt lat="47.289247" lon="10.942778">
        <ele>899.75</ele>
      </trkpt>
      <trkpt lat="47.289258" lon="10.942855">
        <ele>898.25</ele>
      </trkpt>
      <trkpt lat="47.289285" lon="10.943043">
        <ele>894.75</ele>
      </trkpt>
      <trkpt lat="47.289366" lon="10.943129">
        <ele>890.75</ele>
      </trkpt>
      <trkpt lat="47.28942" lon="10.943174">
        <ele>888.5</ele>
      </trkpt>
      <trkpt lat="47.289459" lon="10.943181">
        <ele>887</ele>
      </trkpt>
      <trkpt lat="47.28944" lon="10.943217">
        <ele>887.25</ele>
      </trkpt>
      <trkpt lat="47.289377" lon="10.943209">
        <ele>889.5</ele>
      </trkpt>
      <trkpt lat="47.289275" lon="10.943129">
        <ele>894</ele>
      </trkpt>
      <trkpt lat="47.289232" lon="10.943135">
        <ele>895.5</ele>
      </trkpt>
      <trkpt lat="47.28917" lon="10.943174">
        <ele>897</ele>
      </trkpt>
      <trkpt lat="47.289128" lon="10.94325">
        <ele>896.25</ele>
      </trkpt>
      <trkpt lat="47.289081" lon="10.943387">
        <ele>894.25</ele>
      </trkpt>
      <trkpt lat="47.289056" lon="10.943624">
        <ele>889.5</ele>
      </trkpt>
      <trkpt lat="47.289035" lon="10.943725">
        <ele>887.5</ele>
      </trkpt>
      <trkpt lat="47.289007" lon="10.94377">
        <ele>887</ele>
      </trkpt>
      <trkpt lat="47.288959" lon="10.943787">
        <ele>887</ele>
      </trkpt>
      <trkpt lat="47.288847" lon="10.943785">
        <ele>888</ele>
      </trkpt>
      <trkpt lat="47.288738" lon="10.943828">
        <ele>888.25</ele>
      </trkpt>
      <trkpt lat="47.288676" lon="10.943908">
        <ele>887.25</ele>
      </trkpt>
      <trkpt lat="47.288637" lon="10.944018">
        <ele>885.5</ele>
      </trkpt>
      <trkpt lat="47.288598" lon="10.944185">
        <ele>882.75</ele>
      </trkpt>
      <trkpt lat="47.288598" lon="10.944185">
        <ele>886.8035925334331</ele>
      </trkpt>
      <trkpt lat="47.28824195572369" lon="10.944484273238317">
        <ele>880.9904088243846</ele>
      </trkpt>
      <trkpt lat="47.28824195572369" lon="10.944484273238317">
        <ele>880.9904088243846</ele>
      </trkpt>
      <trkpt lat="47.288178561552606" lon="10.945140563287236">
        <ele>873.4703020760801</ele>
      </trkpt>
      <trkpt lat="47.28811516738152" lon="10.945796853336155">
        <ele>863.0358119957715</ele>
      </trkpt>
      <trkpt lat="47.28809722042814" lon="10.945982649706849">
        <ele>861.2019495171961</ele>
      </trkpt>
      <trkpt lat="47.28809722042814" lon="10.945982649706849">
        <ele>861.2019495171961</ele>
      </trkpt>
      <trkpt lat="47.28805943570412" lon="10.946643215114252">
        <ele>852.5311289978686</ele>
      </trkpt>
      <trkpt lat="47.28805138230578" lon="10.946784007365352">
        <ele>851.2913827738313</ele>
      </trkpt>
      <trkpt lat="47.28805138230578" lon="10.946784007365352">
        <ele>851.2913827738313</ele>
      </trkpt>
      <trkpt lat="47.28786802762187" lon="10.947295819112753">
        <ele>845.3844845870517</ele>
      </trkpt>
      <trkpt lat="47.28786802762187" lon="10.947295819112753">
        <ele>845.3844845870517</ele>
      </trkpt>
      <trkpt lat="47.28776323244412" lon="10.94743102546181">
        <ele>842.7968661576615</ele>
      </trkpt>
      <trkpt lat="47.287741" lon="10.947638">
        <ele>840.25</ele>
      </trkpt>
      <trkpt lat="47.28768" lon="10.947911">
        <ele>836</ele>
      </trkpt>
      <trkpt lat="47.287626" lon="10.948076">
        <ele>833.25</ele>
      </trkpt>
      <trkpt lat="47.287559" lon="10.948235">
        <ele>830.5</ele>
      </trkpt>
      <trkpt lat="47.287535" lon="10.948393">
        <ele>828.5</ele>
      </trkpt>
      <trkpt lat="47.287552" lon="10.948492">
        <ele>827.5</ele>
      </trkpt>
      <trkpt lat="47.287535" lon="10.948583">
        <ele>826.25</ele>
      </trkpt>
      <trkpt lat="47.28752" lon="10.948636">
        <ele>825.5</ele>
      </trkpt>
      <trkpt lat="47.287497" lon="10.948724">
        <ele>824.75</ele>
      </trkpt>
      <trkpt lat="47.287511" lon="10.948817">
        <ele>823.75</ele>
      </trkpt>
      <trkpt lat="47.287499" lon="10.948922">
        <ele>822.5</ele>
      </trkpt>
      <trkpt lat="47.287544" lon="10.949238">
        <ele>819</ele>
      </trkpt>
      <trkpt lat="47.287509" lon="10.949497">
        <ele>815.5</ele>
      </trkpt>
      <trkpt lat="47.287519" lon="10.949724">
        <ele>812.5</ele>
      </trkpt>
      <trkpt lat="47.287484" lon="10.950043">
        <ele>808.5</ele>
      </trkpt>
      <trkpt lat="47.287431" lon="10.950192">
        <ele>806.75</ele>
      </trkpt>
      <trkpt lat="47.287379" lon="10.950301">
        <ele>805.5</ele>
      </trkpt>
      <trkpt lat="47.2873" lon="10.950415">
        <ele>803.75</ele>
      </trkpt>
      <trkpt lat="47.287236" lon="10.950537">
        <ele>801.75</ele>
      </trkpt>
      <trkpt lat="47.286981" lon="10.950811">
        <ele>796.25</ele>
      </trkpt>
      <trkpt lat="47.286849" lon="10.950833">
        <ele>795</ele>
      </trkpt>
      <trkpt lat="47.286782" lon="10.950934">
        <ele>793</ele>
      </trkpt>
      <trkpt lat="47.286749" lon="10.951087">
        <ele>790.75</ele>
      </trkpt>
      <trkpt lat="47.286703" lon="10.951237">
        <ele>788.5</ele>
      </trkpt>
      <trkpt lat="47.286644" lon="10.951316">
        <ele>787.5</ele>
      </trkpt>
      <trkpt lat="47.286441" lon="10.951631">
        <ele>782.75</ele>
      </trkpt>
      <trkpt lat="47.286206" lon="10.952048">
        <ele>774</ele>
      </trkpt>
      <trkpt lat="47.28607" lon="10.952205">
        <ele>770.75</ele>
      </trkpt>
      <trkpt lat="47.286004" lon="10.952294">
        <ele>768.75</ele>
      </trkpt>
      <trkpt lat="47.285988" lon="10.952317">
        <ele>768.5</ele>
      </trkpt>
      <trkpt lat="47.285911" lon="10.952301">
        <ele>768.75</ele>
      </trkpt>
      <trkpt lat="47.2858" lon="10.952439">
        <ele>765.5</ele>
      </trkpt>
      <trkpt lat="47.28573" lon="10.952504">
        <ele>763.25</ele>
      </trkpt>
      <trkpt lat="47.285669" lon="10.952549">
        <ele>760.75</ele>
      </trkpt>
      <trkpt lat="47.285577" lon="10.952578">
        <ele>758.5</ele>
      </trkpt>
      <trkpt lat="47.28549" lon="10.952592">
        <ele>757</ele>
      </trkpt>
      <trkpt lat="47.285427" lon="10.952597">
        <ele>756</ele>
      </trkpt>
      <trkpt lat="47.285365" lon="10.952589">
        <ele>755.25</ele>
      </trkpt>
      <trkpt lat="47.285257" lon="10.952538">
        <ele>755.5</ele>
      </trkpt>
      <trkpt lat="47.28516" lon="10.952475">
        <ele>755.75</ele>
      </trkpt>
      <trkpt lat="47.284803" lon="10.952162">
        <ele>754.5</ele>
      </trkpt>
      <trkpt lat="47.284321" lon="10.951779">
        <ele>747.6028542658573</ele>
      </trkpt>
      <trkpt lat="47.28410795807869" lon="10.951747413138577">
        <ele>739.0207107648789</ele>
      </trkpt>
      <trkpt lat="47.28405477630102" lon="10.951847587249773">
        <ele>736.3268692179654</ele>
      </trkpt>
      <trkpt lat="47.28400750356437" lon="10.951925984380665">
        <ele>734.2827163171324</ele>
      </trkpt>
      <trkpt lat="47.2839927308259" lon="10.95188678581522">
        <ele>733.8881507163874</ele>
      </trkpt>
      <trkpt lat="47.2839927308259" lon="10.95188678581522">
        <ele>733.8881507163874</ele>
      </trkpt>
      <trkpt lat="47.283874280449936" lon="10.9517917306855">
        <ele>729.8547074084645</ele>
      </trkpt>
      <trkpt lat="47.28379182116947" lon="10.951634172837686">
        <ele>727.2593954334363</ele>
      </trkpt>
      <trkpt lat="47.28379773028803" lon="10.951512221745134">
        <ele>727.0443015878099</ele>
      </trkpt>
      <trkpt lat="47.283794775728836" lon="10.95131622891796">
        <ele>726.597261734353</ele>
      </trkpt>
      <trkpt lat="47.283794775728836" lon="10.951142013072143">
        <ele>726.8381558805712</ele>
      </trkpt>
      <trkpt lat="47.283744548198456" lon="10.95106361594128">
        <ele>725.4178915245004</ele>
      </trkpt>
      <trkpt lat="47.28367363866212" lon="10.95106797133667">
        <ele>723.1605669028135</ele>
      </trkpt>
      <trkpt lat="47.283665" lon="10.951063">
        <ele>730</ele>
      </trkpt>
      <trkpt lat="47.283663" lon="10.951075">
        <ele>730</ele>
      </trkpt>
      <trkpt lat="47.283502" lon="10.951147">
        <ele>723.25</ele>
      </trkpt>
      <trkpt lat="47.283449" lon="10.951385">
        <ele>720.25</ele>
      </trkpt>
      <trkpt lat="47.28334" lon="10.951545">
        <ele>715.5</ele>
      </trkpt>
      <trkpt lat="47.283509" lon="10.951638">
        <ele>721.25</ele>
      </trkpt>
      <trkpt lat="47.283628" lon="10.951845">
        <ele>724</ele>
      </trkpt>
      <trkpt lat="47.283628" lon="10.952005">
        <ele>722.75</ele>
      </trkpt>
      <trkpt lat="47.283613" lon="10.952022">
        <ele>722</ele>
      </trkpt>
      <trkpt lat="47.283558" lon="10.952088">
        <ele>720</ele>
      </trkpt>
      <trkpt lat="47.283719" lon="10.952356">
        <ele>722.5</ele>
      </trkpt>
      <trkpt lat="47.283926" lon="10.952392">
        <ele>727.5</ele>
      </trkpt>
      <trkpt lat="47.283979" lon="10.952542">
        <ele>726.75</ele>
      </trkpt>
      <trkpt lat="47.284105" lon="10.952573">
        <ele>729</ele>
      </trkpt>
      <trkpt lat="47.284129" lon="10.952656">
        <ele>728</ele>
      </trkpt>
      <trkpt lat="47.284199" lon="10.952775">
        <ele>727.25</ele>
      </trkpt>
      <trkpt lat="47.284385" lon="10.952889">
        <ele>729</ele>
      </trkpt>
      <trkpt lat="47.284599" lon="10.95292">
        <ele>732.75</ele>
      </trkpt>
      <trkpt lat="47.28483" lon="10.953095">
        <ele>733.25</ele>
      </trkpt>
      <trkpt lat="47.285001" lon="10.953426">
        <ele>726</ele>
      </trkpt>
      <trkpt lat="47.284978" lon="10.953458">
        <ele>724.25</ele>
      </trkpt>
      <trkpt lat="47.28494" lon="10.953479">
        <ele>722.75</ele>
      </trkpt>
      <trkpt lat="47.284911" lon="10.953474">
        <ele>722.5</ele>
      </trkpt>
      <trkpt lat="47.284785" lon="10.953485">
        <ele>720.25</ele>
      </trkpt>
      <trkpt lat="47.28498" lon="10.953725">
        <ele>713.25</ele>
      </trkpt>
      <trkpt lat="47.28506" lon="10.953769">
        <ele>711.75</ele>
      </trkpt>
      <trkpt lat="47.284862" lon="10.953775">
        <ele>709.5</ele>
      </trkpt>
      <trkpt lat="47.284795" lon="10.953778">
        <ele>708.75</ele>
      </trkpt>
      <trkpt lat="47.284747" lon="10.953737">
        <ele>709.75</ele>
      </trkpt>
      <trkpt lat="47.284824" lon="10.953855">
        <ele>706</ele>
      </trkpt>
      <trkpt lat="47.284983" lon="10.953915">
        <ele>705.25</ele>
      </trkpt>
      <trkpt lat="47.284705" lon="10.953902">
        <ele>702.75</ele>
      </trkpt>
      <trkpt lat="47.2848" lon="10.953995">
        <ele>700</ele>
      </trkpt>
      <trkpt lat="47.284918" lon="10.954092">
        <ele>697.25</ele>
      </trkpt>
      <trkpt lat="47.284629" lon="10.954069">
        <ele>695.5</ele>
      </trkpt>
      <trkpt lat="47.284631" lon="10.954075">
        <ele>695.25</ele>
      </trkpt>
      <trkpt lat="47.284661" lon="10.954155">
        <ele>692.5</ele>
      </trkpt>
      <trkpt lat="47.284784" lon="10.954211">
        <ele>691.75</ele>
      </trkpt>
      <trkpt lat="47.284946" lon="10.954254">
        <ele>691.75</ele>
      </trkpt>
      <trkpt lat="47.285083" lon="10.954332">
        <ele>690</ele>
      </trkpt>
      <trkpt lat="47.285348" lon="10.954305">
        <ele>691.25</ele>
      </trkpt>
      <trkpt lat="47.285534" lon="10.954388">
        <ele>689.5</ele>
      </trkpt>
      <trkpt lat="47.285557" lon="10.95443">
        <ele>688.5</ele>
      </trkpt>
      <trkpt lat="47.285563" lon="10.954456">
        <ele>687.75</ele>
      </trkpt>
      <trkpt lat="47.285558" lon="10.954578">
        <ele>684.25</ele>
      </trkpt>
      <trkpt lat="47.285558" lon="10.954586">
        <ele>684.25</ele>
      </trkpt>
      <trkpt lat="47.285608" lon="10.954572">
        <ele>684.75</ele>
      </trkpt>
      <trkpt lat="47.285936" lon="10.954593">
        <ele>685.5</ele>
      </trkpt>
      <trkpt lat="47.286368" lon="10.954699">
        <ele>685.25</ele>
      </trkpt>
      <trkpt lat="47.286577" lon="10.954706">
        <ele>686</ele>
      </trkpt>
      <trkpt lat="47.286893" lon="10.954631">
        <ele>689</ele>
      </trkpt>
      <trkpt lat="47.287189" lon="10.954526">
        <ele>691.25</ele>
      </trkpt>
      <trkpt lat="47.287454" lon="10.954344">
        <ele>693</ele>
      </trkpt>
      <trkpt lat="47.287738" lon="10.954238">
        <ele>694.25</ele>
      </trkpt>
      <trkpt lat="47.287761" lon="10.954281">
        <ele>694.25</ele>
      </trkpt>
      <trkpt lat="47.287841" lon="10.954438">
        <ele>693.5</ele>
      </trkpt>
      <trkpt lat="47.288234" lon="10.955356">
        <ele>691.75</ele>
      </trkpt>
      <trkpt lat="47.288285" lon="10.95559">
        <ele>692.75</ele>
      </trkpt>
      <trkpt lat="47.288329" lon="10.955707">
        <ele>693.25</ele>
      </trkpt>
      <trkpt lat="47.288529" lon="10.955986">
        <ele>695.25</ele>
      </trkpt>
      <trkpt lat="47.288583" lon="10.956131">
        <ele>696.75</ele>
      </trkpt>
      <trkpt lat="47.288586" lon="10.956199">
        <ele>697.5</ele>
      </trkpt>
      <trkpt lat="47.288581" lon="10.956261">
        <ele>698.25</ele>
      </trkpt>
      <trkpt lat="47.28854" lon="10.956342">
        <ele>699.25</ele>
      </trkpt>
      <trkpt lat="47.288465" lon="10.956316">
        <ele>699</ele>
      </trkpt>
      <trkpt lat="47.288441" lon="10.956318">
        <ele>699</ele>
      </trkpt>
      <trkpt lat="47.288465" lon="10.956316">
        <ele>699</ele>
      </trkpt>
      <trkpt lat="47.28854" lon="10.956342">
        <ele>699.25</ele>
      </trkpt>
      <trkpt lat="47.288666" lon="10.956756">
        <ele>703.75</ele>
      </trkpt>
      <trkpt lat="47.288684" lon="10.956868">
        <ele>704.75</ele>
      </trkpt>
      <trkpt lat="47.288686" lon="10.956995">
        <ele>706</ele>
      </trkpt>
      <trkpt lat="47.288673" lon="10.957313">
        <ele>709</ele>
      </trkpt>
      <trkpt lat="47.288575" lon="10.957494">
        <ele>711</ele>
      </trkpt>
      <trkpt lat="47.288515" lon="10.957582">
        <ele>713.5</ele>
      </trkpt>
      <trkpt lat="47.288502" lon="10.957677">
        <ele>716</ele>
      </trkpt>
      <trkpt lat="47.288504" lon="10.957718">
        <ele>717.25</ele>
      </trkpt>
      <trkpt lat="47.288527" lon="10.957762">
        <ele>718.25</ele>
      </trkpt>
      <trkpt lat="47.288824" lon="10.958062">
        <ele>722.25</ele>
      </trkpt>
      <trkpt lat="47.288965" lon="10.958132">
        <ele>721.75</ele>
      </trkpt>
      <trkpt lat="47.289164" lon="10.958315">
        <ele>721.75</ele>
      </trkpt>
      <trkpt lat="47.2893" lon="10.958475">
        <ele>726.25</ele>
      </trkpt>
      <trkpt lat="47.289544" lon="10.958811">
        <ele>736.25</ele>
      </trkpt>
      <trkpt lat="47.28965" lon="10.959031">
        <ele>742.75</ele>
      </trkpt>
      <trkpt lat="47.289817" lon="10.959243">
        <ele>747.75</ele>
      </trkpt>
      <trkpt lat="47.289962" lon="10.959275">
        <ele>746.75</ele>
      </trkpt>
      <trkpt lat="47.290024" lon="10.959344">
        <ele>748.5</ele>
      </trkpt>
      <trkpt lat="47.290112" lon="10.959495">
        <ele>753.25</ele>
      </trkpt>
      <trkpt lat="47.290488" lon="10.959763">
        <ele>758</ele>
      </trkpt>
      <trkpt lat="47.290808" lon="10.959827">
        <ele>755.5</ele>
      </trkpt>
      <trkpt lat="47.291092" lon="10.960117">
        <ele>763</ele>
      </trkpt>
      <trkpt lat="47.291472" lon="10.960364">
        <ele>767</ele>
      </trkpt>
      <trkpt lat="47.291602" lon="10.960428">
        <ele>767.5</ele>
      </trkpt>
      <trkpt lat="47.291622" lon="10.960511">
        <ele>770.25</ele>
      </trkpt>
      <trkpt lat="47.291687" lon="10.960669">
        <ele>775</ele>
      </trkpt>
      <trkpt lat="47.291815" lon="10.960793">
        <ele>777.75</ele>
      </trkpt>
      <trkpt lat="47.291904" lon="10.960922">
        <ele>780.75</ele>
      </trkpt>
      <trkpt lat="47.29207" lon="10.961086">
        <ele>784</ele>
      </trkpt>
      <trkpt lat="47.292728" lon="10.961539">
        <ele>791.5</ele>
      </trkpt>
      <trkpt lat="47.293018" lon="10.962232">
        <ele>805</ele>
      </trkpt>
      <trkpt lat="47.293577" lon="10.962351">
        <ele>806.5</ele>
      </trkpt>
      <trkpt lat="47.293989" lon="10.962369">
        <ele>808.75</ele>
      </trkpt>
      <trkpt lat="47.294426" lon="10.9628">
        <ele>813.75</ele>
      </trkpt>
      <trkpt lat="47.29491" lon="10.962926">
        <ele>815.25</ele>
      </trkpt>
      <trkpt lat="47.294984" lon="10.963046">
        <ele>815.25</ele>
      </trkpt>
      <trkpt lat="47.295161" lon="10.963332">
        <ele>816</ele>
      </trkpt>
      <trkpt lat="47.295435" lon="10.963717">
        <ele>819.25</ele>
      </trkpt>
      <trkpt lat="47.294603" lon="10.963955">
        <ele>819.75</ele>
      </trkpt>
      <trkpt lat="47.294803" lon="10.965737">
        <ele>833.75</ele>
      </trkpt>
      <trkpt lat="47.294513" lon="10.965792">
        <ele>833</ele>
      </trkpt>
      <trkpt lat="47.294372" lon="10.96763">
        <ele>821.25</ele>
      </trkpt>
      <trkpt lat="47.294366" lon="10.967709">
        <ele>820.75</ele>
      </trkpt>
      <trkpt lat="47.295276" lon="10.969219">
        <ele>813.25</ele>
      </trkpt>
      <trkpt lat="47.295301" lon="10.96926">
        <ele>812.75</ele>
      </trkpt>
      <trkpt lat="47.295316" lon="10.969285">
        <ele>812.75</ele>
      </trkpt>
      <trkpt lat="47.295281" lon="10.969334">
        <ele>812.5</ele>
      </trkpt>
      <trkpt lat="47.295242" lon="10.969416">
        <ele>812.25</ele>
      </trkpt>
      <trkpt lat="47.295232" lon="10.9695">
        <ele>811.75</ele>
      </trkpt>
      <trkpt lat="47.295244" lon="10.969706">
        <ele>810.5</ele>
      </trkpt>
      <trkpt lat="47.295276" lon="10.969807">
        <ele>809.75</ele>
      </trkpt>
      <trkpt lat="47.29553" lon="10.969716">
        <ele>809.25</ele>
      </trkpt>
      <trkpt lat="47.295616" lon="10.969703">
        <ele>809.25</ele>
      </trkpt>
      <trkpt lat="47.295691" lon="10.96972">
        <ele>808.75</ele>
      </trkpt>
      <trkpt lat="47.295764" lon="10.969796">
        <ele>807.75</ele>
      </trkpt>
      <trkpt lat="47.29582" lon="10.969894">
        <ele>806.75</ele>
      </trkpt>
      <trkpt lat="47.295844" lon="10.969991">
        <ele>806</ele>
      </trkpt>
      <trkpt lat="47.295892" lon="10.970378">
        <ele>804.75</ele>
      </trkpt>
      <trkpt lat="47.295904" lon="10.970467">
        <ele>804.5</ele>
      </trkpt>
      <trkpt lat="47.295892" lon="10.97064">
        <ele>803.75</ele>
      </trkpt>
      <trkpt lat="47.29588" lon="10.971042">
        <ele>802.75</ele>
      </trkpt>
      <trkpt lat="47.295887" lon="10.971613">
        <ele>802</ele>
      </trkpt>
      <trkpt lat="47.295886" lon="10.9717">
        <ele>801.75</ele>
      </trkpt>
      <trkpt lat="47.295887" lon="10.972249">
        <ele>801</ele>
      </trkpt>
      <trkpt lat="47.295889" lon="10.972411">
        <ele>800.75</ele>
      </trkpt>
      <trkpt lat="47.295873" lon="10.972843">
        <ele>799.5</ele>
      </trkpt>
      <trkpt lat="47.295896" lon="10.973042">
        <ele>799</ele>
      </trkpt>
      <trkpt lat="47.295906" lon="10.973083">
        <ele>798.75</ele>
      </trkpt>
      <trkpt lat="47.295936" lon="10.973202">
        <ele>798.5</ele>
      </trkpt>
      <trkpt lat="47.295971" lon="10.973354">
        <ele>798</ele>
      </trkpt>
      <trkpt lat="47.296105" lon="10.973974">
        <ele>797.75</ele>
      </trkpt>
      <trkpt lat="47.296137" lon="10.974333">
        <ele>798.25</ele>
      </trkpt>
      <trkpt lat="47.29611" lon="10.974426">
        <ele>798.5</ele>
      </trkpt>
      <trkpt lat="47.296136" lon="10.974444">
        <ele>798.75</ele>
      </trkpt>
      <trkpt lat="47.296173" lon="10.974512">
        <ele>799</ele>
      </trkpt>
      <trkpt lat="47.296179" lon="10.97463">
        <ele>799.5</ele>
      </trkpt>
      <trkpt lat="47.296169" lon="10.974737">
        <ele>800</ele>
      </trkpt>
      <trkpt lat="47.296154" lon="10.974932">
        <ele>800.75</ele>
      </trkpt>
      <trkpt lat="47.29617" lon="10.975368">
        <ele>802.5</ele>
      </trkpt>
      <trkpt lat="47.296187" lon="10.976138">
        <ele>805.25</ele>
      </trkpt>
      <trkpt lat="47.296185" lon="10.977058">
        <ele>808.5</ele>
      </trkpt>
      <trkpt lat="47.296193" lon="10.978041">
        <ele>812.75</ele>
      </trkpt>
      <trkpt lat="47.296238" lon="10.979342">
        <ele>816.5</ele>
      </trkpt>
      <trkpt lat="47.296241" lon="10.97943">
        <ele>816.75</ele>
      </trkpt>
      <trkpt lat="47.296244" lon="10.979558">
        <ele>817</ele>
      </trkpt>
      <trkpt lat="47.296245" lon="10.979601">
        <ele>817</ele>
      </trkpt>
      <trkpt lat="47.296247" lon="10.979727">
        <ele>817.25</ele>
      </trkpt>
      <trkpt lat="47.296237" lon="10.979956">
        <ele>817</ele>
      </trkpt>
      <trkpt lat="47.296225" lon="10.980285">
        <ele>816.75</ele>
      </trkpt>
      <trkpt lat="47.296176" lon="10.980826">
        <ele>815</ele>
      </trkpt>
      <trkpt lat="47.295911" lon="10.981778">
        <ele>810.25</ele>
      </trkpt>
      <trkpt lat="47.295856" lon="10.98197">
        <ele>810</ele>
      </trkpt>
      <trkpt lat="47.295727" lon="10.98239">
        <ele>809</ele>
      </trkpt>
      <trkpt lat="47.295611" lon="10.982885">
        <ele>807.25</ele>
      </trkpt>
      <trkpt lat="47.295552" lon="10.983464">
        <ele>806</ele>
      </trkpt>
      <trkpt lat="47.295527" lon="10.983764">
        <ele>806</ele>
      </trkpt>
      <trkpt lat="47.295495" lon="10.984211">
        <ele>806.25</ele>
      </trkpt>
      <trkpt lat="47.295493" lon="10.984319">
        <ele>806.25</ele>
      </trkpt>
      <trkpt lat="47.295493" lon="10.984351">
        <ele>806.25</ele>
      </trkpt>
      <trkpt lat="47.295441" lon="10.984377">
        <ele>806</ele>
      </trkpt>
      <trkpt lat="47.295163" lon="10.984371">
        <ele>804.75</ele>
      </trkpt>
      <trkpt lat="47.295039" lon="10.9844">
        <ele>804.25</ele>
      </trkpt>
      <trkpt lat="47.294802" lon="10.984483">
        <ele>803.5</ele>
      </trkpt>
      <trkpt lat="47.29469" lon="10.984537">
        <ele>803.25</ele>
      </trkpt>
      <trkpt lat="47.294549" lon="10.984609">
        <ele>802.75</ele>
      </trkpt>
      <trkpt lat="47.294602" lon="10.985125">
        <ele>802.75</ele>
      </trkpt>
      <trkpt lat="47.294553" lon="10.985413">
        <ele>802</ele>
      </trkpt>
      <trkpt lat="47.29447" lon="10.985949">
        <ele>801</ele>
      </trkpt>
      <trkpt lat="47.294491" lon="10.988163">
        <ele>805</ele>
      </trkpt>
      <trkpt lat="47.294551" lon="10.988504">
        <ele>806.5</ele>
      </trkpt>
      <trkpt lat="47.294651" lon="10.988823">
        <ele>807.75</ele>
      </trkpt>
      <trkpt lat="47.294761" lon="10.989076">
        <ele>809</ele>
      </trkpt>
      <trkpt lat="47.294993" lon="10.989678">
        <ele>813</ele>
      </trkpt>
      <trkpt lat="47.295214" lon="10.990337">
        <ele>816.75</ele>
      </trkpt>
      <trkpt lat="47.295381" lon="10.991413">
        <ele>825</ele>
      </trkpt>
      <trkpt lat="47.295724" lon="10.994069">
        <ele>842.25</ele>
      </trkpt>
      <trkpt lat="47.295152" lon="10.994606">
        <ele>845.75</ele>
      </trkpt>
      <trkpt lat="47.294586" lon="10.995402">
        <ele>844.5</ele>
      </trkpt>
      <trkpt lat="47.294292" lon="10.995762">
        <ele>843.5</ele>
      </trkpt>
      <trkpt lat="47.294266" lon="10.995795">
        <ele>843.5</ele>
      </trkpt>
      <trkpt lat="47.293262" lon="10.996944">
        <ele>853.5</ele>
      </trkpt>
      <trkpt lat="47.293124" lon="10.997073">
        <ele>855.5</ele>
      </trkpt>
      <trkpt lat="47.292882" lon="10.997182">
        <ele>858.25</ele>
      </trkpt>
      <trkpt lat="47.292831" lon="10.997242">
        <ele>859.5</ele>
      </trkpt>
      <trkpt lat="47.292826" lon="10.997382">
        <ele>861.5</ele>
      </trkpt>
      <trkpt lat="47.292928" lon="10.997715">
        <ele>868.5</ele>
      </trkpt>
      <trkpt lat="47.293049" lon="10.998108">
        <ele>877</ele>
      </trkpt>
      <trkpt lat="47.293579" lon="10.998749">
        <ele>884.25</ele>
      </trkpt>
      <trkpt lat="47.294115" lon="10.99947">
        <ele>888.25</ele>
      </trkpt>
      <trkpt lat="47.294633" lon="11.000071">
        <ele>890</ele>
      </trkpt>
      <trkpt lat="47.294826" lon="11.000854">
        <ele>897.25</ele>
      </trkpt>
      <trkpt lat="47.295024" lon="11.001659">
        <ele>902</ele>
      </trkpt>
      <trkpt lat="47.295548" lon="11.002946">
        <ele>913.25</ele>
      </trkpt>
      <trkpt lat="47.295839" lon="11.003547">
        <ele>916.25</ele>
      </trkpt>
      <trkpt lat="47.296363" lon="11.004148">
        <ele>912</ele>
      </trkpt>
      <trkpt lat="47.29671" lon="11.005103">
        <ele>922.75</ele>
      </trkpt>
      <trkpt lat="47.297003" lon="11.006122">
        <ele>931.5</ele>
      </trkpt>
      <trkpt lat="47.297278" lon="11.00757">
        <ele>946</ele>
      </trkpt>
      <trkpt lat="47.29866" lon="11.011025">
        <ele>972</ele>
      </trkpt>
      <trkpt lat="47.298592" lon="11.011366">
        <ele>976.75</ele>
      </trkpt>
      <trkpt lat="47.298588" lon="11.01139">
        <ele>977.25</ele>
      </trkpt>
      <trkpt lat="47.298697" lon="11.012067">
        <ele>981</ele>
      </trkpt>
      <trkpt lat="47.298677" lon="11.012146">
        <ele>982.25</ele>
      </trkpt>
      <trkpt lat="47.298615" lon="11.012155">
        <ele>984</ele>
      </trkpt>
      <trkpt lat="47.298223" lon="11.011684">
        <ele>989.5</ele>
      </trkpt>
      <trkpt lat="47.297934" lon="11.011444">
        <ele>994.75</ele>
      </trkpt>
      <trkpt lat="47.29712" lon="11.010242">
        <ele>998.75</ele>
      </trkpt>
      <trkpt lat="47.296754" lon="11.010253">
        <ele>1012</ele>
      </trkpt>
      <trkpt lat="47.296637" lon="11.01043">
        <ele>1015.75</ele>
      </trkpt>
      <trkpt lat="47.296536" lon="11.010644">
        <ele>1014.25</ele>
      </trkpt>
      <trkpt lat="47.296437" lon="11.010855">
        <ele>1013.25</ele>
      </trkpt>
      <trkpt lat="47.296376" lon="11.011304">
        <ele>1010</ele>
      </trkpt>
      <trkpt lat="47.296495" lon="11.011968">
        <ele>1008.25</ele>
      </trkpt>
      <trkpt lat="47.296536" lon="11.012398">
        <ele>1004.5</ele>
      </trkpt>
      <trkpt lat="47.296573" lon="11.012714">
        <ele>1003</ele>
      </trkpt>
      <trkpt lat="47.296655" lon="11.012857">
        <ele>1006.25</ele>
      </trkpt>
      <trkpt lat="47.296712" lon="11.013046">
        <ele>1006.5</ele>
      </trkpt>
      <trkpt lat="47.296689" lon="11.013236">
        <ele>1004.25</ele>
      </trkpt>
      <trkpt lat="47.296654" lon="11.013675">
        <ele>999</ele>
      </trkpt>
      <trkpt lat="47.296659" lon="11.014027">
        <ele>996.5</ele>
      </trkpt>
      <trkpt lat="47.296584" lon="11.014536">
        <ele>989</ele>
      </trkpt>
      <trkpt lat="47.296604" lon="11.015026">
        <ele>990.5</ele>
      </trkpt>
      <trkpt lat="47.296706" lon="11.015356">
        <ele>998.25</ele>
      </trkpt>
      <trkpt lat="47.296763" lon="11.015943">
        <ele>1001</ele>
      </trkpt>
      <trkpt lat="47.296885" lon="11.016368">
        <ele>1003.75</ele>
      </trkpt>
      <trkpt lat="47.297041" lon="11.01663">
        <ele>1006.5</ele>
      </trkpt>
      <trkpt lat="47.297309" lon="11.016774">
        <ele>1011</ele>
      </trkpt>
      <trkpt lat="47.297411" lon="11.01728">
        <ele>1007</ele>
      </trkpt>
      <trkpt lat="47.297712" lon="11.017813">
        <ele>1007.25</ele>
      </trkpt>
      <trkpt lat="47.297719" lon="11.017826">
        <ele>1007.5</ele>
      </trkpt>
      <trkpt lat="47.298072" lon="11.017723">
        <ele>1013.5</ele>
      </trkpt>
      <trkpt lat="47.298195" lon="11.017348">
        <ele>1017.5</ele>
      </trkpt>
      <trkpt lat="47.298334" lon="11.017959">
        <ele>1016.75</ele>
      </trkpt>
      <trkpt lat="47.2986" lon="11.018747">
        <ele>1009</ele>
      </trkpt>
      <trkpt lat="47.2986" lon="11.018745">
        <ele>1009</ele>
      </trkpt>
      <trkpt lat="47.298617" lon="11.018796">
        <ele>1008.75</ele>
      </trkpt>
      <trkpt lat="47.298836" lon="11.019376">
        <ele>1007</ele>
      </trkpt>
      <trkpt lat="47.299032" lon="11.019837">
        <ele>1008.5</ele>
      </trkpt>
      <trkpt lat="47.299156" lon="11.020148">
        <ele>1009.25</ele>
      </trkpt>
      <trkpt lat="47.299232" lon="11.020769">
        <ele>1005.25</ele>
      </trkpt>
      <trkpt lat="47.299236" lon="11.020802">
        <ele>1005.25</ele>
      </trkpt>
      <trkpt lat="47.299418" lon="11.02106">
        <ele>1000.5</ele>
      </trkpt>
      <trkpt lat="47.299496" lon="11.021242">
        <ele>999.5</ele>
      </trkpt>
      <trkpt lat="47.299687" lon="11.021682">
        <ele>997.5</ele>
      </trkpt>
      <trkpt lat="47.299834" lon="11.021867">
        <ele>1000.5908566953087</ele>
      </trkpt>
      <trkpt lat="47.30001475140165" lon="11.021812461417795">
        <ele>996.092833785994</ele>
      </trkpt>
      <trkpt lat="47.30014622961917" lon="11.021999412611535">
        <ele>994.1656329968955</ele>
      </trkpt>
      <trkpt lat="47.300113360095224" lon="11.02218636380664">
        <ele>995.9749793579018</ele>
      </trkpt>
      <trkpt lat="47.30010396879922" lon="11.022414859709698">
        <ele>995.3847447841595</ele>
      </trkpt>
      <trkpt lat="47.300122751390006" lon="11.022664127967971">
        <ele>994.2606889345861</ele>
      </trkpt>
      <trkpt lat="47.30010866444766" lon="11.022982637409342">
        <ele>993.0400401132288</ele>
      </trkpt>
      <trkpt lat="47.30017909912223" lon="11.023363463915274">
        <ele>992.9764174574443</ele>
      </trkpt>
      <trkpt lat="47.30019788168681" lon="11.023751214539601">
        <ele>993.0268260727519</ele>
      </trkpt>
      <trkpt lat="47.300141533974084" lon="11.024014331034834">
        <ele>993.5048909504604</ele>
      </trkpt>
      <trkpt lat="47.300122751390006" lon="11.024422854014517">
        <ele>993.9564359381644</ele>
      </trkpt>
      <trkpt lat="47.300160316551484" lon="11.024644425800489">
        <ele>993.5229081719651</ele>
      </trkpt>
      <trkpt lat="47.30016910164463" lon="11.024798308491114">
        <ele>993.592916564224</ele>
      </trkpt>
      <trkpt lat="47.30017849292949" lon="11.025116817932457">
        <ele>994.9214313337582</ele>
      </trkpt>
      <trkpt lat="47.30014092778046" lon="11.0254907203213">
        <ele>997.198262879951</ele>
      </trkpt>
      <trkpt lat="47.30024423187558" lon="11.025781533288892">
        <ele>998.4254915853041</ele>
      </trkpt>
      <trkpt lat="47.300436752604384" lon="11.026086194493388">
        <ele>995.6589212740729</ele>
      </trkpt>
      <trkpt lat="47.30053066490083" lon="11.026363159225468">
        <ele>989.3783564258374</ele>
      </trkpt>
      <trkpt lat="47.30058231659237" lon="11.026750909849795">
        <ele>981.7406896313234</ele>
      </trkpt>
      <trkpt lat="47.30052596928985" lon="11.026924012806688">
        <ele>979.6400778662414</ele>
      </trkpt>
      <trkpt lat="47.30039918763927" lon="11.027145584592631">
        <ele>979.044208436095</ele>
      </trkpt>
      <trkpt lat="47.30041797012515" lon="11.02736023226015">
        <ele>977.2912374490526</ele>
      </trkpt>
      <trkpt lat="47.300571" lon="11.027724">
        <ele>972.25</ele>
      </trkpt>
      <trkpt lat="47.300712" lon="11.028513">
        <ele>967.75</ele>
      </trkpt>
      <trkpt lat="47.300887" lon="11.029393">
        <ele>963.75</ele>
      </trkpt>
      <trkpt lat="47.301161" lon="11.030134">
        <ele>956</ele>
      </trkpt>
      <trkpt lat="47.301335" lon="11.030605">
        <ele>952.5</ele>
      </trkpt>
      <trkpt lat="47.301447" lon="11.031059">
        <ele>949.5</ele>
      </trkpt>
      <trkpt lat="47.301447" lon="11.031487">
        <ele>945.75</ele>
      </trkpt>
      <trkpt lat="47.301683" lon="11.032089">
        <ele>937.75</ele>
      </trkpt>
      <trkpt lat="47.301694" lon="11.032359">
        <ele>933.75</ele>
      </trkpt>
      <trkpt lat="47.301647" lon="11.032522">
        <ele>931</ele>
      </trkpt>
      <trkpt lat="47.301465" lon="11.033161">
        <ele>920.25</ele>
      </trkpt>
      <trkpt lat="47.301431" lon="11.033322">
        <ele>917.25</ele>
      </trkpt>
      <trkpt lat="47.301324" lon="11.033697">
        <ele>913.25</ele>
      </trkpt>
      <trkpt lat="47.301096" lon="11.033999">
        <ele>911</ele>
      </trkpt>
      <trkpt lat="47.301044" lon="11.034179">
        <ele>909.5</ele>
      </trkpt>
      <trkpt lat="47.301092" lon="11.034334">
        <ele>909.0596751756177</ele>
      </trkpt>
      <trkpt lat="47.300931642038535" lon="11.034617902087831">
        <ele>908.8383015230764</ele>
      </trkpt>
      <trkpt lat="47.30091755531129" lon="11.034860246229073">
        <ele>907.400947599067</ele>
      </trkpt>
      <trkpt lat="47.30084242603763" lon="11.035178755670415">
        <ele>907.2396794323821</ele>
      </trkpt>
      <trkpt lat="47.30065929798499" lon="11.035400327455022">
        <ele>908.9419356060218</ele>
      </trkpt>
      <trkpt lat="47.30050434298363" lon="11.035573430413251">
        <ele>910.5113084889488</ele>
      </trkpt>
      <trkpt lat="47.30036347440674" lon="11.036065042811458">
        <ele>913.1422376605216</ele>
      </trkpt>
      <trkpt lat="47.30042921312278" lon="11.03650818638198">
        <ele>912.453661241847</ele>
      </trkpt>
      <trkpt lat="47.30051822820275" lon="11.036888039309247">
        <ele>910.5991165177801</ele>
      </trkpt>
      <trkpt lat="47.30049475013877" lon="11.037275789933574">
        <ele>907.6303947530232</ele>
      </trkpt>
      <trkpt lat="47.30051822820275" lon="11.03766354055793">
        <ele>904.6176089377846</ele>
      </trkpt>
      <trkpt lat="47.30081157305992" lon="11.038166080132399">
        <ele>903.3529196286586</ele>
      </trkpt>
      <trkpt lat="47.30083752883732" lon="11.038210545903695">
        <ele>903.3384927832531</ele>
      </trkpt>
      <trkpt lat="47.30090326696393" lon="11.038328255914422">
        <ele>903.3792066292161</ele>
      </trkpt>
      <trkpt lat="47.30092204927075" lon="11.038432117688245">
        <ele>903.2126116746114</ele>
      </trkpt>
      <trkpt lat="47.301123958648304" lon="11.038667537711092">
        <ele>904.2929784218938</ele>
      </trkpt>
      <trkpt lat="47.3012178697241" lon="11.038986047152406">
        <ele>906.9698619897075</ele>
      </trkpt>
      <trkpt lat="47.3012178697241" lon="11.039179922464626">
        <ele>908.1601118592005</ele>
      </trkpt>
      <trkpt lat="47.30122256527312" lon="11.03935302542152">
        <ele>907.4294098609372</ele>
      </trkpt>
      <trkpt lat="47.301382213704784" lon="11.03935302542152">
        <ele>907.0857034069963</ele>
      </trkpt>
      <trkpt lat="47.30148081984839" lon="11.039380721895213">
        <ele>906.5236888258721</ele>
      </trkpt>
      <trkpt lat="47.301551252694935" lon="11.03953305249675">
        <ele>905.9378138747071</ele>
      </trkpt>
      <trkpt lat="47.30187054709114" lon="11.039941575476519">
        <ele>900.9246981486178</ele>
      </trkpt>
      <trkpt lat="47.30200671617348" lon="11.04002466489635">
        <ele>898.0684600496672</ele>
      </trkpt>
      <trkpt lat="47.302020802610116" lon="11.040142374907077">
        <ele>896.8180467647046</ele>
      </trkpt>
      <trkpt lat="47.302086539265446" lon="11.040246236680957">
        <ele>894.1885489781489</ele>
      </trkpt>
      <trkpt lat="47.30207714831948" lon="11.040495504939258">
        <ele>891.6852678895722</ele>
      </trkpt>
      <trkpt lat="47.30213349396922" lon="11.040730924962105">
        <ele>889.3714153903907</ele>
      </trkpt>
      <trkpt lat="47.30210062568071" lon="11.041077130875834">
        <ele>892.4409563554166</ele>
      </trkpt>
      <trkpt lat="47.30204427999638" lon="11.041222537360284">
        <ele>893.8599279019519</ele>
      </trkpt>
      <trkpt lat="47.302020802610116" lon="11.041402564435629">
        <ele>894.7840494069048</ele>
      </trkpt>
      <trkpt lat="47.301978543288556" lon="11.04152027444772">
        <ele>893.7841532274616</ele>
      </trkpt>
      <trkpt lat="47.30208134193208" lon="11.041818617649966">
        <ele>887.8614543925953</ele>
      </trkpt>
      <trkpt lat="47.30212360117142" lon="11.042005568843706">
        <ele>881.1820048929897</ele>
      </trkpt>
      <trkpt lat="47.30221281501039" lon="11.04214405120976">
        <ele>874.9515978580079</ele>
      </trkpt>
      <trkpt lat="47.30217994677122" lon="11.042511029478845">
        <ele>863.9932994690498</ele>
      </trkpt>
      <trkpt lat="47.30208134193208" lon="11.042628739489544">
        <ele>861.8479272882615</ele>
      </trkpt>
      <trkpt lat="47.30208134193208" lon="11.042787994210926">
        <ele>857.4389190660797</ele>
      </trkpt>
      <trkpt lat="47.302189337698906" lon="11.042898780103172">
        <ele>852.8663496832839</ele>
      </trkpt>
      <trkpt lat="47.302236292310994" lon="11.043037262469227">
        <ele>848.9727552608072</ele>
      </trkpt>
      <trkpt lat="47.30230202869831" lon="11.043224213662995">
        <ele>844.2990771947433</ele>
      </trkpt>
      <trkpt lat="47.30221751047105" lon="11.043286530727556">
        <ele>845.044246160356</ele>
      </trkpt>
      <trkpt lat="47.30221751047105" lon="11.043418088975159">
        <ele>842.1071219731132</ele>
      </trkpt>
      <trkpt lat="47.30212829664006" lon="11.043584267814936">
        <ele>839.3485308517598</ele>
      </trkpt>
      <trkpt lat="47.30203908265844" lon="11.043715826062595">
        <ele>834.8461541775697</ele>
      </trkpt>
      <trkpt lat="47.30188413170157" lon="11.043757370771829">
        <ele>831.9149913938259</ele>
      </trkpt>
      <trkpt lat="47.30172448478558" lon="11.043819687836361">
        <ele>826.6989440107676</ele>
      </trkpt>
      <trkpt lat="47.301682225227154" lon="11.04391662549179">
        <ele>821.7450833154322</ele>
      </trkpt>
      <trkpt lat="47.301541359788246" lon="11.043999714911706">
        <ele>816.3001882361791</ele>
      </trkpt>
      <trkpt lat="47.301395798440694" lon="11.043930473728665">
        <ele>816.0827609118841</ele>
      </trkpt>
      <trkpt lat="47.30129719213855" lon="11.043778143127128">
        <ele>818.9720639724163</ele>
      </trkpt>
      <trkpt lat="47.30119858565294" lon="11.043736598416501">
        <ele>817.8939970959054</ele>
      </trkpt>
      <trkpt lat="47.300912156246255" lon="11.043798915481148">
        <ele>807.4057789144085</ele>
      </trkpt>
      <trkpt lat="47.30073617307161" lon="11.043742741125016">
        <ele>804.5438265641226</ele>
      </trkpt>
      <trkpt lat="47.3005201753804" lon="11.043881223491098">
        <ele>792.9077640730895</ele>
      </trkpt>
      <trkpt lat="47.30036991559652" lon="11.043964312909594">
        <ele>786.5402363939897</ele>
      </trkpt>
      <trkpt lat="47.300261916113016" lon="11.044068174684838">
        <ele>781.1852455829044</ele>
      </trkpt>
      <trkpt lat="47.300116351242394" lon="11.043881223491098">
        <ele>779.2080363676421</ele>
      </trkpt>
      <trkpt lat="47.29998956860959" lon="11.043867375254223">
        <ele>774.3056090159351</ele>
      </trkpt>
      <trkpt lat="47.29990974235156" lon="11.043985085264922">
        <ele>767.64641175521</ele>
      </trkpt>
      <trkpt lat="47.29983461164531" lon="11.044075098803262">
        <ele>761.2829681462001</ele>
      </trkpt>
      <trkpt lat="47.29972191538599" lon="11.04419973293244">
        <ele>750.4673877204958</ele>
      </trkpt>
      <trkpt lat="47.29967965422688" lon="11.044442077072318">
        <ele>741.8503961674883</ele>
      </trkpt>
      <trkpt lat="47.29951530495376" lon="11.044414380598568">
        <ele>732.6532463528025</ele>
      </trkpt>
      <trkpt lat="47.29944754499536" lon="11.044306943868293">
        <ele>730.5920248494925</ele>
      </trkpt>
      <trkpt lat="47.299344239344066" lon="11.044341564460495">
        <ele>725.2549572624071</ele>
      </trkpt>
      <trkpt lat="47.299278499278984" lon="11.044286171512937">
        <ele>722.6004386775693</ele>
      </trkpt>
      <trkpt lat="47.29918928048846" lon="11.04447312270807">
        <ele>717.6521266401791</ele>
      </trkpt>
      <trkpt lat="47.29910945302166" lon="11.044403881525028">
        <ele>713.5884347419881</ele>
      </trkpt>
      <trkpt lat="47.29907188711354" lon="11.044528515654207">
        <ele>711.4174038648375</ele>
      </trkpt>
      <trkpt lat="47.29894510197613" lon="11.044542363889718">
        <ele>703.4813909131576</ele>
      </trkpt>
      <trkpt lat="47.298818316534664" lon="11.044563136245074">
        <ele>694.5965317905423</ele>
      </trkpt>
      <trkpt lat="47.298804229244354" lon="11.044722390966427">
        <ele>694.5896779147918</ele>
      </trkpt>
      <trkpt lat="47.29879014195072" lon="11.044902418041715">
        <ele>694.143444116854</ele>
      </trkpt>
      <trkpt lat="47.29890753595117" lon="11.045366333967536">
        <ele>698.6602953270321</ele>
      </trkpt>
      <trkpt lat="47.29905670414168" lon="11.0459918339764">
        <ele>700.368857020335</ele>
      </trkpt>
      <trkpt lat="47.299057799891216" lon="11.045996428731769">
        <ele>700.3335005632821</ele>
      </trkpt>
      <trkpt lat="47.299075" lon="11.045967">
        <ele>707.75</ele>
      </trkpt>
      <trkpt lat="47.299235" lon="11.046187">
        <ele>713.75</ele>
      </trkpt>
      <trkpt lat="47.29938" lon="11.046466">
        <ele>716.5</ele>
      </trkpt>
      <trkpt lat="47.29936" lon="11.046781">
        <ele>711.25</ele>
      </trkpt>
      <trkpt lat="47.299439" lon="11.047174">
        <ele>711</ele>
      </trkpt>
      <trkpt lat="47.299526" lon="11.047432">
        <ele>712.25</ele>
      </trkpt>
      <trkpt lat="47.299628" lon="11.047861">
        <ele>710.75</ele>
      </trkpt>
      <trkpt lat="47.300079" lon="11.048119">
        <ele>722</ele>
      </trkpt>
      <trkpt lat="47.300268" lon="11.048505">
        <ele>719.75</ele>
      </trkpt>
      <trkpt lat="47.300617" lon="11.048955">
        <ele>719.25</ele>
      </trkpt>
      <trkpt lat="47.300727" lon="11.049338">
        <ele>715.25</ele>
      </trkpt>
      <trkpt lat="47.300795" lon="11.04941">
        <ele>716</ele>
      </trkpt>
      <trkpt lat="47.300828" lon="11.049445">
        <ele>716.5</ele>
      </trkpt>
      <trkpt lat="47.30101" lon="11.049725">
        <ele>714</ele>
      </trkpt>
      <trkpt lat="47.301046" lon="11.049873">
        <ele>712</ele>
      </trkpt>
      <trkpt lat="47.301401" lon="11.049855">
        <ele>713.25</ele>
      </trkpt>
      <trkpt lat="47.301571" lon="11.049787">
        <ele>715.25</ele>
      </trkpt>
      <trkpt lat="47.301697" lon="11.049787">
        <ele>716</ele>
      </trkpt>
      <trkpt lat="47.301838" lon="11.049991">
        <ele>714.75</ele>
      </trkpt>
      <trkpt lat="47.301961" lon="11.050356">
        <ele>712.75</ele>
      </trkpt>
      <trkpt lat="47.301968" lon="11.050665">
        <ele>709.25</ele>
      </trkpt>
      <trkpt lat="47.301947" lon="11.05087">
        <ele>706.25</ele>
      </trkpt>
      <trkpt lat="47.301942" lon="11.051026">
        <ele>704.75</ele>
      </trkpt>
      <trkpt lat="47.301945" lon="11.051109">
        <ele>704.25</ele>
      </trkpt>
      <trkpt lat="47.302039" lon="11.051579">
        <ele>701.75</ele>
      </trkpt>
      <trkpt lat="47.302041" lon="11.051648">
        <ele>701</ele>
      </trkpt>
      <trkpt lat="47.302024" lon="11.051723">
        <ele>699.5</ele>
      </trkpt>
      <trkpt lat="47.302141" lon="11.051813">
        <ele>699.25</ele>
      </trkpt>
      <trkpt lat="47.302369" lon="11.051831">
        <ele>701.75</ele>
      </trkpt>
      <trkpt lat="47.302557" lon="11.051875">
        <ele>702.5</ele>
      </trkpt>
      <trkpt lat="47.30262" lon="11.051891">
        <ele>703</ele>
      </trkpt>
      <trkpt lat="47.302908" lon="11.052088">
        <ele>701</ele>
      </trkpt>
      <trkpt lat="47.30301" lon="11.052084">
        <ele>701.75</ele>
      </trkpt>
      <trkpt lat="47.303084" lon="11.052018">
        <ele>703.75</ele>
      </trkpt>
      <trkpt lat="47.303215" lon="11.051934">
        <ele>706.5</ele>
      </trkpt>
      <trkpt lat="47.303354" lon="11.051724">
        <ele>711.75</ele>
      </trkpt>
      <trkpt lat="47.303554" lon="11.051697">
        <ele>713.75</ele>
      </trkpt>
      <trkpt lat="47.303602" lon="11.051692">
        <ele>714.25</ele>
      </trkpt>
      <trkpt lat="47.30374" lon="11.051725">
        <ele>714.5</ele>
      </trkpt>
      <trkpt lat="47.304082" lon="11.051934">
        <ele>711</ele>
      </trkpt>
      <trkpt lat="47.304488" lon="11.051906">
        <ele>715</ele>
      </trkpt>
      <trkpt lat="47.30475" lon="11.051985">
        <ele>715</ele>
      </trkpt>
      <trkpt lat="47.30494" lon="11.052101">
        <ele>713.25</ele>
      </trkpt>
      <trkpt lat="47.304952" lon="11.052108">
        <ele>713.25</ele>
      </trkpt>
      <trkpt lat="47.305203" lon="11.052249">
        <ele>712.25</ele>
      </trkpt>
      <trkpt lat="47.305504" lon="11.052392">
        <ele>713</ele>
      </trkpt>
      <trkpt lat="47.305563" lon="11.052477">
        <ele>712.25</ele>
      </trkpt>
      <trkpt lat="47.305621" lon="11.052563">
        <ele>711.5</ele>
      </trkpt>
      <trkpt lat="47.305734" lon="11.052834">
        <ele>708.5</ele>
      </trkpt>
      <trkpt lat="47.30578" lon="11.05306">
        <ele>705.25</ele>
      </trkpt>
      <trkpt lat="47.305883" lon="11.053367">
        <ele>703</ele>
      </trkpt>
      <trkpt lat="47.305992" lon="11.053539">
        <ele>704.25</ele>
      </trkpt>
      <trkpt lat="47.306011" lon="11.053568">
        <ele>704.5</ele>
      </trkpt>
      <trkpt lat="47.306074" lon="11.053806">
        <ele>703.5</ele>
      </trkpt>
      <trkpt lat="47.306074" lon="11.053804">
        <ele>703.5</ele>
      </trkpt>
      <trkpt lat="47.306335" lon="11.054774">
        <ele>699.5</ele>
      </trkpt>
      <trkpt lat="47.30642" lon="11.055054">
        <ele>699.25</ele>
      </trkpt>
      <trkpt lat="47.306419" lon="11.055053">
        <ele>699.25</ele>
      </trkpt>
      <trkpt lat="47.306458" lon="11.05518">
        <ele>699.25</ele>
      </trkpt>
      <trkpt lat="47.306597" lon="11.055531">
        <ele>699.5</ele>
      </trkpt>
      <trkpt lat="47.306716" lon="11.055709">
        <ele>700.25</ele>
      </trkpt>
      <trkpt lat="47.306828" lon="11.05583">
        <ele>700.75</ele>
      </trkpt>
      <trkpt lat="47.306932" lon="11.056024">
        <ele>700</ele>
      </trkpt>
      <trkpt lat="47.306978" lon="11.056088">
        <ele>699.75</ele>
      </trkpt>
      <trkpt lat="47.306959" lon="11.056279">
        <ele>696.75</ele>
      </trkpt>
      <trkpt lat="47.306982" lon="11.056305">
        <ele>696.75</ele>
      </trkpt>
      <trkpt lat="47.307048" lon="11.056376">
        <ele>696.75</ele>
      </trkpt>
      <trkpt lat="47.307295" lon="11.056804">
        <ele>695</ele>
      </trkpt>
      <trkpt lat="47.307434" lon="11.056946">
        <ele>696</ele>
      </trkpt>
      <trkpt lat="47.307447" lon="11.056996">
        <ele>695.5</ele>
      </trkpt>
      <trkpt lat="47.307572" lon="11.057476">
        <ele>692.75</ele>
      </trkpt>
      <trkpt lat="47.307607" lon="11.057909">
        <ele>690.75</ele>
      </trkpt>
      <trkpt lat="47.307616" lon="11.058056">
        <ele>690</ele>
      </trkpt>
      <trkpt lat="47.307589" lon="11.058704">
        <ele>686.25</ele>
      </trkpt>
      <trkpt lat="47.307704" lon="11.058679">
        <ele>686.25</ele>
      </trkpt>
      <trkpt lat="47.307743" lon="11.058838">
        <ele>685.25</ele>
      </trkpt>
      <trkpt lat="47.307809" lon="11.059041">
        <ele>684</ele>
      </trkpt>
      <trkpt lat="47.307827" lon="11.05911">
        <ele>683.5</ele>
      </trkpt>
      <trkpt lat="47.30784" lon="11.059198">
        <ele>683.25</ele>
      </trkpt>
      <trkpt lat="47.307859" lon="11.059482">
        <ele>683</ele>
      </trkpt>
      <trkpt lat="47.307909" lon="11.060185">
        <ele>682.5</ele>
      </trkpt>
      <trkpt lat="47.307971" lon="11.060998">
        <ele>681</ele>
      </trkpt>
      <trkpt lat="47.307993" lon="11.061274">
        <ele>679.75</ele>
      </trkpt>
      <trkpt lat="47.307999" lon="11.061351">
        <ele>679.5</ele>
      </trkpt>
      <trkpt lat="47.308016" lon="11.061569">
        <ele>678.5</ele>
      </trkpt>
      <trkpt lat="47.308044" lon="11.061772">
        <ele>677.75</ele>
      </trkpt>
      <trkpt lat="47.308054" lon="11.061858">
        <ele>677.25</ele>
      </trkpt>
      <trkpt lat="47.308147" lon="11.062388">
        <ele>675</ele>
      </trkpt>
      <trkpt lat="47.308172" lon="11.062476">
        <ele>674.5</ele>
      </trkpt>
      <trkpt lat="47.308184" lon="11.062497">
        <ele>674.5</ele>
      </trkpt>
      <trkpt lat="47.3082" lon="11.062524">
        <ele>674.5</ele>
      </trkpt>
      <trkpt lat="47.30826" lon="11.062578">
        <ele>674.25</ele>
      </trkpt>
      <trkpt lat="47.308558" lon="11.062691">
        <ele>672.25</ele>
      </trkpt>
      <trkpt lat="47.308687" lon="11.062783">
        <ele>671</ele>
      </trkpt>
      <trkpt lat="47.308821" lon="11.063">
        <ele>670</ele>
      </trkpt>
      <trkpt lat="47.309044" lon="11.063385">
        <ele>669.5</ele>
      </trkpt>
      <trkpt lat="47.309089" lon="11.063371">
        <ele>669.25</ele>
      </trkpt>
      <trkpt lat="47.309089" lon="11.063168">
        <ele>668.75</ele>
      </trkpt>
      <trkpt lat="47.309302" lon="11.063688">
        <ele>668.5</ele>
      </trkpt>
      <trkpt lat="47.309302" lon="11.06343">
        <ele>667</ele>
      </trkpt>
      <trkpt lat="47.309346" lon="11.063424">
        <ele>666</ele>
      </trkpt>
      <trkpt lat="47.309361" lon="11.063422">
        <ele>665.75</ele>
      </trkpt>
      <trkpt lat="47.309448" lon="11.063611">
        <ele>665</ele>
      </trkpt>
      <trkpt lat="47.309471" lon="11.063828">
        <ele>665.5</ele>
      </trkpt>
      <trkpt lat="47.309582" lon="11.064383">
        <ele>662</ele>
      </trkpt>
      <trkpt lat="47.30962" lon="11.064863">
        <ele>657.5</ele>
      </trkpt>
      <trkpt lat="47.309691" lon="11.065152">
        <ele>654.25</ele>
      </trkpt>
      <trkpt lat="47.309728" lon="11.065216">
        <ele>653.5</ele>
      </trkpt>
      <trkpt lat="47.309782" lon="11.065371">
        <ele>652</ele>
      </trkpt>
      <trkpt lat="47.309801" lon="11.065379">
        <ele>651.75</ele>
      </trkpt>
      <trkpt lat="47.309825" lon="11.06539">
        <ele>651.25</ele>
      </trkpt>
      <trkpt lat="47.309859" lon="11.065405">
        <ele>650.75</ele>
      </trkpt>
      <trkpt lat="47.309877" lon="11.065413">
        <ele>650.5</ele>
      </trkpt>
      <trkpt lat="47.309908" lon="11.065458">
        <ele>650.5</ele>
      </trkpt>
      <trkpt lat="47.309892" lon="11.065475">
        <ele>650.5</ele>
      </trkpt>
      <trkpt lat="47.309684" lon="11.065703">
        <ele>650.5</ele>
      </trkpt>
      <trkpt lat="47.309805" lon="11.065781">
        <ele>649.5</ele>
      </trkpt>
      <trkpt lat="47.310068" lon="11.065951">
        <ele>649.75</ele>
      </trkpt>
      <trkpt lat="47.310159" lon="11.066015">
        <ele>650.5</ele>
      </trkpt>
      <trkpt lat="47.310243" lon="11.066159">
        <ele>651.25</ele>
      </trkpt>
      <trkpt lat="47.310274" lon="11.066241">
        <ele>651.75</ele>
      </trkpt>
      <trkpt lat="47.310308" lon="11.06633">
        <ele>652</ele>
      </trkpt>
      <trkpt lat="47.310343" lon="11.066425">
        <ele>652.5</ele>
      </trkpt>
      <trkpt lat="47.310519" lon="11.06689">
        <ele>653.5</ele>
      </trkpt>
      <trkpt lat="47.310701" lon="11.06737">
        <ele>653.5</ele>
      </trkpt>
      <trkpt lat="47.310555" lon="11.067478">
        <ele>653</ele>
      </trkpt>
      <trkpt lat="47.310418" lon="11.06765">
        <ele>652.25</ele>
      </trkpt>
      <trkpt lat="47.310429" lon="11.067675">
        <ele>652.25</ele>
      </trkpt>
      <trkpt lat="47.310488" lon="11.067808">
        <ele>652.25</ele>
      </trkpt>
      <trkpt lat="47.310702" lon="11.068495">
        <ele>652</ele>
      </trkpt>
      <trkpt lat="47.310751" lon="11.068672">
        <ele>651.75</ele>
      </trkpt>
      <trkpt lat="47.31074" lon="11.068833">
        <ele>651.25</ele>
      </trkpt>
      <trkpt lat="47.310837" lon="11.068991">
        <ele>651.25</ele>
      </trkpt>
      <trkpt lat="47.311047" lon="11.069569">
        <ele>648.25</ele>
      </trkpt>
      <trkpt lat="47.311083" lon="11.069625">
        <ele>647.75</ele>
      </trkpt>
      <trkpt lat="47.311108" lon="11.069663">
        <ele>647.75</ele>
      </trkpt>
      <trkpt lat="47.311376" lon="11.069923">
        <ele>646.25</ele>
      </trkpt>
      <trkpt lat="47.311746" lon="11.070274">
        <ele>645</ele>
      </trkpt>
      <trkpt lat="47.311816" lon="11.07029">
        <ele>645.25</ele>
      </trkpt>
      <trkpt lat="47.311837" lon="11.070296">
        <ele>645.25</ele>
      </trkpt>
      <trkpt lat="47.311943" lon="11.07029">
        <ele>645.5</ele>
      </trkpt>
      <trkpt lat="47.312112" lon="11.070223">
        <ele>646.25</ele>
      </trkpt>
      <trkpt lat="47.312267" lon="11.071007">
        <ele>645</ele>
      </trkpt>
      <trkpt lat="47.312284" lon="11.07108">
        <ele>645.25</ele>
      </trkpt>
      <trkpt lat="47.312612" lon="11.072696">
        <ele>651.25</ele>
      </trkpt>
      <trkpt lat="47.312723" lon="11.073245">
        <ele>652.75</ele>
      </trkpt>
      <trkpt lat="47.312704" lon="11.073254">
        <ele>652.5</ele>
      </trkpt>
      <trkpt lat="47.312723" lon="11.073245">
        <ele>652.75</ele>
      </trkpt>
      <trkpt lat="47.31293" lon="11.073155">
        <ele>653.5</ele>
      </trkpt>
      <trkpt lat="47.313302" lon="11.072983">
        <ele>654</ele>
      </trkpt>
      <trkpt lat="47.313408" lon="11.07333">
        <ele>656.75</ele>
      </trkpt>
      <trkpt lat="47.313613" lon="11.074004">
        <ele>662</ele>
      </trkpt>
      <trkpt lat="47.313676" lon="11.074332">
        <ele>664</ele>
      </trkpt>
      <trkpt lat="47.313701" lon="11.074468">
        <ele>665</ele>
      </trkpt>
      <trkpt lat="47.313864" lon="11.075619">
        <ele>671</ele>
      </trkpt>
      <trkpt lat="47.314078" lon="11.076404">
        <ele>675</ele>
      </trkpt>
      <trkpt lat="47.314127" lon="11.076502">
        <ele>676</ele>
      </trkpt>
      <trkpt lat="47.314151" lon="11.076537">
        <ele>676.25</ele>
      </trkpt>
      <trkpt lat="47.314185" lon="11.076587">
        <ele>676.75</ele>
      </trkpt>
      <trkpt lat="47.314136" lon="11.076935">
        <ele>676.75</ele>
      </trkpt>
      <trkpt lat="47.314086" lon="11.077247">
        <ele>676.25</ele>
      </trkpt>
      <trkpt lat="47.314073" lon="11.077324">
        <ele>676.25</ele>
      </trkpt>
      <trkpt lat="47.313955" lon="11.077963">
        <ele>674</ele>
      </trkpt>
      <trkpt lat="47.313937" lon="11.07803">
        <ele>673.5</ele>
      </trkpt>
      <trkpt lat="47.313884" lon="11.078227">
        <ele>672.5</ele>
      </trkpt>
      <trkpt lat="47.313829" lon="11.078432">
        <ele>671.5</ele>
      </trkpt>
      <trkpt lat="47.313774" lon="11.078637">
        <ele>670.5</ele>
      </trkpt>
      <trkpt lat="47.31367" lon="11.079003">
        <ele>668.25</ele>
      </trkpt>
      <trkpt lat="47.313455" lon="11.079822">
        <ele>662.75</ele>
      </trkpt>
      <trkpt lat="47.313428" lon="11.079914">
        <ele>662.25</ele>
      </trkpt>
      <trkpt lat="47.313333" lon="11.08017">
        <ele>660.75</ele>
      </trkpt>
      <trkpt lat="47.313441" lon="11.080376">
        <ele>661.5</ele>
      </trkpt>
      <trkpt lat="47.313527" lon="11.080688">
        <ele>661.75</ele>
      </trkpt>
      <trkpt lat="47.31361" lon="11.080995">
        <ele>661.75</ele>
      </trkpt>
      <trkpt lat="47.313792" lon="11.081679">
        <ele>661.75</ele>
      </trkpt>
      <trkpt lat="47.313876" lon="11.081985">
        <ele>661.75</ele>
      </trkpt>
      <trkpt lat="47.313954" lon="11.082271">
        <ele>661.75</ele>
      </trkpt>
      <trkpt lat="47.314052" lon="11.082606">
        <ele>662.25</ele>
      </trkpt>
      <trkpt lat="47.314092" lon="11.082764">
        <ele>662.75</ele>
      </trkpt>
      <trkpt lat="47.314237" lon="11.083299">
        <ele>663.5</ele>
      </trkpt>
      <trkpt lat="47.31432" lon="11.083605">
        <ele>662.75</ele>
      </trkpt>
      <trkpt lat="47.314499" lon="11.084296">
        <ele>660.75</ele>
      </trkpt>
      <trkpt lat="47.314464" lon="11.084478">
        <ele>660</ele>
      </trkpt>
      <trkpt lat="47.314494" lon="11.084733">
        <ele>659.25</ele>
      </trkpt>
      <trkpt lat="47.314454" lon="11.084965">
        <ele>658</ele>
      </trkpt>
      <trkpt lat="47.314556" lon="11.08564">
        <ele>656.25</ele>
      </trkpt>
      <trkpt lat="47.314627" lon="11.086043">
        <ele>656</ele>
      </trkpt>
      <trkpt lat="47.314825" lon="11.086812">
        <ele>656</ele>
      </trkpt>
      <trkpt lat="47.314852" lon="11.086918">
        <ele>655.75</ele>
      </trkpt>
      <trkpt lat="47.314951" lon="11.087231">
        <ele>655</ele>
      </trkpt>
      <trkpt lat="47.315101" lon="11.087708">
        <ele>653.25</ele>
      </trkpt>
      <trkpt lat="47.315325" lon="11.088345">
        <ele>651</ele>
      </trkpt>
      <trkpt lat="47.315365" lon="11.088458">
        <ele>650.5</ele>
      </trkpt>
      <trkpt lat="47.315436" lon="11.088754">
        <ele>649</ele>
      </trkpt>
      <trkpt lat="47.315519" lon="11.089245">
        <ele>646.5</ele>
      </trkpt>
      <trkpt lat="47.315548" lon="11.089358">
        <ele>646</ele>
      </trkpt>
      <trkpt lat="47.315589" lon="11.089518">
        <ele>645.5</ele>
      </trkpt>
      <trkpt lat="47.315649" lon="11.089696">
        <ele>645</ele>
      </trkpt>
      <trkpt lat="47.315937" lon="11.090314">
        <ele>644.25</ele>
      </trkpt>
      <trkpt lat="47.315988" lon="11.090445">
        <ele>643.75</ele>
      </trkpt>
      <trkpt lat="47.316133" lon="11.090929">
        <ele>642</ele>
      </trkpt>
      <trkpt lat="47.316169" lon="11.091045">
        <ele>641.75</ele>
      </trkpt>
      <trkpt lat="47.316191" lon="11.091114">
        <ele>641.75</ele>
      </trkpt>
      <trkpt lat="47.31617" lon="11.091131">
        <ele>641.5</ele>
      </trkpt>
      <trkpt lat="47.316138" lon="11.091181">
        <ele>641.5</ele>
      </trkpt>
      <trkpt lat="47.316122" lon="11.091246">
        <ele>641.25</ele>
      </trkpt>
      <trkpt lat="47.316121" lon="11.091281">
        <ele>641.25</ele>
      </trkpt>
      <trkpt lat="47.316137" lon="11.091358">
        <ele>641</ele>
      </trkpt>
      <trkpt lat="47.316176" lon="11.091415">
        <ele>641</ele>
      </trkpt>
      <trkpt lat="47.316206" lon="11.091434">
        <ele>641</ele>
      </trkpt>
      <trkpt lat="47.316275" lon="11.091549">
        <ele>640.75</ele>
      </trkpt>
      <trkpt lat="47.316316" lon="11.091681">
        <ele>640.5</ele>
      </trkpt>
      <trkpt lat="47.316361" lon="11.091757">
        <ele>640.5</ele>
      </trkpt>
      <trkpt lat="47.316434" lon="11.092">
        <ele>641</ele>
      </trkpt>
      <trkpt lat="47.316533" lon="11.092304">
        <ele>641.75</ele>
      </trkpt>
    </trkseg>
  </trk>
  <trk>
    <name>Segment 2</name>
    <trkseg>
      <name>Segment 2</name>
      <desc>distance: 11.7km, elevation_gain: 411m, elevation_loss: 990m, est_duration_moving: 01:16, est_duration_incl_pauses: 01:29, avg_km_per_hour: 7.9, avg_km_hr_moving: 9.2</desc>
      <trkpt lat="47.335177" lon="11.106784">
        <ele>1203.75</ele>
      </trkpt>
      <trkpt lat="47.335004" lon="11.10683">
        <ele>1202.75</ele>
      </trkpt>
      <trkpt lat="47.335126" lon="11.106721">
        <ele>1202.25</ele>
      </trkpt>
      <trkpt lat="47.335351" lon="11.106632">
        <ele>1203.25</ele>
      </trkpt>
      <trkpt lat="47.335384" lon="11.106629">
        <ele>1203.5</ele>
      </trkpt>
      <trkpt lat="47.335389" lon="11.106539">
        <ele>1202</ele>
      </trkpt>
      <trkpt lat="47.335375" lon="11.10647">
        <ele>1200.75</ele>
      </trkpt>
      <trkpt lat="47.335331" lon="11.106317">
        <ele>1198.25</ele>
      </trkpt>
      <trkpt lat="47.335253" lon="11.106132">
        <ele>1195.25</ele>
      </trkpt>
      <trkpt lat="47.334973" lon="11.105544">
        <ele>1184.5</ele>
      </trkpt>
      <trkpt lat="47.334953" lon="11.105442">
        <ele>1181.75</ele>
      </trkpt>
      <trkpt lat="47.334978" lon="11.105381">
        <ele>1180.75</ele>
      </trkpt>
      <trkpt lat="47.335018" lon="11.105343">
        <ele>1180</ele>
      </trkpt>
      <trkpt lat="47.335067" lon="11.105314">
        <ele>1179</ele>
      </trkpt>
      <trkpt lat="47.335124" lon="11.105212">
        <ele>1176.25</ele>
      </trkpt>
      <trkpt lat="47.335136" lon="11.105099">
        <ele>1173.25</ele>
      </trkpt>
      <trkpt lat="47.335146" lon="11.104852">
        <ele>1166.25</ele>
      </trkpt>
      <trkpt lat="47.335147" lon="11.104764">
        <ele>1163.5</ele>
      </trkpt>
      <trkpt lat="47.33514" lon="11.104651">
        <ele>1160</ele>
      </trkpt>
      <trkpt lat="47.335131" lon="11.104538">
        <ele>1156.75</ele>
      </trkpt>
      <trkpt lat="47.335131" lon="11.104332">
        <ele>1150.25</ele>
      </trkpt>
      <trkpt lat="47.335087" lon="11.104235">
        <ele>1148.25</ele>
      </trkpt>
      <trkpt lat="47.335035" lon="11.104182">
        <ele>1147.5</ele>
      </trkpt>
      <trkpt lat="47.334927" lon="11.104066">
        <ele>1143.25</ele>
      </trkpt>
      <trkpt lat="47.334869" lon="11.104007">
        <ele>1141</ele>
      </trkpt>
      <trkpt lat="47.334798" lon="11.103943">
        <ele>1139</ele>
      </trkpt>
      <trkpt lat="47.334528" lon="11.103495">
        <ele>1128</ele>
      </trkpt>
      <trkpt lat="47.334382" lon="11.103326">
        <ele>1127.75</ele>
      </trkpt>
      <trkpt lat="47.334204" lon="11.103219">
        <ele>1129.25</ele>
      </trkpt>
      <trkpt lat="47.334104" lon="11.103184">
        <ele>1128</ele>
      </trkpt>
      <trkpt lat="47.334013" lon="11.103165">
        <ele>1125.5</ele>
      </trkpt>
      <trkpt lat="47.333968" lon="11.10313">
        <ele>1123.25</ele>
      </trkpt>
      <trkpt lat="47.333888" lon="11.103015">
        <ele>1117.75</ele>
      </trkpt>
      <trkpt lat="47.333851" lon="11.103015">
        <ele>1117.25</ele>
      </trkpt>
      <trkpt lat="47.33382" lon="11.103026">
        <ele>1117.25</ele>
      </trkpt>
      <trkpt lat="47.333791" lon="11.103071">
        <ele>1118.5</ele>
      </trkpt>
      <trkpt lat="47.333771" lon="11.103074">
        <ele>1118.25</ele>
      </trkpt>
      <trkpt lat="47.333759" lon="11.103039">
        <ele>1117</ele>
      </trkpt>
      <trkpt lat="47.333753" lon="11.102985">
        <ele>1115</ele>
      </trkpt>
      <trkpt lat="47.33376" lon="11.102916">
        <ele>1113</ele>
      </trkpt>
      <trkpt lat="47.333808" lon="11.102766">
        <ele>1108.25</ele>
      </trkpt>
      <trkpt lat="47.333809" lon="11.102696">
        <ele>1105.75</ele>
      </trkpt>
      <trkpt lat="47.333795" lon="11.102618">
        <ele>1103.25</ele>
      </trkpt>
      <trkpt lat="47.333756" lon="11.102525">
        <ele>1100.25</ele>
      </trkpt>
      <trkpt lat="47.333742" lon="11.102501">
        <ele>1099.5</ele>
      </trkpt>
      <trkpt lat="47.333717" lon="11.102481">
        <ele>1099</ele>
      </trkpt>
      <trkpt lat="47.333693" lon="11.102478">
        <ele>1099</ele>
      </trkpt>
      <trkpt lat="47.333623" lon="11.102511">
        <ele>1100.25</ele>
      </trkpt>
      <trkpt lat="47.333608" lon="11.102503">
        <ele>1100</ele>
      </trkpt>
      <trkpt lat="47.333599" lon="11.102475">
        <ele>1099.25</ele>
      </trkpt>
      <trkpt lat="47.333606" lon="11.102433">
        <ele>1098</ele>
      </trkpt>
      <trkpt lat="47.333642" lon="11.102371">
        <ele>1096</ele>
      </trkpt>
      <trkpt lat="47.333677" lon="11.102288">
        <ele>1093.25</ele>
      </trkpt>
      <trkpt lat="47.333686" lon="11.102232">
        <ele>1091.5</ele>
      </trkpt>
      <trkpt lat="47.333675" lon="11.102087">
        <ele>1087.25</ele>
      </trkpt>
      <trkpt lat="47.333659" lon="11.101993">
        <ele>1084.75</ele>
      </trkpt>
      <trkpt lat="47.333668" lon="11.101805">
        <ele>1079</ele>
      </trkpt>
      <trkpt lat="47.333679" lon="11.101733">
        <ele>1076.5</ele>
      </trkpt>
      <trkpt lat="47.33368" lon="11.101644">
        <ele>1073.75</ele>
      </trkpt>
      <trkpt lat="47.333671" lon="11.101516">
        <ele>1069.5</ele>
      </trkpt>
      <trkpt lat="47.333646" lon="11.101435">
        <ele>1067.5</ele>
      </trkpt>
      <trkpt lat="47.333571" lon="11.101312">
        <ele>1065.75</ele>
      </trkpt>
      <trkpt lat="47.333531" lon="11.101223">
        <ele>1064.25</ele>
      </trkpt>
      <trkpt lat="47.333504" lon="11.101073">
        <ele>1060.25</ele>
      </trkpt>
      <trkpt lat="47.333506" lon="11.100934">
        <ele>1055.75</ele>
      </trkpt>
      <trkpt lat="47.333523" lon="11.100867">
        <ele>1052.75</ele>
      </trkpt>
      <trkpt lat="47.333545" lon="11.100845">
        <ele>1051.25</ele>
      </trkpt>
      <trkpt lat="47.333555" lon="11.10081">
        <ele>1049.5</ele>
      </trkpt>
      <trkpt lat="47.333542" lon="11.10079">
        <ele>1049.5</ele>
      </trkpt>
      <trkpt lat="47.333509" lon="11.100799">
        <ele>1051.25</ele>
      </trkpt>
      <trkpt lat="47.333482" lon="11.100828">
        <ele>1053.25</ele>
      </trkpt>
      <trkpt lat="47.333454" lon="11.100834">
        <ele>1054.75</ele>
      </trkpt>
      <trkpt lat="47.333443" lon="11.100818">
        <ele>1054.75</ele>
      </trkpt>
      <trkpt lat="47.333439" lon="11.100781">
        <ele>1053.75</ele>
      </trkpt>
      <trkpt lat="47.33342" lon="11.100765">
        <ele>1054</ele>
      </trkpt>
      <trkpt lat="47.333375" lon="11.100787">
        <ele>1056.75</ele>
      </trkpt>
      <trkpt lat="47.333353" lon="11.100818">
        <ele>1058.5</ele>
      </trkpt>
      <trkpt lat="47.333322" lon="11.100845">
        <ele>1059.75</ele>
      </trkpt>
      <trkpt lat="47.333302" lon="11.100841">
        <ele>1059</ele>
      </trkpt>
      <trkpt lat="47.333278" lon="11.100791">
        <ele>1056.75</ele>
      </trkpt>
      <trkpt lat="47.33327" lon="11.100748">
        <ele>1055</ele>
      </trkpt>
      <trkpt lat="47.333264" lon="11.10071">
        <ele>1053.75</ele>
      </trkpt>
      <trkpt lat="47.333261" lon="11.100601">
        <ele>1050.25</ele>
      </trkpt>
      <trkpt lat="47.333266" lon="11.100514">
        <ele>1047.75</ele>
      </trkpt>
      <trkpt lat="47.333281" lon="11.100439">
        <ele>1045.75</ele>
      </trkpt>
      <trkpt lat="47.333328" lon="11.100378">
        <ele>1045.5</ele>
      </trkpt>
      <trkpt lat="47.333365" lon="11.100368">
        <ele>1044</ele>
      </trkpt>
      <trkpt lat="47.333434" lon="11.100385">
        <ele>1042</ele>
      </trkpt>
      <trkpt lat="47.333536" lon="11.100476">
        <ele>1040.5</ele>
      </trkpt>
      <trkpt lat="47.333573" lon="11.100521">
        <ele>1040.5</ele>
      </trkpt>
      <trkpt lat="47.333591" lon="11.10053">
        <ele>1040</ele>
      </trkpt>
      <trkpt lat="47.333595" lon="11.100495">
        <ele>1038.75</ele>
      </trkpt>
      <trkpt lat="47.333579" lon="11.100453">
        <ele>1038.25</ele>
      </trkpt>
      <trkpt lat="47.33355" lon="11.100431">
        <ele>1038.75</ele>
      </trkpt>
      <trkpt lat="47.333541" lon="11.100398">
        <ele>1038</ele>
      </trkpt>
      <trkpt lat="47.333552" lon="11.100373">
        <ele>1037</ele>
      </trkpt>
      <trkpt lat="47.333603" lon="11.100373">
        <ele>1035</ele>
      </trkpt>
      <trkpt lat="47.333655" lon="11.100387">
        <ele>1033.25</ele>
      </trkpt>
      <trkpt lat="47.33374" lon="11.100395">
        <ele>1030.25</ele>
      </trkpt>
      <trkpt lat="47.333748" lon="11.100387">
        <ele>1029.75</ele>
      </trkpt>
      <trkpt lat="47.333738" lon="11.100364">
        <ele>1029.5</ele>
      </trkpt>
      <trkpt lat="47.333739" lon="11.100344">
        <ele>1028.75</ele>
      </trkpt>
      <trkpt lat="47.333777" lon="11.100333">
        <ele>1027</ele>
      </trkpt>
      <trkpt lat="47.333786" lon="11.100303">
        <ele>1025.75</ele>
      </trkpt>
      <trkpt lat="47.333797" lon="11.100294">
        <ele>1025.25</ele>
      </trkpt>
      <trkpt lat="47.333824" lon="11.100309">
        <ele>1024.5</ele>
      </trkpt>
      <trkpt lat="47.333844" lon="11.100358">
        <ele>1025</ele>
      </trkpt>
      <trkpt lat="47.333901" lon="11.100423">
        <ele>1024.5</ele>
      </trkpt>
      <trkpt lat="47.333971" lon="11.100482">
        <ele>1023.25</ele>
      </trkpt>
      <trkpt lat="47.334016" lon="11.100534">
        <ele>1022.75</ele>
      </trkpt>
      <trkpt lat="47.334081" lon="11.100584">
        <ele>1021.5</ele>
      </trkpt>
      <trkpt lat="47.33409" lon="11.100583">
        <ele>1021</ele>
      </trkpt>
      <trkpt lat="47.334089" lon="11.100568">
        <ele>1020.75</ele>
      </trkpt>
      <trkpt lat="47.334069" lon="11.100511">
        <ele>1020</ele>
      </trkpt>
      <trkpt lat="47.334023" lon="11.100413">
        <ele>1019.5</ele>
      </trkpt>
      <trkpt lat="47.33403" lon="11.100407">
        <ele>1019</ele>
      </trkpt>
      <trkpt lat="47.334044" lon="11.100413">
        <ele>1018.75</ele>
      </trkpt>
      <trkpt lat="47.334133" lon="11.10048">
        <ele>1016.75</ele>
      </trkpt>
      <trkpt lat="47.334168" lon="11.100496">
        <ele>1015.75</ele>
      </trkpt>
      <trkpt lat="47.334183" lon="11.100517">
        <ele>1015.5</ele>
      </trkpt>
      <trkpt lat="47.334278" lon="11.100765">
        <ele>1017</ele>
      </trkpt>
      <trkpt lat="47.33431" lon="11.100816">
        <ele>1016.75</ele>
      </trkpt>
      <trkpt lat="47.334337" lon="11.10088">
        <ele>1018</ele>
      </trkpt>
      <trkpt lat="47.334343" lon="11.100861">
        <ele>1016.75</ele>
      </trkpt>
      <trkpt lat="47.334333" lon="11.100802">
        <ele>1015.5</ele>
      </trkpt>
      <trkpt lat="47.334332" lon="11.100755">
        <ele>1014.25</ele>
      </trkpt>
      <trkpt lat="47.334343" lon="11.10075">
        <ele>1013.75</ele>
      </trkpt>
      <trkpt lat="47.334361" lon="11.100782">
        <ele>1013.75</ele>
      </trkpt>
      <trkpt lat="47.334409" lon="11.100903">
        <ele>1015.75</ele>
      </trkpt>
      <trkpt lat="47.334455" lon="11.101057">
        <ele>1020.5</ele>
      </trkpt>
      <trkpt lat="47.334481" lon="11.101081">
        <ele>1020.25</ele>
      </trkpt>
      <trkpt lat="47.334587" lon="11.101077">
        <ele>1015.25</ele>
      </trkpt>
      <trkpt lat="47.334767" lon="11.101078">
        <ele>1007.25</ele>
      </trkpt>
      <trkpt lat="47.334781" lon="11.10106">
        <ele>1005.75</ele>
      </trkpt>
      <trkpt lat="47.334772" lon="11.101027">
        <ele>1004.5</ele>
      </trkpt>
      <trkpt lat="47.334718" lon="11.100946">
        <ele>1003.25</ele>
      </trkpt>
      <trkpt lat="47.334654" lon="11.100876">
        <ele>1003</ele>
      </trkpt>
      <trkpt lat="47.33465" lon="11.100861">
        <ele>1002.5</ele>
      </trkpt>
      <trkpt lat="47.334654" lon="11.100851">
        <ele>1002</ele>
      </trkpt>
      <trkpt lat="47.334697" lon="11.100859">
        <ele>1000.25</ele>
      </trkpt>
      <trkpt lat="47.33473" lon="11.100794">
        <ele>996.75</ele>
      </trkpt>
      <trkpt lat="47.334757" lon="11.100789">
        <ele>995.5</ele>
      </trkpt>
      <trkpt lat="47.334804" lon="11.100797">
        <ele>993.25</ele>
      </trkpt>
      <trkpt lat="47.334831" lon="11.100816">
        <ele>992.5</ele>
      </trkpt>
      <trkpt lat="47.334866" lon="11.100823">
        <ele>991</ele>
      </trkpt>
      <trkpt lat="47.334888" lon="11.100817">
        <ele>989.75</ele>
      </trkpt>
      <trkpt lat="47.334894" lon="11.100785">
        <ele>989</ele>
      </trkpt>
      <trkpt lat="47.334887" lon="11.100763">
        <ele>988.75</ele>
      </trkpt>
      <trkpt lat="47.334843" lon="11.100721">
        <ele>990</ele>
      </trkpt>
      <trkpt lat="47.334837" lon="11.100706">
        <ele>990</ele>
      </trkpt>
      <trkpt lat="47.334841" lon="11.100693">
        <ele>989.75</ele>
      </trkpt>
      <trkpt lat="47.334853" lon="11.100686">
        <ele>989</ele>
      </trkpt>
      <trkpt lat="47.334903" lon="11.100689">
        <ele>986.75</ele>
      </trkpt>
      <trkpt lat="47.334927" lon="11.100682">
        <ele>985.5</ele>
      </trkpt>
      <trkpt lat="47.334924" lon="11.100627">
        <ele>984.5</ele>
      </trkpt>
      <trkpt lat="47.334888" lon="11.100585">
        <ele>985.5</ele>
      </trkpt>
      <trkpt lat="47.334885" lon="11.100568">
        <ele>985.25</ele>
      </trkpt>
      <trkpt lat="47.33484" lon="11.100535">
        <ele>986.75</ele>
      </trkpt>
      <trkpt lat="47.334759" lon="11.100437">
        <ele>988.25</ele>
      </trkpt>
      <trkpt lat="47.334727" lon="11.100386">
        <ele>988.75</ele>
      </trkpt>
      <trkpt lat="47.334712" lon="11.100353">
        <ele>988.75</ele>
      </trkpt>
      <trkpt lat="47.334711" lon="11.100313">
        <ele>988</ele>
      </trkpt>
      <trkpt lat="47.334721" lon="11.100289">
        <ele>987</ele>
      </trkpt>
      <trkpt lat="47.334743" lon="11.100282">
        <ele>986</ele>
      </trkpt>
      <trkpt lat="47.334772" lon="11.100306">
        <ele>985.25</ele>
      </trkpt>
      <trkpt lat="47.334786" lon="11.100312">
        <ele>984.75</ele>
      </trkpt>
      <trkpt lat="47.334797" lon="11.100304">
        <ele>984</ele>
      </trkpt>
      <trkpt lat="47.334802" lon="11.100262">
        <ele>983</ele>
      </trkpt>
      <trkpt lat="47.334789" lon="11.100199">
        <ele>982.5</ele>
      </trkpt>
      <trkpt lat="47.334794" lon="11.10018">
        <ele>981.75</ele>
      </trkpt>
      <trkpt lat="47.334826" lon="11.100189">
        <ele>980.5</ele>
      </trkpt>
      <trkpt lat="47.334912" lon="11.100254">
        <ele>978.25</ele>
      </trkpt>
      <trkpt lat="47.33493" lon="11.100247">
        <ele>977.25</ele>
      </trkpt>
      <trkpt lat="47.334817" lon="11.100031">
        <ele>978</ele>
      </trkpt>
      <trkpt lat="47.334772" lon="11.099917">
        <ele>978</ele>
      </trkpt>
      <trkpt lat="47.334765" lon="11.099863">
        <ele>977.5</ele>
      </trkpt>
      <trkpt lat="47.334769" lon="11.099848">
        <ele>977.25</ele>
      </trkpt>
      <trkpt lat="47.334784" lon="11.099855">
        <ele>976.75</ele>
      </trkpt>
      <trkpt lat="47.334786" lon="11.099848">
        <ele>976.75</ele>
      </trkpt>
      <trkpt lat="47.334767" lon="11.099778">
        <ele>976.5</ele>
      </trkpt>
      <trkpt lat="47.334769" lon="11.099759">
        <ele>976</ele>
      </trkpt>
      <trkpt lat="47.334778" lon="11.099753">
        <ele>975.75</ele>
      </trkpt>
      <trkpt lat="47.334784" lon="11.099769">
        <ele>975.75</ele>
      </trkpt>
      <trkpt lat="47.334802" lon="11.099786">
        <ele>975.25</ele>
      </trkpt>
      <trkpt lat="47.334807" lon="11.099781">
        <ele>975</ele>
      </trkpt>
      <trkpt lat="47.334805" lon="11.099723">
        <ele>974.5</ele>
      </trkpt>
      <trkpt lat="47.334816" lon="11.099721">
        <ele>974.25</ele>
      </trkpt>
      <trkpt lat="47.334823" lon="11.099735">
        <ele>974</ele>
      </trkpt>
      <trkpt lat="47.33483" lon="11.099733">
        <ele>973.75</ele>
      </trkpt>
      <trkpt lat="47.33486" lon="11.0997">
        <ele>972.5</ele>
      </trkpt>
      <trkpt lat="47.33488" lon="11.099623">
        <ele>971.25</ele>
      </trkpt>
      <trkpt lat="47.334897" lon="11.099484">
        <ele>969.5</ele>
      </trkpt>
      <trkpt lat="47.334912" lon="11.099388">
        <ele>968.5</ele>
      </trkpt>
      <trkpt lat="47.33491" lon="11.099352">
        <ele>968.25</ele>
      </trkpt>
      <trkpt lat="47.334889" lon="11.099277">
        <ele>968</ele>
      </trkpt>
      <trkpt lat="47.33484" lon="11.099182">
        <ele>967.5</ele>
      </trkpt>
      <trkpt lat="47.334832" lon="11.099143">
        <ele>967.25</ele>
      </trkpt>
      <trkpt lat="47.334831" lon="11.099054">
        <ele>966.75</ele>
      </trkpt>
      <trkpt lat="47.334812" lon="11.099016">
        <ele>966.5</ele>
      </trkpt>
      <trkpt lat="47.334802" lon="11.098974">
        <ele>966.25</ele>
      </trkpt>
      <trkpt lat="47.334773" lon="11.098721">
        <ele>963.5</ele>
      </trkpt>
      <trkpt lat="47.334722" lon="11.098593">
        <ele>960.75</ele>
      </trkpt>
      <trkpt lat="47.334721" lon="11.098589">
        <ele>960.75</ele>
      </trkpt>
      <trkpt lat="47.334702" lon="11.098513">
        <ele>959.25</ele>
      </trkpt>
      <trkpt lat="47.334698" lon="11.098438">
        <ele>958</ele>
      </trkpt>
      <trkpt lat="47.334703" lon="11.098339">
        <ele>956.75</ele>
      </trkpt>
      <trkpt lat="47.334679" lon="11.098192">
        <ele>956.25</ele>
      </trkpt>
      <trkpt lat="47.334599" lon="11.097952">
        <ele>953</ele>
      </trkpt>
      <trkpt lat="47.334531" lon="11.097824">
        <ele>949.25</ele>
      </trkpt>
      <trkpt lat="47.334511" lon="11.097738">
        <ele>948</ele>
      </trkpt>
      <trkpt lat="47.334551" lon="11.097655">
        <ele>950.25</ele>
      </trkpt>
      <trkpt lat="47.334567" lon="11.097485">
        <ele>951.75</ele>
      </trkpt>
      <trkpt lat="47.334555" lon="11.097457">
        <ele>952</ele>
      </trkpt>
      <trkpt lat="47.334488" lon="11.097433">
        <ele>948.5</ele>
      </trkpt>
      <trkpt lat="47.33438" lon="11.097319">
        <ele>945</ele>
      </trkpt>
      <trkpt lat="47.33435" lon="11.097266">
        <ele>944.75</ele>
      </trkpt>
      <trkpt lat="47.334337" lon="11.097176">
        <ele>946.75</ele>
      </trkpt>
      <trkpt lat="47.334317" lon="11.097089">
        <ele>948</ele>
      </trkpt>
      <trkpt lat="47.334294" lon="11.097024">
        <ele>948.5</ele>
      </trkpt>
      <trkpt lat="47.334213" lon="11.096899">
        <ele>947</ele>
      </trkpt>
      <trkpt lat="47.334129" lon="11.096896">
        <ele>942.5</ele>
      </trkpt>
      <trkpt lat="47.333964" lon="11.096874">
        <ele>937</ele>
      </trkpt>
      <trkpt lat="47.333872" lon="11.096895">
        <ele>933</ele>
      </trkpt>
      <trkpt lat="47.333822" lon="11.096835">
        <ele>932</ele>
      </trkpt>
      <trkpt lat="47.333808" lon="11.096761">
        <ele>932.75</ele>
      </trkpt>
      <trkpt lat="47.333734" lon="11.096639">
        <ele>931</ele>
      </trkpt>
      <trkpt lat="47.33372" lon="11.0966">
        <ele>931</ele>
      </trkpt>
      <trkpt lat="47.333728" lon="11.096574">
        <ele>931.75</ele>
      </trkpt>
      <trkpt lat="47.333853" lon="11.096436">
        <ele>940</ele>
      </trkpt>
      <trkpt lat="47.333896" lon="11.096316">
        <ele>944</ele>
      </trkpt>
      <trkpt lat="47.333912" lon="11.09624">
        <ele>946.25</ele>
      </trkpt>
      <trkpt lat="47.333917" lon="11.096156">
        <ele>948</ele>
      </trkpt>
      <trkpt lat="47.333892" lon="11.096006">
        <ele>949.25</ele>
      </trkpt>
      <trkpt lat="47.333851" lon="11.095891">
        <ele>948.75</ele>
      </trkpt>
      <trkpt lat="47.333815" lon="11.095762">
        <ele>949.5</ele>
      </trkpt>
      <trkpt lat="47.333774" lon="11.095704">
        <ele>948.75</ele>
      </trkpt>
      <trkpt lat="47.333708" lon="11.095662">
        <ele>946.25</ele>
      </trkpt>
      <trkpt lat="47.33365" lon="11.095643">
        <ele>943.75</ele>
      </trkpt>
      <trkpt lat="47.333625" lon="11.095612">
        <ele>943.25</ele>
      </trkpt>
      <trkpt lat="47.333621" lon="11.095553">
        <ele>944.75</ele>
      </trkpt>
      <trkpt lat="47.333628" lon="11.095489">
        <ele>947</ele>
      </trkpt>
      <trkpt lat="47.333612" lon="11.095422">
        <ele>948</ele>
      </trkpt>
      <trkpt lat="47.333565" lon="11.095345">
        <ele>948</ele>
      </trkpt>
      <trkpt lat="47.333574" lon="11.09531">
        <ele>949.5</ele>
      </trkpt>
      <trkpt lat="47.333569" lon="11.095255">
        <ele>950.75</ele>
      </trkpt>
      <trkpt lat="47.333538" lon="11.095212">
        <ele>950.5</ele>
      </trkpt>
      <trkpt lat="47.333495" lon="11.095193">
        <ele>949</ele>
      </trkpt>
      <trkpt lat="47.333336" lon="11.095242">
        <ele>939.25</ele>
      </trkpt>
      <trkpt lat="47.33327" lon="11.095246">
        <ele>937.5</ele>
      </trkpt>
      <trkpt lat="47.333026" lon="11.095089">
        <ele>936.75</ele>
      </trkpt>
      <trkpt lat="47.332862" lon="11.095046">
        <ele>934.25</ele>
      </trkpt>
      <trkpt lat="47.332773" lon="11.094994">
        <ele>933.5</ele>
      </trkpt>
      <trkpt lat="47.332752" lon="11.094903">
        <ele>935</ele>
      </trkpt>
      <trkpt lat="47.332735" lon="11.094754">
        <ele>937.75</ele>
      </trkpt>
      <trkpt lat="47.332692" lon="11.094705">
        <ele>937.5</ele>
      </trkpt>
      <trkpt lat="47.332388" lon="11.094716">
        <ele>932</ele>
      </trkpt>
      <trkpt lat="47.33227" lon="11.094708">
        <ele>931.75</ele>
      </trkpt>
      <trkpt lat="47.332215" lon="11.094724">
        <ele>931.25</ele>
      </trkpt>
      <trkpt lat="47.33206" lon="11.094684">
        <ele>931.25</ele>
      </trkpt>
      <trkpt lat="47.331954" lon="11.094675">
        <ele>931</ele>
      </trkpt>
      <trkpt lat="47.331871" lon="11.094692">
        <ele>930.5</ele>
      </trkpt>
      <trkpt lat="47.331666" lon="11.094867">
        <ele>927</ele>
      </trkpt>
      <trkpt lat="47.331593" lon="11.094899">
        <ele>925</ele>
      </trkpt>
      <trkpt lat="47.331561" lon="11.094883">
        <ele>924.5</ele>
      </trkpt>
      <trkpt lat="47.331535" lon="11.094845">
        <ele>924.5</ele>
      </trkpt>
      <trkpt lat="47.331521" lon="11.094667">
        <ele>927</ele>
      </trkpt>
      <trkpt lat="47.331509" lon="11.094583">
        <ele>928</ele>
      </trkpt>
      <trkpt lat="47.331194" lon="11.09411">
        <ele>928.75</ele>
      </trkpt>
      <trkpt lat="47.331131" lon="11.094078">
        <ele>928</ele>
      </trkpt>
      <trkpt lat="47.331002" lon="11.094074">
        <ele>925.25</ele>
      </trkpt>
      <trkpt lat="47.330825" lon="11.093959">
        <ele>924.25</ele>
      </trkpt>
      <trkpt lat="47.330763" lon="11.093957">
        <ele>925.75</ele>
      </trkpt>
      <trkpt lat="47.330552" lon="11.093857">
        <ele>932.25</ele>
      </trkpt>
      <trkpt lat="47.330314" lon="11.094041">
        <ele>934.25</ele>
      </trkpt>
      <trkpt lat="47.33016" lon="11.094221">
        <ele>935.25</ele>
      </trkpt>
      <trkpt lat="47.330034" lon="11.094369">
        <ele>936.5</ele>
      </trkpt>
      <trkpt lat="47.329948" lon="11.094445">
        <ele>936</ele>
      </trkpt>
      <trkpt lat="47.329901" lon="11.094443">
        <ele>935.25</ele>
      </trkpt>
      <trkpt lat="47.329854" lon="11.094408">
        <ele>935.25</ele>
      </trkpt>
      <trkpt lat="47.329796" lon="11.0943">
        <ele>935.5</ele>
      </trkpt>
      <trkpt lat="47.329697" lon="11.093981">
        <ele>937</ele>
      </trkpt>
      <trkpt lat="47.329449" lon="11.093587">
        <ele>935.25</ele>
      </trkpt>
      <trkpt lat="47.32936" lon="11.093405">
        <ele>934.25</ele>
      </trkpt>
      <trkpt lat="47.329311" lon="11.093194">
        <ele>933.75</ele>
      </trkpt>
      <trkpt lat="47.329238" lon="11.093028">
        <ele>932.25</ele>
      </trkpt>
      <trkpt lat="47.329168" lon="11.092888">
        <ele>930.5</ele>
      </trkpt>
      <trkpt lat="47.329112" lon="11.092738">
        <ele>929.25</ele>
      </trkpt>
      <trkpt lat="47.329015" lon="11.092566">
        <ele>927.25</ele>
      </trkpt>
      <trkpt lat="47.328871" lon="11.092378">
        <ele>924.5</ele>
      </trkpt>
      <trkpt lat="47.328828" lon="11.092279">
        <ele>924</ele>
      </trkpt>
      <trkpt lat="47.328814" lon="11.092128">
        <ele>924.5</ele>
      </trkpt>
      <trkpt lat="47.328785" lon="11.092035">
        <ele>924.25</ele>
      </trkpt>
      <trkpt lat="47.328561" lon="11.091783">
        <ele>920</ele>
      </trkpt>
      <trkpt lat="47.328475" lon="11.09159">
        <ele>919.5</ele>
      </trkpt>
      <trkpt lat="47.328395" lon="11.091577">
        <ele>917.75</ele>
      </trkpt>
      <trkpt lat="47.328291" lon="11.091552">
        <ele>916</ele>
      </trkpt>
      <trkpt lat="47.328098" lon="11.091607">
        <ele>912</ele>
      </trkpt>
      <trkpt lat="47.327798" lon="11.091723">
        <ele>905.25</ele>
      </trkpt>
      <trkpt lat="47.327218" lon="11.091858">
        <ele>897.25</ele>
      </trkpt>
      <trkpt lat="47.327009" lon="11.091833">
        <ele>897</ele>
      </trkpt>
      <trkpt lat="47.326576" lon="11.091993">
        <ele>889.75</ele>
      </trkpt>
      <trkpt lat="47.326292" lon="11.091981">
        <ele>885</ele>
      </trkpt>
      <trkpt lat="47.325969" lon="11.091872">
        <ele>882.75</ele>
      </trkpt>
      <trkpt lat="47.325342" lon="11.091661">
        <ele>878.5</ele>
      </trkpt>
      <trkpt lat="47.325286" lon="11.091687">
        <ele>876.75</ele>
      </trkpt>
      <trkpt lat="47.325" lon="11.091638">
        <ele>874</ele>
      </trkpt>
      <trkpt lat="47.32484" lon="11.091595">
        <ele>873.5</ele>
      </trkpt>
      <trkpt lat="47.324608" lon="11.091617">
        <ele>869.5</ele>
      </trkpt>
      <trkpt lat="47.324418" lon="11.091617">
        <ele>867</ele>
      </trkpt>
      <trkpt lat="47.324288" lon="11.091724">
        <ele>863.5</ele>
      </trkpt>
      <trkpt lat="47.324142" lon="11.091552">
        <ele>864.25</ele>
      </trkpt>
      <trkpt lat="47.323924" lon="11.091402">
        <ele>862.25</ele>
      </trkpt>
      <trkpt lat="47.323764" lon="11.091037">
        <ele>863.5</ele>
      </trkpt>
      <trkpt lat="47.323604" lon="11.090866">
        <ele>862</ele>
      </trkpt>
      <trkpt lat="47.323458" lon="11.09063">
        <ele>860.5</ele>
      </trkpt>
      <trkpt lat="47.323357" lon="11.090544">
        <ele>858.5</ele>
      </trkpt>
      <trkpt lat="47.323255" lon="11.090329">
        <ele>856.25</ele>
      </trkpt>
      <trkpt lat="47.323255" lon="11.090115">
        <ele>857.75</ele>
      </trkpt>
      <trkpt lat="47.323168" lon="11.089836">
        <ele>857.75</ele>
      </trkpt>
      <trkpt lat="47.322964" lon="11.089449">
        <ele>856</ele>
      </trkpt>
      <trkpt lat="47.322891" lon="11.089428">
        <ele>853</ele>
      </trkpt>
      <trkpt lat="47.322804" lon="11.089063">
        <ele>855.75</ele>
      </trkpt>
      <trkpt lat="47.322673" lon="11.088806">
        <ele>853.5</ele>
      </trkpt>
      <trkpt lat="47.322433" lon="11.088372">
        <ele>845</ele>
      </trkpt>
      <trkpt lat="47.322291" lon="11.088217">
        <ele>837.75</ele>
      </trkpt>
      <trkpt lat="47.322077" lon="11.088076">
        <ele>825</ele>
      </trkpt>
      <trkpt lat="47.322004" lon="11.08799">
        <ele>820.75</ele>
      </trkpt>
      <trkpt lat="47.322004" lon="11.087797">
        <ele>822.5</ele>
      </trkpt>
      <trkpt lat="47.321963" lon="11.087609">
        <ele>821.25</ele>
      </trkpt>
      <trkpt lat="47.321948" lon="11.087501">
        <ele>821</ele>
      </trkpt>
      <trkpt lat="47.32193" lon="11.08729">
        <ele>820.75</ele>
      </trkpt>
      <trkpt lat="47.321879" lon="11.08695">
        <ele>818.5</ele>
      </trkpt>
      <trkpt lat="47.321806" lon="11.086665">
        <ele>814.25</ele>
      </trkpt>
      <trkpt lat="47.321785" lon="11.086508">
        <ele>811.5</ele>
      </trkpt>
      <trkpt lat="47.321789" lon="11.086364">
        <ele>810.75</ele>
      </trkpt>
      <trkpt lat="47.321738" lon="11.086161">
        <ele>804.75</ele>
      </trkpt>
      <trkpt lat="47.321719" lon="11.085785">
        <ele>799.75</ele>
      </trkpt>
      <trkpt lat="47.321679" lon="11.085371">
        <ele>791.75</ele>
      </trkpt>
      <trkpt lat="47.321647" lon="11.084851">
        <ele>784.5</ele>
      </trkpt>
      <trkpt lat="47.321581" lon="11.084551">
        <ele>779.25</ele>
      </trkpt>
      <trkpt lat="47.321552" lon="11.084128">
        <ele>774.75</ele>
      </trkpt>
      <trkpt lat="47.321457" lon="11.083867">
        <ele>770.25</ele>
      </trkpt>
      <trkpt lat="47.321384" lon="11.083663">
        <ele>766.75</ele>
      </trkpt>
      <trkpt lat="47.321384" lon="11.083618">
        <ele>766.5</ele>
      </trkpt>
      <trkpt lat="47.321471" lon="11.08364">
        <ele>769</ele>
      </trkpt>
      <trkpt lat="47.3215" lon="11.083575">
        <ele>769.5</ele>
      </trkpt>
      <trkpt lat="47.321471" lon="11.083468">
        <ele>768</ele>
      </trkpt>
      <trkpt lat="47.321457" lon="11.083232">
        <ele>767</ele>
      </trkpt>
      <trkpt lat="47.321558" lon="11.082996">
        <ele>769.5</ele>
      </trkpt>
      <trkpt lat="47.321646" lon="11.082717">
        <ele>772</ele>
      </trkpt>
      <trkpt lat="47.321675" lon="11.082567">
        <ele>773</ele>
      </trkpt>
      <trkpt lat="47.321724" lon="11.082192">
        <ele>774</ele>
      </trkpt>
      <trkpt lat="47.321726" lon="11.082179">
        <ele>774.25</ele>
      </trkpt>
      <trkpt lat="47.321842" lon="11.081931">
        <ele>776.75</ele>
      </trkpt>
      <trkpt lat="47.321885" lon="11.081722">
        <ele>777.5</ele>
      </trkpt>
      <trkpt lat="47.321872" lon="11.081403">
        <ele>772.5</ele>
      </trkpt>
      <trkpt lat="47.321934" lon="11.081183">
        <ele>770.25</ele>
      </trkpt>
      <trkpt lat="47.322039" lon="11.081082">
        <ele>771.25</ele>
      </trkpt>
      <trkpt lat="47.32221" lon="11.081087">
        <ele>775.25</ele>
      </trkpt>
      <trkpt lat="47.322395" lon="11.081028">
        <ele>779</ele>
      </trkpt>
      <trkpt lat="47.322497" lon="11.080963">
        <ele>780.5</ele>
      </trkpt>
      <trkpt lat="47.322494" lon="11.080722">
        <ele>777.75</ele>
      </trkpt>
      <trkpt lat="47.322824" lon="11.0807">
        <ele>794.25</ele>
      </trkpt>
      <trkpt lat="47.322984" lon="11.080314">
        <ele>800</ele>
      </trkpt>
      <trkpt lat="47.322818" lon="11.079983">
        <ele>789</ele>
      </trkpt>
      <trkpt lat="47.322715" lon="11.079848">
        <ele>783.5</ele>
      </trkpt>
      <trkpt lat="47.322672" lon="11.079579">
        <ele>781.5</ele>
      </trkpt>
      <trkpt lat="47.322549" lon="11.079466">
        <ele>775.5</ele>
      </trkpt>
      <trkpt lat="47.322491" lon="11.079252">
        <ele>773.5</ele>
      </trkpt>
      <trkpt lat="47.322595" lon="11.079106">
        <ele>778.25</ele>
      </trkpt>
      <trkpt lat="47.322612" lon="11.079083">
        <ele>779.25</ele>
      </trkpt>
      <trkpt lat="47.322918" lon="11.079074">
        <ele>793.5</ele>
      </trkpt>
      <trkpt lat="47.322984" lon="11.078812">
        <ele>797</ele>
      </trkpt>
      <trkpt lat="47.323013" lon="11.078554">
        <ele>799</ele>
      </trkpt>
      <trkpt lat="47.32294" lon="11.078254">
        <ele>796</ele>
      </trkpt>
      <trkpt lat="47.322892" lon="11.07814">
        <ele>794.25</ele>
      </trkpt>
      <trkpt lat="47.322853" lon="11.078046">
        <ele>793</ele>
      </trkpt>
      <trkpt lat="47.322838" lon="11.077933">
        <ele>792.75</ele>
      </trkpt>
      <trkpt lat="47.323114" lon="11.07725">
        <ele>802.25</ele>
      </trkpt>
      <trkpt lat="47.323178" lon="11.077267">
        <ele>804.25</ele>
      </trkpt>
      <trkpt lat="47.323224" lon="11.077138">
        <ele>804.75</ele>
      </trkpt>
      <trkpt lat="47.323346" lon="11.077112">
        <ele>808.25</ele>
      </trkpt>
      <trkpt lat="47.323393" lon="11.076957">
        <ele>808.75</ele>
      </trkpt>
      <trkpt lat="47.323321" lon="11.076831">
        <ele>805</ele>
      </trkpt>
      <trkpt lat="47.323215" lon="11.076701">
        <ele>801.75</ele>
      </trkpt>
      <trkpt lat="47.323201" lon="11.076643">
        <ele>801.75</ele>
      </trkpt>
      <trkpt lat="47.323167" lon="11.076647">
        <ele>801</ele>
      </trkpt>
      <trkpt lat="47.323152" lon="11.07662">
        <ele>801</ele>
      </trkpt>
      <trkpt lat="47.32315" lon="11.076564">
        <ele>801.75</ele>
      </trkpt>
      <trkpt lat="47.323171" lon="11.076179">
        <ele>807.5</ele>
      </trkpt>
      <trkpt lat="47.323165" lon="11.076069">
        <ele>809</ele>
      </trkpt>
      <trkpt lat="47.323144" lon="11.076032">
        <ele>809</ele>
      </trkpt>
      <trkpt lat="47.323108" lon="11.076026">
        <ele>808.25</ele>
      </trkpt>
      <trkpt lat="47.323079" lon="11.07601">
        <ele>808</ele>
      </trkpt>
      <trkpt lat="47.322909" lon="11.07604">
        <ele>804</ele>
      </trkpt>
      <trkpt lat="47.322751" lon="11.076007">
        <ele>801</ele>
      </trkpt>
      <trkpt lat="47.322621" lon="11.075959">
        <ele>799</ele>
      </trkpt>
      <trkpt lat="47.322589" lon="11.075947">
        <ele>798.5</ele>
      </trkpt>
      <trkpt lat="47.322507" lon="11.075591">
        <ele>802.25</ele>
      </trkpt>
      <trkpt lat="47.322389" lon="11.075317">
        <ele>801.75</ele>
      </trkpt>
      <trkpt lat="47.322383" lon="11.075176">
        <ele>803.75</ele>
      </trkpt>
      <trkpt lat="47.322341" lon="11.07472">
        <ele>805.25</ele>
      </trkpt>
      <trkpt lat="47.322361" lon="11.074595">
        <ele>806.75</ele>
      </trkpt>
      <trkpt lat="47.322285" lon="11.074496">
        <ele>803.25</ele>
      </trkpt>
      <trkpt lat="47.322229" lon="11.074336">
        <ele>801.25</ele>
      </trkpt>
      <trkpt lat="47.322263" lon="11.074112">
        <ele>803.75</ele>
      </trkpt>
      <trkpt lat="47.322154" lon="11.073941">
        <ele>799.75</ele>
      </trkpt>
      <trkpt lat="47.322163" lon="11.073788">
        <ele>801</ele>
      </trkpt>
      <trkpt lat="47.322115" lon="11.073655">
        <ele>800</ele>
      </trkpt>
      <trkpt lat="47.32202" lon="11.073443">
        <ele>797.5</ele>
      </trkpt>
      <trkpt lat="47.321892" lon="11.073229">
        <ele>794.25</ele>
      </trkpt>
      <trkpt lat="47.321822" lon="11.07304">
        <ele>793</ele>
      </trkpt>
      <trkpt lat="47.321822" lon="11.072928">
        <ele>793.75</ele>
      </trkpt>
      <trkpt lat="47.321764" lon="11.072722">
        <ele>793.25</ele>
      </trkpt>
      <trkpt lat="47.321703" lon="11.072455">
        <ele>793</ele>
      </trkpt>
      <trkpt lat="47.321671" lon="11.072207">
        <ele>792</ele>
      </trkpt>
      <trkpt lat="47.321663" lon="11.072045">
        <ele>791.75</ele>
      </trkpt>
      <trkpt lat="47.321677" lon="11.071895">
        <ele>792.25</ele>
      </trkpt>
      <trkpt lat="47.321729" lon="11.071752">
        <ele>793.5</ele>
      </trkpt>
      <trkpt lat="47.321743" lon="11.071505">
        <ele>796</ele>
      </trkpt>
      <trkpt lat="47.321712" lon="11.071398">
        <ele>796.5</ele>
      </trkpt>
      <trkpt lat="47.321677" lon="11.071279">
        <ele>797.25</ele>
      </trkpt>
      <trkpt lat="47.321652" lon="11.07122">
        <ele>797.25</ele>
      </trkpt>
      <trkpt lat="47.321578" lon="11.071091">
        <ele>797</ele>
      </trkpt>
      <trkpt lat="47.321486" lon="11.070976">
        <ele>795.5</ele>
      </trkpt>
      <trkpt lat="47.321436" lon="11.07095">
        <ele>794.5</ele>
      </trkpt>
      <trkpt lat="47.321429" lon="11.070833">
        <ele>795.5</ele>
      </trkpt>
      <trkpt lat="47.321116" lon="11.070185">
        <ele>796</ele>
      </trkpt>
      <trkpt lat="47.321013" lon="11.069889">
        <ele>796.75</ele>
      </trkpt>
      <trkpt lat="47.320992" lon="11.069831">
        <ele>796.75</ele>
      </trkpt>
      <trkpt lat="47.320934" lon="11.069487">
        <ele>800.25</ele>
      </trkpt>
      <trkpt lat="47.320836" lon="11.069191">
        <ele>800.5</ele>
      </trkpt>
      <trkpt lat="47.320807" lon="11.068966">
        <ele>801.25</ele>
      </trkpt>
      <trkpt lat="47.32081" lon="11.068902">
        <ele>801.75</ele>
      </trkpt>
      <trkpt lat="47.32081" lon="11.068902">
        <ele>801.75</ele>
      </trkpt>
      <trkpt lat="47.320807" lon="11.068966">
        <ele>801.25</ele>
      </trkpt>
      <trkpt lat="47.320757" lon="11.06858">
        <ele>802.25</ele>
      </trkpt>
      <trkpt lat="47.320754" lon="11.06828">
        <ele>804.25</ele>
      </trkpt>
      <trkpt lat="47.320635" lon="11.067855">
        <ele>802.25</ele>
      </trkpt>
      <trkpt lat="47.3206" lon="11.06739">
        <ele>803</ele>
      </trkpt>
      <trkpt lat="47.32055" lon="11.06706">
        <ele>801.75</ele>
      </trkpt>
      <trkpt lat="47.320544" lon="11.066739">
        <ele>802</ele>
      </trkpt>
      <trkpt lat="47.320578" lon="11.066643">
        <ele>803.5</ele>
      </trkpt>
      <trkpt lat="47.320675" lon="11.06637">
        <ele>808</ele>
      </trkpt>
      <trkpt lat="47.3206" lon="11.065871">
        <ele>807.25</ele>
      </trkpt>
      <trkpt lat="47.320628" lon="11.06547">
        <ele>813.5</ele>
      </trkpt>
      <trkpt lat="47.32063" lon="11.065447">
        <ele>813.5</ele>
      </trkpt>
      <trkpt lat="47.320686" lon="11.065202">
        <ele>818.75</ele>
      </trkpt>
      <trkpt lat="47.320422" lon="11.065199">
        <ele>809</ele>
      </trkpt>
      <trkpt lat="47.320304" lon="11.065066">
        <ele>806.25</ele>
      </trkpt>
      <trkpt lat="47.320217" lon="11.064836">
        <ele>806.75</ele>
      </trkpt>
      <trkpt lat="47.320191" lon="11.06481">
        <ele>806</ele>
      </trkpt>
      <trkpt lat="47.320159" lon="11.064776">
        <ele>805.5</ele>
      </trkpt>
      <trkpt lat="47.32011" lon="11.064574">
        <ele>807</ele>
      </trkpt>
      <trkpt lat="47.320059" lon="11.06422">
        <ele>811</ele>
      </trkpt>
      <trkpt lat="47.320074" lon="11.064036">
        <ele>813.5</ele>
      </trkpt>
      <trkpt lat="47.320106" lon="11.063856">
        <ele>816</ele>
      </trkpt>
      <trkpt lat="47.320243" lon="11.063538">
        <ele>822</ele>
      </trkpt>
      <trkpt lat="47.320023" lon="11.063205">
        <ele>818.75</ele>
      </trkpt>
      <trkpt lat="47.319961" lon="11.063058">
        <ele>818</ele>
      </trkpt>
      <trkpt lat="47.319821" lon="11.062503">
        <ele>817.75</ele>
      </trkpt>
      <trkpt lat="47.319813" lon="11.062288">
        <ele>818</ele>
      </trkpt>
      <trkpt lat="47.31987" lon="11.06204">
        <ele>819.25</ele>
      </trkpt>
      <trkpt lat="47.319929" lon="11.06194">
        <ele>820</ele>
      </trkpt>
      <trkpt lat="47.319956" lon="11.061859">
        <ele>820.5</ele>
      </trkpt>
      <trkpt lat="47.319958" lon="11.061808">
        <ele>820.5</ele>
      </trkpt>
      <trkpt lat="47.319952" lon="11.061754">
        <ele>820.5</ele>
      </trkpt>
      <trkpt lat="47.31982" lon="11.061472">
        <ele>819.5</ele>
      </trkpt>
      <trkpt lat="47.319756" lon="11.061317">
        <ele>819.5</ele>
      </trkpt>
      <trkpt lat="47.31968" lon="11.061041">
        <ele>819.75</ele>
      </trkpt>
      <trkpt lat="47.319625" lon="11.06066">
        <ele>819.25</ele>
      </trkpt>
      <trkpt lat="47.319629" lon="11.060539">
        <ele>818.75</ele>
      </trkpt>
      <trkpt lat="47.319548" lon="11.059988">
        <ele>816</ele>
      </trkpt>
      <trkpt lat="47.319466" lon="11.059782">
        <ele>815.75</ele>
      </trkpt>
      <trkpt lat="47.319496" lon="11.059421">
        <ele>817</ele>
      </trkpt>
      <trkpt lat="47.319277" lon="11.059293">
        <ele>814.25</ele>
      </trkpt>
      <trkpt lat="47.319077" lon="11.059129">
        <ele>811.75</ele>
      </trkpt>
      <trkpt lat="47.318836" lon="11.059076">
        <ele>808.75</ele>
      </trkpt>
      <trkpt lat="47.318634" lon="11.058998">
        <ele>807.3071978976955</ele>
      </trkpt>
      <trkpt lat="47.31858466743532" lon="11.059136058882785">
        <ele>805.5352052881465</ele>
      </trkpt>
      <trkpt lat="47.3186049225537" lon="11.059255572011352">
        <ele>803.7294993741592</ele>
      </trkpt>
      <trkpt lat="47.31836186061955" lon="11.059203285016963">
        <ele>803.5756375973519</ele>
      </trkpt>
      <trkpt lat="47.318220073975" lon="11.059203285016963">
        <ele>802.1041772390262</ele>
      </trkpt>
      <trkpt lat="47.3182352654197" lon="11.05936761556785">
        <ele>799.0112366815113</ele>
      </trkpt>
      <trkpt lat="47.31810866991606" lon="11.0594124329902">
        <ele>795.1334467657616</ele>
      </trkpt>
      <trkpt lat="47.31794662722916" lon="11.05940496342103">
        <ele>791.2647867962075</ele>
      </trkpt>
      <trkpt lat="47.317799775614645" lon="11.05966639838718">
        <ele>783.133774028933</ele>
      </trkpt>
      <trkpt lat="47.31774913703222" lon="11.059711215809472">
        <ele>781.4930546219466</ele>
      </trkpt>
      <trkpt lat="47.317761" lon="11.059774">
        <ele>780.75</ele>
      </trkpt>
      <trkpt lat="47.317689" lon="11.059698">
        <ele>779.75</ele>
      </trkpt>
      <trkpt lat="47.317675" lon="11.059548">
        <ele>780.5</ele>
      </trkpt>
      <trkpt lat="47.317529" lon="11.059484">
        <ele>777</ele>
      </trkpt>
      <trkpt lat="47.317442" lon="11.059527">
        <ele>773.25</ele>
      </trkpt>
      <trkpt lat="47.317296" lon="11.059505">
        <ele>767.25</ele>
      </trkpt>
      <trkpt lat="47.317224" lon="11.059355">
        <ele>764.75</ele>
      </trkpt>
      <trkpt lat="47.317282" lon="11.059098">
        <ele>767</ele>
      </trkpt>
      <trkpt lat="47.317398" lon="11.05884">
        <ele>768.5</ele>
      </trkpt>
      <trkpt lat="47.317372" lon="11.058462">
        <ele>761</ele>
      </trkpt>
      <trkpt lat="47.317369" lon="11.058411">
        <ele>760</ele>
      </trkpt>
      <trkpt lat="47.317515" lon="11.058153">
        <ele>761</ele>
      </trkpt>
      <trkpt lat="47.317529" lon="11.057896">
        <ele>754</ele>
      </trkpt>
      <trkpt lat="47.3179" lon="11.057538">
        <ele>757.5</ele>
      </trkpt>
      <trkpt lat="47.317991" lon="11.057394">
        <ele>756.25</ele>
      </trkpt>
      <trkpt lat="47.318156" lon="11.057171">
        <ele>754.5</ele>
      </trkpt>
      <trkpt lat="47.318057" lon="11.057202">
        <ele>752.25</ele>
      </trkpt>
      <trkpt lat="47.317699" lon="11.057467">
        <ele>747.5</ele>
      </trkpt>
      <trkpt lat="47.31752" lon="11.057553">
        <ele>743.25</ele>
      </trkpt>
      <trkpt lat="47.3173" lon="11.057687">
        <ele>738.25</ele>
      </trkpt>
      <trkpt lat="47.317068" lon="11.057986">
        <ele>734.75</ele>
      </trkpt>
      <trkpt lat="47.317023" lon="11.058143">
        <ele>735.75</ele>
      </trkpt>
      <trkpt lat="47.316937" lon="11.058217">
        <ele>732.75</ele>
      </trkpt>
      <trkpt lat="47.316922" lon="11.058223">
        <ele>732</ele>
      </trkpt>
      <trkpt lat="47.316785" lon="11.058282">
        <ele>725.75</ele>
      </trkpt>
      <trkpt lat="47.316728" lon="11.058129">
        <ele>720.5</ele>
      </trkpt>
      <trkpt lat="47.316858" lon="11.057586">
        <ele>718.25</ele>
      </trkpt>
      <trkpt lat="47.316838" lon="11.057619">
        <ele>717.75</ele>
      </trkpt>
      <trkpt lat="47.316858" lon="11.057586">
        <ele>718.25</ele>
      </trkpt>
      <trkpt lat="47.316977" lon="11.057339">
        <ele>719.5</ele>
      </trkpt>
      <trkpt lat="47.317077" lon="11.057022">
        <ele>718</ele>
      </trkpt>
      <trkpt lat="47.317171" lon="11.056856">
        <ele>717.5</ele>
      </trkpt>
      <trkpt lat="47.317171" lon="11.056772">
        <ele>716</ele>
      </trkpt>
      <trkpt lat="47.317017" lon="11.056878">
        <ele>714.75</ele>
      </trkpt>
      <trkpt lat="47.316954" lon="11.05694">
        <ele>714.25</ele>
      </trkpt>
      <trkpt lat="47.316872" lon="11.056668">
        <ele>709.75</ele>
      </trkpt>
      <trkpt lat="47.316807" lon="11.056593">
        <ele>709</ele>
      </trkpt>
      <trkpt lat="47.316537" lon="11.056282">
        <ele>708.75</ele>
      </trkpt>
      <trkpt lat="47.316434" lon="11.056339">
        <ele>709</ele>
      </trkpt>
      <trkpt lat="47.316263" lon="11.056477">
        <ele>708</ele>
      </trkpt>
      <trkpt lat="47.316102" lon="11.056587">
        <ele>706.25</ele>
      </trkpt>
      <trkpt lat="47.316007" lon="11.056688">
        <ele>704.25</ele>
      </trkpt>
      <trkpt lat="47.315635" lon="11.05722">
        <ele>699.5</ele>
      </trkpt>
      <trkpt lat="47.315608" lon="11.057176">
        <ele>700</ele>
      </trkpt>
      <trkpt lat="47.315482" lon="11.056972">
        <ele>702</ele>
      </trkpt>
      <trkpt lat="47.315455" lon="11.056929">
        <ele>702.5</ele>
      </trkpt>
      <trkpt lat="47.315298" lon="11.057101">
        <ele>701.25</ele>
      </trkpt>
      <trkpt lat="47.315134" lon="11.057263">
        <ele>699.5</ele>
      </trkpt>
      <trkpt lat="47.315007" lon="11.057318">
        <ele>699</ele>
      </trkpt>
      <trkpt lat="47.314991" lon="11.057234">
        <ele>700</ele>
      </trkpt>
      <trkpt lat="47.314991" lon="11.057234">
        <ele>700</ele>
      </trkpt>
      <trkpt lat="47.314983" lon="11.057192">
        <ele>700.75</ele>
      </trkpt>
      <trkpt lat="47.314876" lon="11.057053">
        <ele>704</ele>
      </trkpt>
      <trkpt lat="47.314827" lon="11.057012">
        <ele>705.5</ele>
      </trkpt>
      <trkpt lat="47.314777" lon="11.056906">
        <ele>707.5</ele>
      </trkpt>
      <trkpt lat="47.314739" lon="11.056778">
        <ele>709.75</ele>
      </trkpt>
      <trkpt lat="47.314729" lon="11.056445">
        <ele>716.25</ele>
      </trkpt>
      <trkpt lat="47.314693" lon="11.056169">
        <ele>722.5</ele>
      </trkpt>
      <trkpt lat="47.314641" lon="11.055889">
        <ele>729</ele>
      </trkpt>
      <trkpt lat="47.31451" lon="11.055435">
        <ele>736.5</ele>
      </trkpt>
      <trkpt lat="47.314402" lon="11.054973">
        <ele>742</ele>
      </trkpt>
      <trkpt lat="47.314351" lon="11.054647">
        <ele>742.5</ele>
      </trkpt>
      <trkpt lat="47.314332" lon="11.054127">
        <ele>743.25</ele>
      </trkpt>
      <trkpt lat="47.314356" lon="11.053603">
        <ele>743.25</ele>
      </trkpt>
      <trkpt lat="47.314414" lon="11.053308">
        <ele>744.75</ele>
      </trkpt>
      <trkpt lat="47.314452" lon="11.052992">
        <ele>748.75</ele>
      </trkpt>
      <trkpt lat="47.314458" lon="11.052705">
        <ele>751.5</ele>
      </trkpt>
      <trkpt lat="47.314444" lon="11.052554">
        <ele>752.75</ele>
      </trkpt>
      <trkpt lat="47.314394" lon="11.052243">
        <ele>753.5</ele>
      </trkpt>
      <trkpt lat="47.314397" lon="11.051961">
        <ele>755.25</ele>
      </trkpt>
      <trkpt lat="47.314379" lon="11.051783">
        <ele>755.5</ele>
      </trkpt>
      <trkpt lat="47.314284" lon="11.051382">
        <ele>755.25</ele>
      </trkpt>
      <trkpt lat="47.314219" lon="11.050947">
        <ele>756</ele>
      </trkpt>
      <trkpt lat="47.314172" lon="11.050726">
        <ele>755.25</ele>
      </trkpt>
      <trkpt lat="47.314106" lon="11.050478">
        <ele>757.5</ele>
      </trkpt>
      <trkpt lat="47.313991" lon="11.049974">
        <ele>760.75</ele>
      </trkpt>
      <trkpt lat="47.313734" lon="11.049096">
        <ele>765.75</ele>
      </trkpt>
      <trkpt lat="47.313623" lon="11.048471">
        <ele>766.75</ele>
      </trkpt>
      <trkpt lat="47.313552" lon="11.048268">
        <ele>766.25</ele>
      </trkpt>
      <trkpt lat="47.31345" lon="11.048071">
        <ele>766.25</ele>
      </trkpt>
      <trkpt lat="47.313326" lon="11.047893">
        <ele>765.75</ele>
      </trkpt>
      <trkpt lat="47.313108" lon="11.047658">
        <ele>768.25</ele>
      </trkpt>
      <trkpt lat="47.312805" lon="11.04742">
        <ele>768.75</ele>
      </trkpt>
      <trkpt lat="47.312681" lon="11.047381">
        <ele>768.5</ele>
      </trkpt>
      <trkpt lat="47.312439" lon="11.047414">
        <ele>767.25</ele>
      </trkpt>
      <trkpt lat="47.312182" lon="11.047477">
        <ele>767.25</ele>
      </trkpt>
      <trkpt lat="47.312055" lon="11.047517">
        <ele>767.75</ele>
      </trkpt>
      <trkpt lat="47.311855" lon="11.047548">
        <ele>769.25</ele>
      </trkpt>
      <trkpt lat="47.311745" lon="11.047591">
        <ele>770.5</ele>
      </trkpt>
      <trkpt lat="47.311591" lon="11.047692">
        <ele>773.5</ele>
      </trkpt>
      <trkpt lat="47.311519" lon="11.047717">
        <ele>774.5</ele>
      </trkpt>
      <trkpt lat="47.311444" lon="11.047731">
        <ele>775.5</ele>
      </trkpt>
      <trkpt lat="47.311184" lon="11.047718">
        <ele>777.25</ele>
      </trkpt>
      <trkpt lat="47.310939" lon="11.047662">
        <ele>778.75</ele>
      </trkpt>
      <trkpt lat="47.310807" lon="11.047581">
        <ele>778.75</ele>
      </trkpt>
      <trkpt lat="47.310674" lon="11.047481">
        <ele>777.75</ele>
      </trkpt>
      <trkpt lat="47.310553" lon="11.047339">
        <ele>778.75</ele>
      </trkpt>
      <trkpt lat="47.310394" lon="11.047367">
        <ele>777.75</ele>
      </trkpt>
      <trkpt lat="47.310355" lon="11.047362">
        <ele>777.75</ele>
      </trkpt>
      <trkpt lat="47.310276" lon="11.047424">
        <ele>777</ele>
      </trkpt>
      <trkpt lat="47.310249" lon="11.047669">
        <ele>778.25</ele>
      </trkpt>
      <trkpt lat="47.310216" lon="11.047822">
        <ele>779.75</ele>
      </trkpt>
      <trkpt lat="47.310068" lon="11.047888">
        <ele>780.25</ele>
      </trkpt>
      <trkpt lat="47.309827" lon="11.047957">
        <ele>780.5</ele>
      </trkpt>
      <trkpt lat="47.309755" lon="11.048008">
        <ele>780.75</ele>
      </trkpt>
      <trkpt lat="47.309702" lon="11.048105">
        <ele>781.25</ele>
      </trkpt>
      <trkpt lat="47.309709" lon="11.048298">
        <ele>782.5</ele>
      </trkpt>
      <trkpt lat="47.309918" lon="11.048548">
        <ele>780.5</ele>
      </trkpt>
      <trkpt lat="47.310494" lon="11.048952">
        <ele>787</ele>
      </trkpt>
      <trkpt lat="47.310691" lon="11.049188">
        <ele>793.5</ele>
      </trkpt>
      <trkpt lat="47.310771" lon="11.049699">
        <ele>797.25</ele>
      </trkpt>
      <trkpt lat="47.310945" lon="11.049843">
        <ele>802.25</ele>
      </trkpt>
      <trkpt lat="47.311098" lon="11.050197">
        <ele>805.25</ele>
      </trkpt>
      <trkpt lat="47.311105" lon="11.050433">
        <ele>808.4200129319918</ele>
      </trkpt>
      <trkpt lat="47.311124356173565" lon="11.050646054818742">
        <ele>808.0945825353267</ele>
      </trkpt>
      <trkpt lat="47.3113565366741" lon="11.05121400624894">
        <ele>806.6251764599164</ele>
      </trkpt>
      <trkpt lat="47.31135835974763" lon="11.051218465784586">
        <ele>806.5943260325126</ele>
      </trkpt>
      <trkpt lat="47.311578991287476" lon="11.05179634828994">
        <ele>804.6046149390389</ele>
      </trkpt>
      <trkpt lat="47.31168938742468" lon="11.052085500042182">
        <ele>803.7493285187882</ele>
      </trkpt>
      <trkpt lat="47.31194621781427" lon="11.052523226075323">
        <ele>802.2354989547995</ele>
      </trkpt>
      <trkpt lat="47.3120089983866" lon="11.052935698683683">
        <ele>802.7327992103891</ele>
      </trkpt>
      <trkpt lat="47.312145336998306" lon="11.053567689651185">
        <ele>806.2504736148379</ele>
      </trkpt>
      <trkpt lat="47.312168803142754" lon="11.053676465816267">
        <ele>805.52062416456</ele>
      </trkpt>
      <trkpt lat="47.312207912277046" lon="11.053888899477613">
        <ele>802.69403858959</ele>
      </trkpt>
      <trkpt lat="47.312424789227094" lon="11.05425086523502">
        <ele>801.9681908377889</ele>
      </trkpt>
      <trkpt lat="47.312710152279294" lon="11.054452892634941">
        <ele>800.3925130691988</ele>
      </trkpt>
      <trkpt lat="47.3127786391822" lon="11.054654920034892">
        <ele>796.7205779504511</ele>
      </trkpt>
      <trkpt lat="47.3127786391822" lon="11.055016885793094">
        <ele>787.2662540890269</ele>
      </trkpt>
      <trkpt lat="47.31296127048995" lon="11.055345180318142">
        <ele>782.8754407757989</ele>
      </trkpt>
      <trkpt lat="47.31307541473703" lon="11.055900755666897">
        <ele>779.2408465416048</ele>
      </trkpt>
      <trkpt lat="47.31313819396735" lon="11.056018604983535">
        <ele>777.0151945967426</ele>
      </trkpt>
      <trkpt lat="47.31311536516492" lon="11.056136454300031">
        <ele>773.5191555468574</ele>
      </trkpt>
      <trkpt lat="47.31320028231829" lon="11.056787745066517">
        <ele>757.4675604074733</ele>
      </trkpt>
      <trkpt lat="47.31320097312366" lon="11.05679304335007">
        <ele>757.3203593507881</ele>
      </trkpt>
      <trkpt lat="47.31314390116657" lon="11.056944563899833">
        <ele>750.5856529603798</ele>
      </trkpt>
      <trkpt lat="47.313240923457215" lon="11.057222351574609">
        <ele>739.9228438299554</ele>
      </trkpt>
      <trkpt lat="47.31321524071154" lon="11.057336000663298">
        <ele>735.8738391138311</ele>
      </trkpt>
      <trkpt lat="47.313172436761334" lon="11.057415969842424">
        <ele>733.0276762545866</ele>
      </trkpt>
      <trkpt lat="47.31308213024124" lon="11.057864880412552">
        <ele>724.8088151792534</ele>
      </trkpt>
      <trkpt lat="47.313030765367245" lon="11.058193174936719">
        <ele>720.1777667935709</ele>
      </trkpt>
      <trkpt lat="47.313030765367245" lon="11.058315233157572">
        <ele>718.945849478363</ele>
      </trkpt>
      <trkpt lat="47.31296227879048" lon="11.058550931790677">
        <ele>712.9758629772946</ele>
      </trkpt>
      <trkpt lat="47.312833866220586" lon="11.058698243437021">
        <ele>707.1272869498729</ele>
      </trkpt>
      <trkpt lat="47.312636966340335" lon="11.058879226315725">
        <ele>697.8252608007053</ele>
      </trkpt>
      <trkpt lat="47.312387060181265" lon="11.059122152118874">
        <ele>687.6615415085774</ele>
      </trkpt>
      <trkpt lat="47.312255792566305" lon="11.059256837052487">
        <ele>681.9222854955663</ele>
      </trkpt>
      <trkpt lat="47.3121102563515" lon="11.059315761710366">
        <ele>676.9245480605855</ele>
      </trkpt>
      <trkpt lat="47.3120617441908" lon="11.059319970614581">
        <ele>675.5526131621259</ele>
      </trkpt>
      <trkpt lat="47.312066" lon="11.059327">
        <ele>679</ele>
      </trkpt>
      <trkpt lat="47.311989" lon="11.059426">
        <ele>676.75</ele>
      </trkpt>
      <trkpt lat="47.311796" lon="11.059539">
        <ele>673.25</ele>
      </trkpt>
      <trkpt lat="47.311606" lon="11.059708">
        <ele>670.25</ele>
      </trkpt>
      <trkpt lat="47.311294" lon="11.059932">
        <ele>667.25</ele>
      </trkpt>
      <trkpt lat="47.310978" lon="11.060176">
        <ele>665.5</ele>
      </trkpt>
      <trkpt lat="47.310912" lon="11.060221">
        <ele>665</ele>
      </trkpt>
      <trkpt lat="47.310792" lon="11.060303">
        <ele>664.25</ele>
      </trkpt>
      <trkpt lat="47.31075" lon="11.060332">
        <ele>664.25</ele>
      </trkpt>
      <trkpt lat="47.310548" lon="11.060508">
        <ele>663.75</ele>
      </trkpt>
      <trkpt lat="47.310449" lon="11.060678">
        <ele>663.5</ele>
      </trkpt>
      <trkpt lat="47.310256" lon="11.060854">
        <ele>663</ele>
      </trkpt>
      <trkpt lat="47.310226" lon="11.060881">
        <ele>663</ele>
      </trkpt>
      <trkpt lat="47.31021" lon="11.061038">
        <ele>662.25</ele>
      </trkpt>
      <trkpt lat="47.310192" lon="11.061225">
        <ele>661.5</ele>
      </trkpt>
      <trkpt lat="47.310194" lon="11.061229">
        <ele>661.25</ele>
      </trkpt>
      <trkpt lat="47.310192" lon="11.061225">
        <ele>661.5</ele>
      </trkpt>
      <trkpt lat="47.310175" lon="11.061276">
        <ele>661.25</ele>
      </trkpt>
      <trkpt lat="47.3101" lon="11.061337">
        <ele>660.75</ele>
      </trkpt>
      <trkpt lat="47.310051" lon="11.06135">
        <ele>660.5</ele>
      </trkpt>
      <trkpt lat="47.310067" lon="11.061707">
        <ele>659.25</ele>
      </trkpt>
      <trkpt lat="47.310076" lon="11.061949">
        <ele>659.25</ele>
      </trkpt>
      <trkpt lat="47.310079" lon="11.06202">
        <ele>659.25</ele>
      </trkpt>
      <trkpt lat="47.310099" lon="11.062573">
        <ele>658.75</ele>
      </trkpt>
      <trkpt lat="47.310137" lon="11.063046">
        <ele>656.25</ele>
      </trkpt>
      <trkpt lat="47.310161" lon="11.06338">
        <ele>654.75</ele>
      </trkpt>
      <trkpt lat="47.310172" lon="11.063681">
        <ele>654.25</ele>
      </trkpt>
      <trkpt lat="47.310171" lon="11.063955">
        <ele>653.75</ele>
      </trkpt>
      <trkpt lat="47.310183" lon="11.064087">
        <ele>653.75</ele>
      </trkpt>
      <trkpt lat="47.310225" lon="11.064271">
        <ele>653.5</ele>
      </trkpt>
      <trkpt lat="47.310308" lon="11.064508">
        <ele>653.25</ele>
      </trkpt>
      <trkpt lat="47.310323" lon="11.064571">
        <ele>653.25</ele>
      </trkpt>
      <trkpt lat="47.310333" lon="11.064639">
        <ele>653.25</ele>
      </trkpt>
      <trkpt lat="47.310338" lon="11.06467">
        <ele>653.25</ele>
      </trkpt>
      <trkpt lat="47.31034" lon="11.064808">
        <ele>652.75</ele>
      </trkpt>
      <trkpt lat="47.310329" lon="11.064856">
        <ele>652.75</ele>
      </trkpt>
      <trkpt lat="47.310318" lon="11.064912">
        <ele>652.5</ele>
      </trkpt>
      <trkpt lat="47.310288" lon="11.064987">
        <ele>652.25</ele>
      </trkpt>
      <trkpt lat="47.310254" lon="11.065047">
        <ele>651.75</ele>
      </trkpt>
      <trkpt lat="47.3102" lon="11.065146">
        <ele>651.5</ele>
      </trkpt>
      <trkpt lat="47.310132" lon="11.065226">
        <ele>651</ele>
      </trkpt>
      <trkpt lat="47.310025" lon="11.065333">
        <ele>650.25</ele>
      </trkpt>
      <trkpt lat="47.309908" lon="11.065458">
        <ele>650.5</ele>
      </trkpt>
      <trkpt lat="47.309892" lon="11.065475">
        <ele>650.5</ele>
      </trkpt>
      <trkpt lat="47.309867" lon="11.065424">
        <ele>651</ele>
      </trkpt>
      <trkpt lat="47.309804" lon="11.065406">
        <ele>651.5</ele>
      </trkpt>
      <trkpt lat="47.309785" lon="11.06543">
        <ele>651.5</ele>
      </trkpt>
      <trkpt lat="47.309568" lon="11.065719">
        <ele>651</ele>
      </trkpt>
      <trkpt lat="47.309521" lon="11.065796">
        <ele>650.5</ele>
      </trkpt>
      <trkpt lat="47.309309" lon="11.066151">
        <ele>649.5</ele>
      </trkpt>
      <trkpt lat="47.309203" lon="11.06631">
        <ele>648.75</ele>
      </trkpt>
      <trkpt lat="47.309087" lon="11.066418">
        <ele>647.75</ele>
      </trkpt>
      <trkpt lat="47.308981" lon="11.066482">
        <ele>647.25</ele>
      </trkpt>
      <trkpt lat="47.308686" lon="11.06662">
        <ele>645.5</ele>
      </trkpt>
      <trkpt lat="47.308636" lon="11.066663">
        <ele>645</ele>
      </trkpt>
      <trkpt lat="47.308422" lon="11.066817">
        <ele>643.75</ele>
      </trkpt>
      <trkpt lat="47.308161" lon="11.067006">
        <ele>642.75</ele>
      </trkpt>
      <trkpt lat="47.308164" lon="11.06704">
        <ele>642.75</ele>
      </trkpt>
      <trkpt lat="47.308053" lon="11.067101">
        <ele>642</ele>
      </trkpt>
      <trkpt lat="47.30802" lon="11.067083">
        <ele>641.75</ele>
      </trkpt>
      <trkpt lat="47.30798" lon="11.067075">
        <ele>641.75</ele>
      </trkpt>
      <trkpt lat="47.30793" lon="11.067065">
        <ele>641.5</ele>
      </trkpt>
      <trkpt lat="47.307821" lon="11.067129">
        <ele>640.75</ele>
      </trkpt>
      <trkpt lat="47.307772" lon="11.067173">
        <ele>640.5</ele>
      </trkpt>
      <trkpt lat="47.307765" lon="11.067206">
        <ele>640.25</ele>
      </trkpt>
      <trkpt lat="47.307752" lon="11.067265">
        <ele>640</ele>
      </trkpt>
      <trkpt lat="47.307737" lon="11.067308">
        <ele>639.75</ele>
      </trkpt>
      <trkpt lat="47.307547" lon="11.067218">
        <ele>639.25</ele>
      </trkpt>
      <trkpt lat="47.307407" lon="11.067295">
        <ele>638.5</ele>
      </trkpt>
      <trkpt lat="47.307227" lon="11.067523">
        <ele>637.5</ele>
      </trkpt>
      <trkpt lat="47.307183" lon="11.067614">
        <ele>637.5</ele>
      </trkpt>
      <trkpt lat="47.306511" lon="11.068408">
        <ele>635.5</ele>
      </trkpt>
      <trkpt lat="47.30646" lon="11.068447">
        <ele>635</ele>
      </trkpt>
      <trkpt lat="47.306461" lon="11.068528">
        <ele>634.75</ele>
      </trkpt>
      <trkpt lat="47.306343" lon="11.068675">
        <ele>633.75</ele>
      </trkpt>
      <trkpt lat="47.306242" lon="11.068862">
        <ele>632.75</ele>
      </trkpt>
      <trkpt lat="47.306198" lon="11.068923">
        <ele>632.25</ele>
      </trkpt>
      <trkpt lat="47.30607" lon="11.069032">
        <ele>631.5</ele>
      </trkpt>
      <trkpt lat="47.305972" lon="11.06914">
        <ele>630.75</ele>
      </trkpt>
      <trkpt lat="47.305969" lon="11.069185">
        <ele>630.75</ele>
      </trkpt>
      <trkpt lat="47.30566" lon="11.069328">
        <ele>629.5</ele>
      </trkpt>
      <trkpt lat="47.305579" lon="11.069147">
        <ele>629.25</ele>
      </trkpt>
      <trkpt lat="47.305334" lon="11.069199">
        <ele>628.75</ele>
      </trkpt>
      <trkpt lat="47.305081" lon="11.069268">
        <ele>628.25</ele>
      </trkpt>
      <trkpt lat="47.304713" lon="11.069442">
        <ele>627.25</ele>
      </trkpt>
      <trkpt lat="47.304293" lon="11.069823">
        <ele>626.75</ele>
      </trkpt>
      <trkpt lat="47.304208" lon="11.069872">
        <ele>626.75</ele>
      </trkpt>
      <trkpt lat="47.303993" lon="11.07017">
        <ele>626.5</ele>
      </trkpt>
      <trkpt lat="47.303558" lon="11.070446">
        <ele>625.5</ele>
      </trkpt>
      <trkpt lat="47.303323" lon="11.070624">
        <ele>624.75</ele>
      </trkpt>
      <trkpt lat="47.302431" lon="11.071296">
        <ele>623.75</ele>
      </trkpt>
      <trkpt lat="47.302385" lon="11.071331">
        <ele>623.75</ele>
      </trkpt>
      <trkpt lat="47.302401" lon="11.071395">
        <ele>623.75</ele>
      </trkpt>
      <trkpt lat="47.302558" lon="11.072021">
        <ele>623.25</ele>
      </trkpt>
      <trkpt lat="47.30225" lon="11.072264">
        <ele>622.75</ele>
      </trkpt>
      <trkpt lat="47.302232" lon="11.072279">
        <ele>622.75</ele>
      </trkpt>
      <trkpt lat="47.302376" lon="11.073857">
        <ele>623.75</ele>
      </trkpt>
      <trkpt lat="47.302265" lon="11.073936">
        <ele>623</ele>
      </trkpt>
      <trkpt lat="47.301992" lon="11.073968">
        <ele>621.75</ele>
      </trkpt>
      <trkpt lat="47.301927" lon="11.073974">
        <ele>621.25</ele>
      </trkpt>
      <trkpt lat="47.301883" lon="11.073979">
        <ele>621.25</ele>
      </trkpt>
      <trkpt lat="47.301253" lon="11.074035">
        <ele>620.25</ele>
      </trkpt>
      <trkpt lat="47.301044" lon="11.074054">
        <ele>620</ele>
      </trkpt>
      <trkpt lat="47.300722" lon="11.074076">
        <ele>620.5</ele>
      </trkpt>
      <trkpt lat="47.300751" lon="11.074773">
        <ele>621.5</ele>
      </trkpt>
      <trkpt lat="47.300763" lon="11.074922">
        <ele>621.75</ele>
      </trkpt>
      <trkpt lat="47.300771" lon="11.075218">
        <ele>622.5</ele>
      </trkpt>
      <trkpt lat="47.300852" lon="11.078727">
        <ele>624.25</ele>
      </trkpt>
      <trkpt lat="47.300872" lon="11.07887">
        <ele>624.5</ele>
      </trkpt>
      <trkpt lat="47.300795" lon="11.078872">
        <ele>624.5</ele>
      </trkpt>
      <trkpt lat="47.300798" lon="11.078991">
        <ele>624.75</ele>
      </trkpt>
      <trkpt lat="47.300777" lon="11.078992">
        <ele>624.75</ele>
      </trkpt>
      <trkpt lat="47.300767" lon="11.078992">
        <ele>624.75</ele>
      </trkpt>
      <trkpt lat="47.300764" lon="11.078802">
        <ele>624.5</ele>
      </trkpt>
      <trkpt lat="47.300752" lon="11.078801">
        <ele>624.5</ele>
      </trkpt>
    </trkseg>
  </trk>
</gpx>