<?xml version='1.0' encoding='utf-8'?>
<gpx xmlns="http://www.topografix.com/GPX/1/1" xmlns:xsi="http://www.w3.org/2001/XMLSchema-instance" creator="https://tiroltrailhead.com" version="1.1" xsi:schemaLocation="http://www.topografix.com/GPX/1/1 http://www.topografix.com/GPX/1/1/gpx.xsd">
  <metadata>
    <name>Re_Ob_Kr_Voe__Trailspotting</name>
    <desc>This file contains a Trailspotting-Route with bike ride segments. For the transfers between bike ride segments, public transport is available (train or local bus services). See this site for details: https://tiroltrailhead.com/webmaps/trailspotting

If your application is having issues with opening this gpx file (some apps might have issues with opening files that contain more than one track) - use one of the following apps instead:
Apple: https://apps.apple.com/de/app/gaia-gps-wander-app/id1201979492
Android: https://play.google.com/store/apps/details?id=menion.android.locus.pro
Web: https://gpx.studio/de/app#0/0/0</desc>
    <author>
      <name>tiroltrailhead.com</name>
      <link href="https://tiroltrailhead.com" />
    </author>
  </metadata>
  <trk>
    <name>Segment 1</name>
    <trkseg>
      <name>Segment 1</name>
      <desc>distance: 19.7km, elevation_gain: 1054m, elevation_loss: 1561m, est_duration_moving: 02:39, est_duration_incl_pauses: 03:05, avg_km_per_hour: 6.4, avg_km_hr_moving: 7.4</desc>
      <trkpt lat="47.300889" lon="11.201056">
        <ele>1120.75</ele>
      </trkpt>
      <trkpt lat="47.301066" lon="11.200987">
        <ele>1121.5</ele>
      </trkpt>
      <trkpt lat="47.301182" lon="11.200867">
        <ele>1121.25</ele>
      </trkpt>
      <trkpt lat="47.301368" lon="11.200724">
        <ele>1121.25</ele>
      </trkpt>
      <trkpt lat="47.301553" lon="11.200644">
        <ele>1121.75</ele>
      </trkpt>
      <trkpt lat="47.301656" lon="11.200615">
        <ele>1122.25</ele>
      </trkpt>
      <trkpt lat="47.301805" lon="11.200588">
        <ele>1121.75</ele>
      </trkpt>
      <trkpt lat="47.302059" lon="11.200563">
        <ele>1120.75</ele>
      </trkpt>
      <trkpt lat="47.302269" lon="11.200553">
        <ele>1120.25</ele>
      </trkpt>
      <trkpt lat="47.302307" lon="11.200568">
        <ele>1120.5</ele>
      </trkpt>
      <trkpt lat="47.302337" lon="11.200596">
        <ele>1120.75</ele>
      </trkpt>
      <trkpt lat="47.302392" lon="11.200674">
        <ele>1121.5</ele>
      </trkpt>
      <trkpt lat="47.30241" lon="11.200702">
        <ele>1121.75</ele>
      </trkpt>
      <trkpt lat="47.302501" lon="11.200665">
        <ele>1121</ele>
      </trkpt>
      <trkpt lat="47.302645" lon="11.200577">
        <ele>1122</ele>
      </trkpt>
      <trkpt lat="47.302688" lon="11.200534">
        <ele>1122</ele>
      </trkpt>
      <trkpt lat="47.302818" lon="11.200373">
        <ele>1121.25</ele>
      </trkpt>
      <trkpt lat="47.302846" lon="11.200457">
        <ele>1122.75</ele>
      </trkpt>
      <trkpt lat="47.302897" lon="11.200486">
        <ele>1123.75</ele>
      </trkpt>
      <trkpt lat="47.30337" lon="11.200321">
        <ele>1126.25</ele>
      </trkpt>
      <trkpt lat="47.303691" lon="11.20021">
        <ele>1129.75</ele>
      </trkpt>
      <trkpt lat="47.303953" lon="11.200083">
        <ele>1131</ele>
      </trkpt>
      <trkpt lat="47.304171" lon="11.200015">
        <ele>1132.25</ele>
      </trkpt>
      <trkpt lat="47.30446" lon="11.199982">
        <ele>1132.5</ele>
      </trkpt>
      <trkpt lat="47.304666" lon="11.199993">
        <ele>1133.5</ele>
      </trkpt>
      <trkpt lat="47.304804" lon="11.200014">
        <ele>1134.5</ele>
      </trkpt>
      <trkpt lat="47.304948" lon="11.200062">
        <ele>1136.75</ele>
      </trkpt>
      <trkpt lat="47.305093" lon="11.200123">
        <ele>1138</ele>
      </trkpt>
      <trkpt lat="47.305377" lon="11.200252">
        <ele>1138.25</ele>
      </trkpt>
      <trkpt lat="47.305568" lon="11.200357">
        <ele>1138.75</ele>
      </trkpt>
      <trkpt lat="47.30574" lon="11.200488">
        <ele>1139.75</ele>
      </trkpt>
      <trkpt lat="47.305837" lon="11.200588">
        <ele>1140.5</ele>
      </trkpt>
      <trkpt lat="47.30592" lon="11.200703">
        <ele>1141.75</ele>
      </trkpt>
      <trkpt lat="47.306024" lon="11.20089">
        <ele>1144</ele>
      </trkpt>
      <trkpt lat="47.306087" lon="11.200972">
        <ele>1144.5</ele>
      </trkpt>
      <trkpt lat="47.306286" lon="11.201178">
        <ele>1145</ele>
      </trkpt>
      <trkpt lat="47.306438" lon="11.201406">
        <ele>1147.25</ele>
      </trkpt>
      <trkpt lat="47.306499" lon="11.201566">
        <ele>1150</ele>
      </trkpt>
      <trkpt lat="47.306548" lon="11.20172">
        <ele>1152.75</ele>
      </trkpt>
      <trkpt lat="47.306579" lon="11.201762">
        <ele>1153.25</ele>
      </trkpt>
      <trkpt lat="47.306654" lon="11.201797">
        <ele>1152.5</ele>
      </trkpt>
      <trkpt lat="47.306729" lon="11.20178">
        <ele>1151</ele>
      </trkpt>
      <trkpt lat="47.306791" lon="11.20179">
        <ele>1150.5</ele>
      </trkpt>
      <trkpt lat="47.307285" lon="11.202199">
        <ele>1152.75</ele>
      </trkpt>
      <trkpt lat="47.307453" lon="11.202323">
        <ele>1152.75</ele>
      </trkpt>
      <trkpt lat="47.307676" lon="11.20244">
        <ele>1153</ele>
      </trkpt>
      <trkpt lat="47.307842" lon="11.202543">
        <ele>1153.75</ele>
      </trkpt>
      <trkpt lat="47.308082" lon="11.202691">
        <ele>1155.25</ele>
      </trkpt>
      <trkpt lat="47.308234" lon="11.202824">
        <ele>1157</ele>
      </trkpt>
      <trkpt lat="47.307992" lon="11.202792">
        <ele>1158.75</ele>
      </trkpt>
      <trkpt lat="47.30787" lon="11.20274">
        <ele>1158.5</ele>
      </trkpt>
      <trkpt lat="47.307788" lon="11.202725">
        <ele>1159</ele>
      </trkpt>
      <trkpt lat="47.30771" lon="11.202736">
        <ele>1160</ele>
      </trkpt>
      <trkpt lat="47.307647" lon="11.202771">
        <ele>1161.5</ele>
      </trkpt>
      <trkpt lat="47.307438" lon="11.202979">
        <ele>1169.25</ele>
      </trkpt>
      <trkpt lat="47.307262" lon="11.203093">
        <ele>1174.25</ele>
      </trkpt>
      <trkpt lat="47.307069" lon="11.20317">
        <ele>1178</ele>
      </trkpt>
      <trkpt lat="47.306874" lon="11.203234">
        <ele>1181.25</ele>
      </trkpt>
      <trkpt lat="47.306811" lon="11.203235">
        <ele>1181.75</ele>
      </trkpt>
      <trkpt lat="47.306676" lon="11.203183">
        <ele>1182.25</ele>
      </trkpt>
      <trkpt lat="47.306546" lon="11.203196">
        <ele>1183</ele>
      </trkpt>
      <trkpt lat="47.306452" lon="11.203222">
        <ele>1183.75</ele>
      </trkpt>
      <trkpt lat="47.306212" lon="11.203398">
        <ele>1187.5</ele>
      </trkpt>
      <trkpt lat="47.306069" lon="11.203471">
        <ele>1189.5</ele>
      </trkpt>
      <trkpt lat="47.305873" lon="11.203636">
        <ele>1194</ele>
      </trkpt>
      <trkpt lat="47.305833" lon="11.203655">
        <ele>1194.5</ele>
      </trkpt>
      <trkpt lat="47.305817" lon="11.203664">
        <ele>1194.75</ele>
      </trkpt>
      <trkpt lat="47.305691" lon="11.203728">
        <ele>1196.75</ele>
      </trkpt>
      <trkpt lat="47.30549" lon="11.203832">
        <ele>1199.5</ele>
      </trkpt>
      <trkpt lat="47.305424" lon="11.20384">
        <ele>1200</ele>
      </trkpt>
      <trkpt lat="47.305403" lon="11.20382">
        <ele>1199.5</ele>
      </trkpt>
      <trkpt lat="47.305387" lon="11.203784">
        <ele>1198.75</ele>
      </trkpt>
      <trkpt lat="47.305332" lon="11.203721">
        <ele>1197.75</ele>
      </trkpt>
      <trkpt lat="47.305082" lon="11.203595">
        <ele>1196.5</ele>
      </trkpt>
      <trkpt lat="47.304707" lon="11.203515">
        <ele>1197.75</ele>
      </trkpt>
      <trkpt lat="47.304566" lon="11.203507">
        <ele>1198.5</ele>
      </trkpt>
      <trkpt lat="47.304434" lon="11.203542">
        <ele>1199.75</ele>
      </trkpt>
      <trkpt lat="47.304361" lon="11.203585">
        <ele>1201</ele>
      </trkpt>
      <trkpt lat="47.303883" lon="11.203973">
        <ele>1206.25</ele>
      </trkpt>
      <trkpt lat="47.303813" lon="11.204051">
        <ele>1207</ele>
      </trkpt>
      <trkpt lat="47.303788" lon="11.204121">
        <ele>1208</ele>
      </trkpt>
      <trkpt lat="47.30382" lon="11.204289">
        <ele>1210.5</ele>
      </trkpt>
      <trkpt lat="47.303833" lon="11.204419">
        <ele>1212.75</ele>
      </trkpt>
      <trkpt lat="47.303815" lon="11.204519">
        <ele>1214.25</ele>
      </trkpt>
      <trkpt lat="47.303779" lon="11.204607">
        <ele>1215.5</ele>
      </trkpt>
      <trkpt lat="47.303728" lon="11.204674">
        <ele>1216</ele>
      </trkpt>
      <trkpt lat="47.303668" lon="11.204732">
        <ele>1216.5</ele>
      </trkpt>
      <trkpt lat="47.303503" lon="11.204839">
        <ele>1216.5</ele>
      </trkpt>
      <trkpt lat="47.303257" lon="11.205079">
        <ele>1217</ele>
      </trkpt>
      <trkpt lat="47.303088" lon="11.205349">
        <ele>1219.5</ele>
      </trkpt>
      <trkpt lat="47.30287" lon="11.205657">
        <ele>1222</ele>
      </trkpt>
      <trkpt lat="47.3026" lon="11.206204">
        <ele>1229</ele>
      </trkpt>
      <trkpt lat="47.30251" lon="11.206425">
        <ele>1231.75</ele>
      </trkpt>
      <trkpt lat="47.302341" lon="11.206699">
        <ele>1234.75</ele>
      </trkpt>
      <trkpt lat="47.301858" lon="11.207387">
        <ele>1238.5</ele>
      </trkpt>
      <trkpt lat="47.301676" lon="11.207757">
        <ele>1241</ele>
      </trkpt>
      <trkpt lat="47.301595" lon="11.2081">
        <ele>1243.75</ele>
      </trkpt>
      <trkpt lat="47.301533" lon="11.208323">
        <ele>1245</ele>
      </trkpt>
      <trkpt lat="47.301418" lon="11.208596">
        <ele>1247</ele>
      </trkpt>
      <trkpt lat="47.3013" lon="11.208853">
        <ele>1247.5</ele>
      </trkpt>
      <trkpt lat="47.301248" lon="11.209152">
        <ele>1250</ele>
      </trkpt>
      <trkpt lat="47.301164" lon="11.209473">
        <ele>1251.25</ele>
      </trkpt>
      <trkpt lat="47.301102" lon="11.209638">
        <ele>1250.5</ele>
      </trkpt>
      <trkpt lat="47.301058" lon="11.209737">
        <ele>1249.75</ele>
      </trkpt>
      <trkpt lat="47.300747" lon="11.209629">
        <ele>1236.25</ele>
      </trkpt>
      <trkpt lat="47.300515" lon="11.209953">
        <ele>1230.75</ele>
      </trkpt>
      <trkpt lat="47.300462" lon="11.210029">
        <ele>1229.75</ele>
      </trkpt>
      <trkpt lat="47.300623" lon="11.210473">
        <ele>1242.5</ele>
      </trkpt>
      <trkpt lat="47.300589" lon="11.210784">
        <ele>1247</ele>
      </trkpt>
      <trkpt lat="47.300449" lon="11.210869">
        <ele>1245.75</ele>
      </trkpt>
      <trkpt lat="47.300441" lon="11.210874">
        <ele>1245.75</ele>
      </trkpt>
      <trkpt lat="47.300429" lon="11.210881">
        <ele>1245.5</ele>
      </trkpt>
      <trkpt lat="47.300249" lon="11.210845">
        <ele>1241.25</ele>
      </trkpt>
      <trkpt lat="47.300188" lon="11.210832">
        <ele>1239.75</ele>
      </trkpt>
      <trkpt lat="47.300171" lon="11.210809">
        <ele>1238.75</ele>
      </trkpt>
      <trkpt lat="47.300191" lon="11.21071">
        <ele>1237</ele>
      </trkpt>
      <trkpt lat="47.300189" lon="11.210537">
        <ele>1233</ele>
      </trkpt>
      <trkpt lat="47.300201" lon="11.210417">
        <ele>1230.5</ele>
      </trkpt>
      <trkpt lat="47.300189" lon="11.210268">
        <ele>1226.75</ele>
      </trkpt>
      <trkpt lat="47.300063" lon="11.210032">
        <ele>1217.5</ele>
      </trkpt>
      <trkpt lat="47.299984" lon="11.209853">
        <ele>1213.75</ele>
      </trkpt>
      <trkpt lat="47.29993" lon="11.209669">
        <ele>1211.75</ele>
      </trkpt>
      <trkpt lat="47.299849" lon="11.209587">
        <ele>1210</ele>
      </trkpt>
      <trkpt lat="47.299732" lon="11.209448">
        <ele>1207</ele>
      </trkpt>
      <trkpt lat="47.299678" lon="11.20941">
        <ele>1205.75</ele>
      </trkpt>
      <trkpt lat="47.299625" lon="11.209312">
        <ele>1203.25</ele>
      </trkpt>
      <trkpt lat="47.299567" lon="11.209312">
        <ele>1202.25</ele>
      </trkpt>
      <trkpt lat="47.299536" lon="11.209272">
        <ele>1201.25</ele>
      </trkpt>
      <trkpt lat="47.299454" lon="11.209201">
        <ele>1198.25</ele>
      </trkpt>
      <trkpt lat="47.299373" lon="11.20918">
        <ele>1196.25</ele>
      </trkpt>
      <trkpt lat="47.299268" lon="11.209114">
        <ele>1193.25</ele>
      </trkpt>
      <trkpt lat="47.299124" lon="11.208906">
        <ele>1187</ele>
      </trkpt>
      <trkpt lat="47.299095" lon="11.208797">
        <ele>1185</ele>
      </trkpt>
      <trkpt lat="47.29908" lon="11.208768">
        <ele>1184.25</ele>
      </trkpt>
      <trkpt lat="47.298971" lon="11.208561">
        <ele>1179.25</ele>
      </trkpt>
      <trkpt lat="47.298912" lon="11.208537">
        <ele>1177.75</ele>
      </trkpt>
      <trkpt lat="47.29892" lon="11.208431">
        <ele>1176.25</ele>
      </trkpt>
      <trkpt lat="47.298858" lon="11.208296">
        <ele>1173.25</ele>
      </trkpt>
      <trkpt lat="47.298756" lon="11.20821">
        <ele>1170.25</ele>
      </trkpt>
      <trkpt lat="47.298681" lon="11.208167">
        <ele>1168</ele>
      </trkpt>
      <trkpt lat="47.298644" lon="11.208121">
        <ele>1166.5</ele>
      </trkpt>
      <trkpt lat="47.298597" lon="11.208025">
        <ele>1164</ele>
      </trkpt>
      <trkpt lat="47.298492" lon="11.207857">
        <ele>1158.25</ele>
      </trkpt>
      <trkpt lat="47.298465" lon="11.207735">
        <ele>1155</ele>
      </trkpt>
      <trkpt lat="47.298506" lon="11.207684">
        <ele>1155.25</ele>
      </trkpt>
      <trkpt lat="47.298512" lon="11.207653">
        <ele>1154.75</ele>
      </trkpt>
      <trkpt lat="47.298519" lon="11.207646">
        <ele>1155</ele>
      </trkpt>
      <trkpt lat="47.29854" lon="11.207587">
        <ele>1154.5</ele>
      </trkpt>
      <trkpt lat="47.298524" lon="11.207451">
        <ele>1152</ele>
      </trkpt>
      <trkpt lat="47.29847" lon="11.207353">
        <ele>1150</ele>
      </trkpt>
      <trkpt lat="47.2984" lon="11.207282">
        <ele>1147.5</ele>
      </trkpt>
      <trkpt lat="47.29828" lon="11.207133">
        <ele>1143.75</ele>
      </trkpt>
      <trkpt lat="47.298175" lon="11.206957">
        <ele>1140.25</ele>
      </trkpt>
      <trkpt lat="47.29805" lon="11.206808">
        <ele>1136</ele>
      </trkpt>
      <trkpt lat="47.297963" lon="11.206678">
        <ele>1132.75</ele>
      </trkpt>
      <trkpt lat="47.297872" lon="11.206445">
        <ele>1128.75</ele>
      </trkpt>
      <trkpt lat="47.297848" lon="11.206339">
        <ele>1127.5</ele>
      </trkpt>
      <trkpt lat="47.297836" lon="11.206227">
        <ele>1126.5</ele>
      </trkpt>
      <trkpt lat="47.297835" lon="11.206107">
        <ele>1125.75</ele>
      </trkpt>
      <trkpt lat="47.297867" lon="11.205874">
        <ele>1125.25</ele>
      </trkpt>
      <trkpt lat="47.297887" lon="11.205741">
        <ele>1125</ele>
      </trkpt>
      <trkpt lat="47.297797" lon="11.205942">
        <ele>1124</ele>
      </trkpt>
      <trkpt lat="47.297735" lon="11.206175">
        <ele>1123.5</ele>
      </trkpt>
      <trkpt lat="47.297716" lon="11.206373">
        <ele>1124</ele>
      </trkpt>
      <trkpt lat="47.297717" lon="11.20657">
        <ele>1125</ele>
      </trkpt>
      <trkpt lat="47.297757" lon="11.206748">
        <ele>1127.25</ele>
      </trkpt>
      <trkpt lat="47.297892" lon="11.207063">
        <ele>1133.25</ele>
      </trkpt>
      <trkpt lat="47.297924" lon="11.207234">
        <ele>1135.25</ele>
      </trkpt>
      <trkpt lat="47.297913" lon="11.207352">
        <ele>1135.75</ele>
      </trkpt>
      <trkpt lat="47.297874" lon="11.207439">
        <ele>1135.5</ele>
      </trkpt>
      <trkpt lat="47.29781" lon="11.207506">
        <ele>1134.75</ele>
      </trkpt>
      <trkpt lat="47.297746" lon="11.207538">
        <ele>1134</ele>
      </trkpt>
      <trkpt lat="47.297669" lon="11.207551">
        <ele>1132.75</ele>
      </trkpt>
      <trkpt lat="47.297201" lon="11.207526">
        <ele>1124</ele>
      </trkpt>
      <trkpt lat="47.297065" lon="11.207523">
        <ele>1122</ele>
      </trkpt>
      <trkpt lat="47.296934" lon="11.207533">
        <ele>1120.25</ele>
      </trkpt>
      <trkpt lat="47.296815" lon="11.207566">
        <ele>1119</ele>
      </trkpt>
      <trkpt lat="47.296715" lon="11.207608">
        <ele>1118</ele>
      </trkpt>
      <trkpt lat="47.296687" lon="11.207714">
        <ele>1119</ele>
      </trkpt>
      <trkpt lat="47.296483" lon="11.207965">
        <ele>1118.75</ele>
      </trkpt>
      <trkpt lat="47.296359" lon="11.208228">
        <ele>1120</ele>
      </trkpt>
      <trkpt lat="47.296308" lon="11.20844">
        <ele>1122</ele>
      </trkpt>
      <trkpt lat="47.296282" lon="11.208536">
        <ele>1123</ele>
      </trkpt>
      <trkpt lat="47.296242" lon="11.208582">
        <ele>1122.75</ele>
      </trkpt>
      <trkpt lat="47.296039" lon="11.208623">
        <ele>1119</ele>
      </trkpt>
      <trkpt lat="47.296005" lon="11.208643">
        <ele>1118.5</ele>
      </trkpt>
      <trkpt lat="47.295985" lon="11.208685">
        <ele>1118.5</ele>
      </trkpt>
      <trkpt lat="47.295983" lon="11.208752">
        <ele>1119.25</ele>
      </trkpt>
      <trkpt lat="47.295995" lon="11.208805">
        <ele>1120.25</ele>
      </trkpt>
      <trkpt lat="47.296004" lon="11.208836">
        <ele>1120.75</ele>
      </trkpt>
      <trkpt lat="47.296089" lon="11.209126">
        <ele>1126.5</ele>
      </trkpt>
      <trkpt lat="47.2961" lon="11.209214">
        <ele>1128</ele>
      </trkpt>
      <trkpt lat="47.296085" lon="11.209297">
        <ele>1129</ele>
      </trkpt>
      <trkpt lat="47.296003" lon="11.209481">
        <ele>1130</ele>
      </trkpt>
      <trkpt lat="47.295752" lon="11.209803">
        <ele>1129.75</ele>
      </trkpt>
      <trkpt lat="47.295561" lon="11.210192">
        <ele>1133.25</ele>
      </trkpt>
      <trkpt lat="47.295516" lon="11.210311">
        <ele>1134.75</ele>
      </trkpt>
      <trkpt lat="47.295468" lon="11.210435">
        <ele>1136</ele>
      </trkpt>
      <trkpt lat="47.295276" lon="11.210936">
        <ele>1142</ele>
      </trkpt>
      <trkpt lat="47.295131" lon="11.21131">
        <ele>1147</ele>
      </trkpt>
      <trkpt lat="47.295091" lon="11.211421">
        <ele>1148.5</ele>
      </trkpt>
      <trkpt lat="47.295051" lon="11.211562">
        <ele>1150.75</ele>
      </trkpt>
      <trkpt lat="47.29503" lon="11.211666">
        <ele>1152.5</ele>
      </trkpt>
      <trkpt lat="47.295014" lon="11.211772">
        <ele>1154.25</ele>
      </trkpt>
      <trkpt lat="47.294998" lon="11.212011">
        <ele>1158.5</ele>
      </trkpt>
      <trkpt lat="47.295002" lon="11.212051">
        <ele>1159.25</ele>
      </trkpt>
      <trkpt lat="47.294908" lon="11.212334">
        <ele>1160.75</ele>
      </trkpt>
      <trkpt lat="47.294879" lon="11.212492">
        <ele>1162.5</ele>
      </trkpt>
      <trkpt lat="47.294871" lon="11.212587">
        <ele>1163.5</ele>
      </trkpt>
      <trkpt lat="47.29482" lon="11.212926">
        <ele>1166.25</ele>
      </trkpt>
      <trkpt lat="47.294823" lon="11.21318">
        <ele>1170.25</ele>
      </trkpt>
      <trkpt lat="47.294852" lon="11.213404">
        <ele>1174.75</ele>
      </trkpt>
      <trkpt lat="47.294861" lon="11.213517">
        <ele>1176.5</ele>
      </trkpt>
      <trkpt lat="47.294857" lon="11.213629">
        <ele>1178</ele>
      </trkpt>
      <trkpt lat="47.294819" lon="11.213784">
        <ele>1178.75</ele>
      </trkpt>
      <trkpt lat="47.294774" lon="11.213903">
        <ele>1178.75</ele>
      </trkpt>
      <trkpt lat="47.294561" lon="11.214617">
        <ele>1182.25</ele>
      </trkpt>
      <trkpt lat="47.294513" lon="11.214865">
        <ele>1184.75</ele>
      </trkpt>
      <trkpt lat="47.294478" lon="11.215088">
        <ele>1186.5</ele>
      </trkpt>
      <trkpt lat="47.294478" lon="11.215088">
        <ele>1186.5</ele>
      </trkpt>
      <trkpt lat="47.294454" lon="11.215249">
        <ele>1188</ele>
      </trkpt>
      <trkpt lat="47.294412" lon="11.215259">
        <ele>1186.5</ele>
      </trkpt>
      <trkpt lat="47.294117" lon="11.215577">
        <ele>1177.75</ele>
      </trkpt>
      <trkpt lat="47.293852" lon="11.21596">
        <ele>1171.75</ele>
      </trkpt>
      <trkpt lat="47.293562" lon="11.21628">
        <ele>1163.25</ele>
      </trkpt>
      <trkpt lat="47.293242" lon="11.217045">
        <ele>1158.75</ele>
      </trkpt>
      <trkpt lat="47.292999" lon="11.217457">
        <ele>1153</ele>
      </trkpt>
      <trkpt lat="47.292732" lon="11.218003">
        <ele>1147.5</ele>
      </trkpt>
      <trkpt lat="47.292411" lon="11.219101">
        <ele>1135.75</ele>
      </trkpt>
      <trkpt lat="47.292374" lon="11.219445">
        <ele>1136</ele>
      </trkpt>
      <trkpt lat="47.292136" lon="11.219768">
        <ele>1124.5</ele>
      </trkpt>
      <trkpt lat="47.292136" lon="11.219768">
        <ele>1124.5</ele>
      </trkpt>
      <trkpt lat="47.292042" lon="11.219897">
        <ele>1120.25</ele>
      </trkpt>
      <trkpt lat="47.291832" lon="11.220229">
        <ele>1110</ele>
      </trkpt>
      <trkpt lat="47.291595" lon="11.220407">
        <ele>1096.75</ele>
      </trkpt>
      <trkpt lat="47.291483" lon="11.220439">
        <ele>1090.5</ele>
      </trkpt>
      <trkpt lat="47.291433" lon="11.220442">
        <ele>1087.75</ele>
      </trkpt>
      <trkpt lat="47.291375" lon="11.220446">
        <ele>1084.25</ele>
      </trkpt>
      <trkpt lat="47.291289" lon="11.220381">
        <ele>1079.25</ele>
      </trkpt>
      <trkpt lat="47.291227" lon="11.220354">
        <ele>1075.5</ele>
      </trkpt>
      <trkpt lat="47.291197" lon="11.220396">
        <ele>1074</ele>
      </trkpt>
      <trkpt lat="47.291184" lon="11.220427">
        <ele>1073.25</ele>
      </trkpt>
      <trkpt lat="47.291236" lon="11.220587">
        <ele>1076.75</ele>
      </trkpt>
      <trkpt lat="47.291247" lon="11.220712">
        <ele>1077.75</ele>
      </trkpt>
      <trkpt lat="47.2912" lon="11.220985">
        <ele>1077</ele>
      </trkpt>
      <trkpt lat="47.29114" lon="11.221027">
        <ele>1074</ele>
      </trkpt>
      <trkpt lat="47.291054" lon="11.221009">
        <ele>1069</ele>
      </trkpt>
      <trkpt lat="47.29099" lon="11.22099">
        <ele>1065</ele>
      </trkpt>
      <trkpt lat="47.290885" lon="11.220957">
        <ele>1058.5</ele>
      </trkpt>
      <trkpt lat="47.290877" lon="11.220992">
        <ele>1058.5</ele>
      </trkpt>
      <trkpt lat="47.290875" lon="11.221012">
        <ele>1058.5</ele>
      </trkpt>
      <trkpt lat="47.290875" lon="11.221012">
        <ele>1052.160021905742</ele>
      </trkpt>
      <trkpt lat="47.29089265870991" lon="11.221383597263952">
        <ele>1058.1945225431393</ele>
      </trkpt>
      <trkpt lat="47.290818209861385" lon="11.221736456938203">
        <ele>1061.0779821393558</ele>
      </trkpt>
      <trkpt lat="47.290626513623266" lon="11.221994502797088">
        <ele>1057.8121845762953</ele>
      </trkpt>
      <trkpt lat="47.29039022039902" lon="11.222558530598878">
        <ele>1050.5087239380005</ele>
      </trkpt>
      <trkpt lat="47.29027645783009" lon="11.22283007986519">
        <ele>1045.7066707214196</ele>
      </trkpt>
      <trkpt lat="47.2903" lon="11.222826">
        <ele>1052.5</ele>
      </trkpt>
      <trkpt lat="47.290275" lon="11.22229">
        <ele>1047.5</ele>
      </trkpt>
      <trkpt lat="47.290255" lon="11.221665">
        <ele>1042</ele>
      </trkpt>
      <trkpt lat="47.29023" lon="11.221423">
        <ele>1039.25</ele>
      </trkpt>
      <trkpt lat="47.290227" lon="11.221395">
        <ele>1039</ele>
      </trkpt>
      <trkpt lat="47.29021" lon="11.221314">
        <ele>1037.75</ele>
      </trkpt>
      <trkpt lat="47.290099" lon="11.221087">
        <ele>1032.5</ele>
      </trkpt>
      <trkpt lat="47.289956" lon="11.220782">
        <ele>1026.5</ele>
      </trkpt>
      <trkpt lat="47.289871" lon="11.220539">
        <ele>1023.25</ele>
      </trkpt>
      <trkpt lat="47.289831" lon="11.220407">
        <ele>1021.75</ele>
      </trkpt>
      <trkpt lat="47.289817" lon="11.220249">
        <ele>1020.5</ele>
      </trkpt>
      <trkpt lat="47.289818" lon="11.220157">
        <ele>1020</ele>
      </trkpt>
      <trkpt lat="47.289829" lon="11.220069">
        <ele>1019.5</ele>
      </trkpt>
      <trkpt lat="47.289902" lon="11.219851">
        <ele>1020.5</ele>
      </trkpt>
      <trkpt lat="47.289991" lon="11.219643">
        <ele>1021.75</ele>
      </trkpt>
      <trkpt lat="47.290052" lon="11.219482">
        <ele>1024</ele>
      </trkpt>
      <trkpt lat="47.289993" lon="11.219443">
        <ele>1021.75</ele>
      </trkpt>
      <trkpt lat="47.289933" lon="11.219584">
        <ele>1021</ele>
      </trkpt>
      <trkpt lat="47.289803" lon="11.21983">
        <ele>1019</ele>
      </trkpt>
      <trkpt lat="47.289773" lon="11.219788">
        <ele>1018.75</ele>
      </trkpt>
      <trkpt lat="47.289734" lon="11.219734">
        <ele>1018.25</ele>
      </trkpt>
      <trkpt lat="47.289664" lon="11.219599">
        <ele>1017.75</ele>
      </trkpt>
      <trkpt lat="47.289647" lon="11.219548">
        <ele>1017.75</ele>
      </trkpt>
      <trkpt lat="47.289641" lon="11.219508">
        <ele>1017.75</ele>
      </trkpt>
      <trkpt lat="47.289647" lon="11.21947">
        <ele>1018</ele>
      </trkpt>
      <trkpt lat="47.289611" lon="11.219286">
        <ele>1018.25</ele>
      </trkpt>
      <trkpt lat="47.28959" lon="11.21904">
        <ele>1018.5</ele>
      </trkpt>
      <trkpt lat="47.289597" lon="11.2188">
        <ele>1019</ele>
      </trkpt>
      <trkpt lat="47.289644" lon="11.218398">
        <ele>1019.75</ele>
      </trkpt>
      <trkpt lat="47.289689" lon="11.218083">
        <ele>1018.25</ele>
      </trkpt>
      <trkpt lat="47.289707" lon="11.217776">
        <ele>1016.25</ele>
      </trkpt>
      <trkpt lat="47.289713" lon="11.217439">
        <ele>1014</ele>
      </trkpt>
      <trkpt lat="47.289691" lon="11.217111">
        <ele>1011.25</ele>
      </trkpt>
      <trkpt lat="47.289695" lon="11.216968">
        <ele>1010</ele>
      </trkpt>
      <trkpt lat="47.28971" lon="11.216896">
        <ele>1009.5</ele>
      </trkpt>
      <trkpt lat="47.289753" lon="11.216753">
        <ele>1008.5</ele>
      </trkpt>
      <trkpt lat="47.289851" lon="11.216475">
        <ele>1007.75</ele>
      </trkpt>
      <trkpt lat="47.290038" lon="11.215848">
        <ele>1007</ele>
      </trkpt>
      <trkpt lat="47.290245" lon="11.215119">
        <ele>1014</ele>
      </trkpt>
      <trkpt lat="47.290448" lon="11.214482">
        <ele>1017</ele>
      </trkpt>
      <trkpt lat="47.290476" lon="11.214374">
        <ele>1017</ele>
      </trkpt>
      <trkpt lat="47.290488" lon="11.214267">
        <ele>1017</ele>
      </trkpt>
      <trkpt lat="47.290445" lon="11.214191">
        <ele>1016.75</ele>
      </trkpt>
      <trkpt lat="47.29031" lon="11.214058">
        <ele>1015.25</ele>
      </trkpt>
      <trkpt lat="47.290178" lon="11.213907">
        <ele>1013.5</ele>
      </trkpt>
      <trkpt lat="47.290042" lon="11.213729">
        <ele>1011.75</ele>
      </trkpt>
      <trkpt lat="47.289913" lon="11.213543">
        <ele>1009.25</ele>
      </trkpt>
      <trkpt lat="47.289839" lon="11.213389">
        <ele>1007.25</ele>
      </trkpt>
      <trkpt lat="47.289803" lon="11.213277">
        <ele>1006</ele>
      </trkpt>
      <trkpt lat="47.289787" lon="11.213234">
        <ele>1005.5</ele>
      </trkpt>
      <trkpt lat="47.289767" lon="11.213151">
        <ele>1005</ele>
      </trkpt>
      <trkpt lat="47.28976" lon="11.213059">
        <ele>1004.5</ele>
      </trkpt>
      <trkpt lat="47.289772" lon="11.212929">
        <ele>1004</ele>
      </trkpt>
      <trkpt lat="47.289822" lon="11.212763">
        <ele>1004</ele>
      </trkpt>
      <trkpt lat="47.289986" lon="11.212445">
        <ele>1004.75</ele>
      </trkpt>
      <trkpt lat="47.290107" lon="11.212249">
        <ele>1007</ele>
      </trkpt>
      <trkpt lat="47.29016" lon="11.212183">
        <ele>1007.75</ele>
      </trkpt>
      <trkpt lat="47.290185" lon="11.211999">
        <ele>1008.5</ele>
      </trkpt>
      <trkpt lat="47.29019" lon="11.211939">
        <ele>1008.5</ele>
      </trkpt>
      <trkpt lat="47.290207" lon="11.211536">
        <ele>1009.25</ele>
      </trkpt>
      <trkpt lat="47.290199" lon="11.211327">
        <ele>1009.25</ele>
      </trkpt>
      <trkpt lat="47.290182" lon="11.211137">
        <ele>1009.25</ele>
      </trkpt>
      <trkpt lat="47.290144" lon="11.21093">
        <ele>1008.75</ele>
      </trkpt>
      <trkpt lat="47.290097" lon="11.210723">
        <ele>1008.5</ele>
      </trkpt>
      <trkpt lat="47.290092" lon="11.210702">
        <ele>1008.5</ele>
      </trkpt>
      <trkpt lat="47.289975" lon="11.210416">
        <ele>1007.75</ele>
      </trkpt>
      <trkpt lat="47.289762" lon="11.210079">
        <ele>1008.25</ele>
      </trkpt>
      <trkpt lat="47.289552" lon="11.209731">
        <ele>1007</ele>
      </trkpt>
      <trkpt lat="47.28947" lon="11.209401">
        <ele>1005.5</ele>
      </trkpt>
      <trkpt lat="47.289367" lon="11.209066">
        <ele>1002.5</ele>
      </trkpt>
      <trkpt lat="47.289324" lon="11.208876">
        <ele>1000</ele>
      </trkpt>
      <trkpt lat="47.289315" lon="11.20876">
        <ele>998.75</ele>
      </trkpt>
      <trkpt lat="47.289333" lon="11.208624">
        <ele>998</ele>
      </trkpt>
      <trkpt lat="47.289416" lon="11.208335">
        <ele>997</ele>
      </trkpt>
      <trkpt lat="47.289432" lon="11.20828">
        <ele>997</ele>
      </trkpt>
      <trkpt lat="47.289512" lon="11.207817">
        <ele>996</ele>
      </trkpt>
      <trkpt lat="47.289461" lon="11.207757">
        <ele>994.75</ele>
      </trkpt>
      <trkpt lat="47.289407" lon="11.207725">
        <ele>993.75</ele>
      </trkpt>
      <trkpt lat="47.289361" lon="11.207737">
        <ele>993</ele>
      </trkpt>
      <trkpt lat="47.289338" lon="11.207714">
        <ele>992.5</ele>
      </trkpt>
      <trkpt lat="47.28932" lon="11.207648">
        <ele>992</ele>
      </trkpt>
      <trkpt lat="47.289221" lon="11.207696">
        <ele>990.5</ele>
      </trkpt>
      <trkpt lat="47.288877" lon="11.207943">
        <ele>977.5</ele>
      </trkpt>
      <trkpt lat="47.288813" lon="11.20796">
        <ele>974.75</ele>
      </trkpt>
      <trkpt lat="47.28875" lon="11.208007">
        <ele>972</ele>
      </trkpt>
      <trkpt lat="47.288682" lon="11.208108">
        <ele>969.75</ele>
      </trkpt>
      <trkpt lat="47.288516" lon="11.20827">
        <ele>963.25</ele>
      </trkpt>
      <trkpt lat="47.288433" lon="11.208362">
        <ele>960.5</ele>
      </trkpt>
      <trkpt lat="47.288383" lon="11.208388">
        <ele>958.75</ele>
      </trkpt>
      <trkpt lat="47.288277" lon="11.208402">
        <ele>953.5</ele>
      </trkpt>
      <trkpt lat="47.288175" lon="11.208431">
        <ele>948.25</ele>
      </trkpt>
      <trkpt lat="47.288152" lon="11.20845">
        <ele>947</ele>
      </trkpt>
      <trkpt lat="47.288141" lon="11.208473">
        <ele>946.75</ele>
      </trkpt>
      <trkpt lat="47.288066" lon="11.208817">
        <ele>946.5</ele>
      </trkpt>
      <trkpt lat="47.288003" lon="11.208961">
        <ele>944.25</ele>
      </trkpt>
      <trkpt lat="47.28796" lon="11.209085">
        <ele>942.75</ele>
      </trkpt>
      <trkpt lat="47.287818" lon="11.209349">
        <ele>938.25</ele>
      </trkpt>
      <trkpt lat="47.287809" lon="11.209396">
        <ele>938.75</ele>
      </trkpt>
      <trkpt lat="47.287775" lon="11.209459">
        <ele>938</ele>
      </trkpt>
      <trkpt lat="47.287703" lon="11.209554">
        <ele>935.5</ele>
      </trkpt>
      <trkpt lat="47.287615" lon="11.209651">
        <ele>932</ele>
      </trkpt>
      <trkpt lat="47.287507" lon="11.209739">
        <ele>927.25</ele>
      </trkpt>
      <trkpt lat="47.287416" lon="11.209921">
        <ele>924.25</ele>
      </trkpt>
      <trkpt lat="47.287371" lon="11.210031">
        <ele>922.75</ele>
      </trkpt>
      <trkpt lat="47.287338" lon="11.210193">
        <ele>921.75</ele>
      </trkpt>
      <trkpt lat="47.287306" lon="11.210293">
        <ele>920.5</ele>
      </trkpt>
      <trkpt lat="47.287311" lon="11.210359">
        <ele>921.75</ele>
      </trkpt>
      <trkpt lat="47.287138" lon="11.210896">
        <ele>917.25</ele>
      </trkpt>
      <trkpt lat="47.287107" lon="11.210953">
        <ele>916.25</ele>
      </trkpt>
      <trkpt lat="47.287067" lon="11.210973">
        <ele>914.25</ele>
      </trkpt>
      <trkpt lat="47.287051" lon="11.211029">
        <ele>914.25</ele>
      </trkpt>
      <trkpt lat="47.287071" lon="11.211178">
        <ele>918.75</ele>
      </trkpt>
      <trkpt lat="47.287069" lon="11.211248">
        <ele>920</ele>
      </trkpt>
      <trkpt lat="47.287036" lon="11.211308">
        <ele>919.5</ele>
      </trkpt>
      <trkpt lat="47.286892" lon="11.211359">
        <ele>912.75</ele>
      </trkpt>
      <trkpt lat="47.286831" lon="11.211393">
        <ele>910.25</ele>
      </trkpt>
      <trkpt lat="47.286802" lon="11.2114">
        <ele>909</ele>
      </trkpt>
      <trkpt lat="47.286783" lon="11.211423">
        <ele>908.75</ele>
      </trkpt>
      <trkpt lat="47.286775" lon="11.211465">
        <ele>909.25</ele>
      </trkpt>
      <trkpt lat="47.286737" lon="11.211511">
        <ele>908.75</ele>
      </trkpt>
      <trkpt lat="47.286671" lon="11.211523">
        <ele>905.75</ele>
      </trkpt>
      <trkpt lat="47.286536" lon="11.211637">
        <ele>902.25</ele>
      </trkpt>
      <trkpt lat="47.286298" lon="11.211794">
        <ele>895</ele>
      </trkpt>
      <trkpt lat="47.286052" lon="11.2119">
        <ele>886.5</ele>
      </trkpt>
      <trkpt lat="47.286001" lon="11.211935">
        <ele>885.25</ele>
      </trkpt>
      <trkpt lat="47.285954" lon="11.211985">
        <ele>884.5</ele>
      </trkpt>
      <trkpt lat="47.285898" lon="11.212069">
        <ele>884.75</ele>
      </trkpt>
      <trkpt lat="47.285826" lon="11.212207">
        <ele>886.25</ele>
      </trkpt>
      <trkpt lat="47.285784" lon="11.21241">
        <ele>890.25</ele>
      </trkpt>
      <trkpt lat="47.285754" lon="11.212431">
        <ele>889</ele>
      </trkpt>
      <trkpt lat="47.285706" lon="11.212428">
        <ele>885.5</ele>
      </trkpt>
      <trkpt lat="47.285678" lon="11.212459">
        <ele>884.5</ele>
      </trkpt>
      <trkpt lat="47.285581" lon="11.212643">
        <ele>883</ele>
      </trkpt>
      <trkpt lat="47.285515" lon="11.21281">
        <ele>883</ele>
      </trkpt>
      <trkpt lat="47.285473" lon="11.212984">
        <ele>884.75</ele>
      </trkpt>
      <trkpt lat="47.285419" lon="11.213094">
        <ele>884</ele>
      </trkpt>
      <trkpt lat="47.285389" lon="11.213437">
        <ele>889.5</ele>
      </trkpt>
      <trkpt lat="47.285307" lon="11.213731">
        <ele>886.5</ele>
      </trkpt>
      <trkpt lat="47.285226" lon="11.213962">
        <ele>882.75</ele>
      </trkpt>
      <trkpt lat="47.285194" lon="11.214034">
        <ele>881</ele>
      </trkpt>
      <trkpt lat="47.284988" lon="11.214596">
        <ele>875.75</ele>
      </trkpt>
      <trkpt lat="47.284954" lon="11.214709">
        <ele>876</ele>
      </trkpt>
      <trkpt lat="47.284942" lon="11.214753">
        <ele>876.25</ele>
      </trkpt>
      <trkpt lat="47.284836" lon="11.215006">
        <ele>874.5</ele>
      </trkpt>
      <trkpt lat="47.284806" lon="11.215101">
        <ele>874.5</ele>
      </trkpt>
      <trkpt lat="47.284781" lon="11.215214">
        <ele>875</ele>
      </trkpt>
      <trkpt lat="47.284746" lon="11.215292">
        <ele>874.25</ele>
      </trkpt>
      <trkpt lat="47.28472" lon="11.21538">
        <ele>874</ele>
      </trkpt>
      <trkpt lat="47.284686" lon="11.215429">
        <ele>872.5</ele>
      </trkpt>
      <trkpt lat="47.284672" lon="11.215611">
        <ele>874.75</ele>
      </trkpt>
      <trkpt lat="47.284659" lon="11.215687">
        <ele>875</ele>
      </trkpt>
      <trkpt lat="47.284634" lon="11.215702">
        <ele>873.5</ele>
      </trkpt>
      <trkpt lat="47.284604" lon="11.215701">
        <ele>871.25</ele>
      </trkpt>
      <trkpt lat="47.284585" lon="11.215722">
        <ele>870.25</ele>
      </trkpt>
      <trkpt lat="47.28457" lon="11.215752">
        <ele>869.5</ele>
      </trkpt>
      <trkpt lat="47.284521" lon="11.21597">
        <ele>869.5</ele>
      </trkpt>
      <trkpt lat="47.284463" lon="11.216036">
        <ele>865.75</ele>
      </trkpt>
      <trkpt lat="47.28443" lon="11.216137">
        <ele>864.5</ele>
      </trkpt>
      <trkpt lat="47.284405" lon="11.216183">
        <ele>863</ele>
      </trkpt>
      <trkpt lat="47.284408" lon="11.216261">
        <ele>864.5</ele>
      </trkpt>
      <trkpt lat="47.284376" lon="11.21634">
        <ele>862.75</ele>
      </trkpt>
      <trkpt lat="47.284334" lon="11.216505">
        <ele>861</ele>
      </trkpt>
      <trkpt lat="47.284323" lon="11.216585">
        <ele>861</ele>
      </trkpt>
      <trkpt lat="47.284284" lon="11.216729">
        <ele>859.5</ele>
      </trkpt>
      <trkpt lat="47.284255" lon="11.216783">
        <ele>858</ele>
      </trkpt>
      <trkpt lat="47.284238" lon="11.216854">
        <ele>857.75</ele>
      </trkpt>
      <trkpt lat="47.284213" lon="11.216899">
        <ele>856.25</ele>
      </trkpt>
      <trkpt lat="47.284203" lon="11.21698">
        <ele>857</ele>
      </trkpt>
      <trkpt lat="47.284176" lon="11.217028">
        <ele>855.5</ele>
      </trkpt>
      <trkpt lat="47.284113" lon="11.217324">
        <ele>857.25</ele>
      </trkpt>
      <trkpt lat="47.28405" lon="11.217472">
        <ele>856.25</ele>
      </trkpt>
      <trkpt lat="47.284018" lon="11.217524">
        <ele>855</ele>
      </trkpt>
      <trkpt lat="47.283946" lon="11.217719">
        <ele>855</ele>
      </trkpt>
      <trkpt lat="47.283917" lon="11.217812">
        <ele>855.25</ele>
      </trkpt>
      <trkpt lat="47.283892" lon="11.217929">
        <ele>856.5</ele>
      </trkpt>
      <trkpt lat="47.283878" lon="11.21803">
        <ele>858</ele>
      </trkpt>
      <trkpt lat="47.28384" lon="11.218102">
        <ele>857.25</ele>
      </trkpt>
      <trkpt lat="47.283807" lon="11.218202">
        <ele>857.25</ele>
      </trkpt>
      <trkpt lat="47.283691" lon="11.218359">
        <ele>852.5</ele>
      </trkpt>
      <trkpt lat="47.283621" lon="11.218507">
        <ele>850.25</ele>
      </trkpt>
      <trkpt lat="47.283553" lon="11.218698">
        <ele>848.75</ele>
      </trkpt>
      <trkpt lat="47.283522" lon="11.218867">
        <ele>849.75</ele>
      </trkpt>
      <trkpt lat="47.283527" lon="11.218985">
        <ele>852.25</ele>
      </trkpt>
      <trkpt lat="47.283493" lon="11.219101">
        <ele>851.75</ele>
      </trkpt>
      <trkpt lat="47.283477" lon="11.21923">
        <ele>852.5</ele>
      </trkpt>
      <trkpt lat="47.283486" lon="11.219372">
        <ele>855.75</ele>
      </trkpt>
      <trkpt lat="47.283476" lon="11.219547">
        <ele>857.75</ele>
      </trkpt>
      <trkpt lat="47.283385" lon="11.219716">
        <ele>852.75</ele>
      </trkpt>
      <trkpt lat="47.283329" lon="11.219789">
        <ele>849.25</ele>
      </trkpt>
      <trkpt lat="47.283296" lon="11.219871">
        <ele>848.25</ele>
      </trkpt>
      <trkpt lat="47.283297" lon="11.220013">
        <ele>850.75</ele>
      </trkpt>
      <trkpt lat="47.283283" lon="11.22009">
        <ele>851.25</ele>
      </trkpt>
      <trkpt lat="47.283267" lon="11.220137">
        <ele>851</ele>
      </trkpt>
      <trkpt lat="47.283237" lon="11.220176">
        <ele>849.75</ele>
      </trkpt>
      <trkpt lat="47.28319" lon="11.220214">
        <ele>847.25</ele>
      </trkpt>
      <trkpt lat="47.283162" lon="11.220291">
        <ele>846.75</ele>
      </trkpt>
      <trkpt lat="47.283148" lon="11.220411">
        <ele>848</ele>
      </trkpt>
      <trkpt lat="47.283124" lon="11.220523">
        <ele>848.25</ele>
      </trkpt>
      <trkpt lat="47.283089" lon="11.220601">
        <ele>847.25</ele>
      </trkpt>
      <trkpt lat="47.283043" lon="11.220662">
        <ele>845</ele>
      </trkpt>
      <trkpt lat="47.28302" lon="11.22072">
        <ele>844.25</ele>
      </trkpt>
      <trkpt lat="47.283019" lon="11.2208">
        <ele>845.5</ele>
      </trkpt>
      <trkpt lat="47.282998" lon="11.220904">
        <ele>845.75</ele>
      </trkpt>
      <trkpt lat="47.28295" lon="11.220959">
        <ele>843</ele>
      </trkpt>
      <trkpt lat="47.282946" lon="11.221024">
        <ele>843.75</ele>
      </trkpt>
      <trkpt lat="47.282932" lon="11.221098">
        <ele>843.75</ele>
      </trkpt>
      <trkpt lat="47.282895" lon="11.221157">
        <ele>842</ele>
      </trkpt>
      <trkpt lat="47.282827" lon="11.221292">
        <ele>838.75</ele>
      </trkpt>
      <trkpt lat="47.2828" lon="11.221414">
        <ele>838.75</ele>
      </trkpt>
      <trkpt lat="47.282726" lon="11.221803">
        <ele>840</ele>
      </trkpt>
      <trkpt lat="47.282718" lon="11.221893">
        <ele>841.75</ele>
      </trkpt>
      <trkpt lat="47.282697" lon="11.221935">
        <ele>841.25</ele>
      </trkpt>
      <trkpt lat="47.28266" lon="11.222074">
        <ele>841.75</ele>
      </trkpt>
      <trkpt lat="47.282532" lon="11.222384">
        <ele>840.25</ele>
      </trkpt>
      <trkpt lat="47.282541" lon="11.222412">
        <ele>841.5</ele>
      </trkpt>
      <trkpt lat="47.28252" lon="11.222485">
        <ele>842</ele>
      </trkpt>
      <trkpt lat="47.282484" lon="11.22255">
        <ele>840.5</ele>
      </trkpt>
      <trkpt lat="47.28242" lon="11.222789">
        <ele>840.25</ele>
      </trkpt>
      <trkpt lat="47.282301" lon="11.223104">
        <ele>838.25</ele>
      </trkpt>
      <trkpt lat="47.282222" lon="11.223344">
        <ele>837.75</ele>
      </trkpt>
      <trkpt lat="47.282095" lon="11.223594">
        <ele>833.5</ele>
      </trkpt>
      <trkpt lat="47.282022" lon="11.223776">
        <ele>831.5</ele>
      </trkpt>
      <trkpt lat="47.281941" lon="11.224202">
        <ele>832</ele>
      </trkpt>
      <trkpt lat="47.281914" lon="11.224225">
        <ele>830.75</ele>
      </trkpt>
      <trkpt lat="47.281847" lon="11.224194">
        <ele>826.75</ele>
      </trkpt>
      <trkpt lat="47.281837" lon="11.22424">
        <ele>826.75</ele>
      </trkpt>
      <trkpt lat="47.28176" lon="11.224625">
        <ele>825.75</ele>
      </trkpt>
      <trkpt lat="47.281669" lon="11.224955">
        <ele>823.5</ele>
      </trkpt>
      <trkpt lat="47.281568" lon="11.225165">
        <ele>820.75</ele>
      </trkpt>
      <trkpt lat="47.281512" lon="11.225333">
        <ele>820</ele>
      </trkpt>
      <trkpt lat="47.281428" lon="11.225337">
        <ele>816</ele>
      </trkpt>
      <trkpt lat="47.281358" lon="11.225373">
        <ele>813.25</ele>
      </trkpt>
      <trkpt lat="47.281305" lon="11.225445">
        <ele>811.75</ele>
      </trkpt>
      <trkpt lat="47.281271" lon="11.225538">
        <ele>811.25</ele>
      </trkpt>
      <trkpt lat="47.281251" lon="11.225634">
        <ele>811.5</ele>
      </trkpt>
      <trkpt lat="47.281201" lon="11.226126">
        <ele>814.75</ele>
      </trkpt>
      <trkpt lat="47.281151" lon="11.226365">
        <ele>815</ele>
      </trkpt>
      <trkpt lat="47.28104" lon="11.226741">
        <ele>813.25</ele>
      </trkpt>
      <trkpt lat="47.280942" lon="11.227006">
        <ele>809.75</ele>
      </trkpt>
      <trkpt lat="47.281005" lon="11.227094">
        <ele>813.5</ele>
      </trkpt>
      <trkpt lat="47.280981" lon="11.227264">
        <ele>813.25</ele>
      </trkpt>
      <trkpt lat="47.280899" lon="11.227511">
        <ele>810.25</ele>
      </trkpt>
      <trkpt lat="47.280762" lon="11.227875">
        <ele>805.5</ele>
      </trkpt>
      <trkpt lat="47.280707" lon="11.228362">
        <ele>805.25</ele>
      </trkpt>
      <trkpt lat="47.280665" lon="11.228566">
        <ele>804.5</ele>
      </trkpt>
      <trkpt lat="47.28059" lon="11.228843">
        <ele>802.75</ele>
      </trkpt>
      <trkpt lat="47.280524" lon="11.229163">
        <ele>801.75</ele>
      </trkpt>
      <trkpt lat="47.280506" lon="11.229376">
        <ele>802.5</ele>
      </trkpt>
      <trkpt lat="47.28047" lon="11.229603">
        <ele>802.5</ele>
      </trkpt>
      <trkpt lat="47.280397" lon="11.229746">
        <ele>799.25</ele>
      </trkpt>
      <trkpt lat="47.280331" lon="11.229915">
        <ele>796.5</ele>
      </trkpt>
      <trkpt lat="47.280244" lon="11.230187">
        <ele>793.25</ele>
      </trkpt>
      <trkpt lat="47.280162" lon="11.230492">
        <ele>790.75</ele>
      </trkpt>
      <trkpt lat="47.279989" lon="11.230846">
        <ele>782.25</ele>
      </trkpt>
      <trkpt lat="47.279905" lon="11.231155">
        <ele>782.25</ele>
      </trkpt>
      <trkpt lat="47.279869" lon="11.231385">
        <ele>783.75</ele>
      </trkpt>
      <trkpt lat="47.27981" lon="11.231602">
        <ele>783.25</ele>
      </trkpt>
      <trkpt lat="47.279656" lon="11.231905">
        <ele>778</ele>
      </trkpt>
      <trkpt lat="47.279509" lon="11.232132">
        <ele>772</ele>
      </trkpt>
      <trkpt lat="47.279432" lon="11.232414">
        <ele>771.75</ele>
      </trkpt>
      <trkpt lat="47.279372" lon="11.23258">
        <ele>771</ele>
      </trkpt>
      <trkpt lat="47.279343" lon="11.232711">
        <ele>772.25</ele>
      </trkpt>
      <trkpt lat="47.279182" lon="11.233209">
        <ele>774.75</ele>
      </trkpt>
      <trkpt lat="47.27906" lon="11.233495">
        <ele>773.5</ele>
      </trkpt>
      <trkpt lat="47.278955" lon="11.233841">
        <ele>773.5</ele>
      </trkpt>
      <trkpt lat="47.278804" lon="11.234243">
        <ele>769.75</ele>
      </trkpt>
      <trkpt lat="47.278715" lon="11.234355">
        <ele>764.75</ele>
      </trkpt>
      <trkpt lat="47.278679" lon="11.234467">
        <ele>763.25</ele>
      </trkpt>
      <trkpt lat="47.278564" lon="11.23455">
        <ele>756.75</ele>
      </trkpt>
      <trkpt lat="47.278511" lon="11.234898">
        <ele>757.75</ele>
      </trkpt>
      <trkpt lat="47.278435" lon="11.23514">
        <ele>754.25</ele>
      </trkpt>
      <trkpt lat="47.278429" lon="11.235716">
        <ele>752.25</ele>
      </trkpt>
      <trkpt lat="47.278541" lon="11.235976">
        <ele>757.5</ele>
      </trkpt>
      <trkpt lat="47.278569" lon="11.23604">
        <ele>759</ele>
      </trkpt>
      <trkpt lat="47.278607" lon="11.236221">
        <ele>759.75</ele>
      </trkpt>
      <trkpt lat="47.278593" lon="11.236473">
        <ele>756.5</ele>
      </trkpt>
      <trkpt lat="47.278598" lon="11.236761">
        <ele>753.75</ele>
      </trkpt>
      <trkpt lat="47.278662" lon="11.236986">
        <ele>753.75</ele>
      </trkpt>
      <trkpt lat="47.278779" lon="11.237076">
        <ele>758.75</ele>
      </trkpt>
      <trkpt lat="47.279024" lon="11.237369">
        <ele>767</ele>
      </trkpt>
      <trkpt lat="47.279073" lon="11.237482">
        <ele>767.25</ele>
      </trkpt>
      <trkpt lat="47.279063" lon="11.237612">
        <ele>762.75</ele>
      </trkpt>
      <trkpt lat="47.279041" lon="11.237676">
        <ele>759.75</ele>
      </trkpt>
      <trkpt lat="47.279013" lon="11.2377">
        <ele>757.75</ele>
      </trkpt>
      <trkpt lat="47.278938" lon="11.23772">
        <ele>754</ele>
      </trkpt>
      <trkpt lat="47.27881" lon="11.237725">
        <ele>748.5</ele>
      </trkpt>
      <trkpt lat="47.278716" lon="11.237779">
        <ele>743.5</ele>
      </trkpt>
      <trkpt lat="47.278601" lon="11.237881">
        <ele>737.5</ele>
      </trkpt>
      <trkpt lat="47.278576" lon="11.23792">
        <ele>736</ele>
      </trkpt>
      <trkpt lat="47.278569" lon="11.23797">
        <ele>735.25</ele>
      </trkpt>
      <trkpt lat="47.278574" lon="11.238057">
        <ele>734.25</ele>
      </trkpt>
      <trkpt lat="47.278622" lon="11.238189">
        <ele>733.75</ele>
      </trkpt>
      <trkpt lat="47.278684" lon="11.238264">
        <ele>734</ele>
      </trkpt>
      <trkpt lat="47.278644" lon="11.238295">
        <ele>732.75</ele>
      </trkpt>
      <trkpt lat="47.278601" lon="11.238217">
        <ele>733</ele>
      </trkpt>
      <trkpt lat="47.278529" lon="11.23821">
        <ele>731.5</ele>
      </trkpt>
      <trkpt lat="47.278493" lon="11.238273">
        <ele>730</ele>
      </trkpt>
      <trkpt lat="47.278523" lon="11.238368">
        <ele>729.75</ele>
      </trkpt>
      <trkpt lat="47.278467" lon="11.238539">
        <ele>727.25</ele>
      </trkpt>
      <trkpt lat="47.278488" lon="11.238689">
        <ele>725.75</ele>
      </trkpt>
      <trkpt lat="47.278395" lon="11.238647">
        <ele>726</ele>
      </trkpt>
      <trkpt lat="47.278265" lon="11.238684">
        <ele>721.75</ele>
      </trkpt>
      <trkpt lat="47.27822" lon="11.238711">
        <ele>719.25</ele>
      </trkpt>
      <trkpt lat="47.278146" lon="11.238718">
        <ele>715</ele>
      </trkpt>
      <trkpt lat="47.278127" lon="11.23872">
        <ele>714</ele>
      </trkpt>
      <trkpt lat="47.278059" lon="11.238775">
        <ele>710.5</ele>
      </trkpt>
      <trkpt lat="47.278026" lon="11.238849">
        <ele>709</ele>
      </trkpt>
      <trkpt lat="47.277982" lon="11.239006">
        <ele>707.25</ele>
      </trkpt>
      <trkpt lat="47.27793" lon="11.239377">
        <ele>704.25</ele>
      </trkpt>
      <trkpt lat="47.277928" lon="11.239522">
        <ele>703.25</ele>
      </trkpt>
      <trkpt lat="47.277862" lon="11.239877">
        <ele>699.5</ele>
      </trkpt>
      <trkpt lat="47.277847" lon="11.239825">
        <ele>699.25</ele>
      </trkpt>
      <trkpt lat="47.277834" lon="11.239628">
        <ele>699.5</ele>
      </trkpt>
      <trkpt lat="47.277734" lon="11.23989">
        <ele>695.75</ele>
      </trkpt>
      <trkpt lat="47.277677" lon="11.239955">
        <ele>694.25</ele>
      </trkpt>
      <trkpt lat="47.277634" lon="11.240109">
        <ele>692.25</ele>
      </trkpt>
      <trkpt lat="47.277575" lon="11.240494">
        <ele>687.5</ele>
      </trkpt>
      <trkpt lat="47.277576" lon="11.240516">
        <ele>687.25</ele>
      </trkpt>
      <trkpt lat="47.277586" lon="11.240658">
        <ele>686.25</ele>
      </trkpt>
      <trkpt lat="47.277568" lon="11.240729">
        <ele>685.5</ele>
      </trkpt>
      <trkpt lat="47.277569" lon="11.240801">
        <ele>685</ele>
      </trkpt>
      <trkpt lat="47.277532" lon="11.241092">
        <ele>682.5</ele>
      </trkpt>
      <trkpt lat="47.277497" lon="11.241196">
        <ele>681.25</ele>
      </trkpt>
      <trkpt lat="47.277477" lon="11.241365">
        <ele>679.5</ele>
      </trkpt>
      <trkpt lat="47.277471" lon="11.241519">
        <ele>678.25</ele>
      </trkpt>
      <trkpt lat="47.27747" lon="11.241544">
        <ele>678</ele>
      </trkpt>
      <trkpt lat="47.277455" lon="11.241584">
        <ele>677.5</ele>
      </trkpt>
      <trkpt lat="47.277391" lon="11.241652">
        <ele>675.5</ele>
      </trkpt>
      <trkpt lat="47.277368" lon="11.241597">
        <ele>675.25</ele>
      </trkpt>
      <trkpt lat="47.277367" lon="11.241495">
        <ele>676</ele>
      </trkpt>
      <trkpt lat="47.277357" lon="11.241478">
        <ele>676</ele>
      </trkpt>
      <trkpt lat="47.277247" lon="11.241616">
        <ele>672.25</ele>
      </trkpt>
      <trkpt lat="47.277243" lon="11.241622">
        <ele>672.25</ele>
      </trkpt>
      <trkpt lat="47.277217" lon="11.241672">
        <ele>671.5</ele>
      </trkpt>
      <trkpt lat="47.277198" lon="11.241752">
        <ele>671.25</ele>
      </trkpt>
      <trkpt lat="47.277107" lon="11.241716">
        <ele>669</ele>
      </trkpt>
      <trkpt lat="47.277103" lon="11.241735">
        <ele>669</ele>
      </trkpt>
      <trkpt lat="47.277075" lon="11.241871">
        <ele>669</ele>
      </trkpt>
      <trkpt lat="47.277041" lon="11.242039">
        <ele>669</ele>
      </trkpt>
      <trkpt lat="47.277024" lon="11.242124">
        <ele>669</ele>
      </trkpt>
      <trkpt lat="47.277077" lon="11.242158">
        <ele>670.25</ele>
      </trkpt>
      <trkpt lat="47.277117" lon="11.242196">
        <ele>671.5</ele>
      </trkpt>
      <trkpt lat="47.277146" lon="11.242254">
        <ele>672.25</ele>
      </trkpt>
      <trkpt lat="47.27715" lon="11.242328">
        <ele>672.75</ele>
      </trkpt>
      <trkpt lat="47.27714" lon="11.242396">
        <ele>672.75</ele>
      </trkpt>
      <trkpt lat="47.277109" lon="11.242523">
        <ele>673</ele>
      </trkpt>
      <trkpt lat="47.277085" lon="11.242605">
        <ele>673.75</ele>
      </trkpt>
      <trkpt lat="47.277067" lon="11.242671">
        <ele>674.75</ele>
      </trkpt>
      <trkpt lat="47.27698" lon="11.242931">
        <ele>676.25</ele>
      </trkpt>
      <trkpt lat="47.276899" lon="11.243187">
        <ele>677</ele>
      </trkpt>
      <trkpt lat="47.276712" lon="11.243718">
        <ele>676.75</ele>
      </trkpt>
      <trkpt lat="47.27668" lon="11.243861">
        <ele>677</ele>
      </trkpt>
      <trkpt lat="47.276552" lon="11.244311">
        <ele>679.5</ele>
      </trkpt>
      <trkpt lat="47.276525" lon="11.244474">
        <ele>681</ele>
      </trkpt>
      <trkpt lat="47.276494" lon="11.244701">
        <ele>683.5</ele>
      </trkpt>
      <trkpt lat="47.276488" lon="11.244844">
        <ele>685.25</ele>
      </trkpt>
      <trkpt lat="47.276481" lon="11.245036">
        <ele>688</ele>
      </trkpt>
      <trkpt lat="47.276483" lon="11.245194">
        <ele>690.5</ele>
      </trkpt>
      <trkpt lat="47.276499" lon="11.245561">
        <ele>697</ele>
      </trkpt>
      <trkpt lat="47.276488" lon="11.245667">
        <ele>698</ele>
      </trkpt>
      <trkpt lat="47.276476" lon="11.245709">
        <ele>698</ele>
      </trkpt>
      <trkpt lat="47.276442" lon="11.245776">
        <ele>697</ele>
      </trkpt>
      <trkpt lat="47.276355" lon="11.245909">
        <ele>694.5</ele>
      </trkpt>
      <trkpt lat="47.276312" lon="11.245989">
        <ele>693.5</ele>
      </trkpt>
      <trkpt lat="47.276215" lon="11.246259">
        <ele>693.25</ele>
      </trkpt>
      <trkpt lat="47.276108" lon="11.246499">
        <ele>692</ele>
      </trkpt>
      <trkpt lat="47.276037" lon="11.246599">
        <ele>690</ele>
      </trkpt>
      <trkpt lat="47.276011" lon="11.246648">
        <ele>689.5</ele>
      </trkpt>
      <trkpt lat="47.275994" lon="11.246697">
        <ele>689.5</ele>
      </trkpt>
      <trkpt lat="47.275981" lon="11.246757">
        <ele>690.25</ele>
      </trkpt>
      <trkpt lat="47.275976" lon="11.246848">
        <ele>692</ele>
      </trkpt>
      <trkpt lat="47.275994" lon="11.246956">
        <ele>695.25</ele>
      </trkpt>
      <trkpt lat="47.276024" lon="11.247059">
        <ele>699.5</ele>
      </trkpt>
      <trkpt lat="47.276032" lon="11.247141">
        <ele>701.75</ele>
      </trkpt>
      <trkpt lat="47.276027" lon="11.247226">
        <ele>703.25</ele>
      </trkpt>
      <trkpt lat="47.276008" lon="11.247308">
        <ele>704</ele>
      </trkpt>
      <trkpt lat="47.275992" lon="11.247342">
        <ele>703.75</ele>
      </trkpt>
      <trkpt lat="47.275878" lon="11.247541">
        <ele>701.5</ele>
      </trkpt>
      <trkpt lat="47.275751" lon="11.248066">
        <ele>704.75</ele>
      </trkpt>
      <trkpt lat="47.275701" lon="11.248268">
        <ele>705.75</ele>
      </trkpt>
      <trkpt lat="47.27569" lon="11.248424">
        <ele>707.25</ele>
      </trkpt>
      <trkpt lat="47.275695" lon="11.24858">
        <ele>709.25</ele>
      </trkpt>
      <trkpt lat="47.275753" lon="11.249522">
        <ele>725.25</ele>
      </trkpt>
      <trkpt lat="47.275752" lon="11.249628">
        <ele>726.5</ele>
      </trkpt>
      <trkpt lat="47.275739" lon="11.249713">
        <ele>726.75</ele>
      </trkpt>
      <trkpt lat="47.275737" lon="11.249728">
        <ele>727</ele>
      </trkpt>
      <trkpt lat="47.275645" lon="11.250041">
        <ele>724.25</ele>
      </trkpt>
      <trkpt lat="47.275618" lon="11.250159">
        <ele>722.75</ele>
      </trkpt>
      <trkpt lat="47.275609" lon="11.250232">
        <ele>722.25</ele>
      </trkpt>
      <trkpt lat="47.275613" lon="11.250267">
        <ele>722.5</ele>
      </trkpt>
      <trkpt lat="47.275627" lon="11.250303">
        <ele>723.75</ele>
      </trkpt>
      <trkpt lat="47.275645" lon="11.250324">
        <ele>725.25</ele>
      </trkpt>
      <trkpt lat="47.275694" lon="11.250333">
        <ele>729.25</ele>
      </trkpt>
      <trkpt lat="47.275731" lon="11.250306">
        <ele>732</ele>
      </trkpt>
      <trkpt lat="47.275746" lon="11.250276">
        <ele>733</ele>
      </trkpt>
      <trkpt lat="47.275759" lon="11.250195">
        <ele>733.5</ele>
      </trkpt>
      <trkpt lat="47.275769" lon="11.250048">
        <ele>733.5</ele>
      </trkpt>
      <trkpt lat="47.275781" lon="11.24997">
        <ele>733.5</ele>
      </trkpt>
      <trkpt lat="47.2758" lon="11.249904">
        <ele>734</ele>
      </trkpt>
      <trkpt lat="47.275833" lon="11.249826">
        <ele>735.25</ele>
      </trkpt>
      <trkpt lat="47.275959" lon="11.249638">
        <ele>740.5</ele>
      </trkpt>
      <trkpt lat="47.275992" lon="11.249562">
        <ele>741.5</ele>
      </trkpt>
      <trkpt lat="47.275999" lon="11.249523">
        <ele>741.25</ele>
      </trkpt>
      <trkpt lat="47.276" lon="11.249231">
        <ele>737.25</ele>
      </trkpt>
      <trkpt lat="47.276012" lon="11.248989">
        <ele>734.75</ele>
      </trkpt>
      <trkpt lat="47.276026" lon="11.248902">
        <ele>734.5</ele>
      </trkpt>
      <trkpt lat="47.276057" lon="11.248786">
        <ele>734.75</ele>
      </trkpt>
      <trkpt lat="47.276123" lon="11.248599">
        <ele>736.5</ele>
      </trkpt>
      <trkpt lat="47.276201" lon="11.24849">
        <ele>739.5</ele>
      </trkpt>
      <trkpt lat="47.276268" lon="11.248442">
        <ele>743</ele>
      </trkpt>
      <trkpt lat="47.27632" lon="11.248434">
        <ele>746</ele>
      </trkpt>
      <trkpt lat="47.276437" lon="11.248455">
        <ele>753</ele>
      </trkpt>
      <trkpt lat="47.276486" lon="11.248451">
        <ele>756</ele>
      </trkpt>
      <trkpt lat="47.276531" lon="11.248429">
        <ele>758.25</ele>
      </trkpt>
      <trkpt lat="47.276544" lon="11.248408">
        <ele>758.75</ele>
      </trkpt>
      <trkpt lat="47.276573" lon="11.248353">
        <ele>759.75</ele>
      </trkpt>
      <trkpt lat="47.276629" lon="11.248113">
        <ele>758.25</ele>
      </trkpt>
      <trkpt lat="47.276817" lon="11.247769">
        <ele>761.5</ele>
      </trkpt>
      <trkpt lat="47.276854" lon="11.247692">
        <ele>761.75</ele>
      </trkpt>
      <trkpt lat="47.276928" lon="11.247518">
        <ele>762</ele>
      </trkpt>
      <trkpt lat="47.276996" lon="11.247333">
        <ele>761.75</ele>
      </trkpt>
      <trkpt lat="47.27717" lon="11.246972">
        <ele>765</ele>
      </trkpt>
      <trkpt lat="47.277291" lon="11.246675">
        <ele>767.5</ele>
      </trkpt>
      <trkpt lat="47.277339" lon="11.24653">
        <ele>768.75</ele>
      </trkpt>
      <trkpt lat="47.277413" lon="11.246355">
        <ele>772</ele>
      </trkpt>
      <trkpt lat="47.277443" lon="11.246308">
        <ele>773.5</ele>
      </trkpt>
      <trkpt lat="47.277463" lon="11.246293">
        <ele>774.75</ele>
      </trkpt>
      <trkpt lat="47.277488" lon="11.246289">
        <ele>776.5</ele>
      </trkpt>
      <trkpt lat="47.277511" lon="11.246294">
        <ele>778</ele>
      </trkpt>
      <trkpt lat="47.277535" lon="11.246311">
        <ele>779.5</ele>
      </trkpt>
      <trkpt lat="47.277553" lon="11.24634">
        <ele>780.75</ele>
      </trkpt>
      <trkpt lat="47.277564" lon="11.246382">
        <ele>781.75</ele>
      </trkpt>
      <trkpt lat="47.277564" lon="11.246427">
        <ele>782.25</ele>
      </trkpt>
      <trkpt lat="47.277558" lon="11.246471">
        <ele>782.25</ele>
      </trkpt>
      <trkpt lat="47.277545" lon="11.246503">
        <ele>781.75</ele>
      </trkpt>
      <trkpt lat="47.277464" lon="11.24662">
        <ele>778</ele>
      </trkpt>
      <trkpt lat="47.277432" lon="11.246686">
        <ele>776.75</ele>
      </trkpt>
      <trkpt lat="47.277401" lon="11.246814">
        <ele>776.5</ele>
      </trkpt>
      <trkpt lat="47.277322" lon="11.247387">
        <ele>780.75</ele>
      </trkpt>
      <trkpt lat="47.277251" lon="11.247978">
        <ele>789.25</ele>
      </trkpt>
      <trkpt lat="47.277241" lon="11.248102">
        <ele>791.5</ele>
      </trkpt>
      <trkpt lat="47.277233" lon="11.248472">
        <ele>797.75</ele>
      </trkpt>
      <trkpt lat="47.277227" lon="11.248552">
        <ele>798.25</ele>
      </trkpt>
      <trkpt lat="47.277224" lon="11.248599">
        <ele>798.75</ele>
      </trkpt>
      <trkpt lat="47.277163" lon="11.24894">
        <ele>799.5</ele>
      </trkpt>
      <trkpt lat="47.277132" lon="11.24915">
        <ele>800.5</ele>
      </trkpt>
      <trkpt lat="47.2771" lon="11.249398">
        <ele>802.25</ele>
      </trkpt>
      <trkpt lat="47.277079" lon="11.249624">
        <ele>804.25</ele>
      </trkpt>
      <trkpt lat="47.277076" lon="11.249823">
        <ele>806.75</ele>
      </trkpt>
      <trkpt lat="47.277078" lon="11.250101">
        <ele>809.25</ele>
      </trkpt>
      <trkpt lat="47.277096" lon="11.250315">
        <ele>810.75</ele>
      </trkpt>
      <trkpt lat="47.277115" lon="11.250395">
        <ele>811.5</ele>
      </trkpt>
      <trkpt lat="47.277151" lon="11.250494">
        <ele>813.25</ele>
      </trkpt>
      <trkpt lat="47.27721" lon="11.250619">
        <ele>815.5</ele>
      </trkpt>
      <trkpt lat="47.27735" lon="11.250818">
        <ele>820</ele>
      </trkpt>
      <trkpt lat="47.277464" lon="11.25094">
        <ele>822.5</ele>
      </trkpt>
      <trkpt lat="47.277595" lon="11.251169">
        <ele>825.5</ele>
      </trkpt>
      <trkpt lat="47.277708" lon="11.251422">
        <ele>828.5</ele>
      </trkpt>
      <trkpt lat="47.277831" lon="11.251755">
        <ele>831.5</ele>
      </trkpt>
      <trkpt lat="47.277911" lon="11.252066">
        <ele>831</ele>
      </trkpt>
      <trkpt lat="47.277989" lon="11.252338">
        <ele>832.75</ele>
      </trkpt>
      <trkpt lat="47.278017" lon="11.25246">
        <ele>833.5</ele>
      </trkpt>
      <trkpt lat="47.278055" lon="11.252758">
        <ele>837</ele>
      </trkpt>
      <trkpt lat="47.278075" lon="11.252852">
        <ele>839</ele>
      </trkpt>
      <trkpt lat="47.278127" lon="11.252924">
        <ele>843.75</ele>
      </trkpt>
      <trkpt lat="47.278151" lon="11.252931">
        <ele>845.75</ele>
      </trkpt>
      <trkpt lat="47.278184" lon="11.252924">
        <ele>848.5</ele>
      </trkpt>
      <trkpt lat="47.278219" lon="11.252885">
        <ele>851.25</ele>
      </trkpt>
      <trkpt lat="47.278237" lon="11.252828">
        <ele>852.5</ele>
      </trkpt>
      <trkpt lat="47.278246" lon="11.25235">
        <ele>852</ele>
      </trkpt>
      <trkpt lat="47.278268" lon="11.25217">
        <ele>854</ele>
      </trkpt>
      <trkpt lat="47.278299" lon="11.252031">
        <ele>856</ele>
      </trkpt>
      <trkpt lat="47.278358" lon="11.251876">
        <ele>859.25</ele>
      </trkpt>
      <trkpt lat="47.278399" lon="11.251789">
        <ele>861</ele>
      </trkpt>
      <trkpt lat="47.278576" lon="11.251475">
        <ele>867.25</ele>
      </trkpt>
      <trkpt lat="47.27881" lon="11.250951">
        <ele>871.25</ele>
      </trkpt>
      <trkpt lat="47.278839" lon="11.250906">
        <ele>871.75</ele>
      </trkpt>
      <trkpt lat="47.278912" lon="11.250821">
        <ele>873.25</ele>
      </trkpt>
      <trkpt lat="47.279129" lon="11.250619">
        <ele>878</ele>
      </trkpt>
      <trkpt lat="47.279207" lon="11.250568">
        <ele>879.75</ele>
      </trkpt>
      <trkpt lat="47.279308" lon="11.250534">
        <ele>882</ele>
      </trkpt>
      <trkpt lat="47.279578" lon="11.250475">
        <ele>888.5</ele>
      </trkpt>
      <trkpt lat="47.279686" lon="11.250434">
        <ele>890.75</ele>
      </trkpt>
      <trkpt lat="47.279735" lon="11.2504">
        <ele>891.75</ele>
      </trkpt>
      <trkpt lat="47.279806" lon="11.250325">
        <ele>892.75</ele>
      </trkpt>
      <trkpt lat="47.279864" lon="11.250245">
        <ele>893.25</ele>
      </trkpt>
      <trkpt lat="47.279946" lon="11.250081">
        <ele>893.5</ele>
      </trkpt>
      <trkpt lat="47.279972" lon="11.249983">
        <ele>893.25</ele>
      </trkpt>
      <trkpt lat="47.280017" lon="11.249693">
        <ele>895.25</ele>
      </trkpt>
      <trkpt lat="47.280096" lon="11.249322">
        <ele>898.5</ele>
      </trkpt>
      <trkpt lat="47.280179" lon="11.248847">
        <ele>900.75</ele>
      </trkpt>
      <trkpt lat="47.28021" lon="11.24871">
        <ele>901.25</ele>
      </trkpt>
      <trkpt lat="47.28033" lon="11.248272">
        <ele>904.25</ele>
      </trkpt>
      <trkpt lat="47.280362" lon="11.248136">
        <ele>905.75</ele>
      </trkpt>
      <trkpt lat="47.280375" lon="11.248054">
        <ele>906.5</ele>
      </trkpt>
      <trkpt lat="47.280403" lon="11.247793">
        <ele>908.25</ele>
      </trkpt>
      <trkpt lat="47.280426" lon="11.24768">
        <ele>909.5</ele>
      </trkpt>
      <trkpt lat="47.280456" lon="11.247641">
        <ele>910.75</ele>
      </trkpt>
      <trkpt lat="47.280477" lon="11.247629">
        <ele>911.75</ele>
      </trkpt>
      <trkpt lat="47.280526" lon="11.247632">
        <ele>913.5</ele>
      </trkpt>
      <trkpt lat="47.280547" lon="11.247652">
        <ele>914.25</ele>
      </trkpt>
      <trkpt lat="47.280567" lon="11.247709">
        <ele>914.5</ele>
      </trkpt>
      <trkpt lat="47.280572" lon="11.247752">
        <ele>914.5</ele>
      </trkpt>
      <trkpt lat="47.280576" lon="11.248009">
        <ele>913.5</ele>
      </trkpt>
      <trkpt lat="47.280591" lon="11.248247">
        <ele>912.75</ele>
      </trkpt>
      <trkpt lat="47.28068" lon="11.248512">
        <ele>915.5</ele>
      </trkpt>
      <trkpt lat="47.280811" lon="11.248787">
        <ele>920.25</ele>
      </trkpt>
      <trkpt lat="47.280849" lon="11.248836">
        <ele>921.75</ele>
      </trkpt>
      <trkpt lat="47.280923" lon="11.248892">
        <ele>925</ele>
      </trkpt>
      <trkpt lat="47.281035" lon="11.248916">
        <ele>929.75</ele>
      </trkpt>
      <trkpt lat="47.281052" lon="11.248911">
        <ele>930.5</ele>
      </trkpt>
      <trkpt lat="47.281072" lon="11.248885">
        <ele>931.25</ele>
      </trkpt>
      <trkpt lat="47.281088" lon="11.248829">
        <ele>931.75</ele>
      </trkpt>
      <trkpt lat="47.281067" lon="11.248562">
        <ele>930.5</ele>
      </trkpt>
      <trkpt lat="47.281062" lon="11.248333">
        <ele>929.75</ele>
      </trkpt>
      <trkpt lat="47.281073" lon="11.248133">
        <ele>931.25</ele>
      </trkpt>
      <trkpt lat="47.281092" lon="11.247954">
        <ele>933</ele>
      </trkpt>
      <trkpt lat="47.281094" lon="11.247817">
        <ele>933.75</ele>
      </trkpt>
      <trkpt lat="47.281057" lon="11.247386">
        <ele>934.75</ele>
      </trkpt>
      <trkpt lat="47.281052" lon="11.247248">
        <ele>935.75</ele>
      </trkpt>
      <trkpt lat="47.281049" lon="11.246973">
        <ele>937.75</ele>
      </trkpt>
      <trkpt lat="47.281064" lon="11.246595">
        <ele>940.5</ele>
      </trkpt>
      <trkpt lat="47.281071" lon="11.246516">
        <ele>940.5</ele>
      </trkpt>
      <trkpt lat="47.281108" lon="11.246282">
        <ele>942</ele>
      </trkpt>
      <trkpt lat="47.281191" lon="11.245667">
        <ele>944.75</ele>
      </trkpt>
      <trkpt lat="47.281205" lon="11.245608">
        <ele>945.25</ele>
      </trkpt>
      <trkpt lat="47.281284" lon="11.245364">
        <ele>948.5</ele>
      </trkpt>
      <trkpt lat="47.281363" lon="11.245148">
        <ele>951.5</ele>
      </trkpt>
      <trkpt lat="47.281474" lon="11.244968">
        <ele>956.5</ele>
      </trkpt>
      <trkpt lat="47.281529" lon="11.24483">
        <ele>958.75</ele>
      </trkpt>
      <trkpt lat="47.281649" lon="11.244363">
        <ele>962.25</ele>
      </trkpt>
      <trkpt lat="47.281844" lon="11.243665">
        <ele>968.25</ele>
      </trkpt>
      <trkpt lat="47.281902" lon="11.243462">
        <ele>970.25</ele>
      </trkpt>
      <trkpt lat="47.281934" lon="11.243376">
        <ele>971</ele>
      </trkpt>
      <trkpt lat="47.281962" lon="11.24332">
        <ele>971.5</ele>
      </trkpt>
      <trkpt lat="47.281995" lon="11.24327">
        <ele>971.5</ele>
      </trkpt>
      <trkpt lat="47.282073" lon="11.243183">
        <ele>971.75</ele>
      </trkpt>
      <trkpt lat="47.282281" lon="11.243019">
        <ele>973.5</ele>
      </trkpt>
      <trkpt lat="47.282378" lon="11.242923">
        <ele>973.75</ele>
      </trkpt>
      <trkpt lat="47.2824" lon="11.242898">
        <ele>973.5</ele>
      </trkpt>
      <trkpt lat="47.282431" lon="11.242816">
        <ele>972.75</ele>
      </trkpt>
      <trkpt lat="47.282455" lon="11.242683">
        <ele>970.5</ele>
      </trkpt>
      <trkpt lat="47.282484" lon="11.242687">
        <ele>971.25</ele>
      </trkpt>
      <trkpt lat="47.282624" lon="11.242753">
        <ele>975</ele>
      </trkpt>
      <trkpt lat="47.282715" lon="11.242632">
        <ele>974.25</ele>
      </trkpt>
      <trkpt lat="47.282967" lon="11.242491">
        <ele>976</ele>
      </trkpt>
      <trkpt lat="47.283239" lon="11.24225">
        <ele>972.75</ele>
      </trkpt>
      <trkpt lat="47.283306" lon="11.242278">
        <ele>975</ele>
      </trkpt>
      <trkpt lat="47.283258" lon="11.242391">
        <ele>977.75</ele>
      </trkpt>
      <trkpt lat="47.283317" lon="11.242397">
        <ele>979.25</ele>
      </trkpt>
      <trkpt lat="47.283313" lon="11.242557">
        <ele>983.75</ele>
      </trkpt>
      <trkpt lat="47.28349" lon="11.242553">
        <ele>985.25</ele>
      </trkpt>
      <trkpt lat="47.283678" lon="11.242634">
        <ele>988</ele>
      </trkpt>
      <trkpt lat="47.283794" lon="11.242646">
        <ele>989</ele>
      </trkpt>
      <trkpt lat="47.283886" lon="11.242551">
        <ele>988.25</ele>
      </trkpt>
      <trkpt lat="47.284306" lon="11.242497">
        <ele>990.75</ele>
      </trkpt>
      <trkpt lat="47.284304" lon="11.242596">
        <ele>991.75</ele>
      </trkpt>
      <trkpt lat="47.284292" lon="11.242685">
        <ele>992.5</ele>
      </trkpt>
      <trkpt lat="47.284265" lon="11.24278">
        <ele>993.5</ele>
      </trkpt>
      <trkpt lat="47.284168" lon="11.243021">
        <ele>995.5</ele>
      </trkpt>
      <trkpt lat="47.284113" lon="11.243131">
        <ele>996.75</ele>
      </trkpt>
      <trkpt lat="47.284073" lon="11.24319">
        <ele>997.25</ele>
      </trkpt>
      <trkpt lat="47.284032" lon="11.243225">
        <ele>997.75</ele>
      </trkpt>
      <trkpt lat="47.283958" lon="11.24326">
        <ele>998.25</ele>
      </trkpt>
      <trkpt lat="47.283925" lon="11.243295">
        <ele>998.75</ele>
      </trkpt>
      <trkpt lat="47.283913" lon="11.24334">
        <ele>999.25</ele>
      </trkpt>
      <trkpt lat="47.283916" lon="11.243385">
        <ele>999.5</ele>
      </trkpt>
      <trkpt lat="47.28393" lon="11.24342">
        <ele>999.75</ele>
      </trkpt>
      <trkpt lat="47.283954" lon="11.243451">
        <ele>1000</ele>
      </trkpt>
      <trkpt lat="47.283977" lon="11.243466">
        <ele>1000.25</ele>
      </trkpt>
      <trkpt lat="47.284012" lon="11.243473">
        <ele>1000.25</ele>
      </trkpt>
      <trkpt lat="47.284341" lon="11.243319">
        <ele>999.5</ele>
      </trkpt>
      <trkpt lat="47.284404" lon="11.243318">
        <ele>999.75</ele>
      </trkpt>
      <trkpt lat="47.284451" lon="11.243352">
        <ele>1000.5</ele>
      </trkpt>
      <trkpt lat="47.284494" lon="11.243459">
        <ele>1001.75</ele>
      </trkpt>
      <trkpt lat="47.284768" lon="11.243285">
        <ele>1001.25</ele>
      </trkpt>
      <trkpt lat="47.285018" lon="11.243608">
        <ele>1007.5</ele>
      </trkpt>
      <trkpt lat="47.285225" lon="11.243688">
        <ele>1012.25</ele>
      </trkpt>
      <trkpt lat="47.285231" lon="11.243689">
        <ele>1012.25</ele>
      </trkpt>
      <trkpt lat="47.28542" lon="11.243745">
        <ele>1016.25</ele>
      </trkpt>
      <trkpt lat="47.285444" lon="11.243866">
        <ele>1018.75</ele>
      </trkpt>
      <trkpt lat="47.285153" lon="11.244251">
        <ele>1020.5</ele>
      </trkpt>
      <trkpt lat="47.284837" lon="11.244597">
        <ele>1023.75</ele>
      </trkpt>
      <trkpt lat="47.284528" lon="11.244936">
        <ele>1025</ele>
      </trkpt>
      <trkpt lat="47.284393" lon="11.245093">
        <ele>1024.5</ele>
      </trkpt>
      <trkpt lat="47.284364" lon="11.245143">
        <ele>1024.5</ele>
      </trkpt>
      <trkpt lat="47.284359" lon="11.245163">
        <ele>1024.5</ele>
      </trkpt>
      <trkpt lat="47.284347" lon="11.245224">
        <ele>1025.25</ele>
      </trkpt>
      <trkpt lat="47.284228" lon="11.245544">
        <ele>1027.25</ele>
      </trkpt>
      <trkpt lat="47.284232" lon="11.245805">
        <ele>1031</ele>
      </trkpt>
      <trkpt lat="47.28422" lon="11.245975">
        <ele>1033.25</ele>
      </trkpt>
      <trkpt lat="47.28418" lon="11.246083">
        <ele>1033.5</ele>
      </trkpt>
      <trkpt lat="47.284111" lon="11.246189">
        <ele>1033</ele>
      </trkpt>
      <trkpt lat="47.284043" lon="11.246344">
        <ele>1033</ele>
      </trkpt>
      <trkpt lat="47.284002" lon="11.246511">
        <ele>1033.75</ele>
      </trkpt>
      <trkpt lat="47.283983" lon="11.2467">
        <ele>1035.25</ele>
      </trkpt>
      <trkpt lat="47.283917" lon="11.246896">
        <ele>1035.5</ele>
      </trkpt>
      <trkpt lat="47.283895" lon="11.247031">
        <ele>1036.5</ele>
      </trkpt>
      <trkpt lat="47.283888" lon="11.247151">
        <ele>1037.75</ele>
      </trkpt>
      <trkpt lat="47.28389" lon="11.247235">
        <ele>1038.75</ele>
      </trkpt>
      <trkpt lat="47.283953" lon="11.247277">
        <ele>1041.5</ele>
      </trkpt>
      <trkpt lat="47.283981" lon="11.247267">
        <ele>1042.25</ele>
      </trkpt>
      <trkpt lat="47.284008" lon="11.247236">
        <ele>1042.75</ele>
      </trkpt>
      <trkpt lat="47.284025" lon="11.247174">
        <ele>1042.75</ele>
      </trkpt>
      <trkpt lat="47.284046" lon="11.247031">
        <ele>1041.5</ele>
      </trkpt>
      <trkpt lat="47.284072" lon="11.246989">
        <ele>1042</ele>
      </trkpt>
      <trkpt lat="47.284138" lon="11.246918">
        <ele>1043.25</ele>
      </trkpt>
      <trkpt lat="47.284259" lon="11.246827">
        <ele>1046</ele>
      </trkpt>
      <trkpt lat="47.284406" lon="11.246647">
        <ele>1048.25</ele>
      </trkpt>
      <trkpt lat="47.284464" lon="11.246622">
        <ele>1049.75</ele>
      </trkpt>
      <trkpt lat="47.284645" lon="11.246578">
        <ele>1054.75</ele>
      </trkpt>
      <trkpt lat="47.284741" lon="11.246601">
        <ele>1058.25</ele>
      </trkpt>
      <trkpt lat="47.284899" lon="11.246685">
        <ele>1065</ele>
      </trkpt>
      <trkpt lat="47.284956" lon="11.246703">
        <ele>1067</ele>
      </trkpt>
      <trkpt lat="47.285212" lon="11.246722">
        <ele>1073.5</ele>
      </trkpt>
      <trkpt lat="47.285305" lon="11.246705">
        <ele>1075.25</ele>
      </trkpt>
      <trkpt lat="47.285384" lon="11.246664">
        <ele>1076</ele>
      </trkpt>
      <trkpt lat="47.285463" lon="11.246546">
        <ele>1075.75</ele>
      </trkpt>
      <trkpt lat="47.285502" lon="11.246517">
        <ele>1076</ele>
      </trkpt>
      <trkpt lat="47.28554" lon="11.246538">
        <ele>1077.25</ele>
      </trkpt>
      <trkpt lat="47.285568" lon="11.246582">
        <ele>1078.5</ele>
      </trkpt>
      <trkpt lat="47.285568" lon="11.246653">
        <ele>1080</ele>
      </trkpt>
      <trkpt lat="47.285431" lon="11.246908">
        <ele>1082</ele>
      </trkpt>
      <trkpt lat="47.285329" lon="11.247025">
        <ele>1082</ele>
      </trkpt>
      <trkpt lat="47.285235" lon="11.24719">
        <ele>1082.75</ele>
      </trkpt>
      <trkpt lat="47.285184" lon="11.247229">
        <ele>1082.25</ele>
      </trkpt>
      <trkpt lat="47.285063" lon="11.247293">
        <ele>1080</ele>
      </trkpt>
      <trkpt lat="47.285024" lon="11.247356">
        <ele>1080</ele>
      </trkpt>
      <trkpt lat="47.284991" lon="11.247487">
        <ele>1081.25</ele>
      </trkpt>
      <trkpt lat="47.28499" lon="11.247738">
        <ele>1087</ele>
      </trkpt>
      <trkpt lat="47.28499" lon="11.247738">
        <ele>1087</ele>
      </trkpt>
      <trkpt lat="47.28499" lon="11.247738">
        <ele>1087</ele>
      </trkpt>
      <trkpt lat="47.285036" lon="11.247799">
        <ele>1089.75</ele>
      </trkpt>
      <trkpt lat="47.28503" lon="11.247898">
        <ele>1092</ele>
      </trkpt>
      <trkpt lat="47.284935" lon="11.248007">
        <ele>1090.75</ele>
      </trkpt>
      <trkpt lat="47.284866" lon="11.248274">
        <ele>1094</ele>
      </trkpt>
      <trkpt lat="47.284666" lon="11.24834">
        <ele>1087</ele>
      </trkpt>
      <trkpt lat="47.284611" lon="11.248768">
        <ele>1092</ele>
      </trkpt>
      <trkpt lat="47.284506" lon="11.248782">
        <ele>1088</ele>
      </trkpt>
      <trkpt lat="47.284415" lon="11.249114">
        <ele>1090.5</ele>
      </trkpt>
      <trkpt lat="47.284424" lon="11.249305">
        <ele>1094.25</ele>
      </trkpt>
      <trkpt lat="47.284017" lon="11.24951">
        <ele>1081.25</ele>
      </trkpt>
      <trkpt lat="47.283952" lon="11.249696">
        <ele>1081</ele>
      </trkpt>
      <trkpt lat="47.283859" lon="11.249848">
        <ele>1078.5</ele>
      </trkpt>
      <trkpt lat="47.283756" lon="11.250247">
        <ele>1077.75</ele>
      </trkpt>
      <trkpt lat="47.283709" lon="11.250778">
        <ele>1081</ele>
      </trkpt>
      <trkpt lat="47.283668" lon="11.251024">
        <ele>1079.5</ele>
      </trkpt>
      <trkpt lat="47.283658" lon="11.251563">
        <ele>1080</ele>
      </trkpt>
      <trkpt lat="47.283709" lon="11.251962">
        <ele>1081.5</ele>
      </trkpt>
      <trkpt lat="47.283756" lon="11.252142">
        <ele>1083.25</ele>
      </trkpt>
      <trkpt lat="47.283737" lon="11.25221">
        <ele>1081.5</ele>
      </trkpt>
      <trkpt lat="47.283764" lon="11.252395">
        <ele>1081.75</ele>
      </trkpt>
      <trkpt lat="47.283779" lon="11.252493">
        <ele>1082.25</ele>
      </trkpt>
      <trkpt lat="47.283812" lon="11.253037">
        <ele>1079.25</ele>
      </trkpt>
      <trkpt lat="47.283873" lon="11.253395">
        <ele>1080.25</ele>
      </trkpt>
      <trkpt lat="47.283821" lon="11.253664">
        <ele>1075.5</ele>
      </trkpt>
      <trkpt lat="47.283863" lon="11.253898">
        <ele>1077</ele>
      </trkpt>
      <trkpt lat="47.283863" lon="11.254201">
        <ele>1075.5</ele>
      </trkpt>
      <trkpt lat="47.283915" lon="11.254814">
        <ele>1073.5</ele>
      </trkpt>
      <trkpt lat="47.28399" lon="11.254966">
        <ele>1077</ele>
      </trkpt>
      <trkpt lat="47.283929" lon="11.255351">
        <ele>1067.5</ele>
      </trkpt>
      <trkpt lat="47.283971" lon="11.255709">
        <ele>1064.25</ele>
      </trkpt>
      <trkpt lat="47.284036" lon="11.255909">
        <ele>1065</ele>
      </trkpt>
      <trkpt lat="47.284036" lon="11.256054">
        <ele>1063.75</ele>
      </trkpt>
      <trkpt lat="47.284106" lon="11.256219">
        <ele>1065.75</ele>
      </trkpt>
      <trkpt lat="47.284097" lon="11.256412">
        <ele>1064</ele>
      </trkpt>
      <trkpt lat="47.284191" lon="11.256694">
        <ele>1066</ele>
      </trkpt>
      <trkpt lat="47.284151" lon="11.256804">
        <ele>1063</ele>
      </trkpt>
      <trkpt lat="47.284171" lon="11.256986">
        <ele>1062</ele>
      </trkpt>
      <trkpt lat="47.284223" lon="11.257239">
        <ele>1062</ele>
      </trkpt>
      <trkpt lat="47.284268" lon="11.257368">
        <ele>1062.5</ele>
      </trkpt>
      <trkpt lat="47.284368" lon="11.25751">
        <ele>1065</ele>
      </trkpt>
      <trkpt lat="47.284384" lon="11.257583">
        <ele>1064.75</ele>
      </trkpt>
      <trkpt lat="47.284398" lon="11.25774">
        <ele>1063.75</ele>
      </trkpt>
      <trkpt lat="47.284448" lon="11.257837">
        <ele>1064.75</ele>
      </trkpt>
      <trkpt lat="47.284594" lon="11.257936">
        <ele>1069.75</ele>
      </trkpt>
      <trkpt lat="47.284536" lon="11.257942">
        <ele>1067.25</ele>
      </trkpt>
      <trkpt lat="47.28433" lon="11.257931">
        <ele>1058.75</ele>
      </trkpt>
      <trkpt lat="47.284236" lon="11.25791">
        <ele>1055</ele>
      </trkpt>
      <trkpt lat="47.284228" lon="11.258078">
        <ele>1052.5</ele>
      </trkpt>
      <trkpt lat="47.284092" lon="11.258035">
        <ele>1047.25</ele>
      </trkpt>
      <trkpt lat="47.284066" lon="11.258037">
        <ele>1046</ele>
      </trkpt>
      <trkpt lat="47.284033" lon="11.258171">
        <ele>1043</ele>
      </trkpt>
      <trkpt lat="47.283986" lon="11.258164">
        <ele>1041.25</ele>
      </trkpt>
      <trkpt lat="47.283892" lon="11.258109">
        <ele>1037.75</ele>
      </trkpt>
      <trkpt lat="47.283804" lon="11.258156">
        <ele>1033.5</ele>
      </trkpt>
      <trkpt lat="47.28362" lon="11.257904">
        <ele>1028.75</ele>
      </trkpt>
      <trkpt lat="47.283561" lon="11.257861">
        <ele>1026.75</ele>
      </trkpt>
      <trkpt lat="47.283236" lon="11.257623">
        <ele>1016.75</ele>
      </trkpt>
      <trkpt lat="47.283034" lon="11.257599">
        <ele>1009.5</ele>
      </trkpt>
      <trkpt lat="47.282836" lon="11.257534">
        <ele>1003</ele>
      </trkpt>
      <trkpt lat="47.282698" lon="11.257528">
        <ele>998</ele>
      </trkpt>
      <trkpt lat="47.282664" lon="11.257474">
        <ele>997</ele>
      </trkpt>
      <trkpt lat="47.282603" lon="11.25742">
        <ele>994.5</ele>
      </trkpt>
      <trkpt lat="47.282466" lon="11.257498">
        <ele>989.75</ele>
      </trkpt>
      <trkpt lat="47.282354" lon="11.257493">
        <ele>986.25</ele>
      </trkpt>
      <trkpt lat="47.282229" lon="11.257276">
        <ele>982.25</ele>
      </trkpt>
      <trkpt lat="47.282169" lon="11.257144">
        <ele>980.5</ele>
      </trkpt>
      <trkpt lat="47.281809" lon="11.257135">
        <ele>970.25</ele>
      </trkpt>
      <trkpt lat="47.281549" lon="11.256925">
        <ele>963.5</ele>
      </trkpt>
      <trkpt lat="47.281274" lon="11.256764">
        <ele>956.25</ele>
      </trkpt>
      <trkpt lat="47.281168" lon="11.256735">
        <ele>953.5</ele>
      </trkpt>
      <trkpt lat="47.280983" lon="11.256751">
        <ele>948.25</ele>
      </trkpt>
      <trkpt lat="47.280902" lon="11.256736">
        <ele>946</ele>
      </trkpt>
      <trkpt lat="47.280777" lon="11.256715">
        <ele>942.75</ele>
      </trkpt>
      <trkpt lat="47.280592" lon="11.256776">
        <ele>937</ele>
      </trkpt>
      <trkpt lat="47.280487" lon="11.2568">
        <ele>933.5</ele>
      </trkpt>
      <trkpt lat="47.280461" lon="11.256778">
        <ele>933.25</ele>
      </trkpt>
      <trkpt lat="47.280491" lon="11.256878">
        <ele>932.5</ele>
      </trkpt>
      <trkpt lat="47.28056" lon="11.2569">
        <ele>934.25</ele>
      </trkpt>
      <trkpt lat="47.280727" lon="11.256882">
        <ele>939.5</ele>
      </trkpt>
      <trkpt lat="47.280934" lon="11.25692">
        <ele>945.25</ele>
      </trkpt>
      <trkpt lat="47.281108" lon="11.257046">
        <ele>949.25</ele>
      </trkpt>
      <trkpt lat="47.281221" lon="11.257223">
        <ele>951.5</ele>
      </trkpt>
      <trkpt lat="47.281255" lon="11.257333">
        <ele>951.75</ele>
      </trkpt>
      <trkpt lat="47.281218" lon="11.257415">
        <ele>949.75</ele>
      </trkpt>
      <trkpt lat="47.281198" lon="11.25746">
        <ele>948.75</ele>
      </trkpt>
      <trkpt lat="47.281119" lon="11.257541">
        <ele>944.5</ele>
      </trkpt>
      <trkpt lat="47.281082" lon="11.257598">
        <ele>941.5</ele>
      </trkpt>
      <trkpt lat="47.281081" lon="11.2577">
        <ele>938.5</ele>
      </trkpt>
      <trkpt lat="47.281172" lon="11.257812">
        <ele>938.25</ele>
      </trkpt>
      <trkpt lat="47.28132" lon="11.25785">
        <ele>942.5</ele>
      </trkpt>
      <trkpt lat="47.28139" lon="11.257893">
        <ele>943.5</ele>
      </trkpt>
      <trkpt lat="47.281475" lon="11.258055">
        <ele>942</ele>
      </trkpt>
      <trkpt lat="47.281596" lon="11.258173">
        <ele>943</ele>
      </trkpt>
      <trkpt lat="47.2816" lon="11.258279">
        <ele>940</ele>
      </trkpt>
      <trkpt lat="47.281616" lon="11.258414">
        <ele>936.75</ele>
      </trkpt>
      <trkpt lat="47.281705" lon="11.25853">
        <ele>937.25</ele>
      </trkpt>
      <trkpt lat="47.281932" lon="11.258893">
        <ele>939.25</ele>
      </trkpt>
      <trkpt lat="47.282019" lon="11.259239">
        <ele>938</ele>
      </trkpt>
      <trkpt lat="47.282014" lon="11.259354">
        <ele>939.75</ele>
      </trkpt>
      <trkpt lat="47.282" lon="11.259418">
        <ele>940</ele>
      </trkpt>
      <trkpt lat="47.281851" lon="11.259475">
        <ele>933</ele>
      </trkpt>
      <trkpt lat="47.281762" lon="11.259446">
        <ele>927.75</ele>
      </trkpt>
      <trkpt lat="47.281673" lon="11.259257">
        <ele>919</ele>
      </trkpt>
      <trkpt lat="47.28158" lon="11.259257">
        <ele>914.75</ele>
      </trkpt>
      <trkpt lat="47.281451" lon="11.259351">
        <ele>910.25</ele>
      </trkpt>
      <trkpt lat="47.28137" lon="11.259544">
        <ele>908.75</ele>
      </trkpt>
      <trkpt lat="47.281304" lon="11.259763">
        <ele>907.5</ele>
      </trkpt>
      <trkpt lat="47.281301" lon="11.260001">
        <ele>909.75</ele>
      </trkpt>
      <trkpt lat="47.28133" lon="11.260155">
        <ele>911.25</ele>
      </trkpt>
      <trkpt lat="47.281393" lon="11.260375">
        <ele>914.5</ele>
      </trkpt>
      <trkpt lat="47.281402" lon="11.260634">
        <ele>914.25</ele>
      </trkpt>
      <trkpt lat="47.281382" lon="11.260821">
        <ele>912.5</ele>
      </trkpt>
      <trkpt lat="47.281448" lon="11.261152">
        <ele>912.75</ele>
      </trkpt>
      <trkpt lat="47.281403" lon="11.261418">
        <ele>906.5</ele>
      </trkpt>
      <trkpt lat="47.281404" lon="11.261568">
        <ele>904.75</ele>
      </trkpt>
      <trkpt lat="47.281469" lon="11.261725">
        <ele>906</ele>
      </trkpt>
      <trkpt lat="47.281669" lon="11.261991">
        <ele>908</ele>
      </trkpt>
      <trkpt lat="47.281694" lon="11.262136">
        <ele>903.25</ele>
      </trkpt>
      <trkpt lat="47.281662" lon="11.262161">
        <ele>901</ele>
      </trkpt>
      <trkpt lat="47.281659" lon="11.2622">
        <ele>899.5</ele>
      </trkpt>
      <trkpt lat="47.281631" lon="11.262198">
        <ele>898.25</ele>
      </trkpt>
      <trkpt lat="47.281561" lon="11.262029">
        <ele>901</ele>
      </trkpt>
      <trkpt lat="47.281538" lon="11.262173">
        <ele>895</ele>
      </trkpt>
      <trkpt lat="47.281537" lon="11.262307">
        <ele>890.25</ele>
      </trkpt>
      <trkpt lat="47.281617" lon="11.262454">
        <ele>888</ele>
      </trkpt>
      <trkpt lat="47.281671" lon="11.262512">
        <ele>887.75</ele>
      </trkpt>
      <trkpt lat="47.281663" lon="11.262574">
        <ele>886.5</ele>
      </trkpt>
      <trkpt lat="47.281598" lon="11.262564">
        <ele>884.75</ele>
      </trkpt>
      <trkpt lat="47.281635" lon="11.262713">
        <ele>883.75</ele>
      </trkpt>
      <trkpt lat="47.281552" lon="11.262695">
        <ele>882</ele>
      </trkpt>
      <trkpt lat="47.281511" lon="11.262686">
        <ele>881.25</ele>
      </trkpt>
      <trkpt lat="47.281519" lon="11.262737">
        <ele>880.75</ele>
      </trkpt>
      <trkpt lat="47.281595" lon="11.262824">
        <ele>881.5</ele>
      </trkpt>
      <trkpt lat="47.281587" lon="11.262992">
        <ele>879.25</ele>
      </trkpt>
      <trkpt lat="47.281641" lon="11.263111">
        <ele>878.25</ele>
      </trkpt>
      <trkpt lat="47.281702" lon="11.263119">
        <ele>879.75</ele>
      </trkpt>
      <trkpt lat="47.281737" lon="11.263181">
        <ele>880.25</ele>
      </trkpt>
      <trkpt lat="47.281776" lon="11.263215">
        <ele>881.25</ele>
      </trkpt>
      <trkpt lat="47.281746" lon="11.263294">
        <ele>879</ele>
      </trkpt>
      <trkpt lat="47.281564" lon="11.263418">
        <ele>875.5</ele>
      </trkpt>
      <trkpt lat="47.2815" lon="11.263408">
        <ele>876</ele>
      </trkpt>
      <trkpt lat="47.281478" lon="11.263431">
        <ele>876.25</ele>
      </trkpt>
      <trkpt lat="47.281413" lon="11.263391">
        <ele>876.25</ele>
      </trkpt>
      <trkpt lat="47.281359" lon="11.263322">
        <ele>875.75</ele>
      </trkpt>
      <trkpt lat="47.281277" lon="11.263434">
        <ele>877.5</ele>
      </trkpt>
      <trkpt lat="47.280944" lon="11.26305">
        <ele>872.5</ele>
      </trkpt>
      <trkpt lat="47.28085" lon="11.262932">
        <ele>869.25</ele>
      </trkpt>
      <trkpt lat="47.280842" lon="11.262922">
        <ele>869</ele>
      </trkpt>
      <trkpt lat="47.280917" lon="11.262929">
        <ele>870.25</ele>
      </trkpt>
      <trkpt lat="47.280955" lon="11.262982">
        <ele>871.5</ele>
      </trkpt>
      <trkpt lat="47.281065" lon="11.263034">
        <ele>873.5</ele>
      </trkpt>
      <trkpt lat="47.281024" lon="11.262947">
        <ele>872</ele>
      </trkpt>
      <trkpt lat="47.280891" lon="11.262769">
        <ele>867.25</ele>
      </trkpt>
      <trkpt lat="47.280834" lon="11.262633">
        <ele>863.5</ele>
      </trkpt>
      <trkpt lat="47.280732" lon="11.26244">
        <ele>865.25</ele>
      </trkpt>
      <trkpt lat="47.280635" lon="11.262307">
        <ele>868.25</ele>
      </trkpt>
      <trkpt lat="47.280517" lon="11.262064">
        <ele>869</ele>
      </trkpt>
      <trkpt lat="47.280432" lon="11.261976">
        <ele>869</ele>
      </trkpt>
      <trkpt lat="47.280277" lon="11.261853">
        <ele>867.5</ele>
      </trkpt>
      <trkpt lat="47.280139" lon="11.261693">
        <ele>862.5</ele>
      </trkpt>
      <trkpt lat="47.280013" lon="11.261506">
        <ele>857</ele>
      </trkpt>
      <trkpt lat="47.280028" lon="11.261262">
        <ele>851.25</ele>
      </trkpt>
      <trkpt lat="47.280083" lon="11.2612">
        <ele>851.5</ele>
      </trkpt>
      <trkpt lat="47.280108" lon="11.261076">
        <ele>849.5</ele>
      </trkpt>
      <trkpt lat="47.280099" lon="11.260924">
        <ele>846</ele>
      </trkpt>
      <trkpt lat="47.280005" lon="11.26077">
        <ele>839</ele>
      </trkpt>
      <trkpt lat="47.279941" lon="11.260605">
        <ele>838.75</ele>
      </trkpt>
      <trkpt lat="47.279854" lon="11.26048">
        <ele>840</ele>
      </trkpt>
      <trkpt lat="47.27976" lon="11.26">
        <ele>831.25</ele>
      </trkpt>
      <trkpt lat="47.279728" lon="11.259884">
        <ele>832</ele>
      </trkpt>
      <trkpt lat="47.279566" lon="11.259546">
        <ele>832</ele>
      </trkpt>
      <trkpt lat="47.279447" lon="11.25939">
        <ele>830</ele>
      </trkpt>
      <trkpt lat="47.279293" lon="11.259085">
        <ele>824</ele>
      </trkpt>
      <trkpt lat="47.27922" lon="11.258978">
        <ele>822</ele>
      </trkpt>
      <trkpt lat="47.279213" lon="11.258967">
        <ele>822</ele>
      </trkpt>
      <trkpt lat="47.279054" lon="11.2589">
        <ele>827</ele>
      </trkpt>
      <trkpt lat="47.278861" lon="11.258692">
        <ele>835.25</ele>
      </trkpt>
      <trkpt lat="47.278736" lon="11.258215">
        <ele>834.75</ele>
      </trkpt>
      <trkpt lat="47.278556" lon="11.257975">
        <ele>837.5</ele>
      </trkpt>
      <trkpt lat="47.278467" lon="11.257712">
        <ele>833.5</ele>
      </trkpt>
      <trkpt lat="47.278336" lon="11.257483">
        <ele>826.5</ele>
      </trkpt>
      <trkpt lat="47.278207" lon="11.257331">
        <ele>832</ele>
      </trkpt>
      <trkpt lat="47.277886" lon="11.257035">
        <ele>844.75</ele>
      </trkpt>
      <trkpt lat="47.277753" lon="11.256872">
        <ele>847.75</ele>
      </trkpt>
      <trkpt lat="47.277487" lon="11.256674">
        <ele>855.5</ele>
      </trkpt>
      <trkpt lat="47.277364" lon="11.256517">
        <ele>852.25</ele>
      </trkpt>
      <trkpt lat="47.277165" lon="11.256103">
        <ele>841</ele>
      </trkpt>
      <trkpt lat="47.27692" lon="11.255776">
        <ele>837.75</ele>
      </trkpt>
      <trkpt lat="47.276876" lon="11.255664">
        <ele>836.75</ele>
      </trkpt>
      <trkpt lat="47.276861" lon="11.255627">
        <ele>836.5</ele>
      </trkpt>
      <trkpt lat="47.276794" lon="11.255532">
        <ele>837</ele>
      </trkpt>
      <trkpt lat="47.276741" lon="11.255509">
        <ele>838.75</ele>
      </trkpt>
      <trkpt lat="47.276707" lon="11.255512">
        <ele>840.25</ele>
      </trkpt>
      <trkpt lat="47.276692" lon="11.255514">
        <ele>841</ele>
      </trkpt>
      <trkpt lat="47.276663" lon="11.25562">
        <ele>844.25</ele>
      </trkpt>
      <trkpt lat="47.27661" lon="11.255501">
        <ele>840</ele>
      </trkpt>
      <trkpt lat="47.276488" lon="11.255367">
        <ele>834.5</ele>
      </trkpt>
      <trkpt lat="47.27649" lon="11.255419">
        <ele>835.25</ele>
      </trkpt>
      <trkpt lat="47.276393" lon="11.255472">
        <ele>833.5</ele>
      </trkpt>
      <trkpt lat="47.276357" lon="11.255435">
        <ele>832</ele>
      </trkpt>
      <trkpt lat="47.276304" lon="11.255433">
        <ele>830.5</ele>
      </trkpt>
      <trkpt lat="47.276121" lon="11.255428">
        <ele>825.75</ele>
      </trkpt>
      <trkpt lat="47.275993" lon="11.255481">
        <ele>822.75</ele>
      </trkpt>
      <trkpt lat="47.275904" lon="11.255545">
        <ele>820.25</ele>
      </trkpt>
      <trkpt lat="47.27573" lon="11.2559">
        <ele>811.75</ele>
      </trkpt>
      <trkpt lat="47.275607" lon="11.256081">
        <ele>805.75</ele>
      </trkpt>
      <trkpt lat="47.275466" lon="11.256148">
        <ele>796.5</ele>
      </trkpt>
      <trkpt lat="47.275357" lon="11.256248">
        <ele>790</ele>
      </trkpt>
      <trkpt lat="47.275313" lon="11.256349">
        <ele>788</ele>
      </trkpt>
      <trkpt lat="47.27529" lon="11.256314">
        <ele>785.75</ele>
      </trkpt>
      <trkpt lat="47.275305" lon="11.256194">
        <ele>785.25</ele>
      </trkpt>
      <trkpt lat="47.27526" lon="11.256198">
        <ele>782</ele>
      </trkpt>
      <trkpt lat="47.27514" lon="11.256356">
        <ele>775</ele>
      </trkpt>
      <trkpt lat="47.275059" lon="11.256384">
        <ele>769.25</ele>
      </trkpt>
      <trkpt lat="47.275083" lon="11.256168">
        <ele>768.5</ele>
      </trkpt>
      <trkpt lat="47.275055" lon="11.255914">
        <ele>763.75</ele>
      </trkpt>
      <trkpt lat="47.275107" lon="11.255893">
        <ele>767</ele>
      </trkpt>
      <trkpt lat="47.275159" lon="11.255852">
        <ele>770.25</ele>
      </trkpt>
      <trkpt lat="47.275161" lon="11.255779">
        <ele>770</ele>
      </trkpt>
      <trkpt lat="47.275133" lon="11.255752">
        <ele>768</ele>
      </trkpt>
      <trkpt lat="47.275038" lon="11.255607">
        <ele>760.75</ele>
      </trkpt>
      <trkpt lat="47.275" lon="11.255497">
        <ele>757.75</ele>
      </trkpt>
      <trkpt lat="47.274988" lon="11.255384">
        <ele>756.25</ele>
      </trkpt>
      <trkpt lat="47.274941" lon="11.255459">
        <ele>752.5</ele>
      </trkpt>
      <trkpt lat="47.274892" lon="11.255588">
        <ele>748.75</ele>
      </trkpt>
      <trkpt lat="47.274847" lon="11.255672">
        <ele>745.25</ele>
      </trkpt>
      <trkpt lat="47.274806" lon="11.255613">
        <ele>741.5</ele>
      </trkpt>
      <trkpt lat="47.27481" lon="11.255485">
        <ele>741.25</ele>
      </trkpt>
      <trkpt lat="47.2748" lon="11.255379">
        <ele>740</ele>
      </trkpt>
      <trkpt lat="47.274598" lon="11.255298">
        <ele>722.25</ele>
      </trkpt>
      <trkpt lat="47.274533" lon="11.255232">
        <ele>716.25</ele>
      </trkpt>
      <trkpt lat="47.274543" lon="11.255341">
        <ele>717.75</ele>
      </trkpt>
      <trkpt lat="47.27454" lon="11.255386">
        <ele>717.75</ele>
      </trkpt>
      <trkpt lat="47.274428" lon="11.255429">
        <ele>708.25</ele>
      </trkpt>
      <trkpt lat="47.274385" lon="11.255402">
        <ele>704.5</ele>
      </trkpt>
      <trkpt lat="47.274298" lon="11.255168">
        <ele>695.5</ele>
      </trkpt>
      <trkpt lat="47.274274" lon="11.255194">
        <ele>693.5</ele>
      </trkpt>
      <trkpt lat="47.274188" lon="11.255339">
        <ele>687</ele>
      </trkpt>
      <trkpt lat="47.274177" lon="11.255406">
        <ele>686.75</ele>
      </trkpt>
      <trkpt lat="47.27416" lon="11.255449">
        <ele>685.75</ele>
      </trkpt>
      <trkpt lat="47.274142" lon="11.255436">
        <ele>684.5</ele>
      </trkpt>
      <trkpt lat="47.27413" lon="11.255419">
        <ele>683.75</ele>
      </trkpt>
      <trkpt lat="47.27415" lon="11.255209">
        <ele>683.5</ele>
      </trkpt>
      <trkpt lat="47.274164" lon="11.255121">
        <ele>683.5</ele>
      </trkpt>
      <trkpt lat="47.274165" lon="11.254978">
        <ele>682.75</ele>
      </trkpt>
      <trkpt lat="47.274125" lon="11.254905">
        <ele>680.25</ele>
      </trkpt>
      <trkpt lat="47.274058" lon="11.255056">
        <ele>677.25</ele>
      </trkpt>
      <trkpt lat="47.274001" lon="11.255144">
        <ele>674.75</ele>
      </trkpt>
      <trkpt lat="47.274024" lon="11.254916">
        <ele>674.75</ele>
      </trkpt>
      <trkpt lat="47.274092" lon="11.254698">
        <ele>677.75</ele>
      </trkpt>
      <trkpt lat="47.274102" lon="11.254582">
        <ele>678</ele>
      </trkpt>
      <trkpt lat="47.27408" lon="11.254404">
        <ele>676</ele>
      </trkpt>
      <trkpt lat="47.274063" lon="11.254345">
        <ele>675</ele>
      </trkpt>
      <trkpt lat="47.274027" lon="11.254418">
        <ele>673.25</ele>
      </trkpt>
      <trkpt lat="47.273959" lon="11.254176">
        <ele>669</ele>
      </trkpt>
      <trkpt lat="47.273942" lon="11.254171">
        <ele>668</ele>
      </trkpt>
      <trkpt lat="47.27388" lon="11.254434">
        <ele>665.5</ele>
      </trkpt>
      <trkpt lat="47.273835" lon="11.25448">
        <ele>663.25</ele>
      </trkpt>
      <trkpt lat="47.273834" lon="11.254461">
        <ele>663</ele>
      </trkpt>
      <trkpt lat="47.273827" lon="11.254326">
        <ele>662.5</ele>
      </trkpt>
      <trkpt lat="47.273786" lon="11.254008">
        <ele>658</ele>
      </trkpt>
      <trkpt lat="47.27378" lon="11.253824">
        <ele>656</ele>
      </trkpt>
      <trkpt lat="47.273778" lon="11.253745">
        <ele>655</ele>
      </trkpt>
      <trkpt lat="47.273827" lon="11.253414">
        <ele>653.25</ele>
      </trkpt>
      <trkpt lat="47.273797" lon="11.253408">
        <ele>652</ele>
      </trkpt>
      <trkpt lat="47.273796" lon="11.253407">
        <ele>652</ele>
      </trkpt>
      <trkpt lat="47.273665" lon="11.253381">
        <ele>647.25</ele>
      </trkpt>
      <trkpt lat="47.273645" lon="11.253584">
        <ele>648.25</ele>
      </trkpt>
      <trkpt lat="47.273622" lon="11.253687">
        <ele>648</ele>
      </trkpt>
      <trkpt lat="47.273488" lon="11.254039">
        <ele>643.5</ele>
      </trkpt>
      <trkpt lat="47.273437" lon="11.254171">
        <ele>641.25</ele>
      </trkpt>
      <trkpt lat="47.273345" lon="11.254404">
        <ele>637</ele>
      </trkpt>
      <trkpt lat="47.273283" lon="11.254511">
        <ele>636</ele>
      </trkpt>
      <trkpt lat="47.273216" lon="11.254575">
        <ele>635.5</ele>
      </trkpt>
      <trkpt lat="47.273183" lon="11.254592">
        <ele>635</ele>
      </trkpt>
      <trkpt lat="47.273101" lon="11.254606">
        <ele>634</ele>
      </trkpt>
      <trkpt lat="47.273042" lon="11.254588">
        <ele>633.5</ele>
      </trkpt>
      <trkpt lat="47.273009" lon="11.254569">
        <ele>633</ele>
      </trkpt>
      <trkpt lat="47.27297" lon="11.254533">
        <ele>632.5</ele>
      </trkpt>
      <trkpt lat="47.27293" lon="11.254488">
        <ele>632</ele>
      </trkpt>
      <trkpt lat="47.27266" lon="11.254128">
        <ele>628.75</ele>
      </trkpt>
      <trkpt lat="47.272517" lon="11.253938">
        <ele>627.5</ele>
      </trkpt>
      <trkpt lat="47.272436" lon="11.253785">
        <ele>627.25</ele>
      </trkpt>
      <trkpt lat="47.27243" lon="11.253778">
        <ele>627.25</ele>
      </trkpt>
      <trkpt lat="47.27234" lon="11.253501">
        <ele>627</ele>
      </trkpt>
      <trkpt lat="47.272239" lon="11.253217">
        <ele>626.5</ele>
      </trkpt>
      <trkpt lat="47.272172" lon="11.253032">
        <ele>625.75</ele>
      </trkpt>
      <trkpt lat="47.272143" lon="11.252952">
        <ele>625.75</ele>
      </trkpt>
      <trkpt lat="47.27205" lon="11.252655">
        <ele>625</ele>
      </trkpt>
      <trkpt lat="47.271949" lon="11.252279">
        <ele>624.25</ele>
      </trkpt>
      <trkpt lat="47.271901" lon="11.252101">
        <ele>624</ele>
      </trkpt>
      <trkpt lat="47.271808" lon="11.251758">
        <ele>623.75</ele>
      </trkpt>
      <trkpt lat="47.271768" lon="11.251635">
        <ele>623.5</ele>
      </trkpt>
      <trkpt lat="47.2717" lon="11.251491">
        <ele>623</ele>
      </trkpt>
      <trkpt lat="47.27163" lon="11.251369">
        <ele>622.5</ele>
      </trkpt>
      <trkpt lat="47.27155" lon="11.251253">
        <ele>622</ele>
      </trkpt>
      <trkpt lat="47.271481" lon="11.251166">
        <ele>621.5</ele>
      </trkpt>
      <trkpt lat="47.271422" lon="11.251109">
        <ele>620.75</ele>
      </trkpt>
      <trkpt lat="47.271421" lon="11.251108">
        <ele>621</ele>
      </trkpt>
      <trkpt lat="47.271389" lon="11.251076">
        <ele>620.75</ele>
      </trkpt>
      <trkpt lat="47.271472" lon="11.250624">
        <ele>621</ele>
      </trkpt>
      <trkpt lat="47.271509" lon="11.250423">
        <ele>621</ele>
      </trkpt>
      <trkpt lat="47.271528" lon="11.250327">
        <ele>620.75</ele>
      </trkpt>
      <trkpt lat="47.271358" lon="11.250306">
        <ele>619.75</ele>
      </trkpt>
      <trkpt lat="47.27119" lon="11.250302">
        <ele>619</ele>
      </trkpt>
      <trkpt lat="47.270905" lon="11.250301">
        <ele>617.25</ele>
      </trkpt>
      <trkpt lat="47.270802" lon="11.250303">
        <ele>616.75</ele>
      </trkpt>
      <trkpt lat="47.270639" lon="11.250323">
        <ele>616</ele>
      </trkpt>
      <trkpt lat="47.270514" lon="11.250364">
        <ele>615.25</ele>
      </trkpt>
      <trkpt lat="47.270351" lon="11.250436">
        <ele>614.5</ele>
      </trkpt>
      <trkpt lat="47.270142" lon="11.250554">
        <ele>613.5</ele>
      </trkpt>
      <trkpt lat="47.269822" lon="11.250732">
        <ele>612</ele>
      </trkpt>
      <trkpt lat="47.269575" lon="11.250872">
        <ele>610.75</ele>
      </trkpt>
      <trkpt lat="47.269305" lon="11.251048">
        <ele>609.75</ele>
      </trkpt>
      <trkpt lat="47.269179" lon="11.251139">
        <ele>609.25</ele>
      </trkpt>
      <trkpt lat="47.269055" lon="11.251253">
        <ele>608.5</ele>
      </trkpt>
      <trkpt lat="47.268935" lon="11.251469">
        <ele>608</ele>
      </trkpt>
      <trkpt lat="47.268775" lon="11.25163">
        <ele>607.5</ele>
      </trkpt>
      <trkpt lat="47.26869" lon="11.251726">
        <ele>607</ele>
      </trkpt>
      <trkpt lat="47.268624" lon="11.251815">
        <ele>606.75</ele>
      </trkpt>
      <trkpt lat="47.268543" lon="11.25195">
        <ele>606.5</ele>
      </trkpt>
      <trkpt lat="47.268427" lon="11.252158">
        <ele>606</ele>
      </trkpt>
      <trkpt lat="47.268351" lon="11.252228">
        <ele>605.75</ele>
      </trkpt>
      <trkpt lat="47.268293" lon="11.252254">
        <ele>605.5</ele>
      </trkpt>
      <trkpt lat="47.26814" lon="11.252303">
        <ele>605</ele>
      </trkpt>
      <trkpt lat="47.267944" lon="11.252398">
        <ele>604.25</ele>
      </trkpt>
      <trkpt lat="47.267771" lon="11.252495">
        <ele>603.75</ele>
      </trkpt>
      <trkpt lat="47.26754" lon="11.252567">
        <ele>603</ele>
      </trkpt>
      <trkpt lat="47.267442" lon="11.252592">
        <ele>602.5</ele>
      </trkpt>
      <trkpt lat="47.267367" lon="11.252621">
        <ele>602.25</ele>
      </trkpt>
      <trkpt lat="47.267232" lon="11.252734">
        <ele>601.75</ele>
      </trkpt>
      <trkpt lat="47.267153" lon="11.252805">
        <ele>601.25</ele>
      </trkpt>
      <trkpt lat="47.266963" lon="11.252975">
        <ele>600.25</ele>
      </trkpt>
      <trkpt lat="47.266945" lon="11.252991">
        <ele>600.25</ele>
      </trkpt>
      <trkpt lat="47.266696" lon="11.253226">
        <ele>598.5</ele>
      </trkpt>
      <trkpt lat="47.266542" lon="11.253362">
        <ele>597.5</ele>
      </trkpt>
      <trkpt lat="47.26641" lon="11.25348">
        <ele>596.75</ele>
      </trkpt>
      <trkpt lat="47.266233" lon="11.253623">
        <ele>596</ele>
      </trkpt>
      <trkpt lat="47.266087" lon="11.253736">
        <ele>595.25</ele>
      </trkpt>
      <trkpt lat="47.26608" lon="11.253742">
        <ele>595.25</ele>
      </trkpt>
      <trkpt lat="47.265904" lon="11.253858">
        <ele>594.25</ele>
      </trkpt>
      <trkpt lat="47.265802" lon="11.253929">
        <ele>593.75</ele>
      </trkpt>
      <trkpt lat="47.265688" lon="11.254006">
        <ele>593.25</ele>
      </trkpt>
      <trkpt lat="47.265597" lon="11.254056">
        <ele>593</ele>
      </trkpt>
      <trkpt lat="47.265487" lon="11.254103">
        <ele>592.75</ele>
      </trkpt>
      <trkpt lat="47.265271" lon="11.25417">
        <ele>592.25</ele>
      </trkpt>
      <trkpt lat="47.26519" lon="11.254205">
        <ele>592</ele>
      </trkpt>
      <trkpt lat="47.265097" lon="11.254258">
        <ele>591.75</ele>
      </trkpt>
      <trkpt lat="47.265077" lon="11.254269">
        <ele>591.5</ele>
      </trkpt>
      <trkpt lat="47.26502" lon="11.254306">
        <ele>591.5</ele>
      </trkpt>
      <trkpt lat="47.265004" lon="11.254339">
        <ele>591.25</ele>
      </trkpt>
      <trkpt lat="47.264998" lon="11.254381">
        <ele>591</ele>
      </trkpt>
      <trkpt lat="47.265003" lon="11.254452">
        <ele>590.75</ele>
      </trkpt>
      <trkpt lat="47.265041" lon="11.254601">
        <ele>590.5</ele>
      </trkpt>
      <trkpt lat="47.265055" lon="11.254685">
        <ele>590</ele>
      </trkpt>
      <trkpt lat="47.265045" lon="11.254759">
        <ele>589.75</ele>
      </trkpt>
      <trkpt lat="47.265027" lon="11.254797">
        <ele>589.75</ele>
      </trkpt>
      <trkpt lat="47.264268" lon="11.2556">
        <ele>595.75</ele>
      </trkpt>
      <trkpt lat="47.264098" lon="11.25578">
        <ele>596.25</ele>
      </trkpt>
      <trkpt lat="47.264045" lon="11.255593">
        <ele>595.5</ele>
      </trkpt>
      <trkpt lat="47.264014" lon="11.255476">
        <ele>595.25</ele>
      </trkpt>
      <trkpt lat="47.263976" lon="11.255415">
        <ele>595</ele>
      </trkpt>
      <trkpt lat="47.2639" lon="11.255402">
        <ele>594.75</ele>
      </trkpt>
      <trkpt lat="47.263786" lon="11.255457">
        <ele>594.25</ele>
      </trkpt>
      <trkpt lat="47.263447" lon="11.255456">
        <ele>592.75</ele>
      </trkpt>
      <trkpt lat="47.263311" lon="11.255525">
        <ele>591.75</ele>
      </trkpt>
      <trkpt lat="47.262741" lon="11.255786">
        <ele>590.75</ele>
      </trkpt>
      <trkpt lat="47.262021" lon="11.256154">
        <ele>592.5</ele>
      </trkpt>
      <trkpt lat="47.261845" lon="11.256292">
        <ele>593</ele>
      </trkpt>
      <trkpt lat="47.261777" lon="11.256342">
        <ele>593.25</ele>
      </trkpt>
      <trkpt lat="47.261582" lon="11.256429">
        <ele>593.5</ele>
      </trkpt>
      <trkpt lat="47.260987" lon="11.256759">
        <ele>593</ele>
      </trkpt>
      <trkpt lat="47.260797" lon="11.256863">
        <ele>592.75</ele>
      </trkpt>
      <trkpt lat="47.260766" lon="11.256871">
        <ele>592.75</ele>
      </trkpt>
      <trkpt lat="47.260708" lon="11.256886">
        <ele>592.75</ele>
      </trkpt>
      <trkpt lat="47.260601" lon="11.256915">
        <ele>593</ele>
      </trkpt>
      <trkpt lat="47.260552" lon="11.257012">
        <ele>593</ele>
      </trkpt>
      <trkpt lat="47.260498" lon="11.257007">
        <ele>593</ele>
      </trkpt>
      <trkpt lat="47.260238" lon="11.256981">
        <ele>594</ele>
      </trkpt>
      <trkpt lat="47.260236" lon="11.256981">
        <ele>593.5</ele>
      </trkpt>
      <trkpt lat="47.259978" lon="11.256956">
        <ele>594</ele>
      </trkpt>
      <trkpt lat="47.259922" lon="11.256847">
        <ele>594.25</ele>
      </trkpt>
      <trkpt lat="47.259791" lon="11.256593">
        <ele>594.75</ele>
      </trkpt>
      <trkpt lat="47.259553" lon="11.256789">
        <ele>596</ele>
      </trkpt>
      <trkpt lat="47.259378" lon="11.256936">
        <ele>596.5</ele>
      </trkpt>
      <trkpt lat="47.259322" lon="11.257028">
        <ele>596.75</ele>
      </trkpt>
      <trkpt lat="47.259309" lon="11.257075">
        <ele>596.75</ele>
      </trkpt>
      <trkpt lat="47.259301" lon="11.257201">
        <ele>596.75</ele>
      </trkpt>
      <trkpt lat="47.259305" lon="11.257279">
        <ele>596.5</ele>
      </trkpt>
      <trkpt lat="47.259323" lon="11.257343">
        <ele>596.5</ele>
      </trkpt>
      <trkpt lat="47.259389" lon="11.257457">
        <ele>596</ele>
      </trkpt>
      <trkpt lat="47.259402" lon="11.257618">
        <ele>596.25</ele>
      </trkpt>
      <trkpt lat="47.259288" lon="11.257625">
        <ele>596.5</ele>
      </trkpt>
      <trkpt lat="47.258914" lon="11.2578">
        <ele>597.5</ele>
      </trkpt>
      <trkpt lat="47.258805" lon="11.257896">
        <ele>597.5</ele>
      </trkpt>
      <trkpt lat="47.258337" lon="11.258309">
        <ele>597.75</ele>
      </trkpt>
      <trkpt lat="47.258309" lon="11.258353">
        <ele>598</ele>
      </trkpt>
      <trkpt lat="47.258264" lon="11.258426">
        <ele>598.25</ele>
      </trkpt>
      <trkpt lat="47.258039" lon="11.258785">
        <ele>599.75</ele>
      </trkpt>
      <trkpt lat="47.257888" lon="11.258884">
        <ele>600.25</ele>
      </trkpt>
      <trkpt lat="47.257888" lon="11.258884">
        <ele>600.25</ele>
      </trkpt>
      <trkpt lat="47.257689" lon="11.259017">
        <ele>601.25</ele>
      </trkpt>
      <trkpt lat="47.257135" lon="11.259261">
        <ele>603</ele>
      </trkpt>
      <trkpt lat="47.256506" lon="11.259584">
        <ele>605.75</ele>
      </trkpt>
      <trkpt lat="47.255902" lon="11.259894">
        <ele>608.5</ele>
      </trkpt>
      <trkpt lat="47.255403" lon="11.26008">
        <ele>611.25</ele>
      </trkpt>
      <trkpt lat="47.255215" lon="11.260133">
        <ele>612.25</ele>
      </trkpt>
      <trkpt lat="47.255101" lon="11.260151">
        <ele>613</ele>
      </trkpt>
      <trkpt lat="47.255007" lon="11.260146">
        <ele>613.5</ele>
      </trkpt>
      <trkpt lat="47.25492" lon="11.260119">
        <ele>614</ele>
      </trkpt>
      <trkpt lat="47.254806" lon="11.260071">
        <ele>614.5</ele>
      </trkpt>
      <trkpt lat="47.254762" lon="11.260162">
        <ele>614.5</ele>
      </trkpt>
      <trkpt lat="47.254757" lon="11.260255">
        <ele>614.25</ele>
      </trkpt>
      <trkpt lat="47.25477" lon="11.260358">
        <ele>614</ele>
      </trkpt>
      <trkpt lat="47.254744" lon="11.260483">
        <ele>613.75</ele>
      </trkpt>
    </trkseg>
  </trk>
  <trk>
    <name>Segment 2</name>
    <trkseg>
      <name>Segment 2</name>
      <desc>distance: 11.3km, elevation_gain: 582m, elevation_loss: 812m, est_duration_moving: 01:29, est_duration_incl_pauses: 01:44, avg_km_per_hour: 6.5, avg_km_hr_moving: 7.6</desc>
      <trkpt lat="47.244886" lon="11.247855">
        <ele>810</ele>
      </trkpt>
      <trkpt lat="47.24479" lon="11.24791">
        <ele>810.25</ele>
      </trkpt>
      <trkpt lat="47.244746" lon="11.247932">
        <ele>810.25</ele>
      </trkpt>
      <trkpt lat="47.244695" lon="11.247923">
        <ele>810.5</ele>
      </trkpt>
      <trkpt lat="47.244648" lon="11.247887">
        <ele>810.5</ele>
      </trkpt>
      <trkpt lat="47.244604" lon="11.247887">
        <ele>810.5</ele>
      </trkpt>
      <trkpt lat="47.244582" lon="11.247887">
        <ele>810.75</ele>
      </trkpt>
      <trkpt lat="47.244047" lon="11.247817">
        <ele>812.25</ele>
      </trkpt>
      <trkpt lat="47.243991" lon="11.247809">
        <ele>812.75</ele>
      </trkpt>
      <trkpt lat="47.243385" lon="11.247733">
        <ele>817.5</ele>
      </trkpt>
      <trkpt lat="47.243352" lon="11.247733">
        <ele>817.75</ele>
      </trkpt>
      <trkpt lat="47.243184" lon="11.247739">
        <ele>820.25</ele>
      </trkpt>
      <trkpt lat="47.242966" lon="11.247763">
        <ele>823.5</ele>
      </trkpt>
      <trkpt lat="47.242915" lon="11.247815">
        <ele>824</ele>
      </trkpt>
      <trkpt lat="47.2429" lon="11.247817">
        <ele>824.25</ele>
      </trkpt>
      <trkpt lat="47.242826" lon="11.247829">
        <ele>825.25</ele>
      </trkpt>
      <trkpt lat="47.242627" lon="11.247921">
        <ele>827.75</ele>
      </trkpt>
      <trkpt lat="47.24256" lon="11.247971">
        <ele>828.5</ele>
      </trkpt>
      <trkpt lat="47.242397" lon="11.248125">
        <ele>830.5</ele>
      </trkpt>
      <trkpt lat="47.242197" lon="11.248311">
        <ele>833.25</ele>
      </trkpt>
      <trkpt lat="47.242153" lon="11.248347">
        <ele>833.75</ele>
      </trkpt>
      <trkpt lat="47.242106" lon="11.248372">
        <ele>834.5</ele>
      </trkpt>
      <trkpt lat="47.242049" lon="11.248396">
        <ele>835.25</ele>
      </trkpt>
      <trkpt lat="47.241977" lon="11.248413">
        <ele>836.5</ele>
      </trkpt>
      <trkpt lat="47.241909" lon="11.24842">
        <ele>837.75</ele>
      </trkpt>
      <trkpt lat="47.241852" lon="11.248415">
        <ele>839</ele>
      </trkpt>
      <trkpt lat="47.241607" lon="11.248395">
        <ele>843.75</ele>
      </trkpt>
      <trkpt lat="47.241525" lon="11.248395">
        <ele>845</ele>
      </trkpt>
      <trkpt lat="47.241442" lon="11.248407">
        <ele>846</ele>
      </trkpt>
      <trkpt lat="47.241365" lon="11.248437">
        <ele>846.75</ele>
      </trkpt>
      <trkpt lat="47.241163" lon="11.248564">
        <ele>847.75</ele>
      </trkpt>
      <trkpt lat="47.240828" lon="11.248804">
        <ele>849</ele>
      </trkpt>
      <trkpt lat="47.2408" lon="11.248825">
        <ele>849.25</ele>
      </trkpt>
      <trkpt lat="47.240575" lon="11.248945">
        <ele>850.75</ele>
      </trkpt>
      <trkpt lat="47.240526" lon="11.248951">
        <ele>851.25</ele>
      </trkpt>
      <trkpt lat="47.240481" lon="11.248934">
        <ele>852</ele>
      </trkpt>
      <trkpt lat="47.240446" lon="11.248894">
        <ele>853.25</ele>
      </trkpt>
      <trkpt lat="47.240442" lon="11.248883">
        <ele>853.5</ele>
      </trkpt>
      <trkpt lat="47.240418" lon="11.248823">
        <ele>854.75</ele>
      </trkpt>
      <trkpt lat="47.240386" lon="11.248439">
        <ele>861.25</ele>
      </trkpt>
      <trkpt lat="47.240382" lon="11.24839">
        <ele>862</ele>
      </trkpt>
      <trkpt lat="47.240348" lon="11.247927">
        <ele>864</ele>
      </trkpt>
      <trkpt lat="47.240315" lon="11.24774">
        <ele>864.5</ele>
      </trkpt>
      <trkpt lat="47.240255" lon="11.247593">
        <ele>865</ele>
      </trkpt>
      <trkpt lat="47.240003" lon="11.247161">
        <ele>866.75</ele>
      </trkpt>
      <trkpt lat="47.239982" lon="11.247128">
        <ele>867</ele>
      </trkpt>
      <trkpt lat="47.239846" lon="11.246842">
        <ele>870.25</ele>
      </trkpt>
      <trkpt lat="47.239661" lon="11.246373">
        <ele>874.5</ele>
      </trkpt>
      <trkpt lat="47.239478" lon="11.245829">
        <ele>878.25</ele>
      </trkpt>
      <trkpt lat="47.239382" lon="11.245547">
        <ele>879.75</ele>
      </trkpt>
      <trkpt lat="47.23929" lon="11.245372">
        <ele>880.75</ele>
      </trkpt>
      <trkpt lat="47.239277" lon="11.24535">
        <ele>880.75</ele>
      </trkpt>
      <trkpt lat="47.239206" lon="11.245265">
        <ele>881.5</ele>
      </trkpt>
      <trkpt lat="47.239087" lon="11.24518">
        <ele>882</ele>
      </trkpt>
      <trkpt lat="47.239013" lon="11.245142">
        <ele>882.25</ele>
      </trkpt>
      <trkpt lat="47.238937" lon="11.245118">
        <ele>882.75</ele>
      </trkpt>
      <trkpt lat="47.238838" lon="11.245108">
        <ele>883.5</ele>
      </trkpt>
      <trkpt lat="47.238725" lon="11.245091">
        <ele>884.25</ele>
      </trkpt>
      <trkpt lat="47.238576" lon="11.245092">
        <ele>885.25</ele>
      </trkpt>
      <trkpt lat="47.238483" lon="11.245086">
        <ele>885.75</ele>
      </trkpt>
      <trkpt lat="47.238024" lon="11.245111">
        <ele>888.25</ele>
      </trkpt>
      <trkpt lat="47.237964" lon="11.245114">
        <ele>888.5</ele>
      </trkpt>
      <trkpt lat="47.23781" lon="11.245127">
        <ele>889.25</ele>
      </trkpt>
      <trkpt lat="47.237697" lon="11.24511">
        <ele>889.75</ele>
      </trkpt>
      <trkpt lat="47.237584" lon="11.24508">
        <ele>890.5</ele>
      </trkpt>
      <trkpt lat="47.237481" lon="11.24504">
        <ele>891</ele>
      </trkpt>
      <trkpt lat="47.237287" lon="11.245582">
        <ele>891.5</ele>
      </trkpt>
      <trkpt lat="47.237195" lon="11.245752">
        <ele>891.75</ele>
      </trkpt>
      <trkpt lat="47.237106" lon="11.245911">
        <ele>892</ele>
      </trkpt>
      <trkpt lat="47.237" lon="11.246728">
        <ele>889.25</ele>
      </trkpt>
      <trkpt lat="47.23693" lon="11.247889">
        <ele>883.25</ele>
      </trkpt>
      <trkpt lat="47.23686" lon="11.247913">
        <ele>882.5</ele>
      </trkpt>
      <trkpt lat="47.236635" lon="11.247741">
        <ele>882</ele>
      </trkpt>
      <trkpt lat="47.236482" lon="11.247731">
        <ele>875.75</ele>
      </trkpt>
      <trkpt lat="47.236389" lon="11.247529">
        <ele>875.75</ele>
      </trkpt>
      <trkpt lat="47.236436" lon="11.247892">
        <ele>870.75</ele>
      </trkpt>
      <trkpt lat="47.236483" lon="11.247946">
        <ele>871.75</ele>
      </trkpt>
      <trkpt lat="47.236726" lon="11.248219">
        <ele>877.25</ele>
      </trkpt>
      <trkpt lat="47.236897" lon="11.248251">
        <ele>879</ele>
      </trkpt>
      <trkpt lat="47.237097" lon="11.248513">
        <ele>878</ele>
      </trkpt>
      <trkpt lat="47.237381" lon="11.249064">
        <ele>877</ele>
      </trkpt>
      <trkpt lat="47.23763" lon="11.249051">
        <ele>879.25</ele>
      </trkpt>
      <trkpt lat="47.237681" lon="11.249049">
        <ele>879.75</ele>
      </trkpt>
      <trkpt lat="47.237743" lon="11.249154">
        <ele>878.5</ele>
      </trkpt>
      <trkpt lat="47.237983" lon="11.24923">
        <ele>875.5</ele>
      </trkpt>
      <trkpt lat="47.238156" lon="11.249527">
        <ele>870</ele>
      </trkpt>
      <trkpt lat="47.238255" lon="11.249923">
        <ele>865.25</ele>
      </trkpt>
      <trkpt lat="47.238398" lon="11.249983">
        <ele>865.5</ele>
      </trkpt>
      <trkpt lat="47.238481" lon="11.250117">
        <ele>861.25</ele>
      </trkpt>
      <trkpt lat="47.238623" lon="11.25022">
        <ele>857.75</ele>
      </trkpt>
      <trkpt lat="47.239165" lon="11.250257">
        <ele>855.25</ele>
      </trkpt>
      <trkpt lat="47.239226" lon="11.250408">
        <ele>852</ele>
      </trkpt>
      <trkpt lat="47.239404" lon="11.250545">
        <ele>847</ele>
      </trkpt>
      <trkpt lat="47.239353" lon="11.250863">
        <ele>844.5</ele>
      </trkpt>
      <trkpt lat="47.239206" lon="11.250821">
        <ele>846.5</ele>
      </trkpt>
      <trkpt lat="47.238951" lon="11.250874">
        <ele>844.75</ele>
      </trkpt>
      <trkpt lat="47.238888" lon="11.250966">
        <ele>843</ele>
      </trkpt>
      <trkpt lat="47.238824" lon="11.251209">
        <ele>838.5</ele>
      </trkpt>
      <trkpt lat="47.238742" lon="11.251649">
        <ele>828.75</ele>
      </trkpt>
      <trkpt lat="47.238759" lon="11.25196">
        <ele>820</ele>
      </trkpt>
      <trkpt lat="47.238802" lon="11.252027">
        <ele>819.25</ele>
      </trkpt>
      <trkpt lat="47.238801" lon="11.252026">
        <ele>819.25</ele>
      </trkpt>
      <trkpt lat="47.238833" lon="11.252075">
        <ele>819</ele>
      </trkpt>
      <trkpt lat="47.239124" lon="11.252071">
        <ele>830.25</ele>
      </trkpt>
      <trkpt lat="47.239306" lon="11.252119">
        <ele>831.25</ele>
      </trkpt>
      <trkpt lat="47.239482" lon="11.252082">
        <ele>833.25</ele>
      </trkpt>
      <trkpt lat="47.239486" lon="11.252427">
        <ele>825</ele>
      </trkpt>
      <trkpt lat="47.239373" lon="11.252757">
        <ele>816.75</ele>
      </trkpt>
      <trkpt lat="47.239381" lon="11.252859">
        <ele>815.25</ele>
      </trkpt>
      <trkpt lat="47.23935" lon="11.253122">
        <ele>809.75</ele>
      </trkpt>
      <trkpt lat="47.239621" lon="11.253543">
        <ele>808.5</ele>
      </trkpt>
      <trkpt lat="47.239922" lon="11.253798">
        <ele>812.25</ele>
      </trkpt>
      <trkpt lat="47.240114" lon="11.253742">
        <ele>816</ele>
      </trkpt>
      <trkpt lat="47.24031" lon="11.253785">
        <ele>814</ele>
      </trkpt>
      <trkpt lat="47.240404" lon="11.253905">
        <ele>811.75</ele>
      </trkpt>
      <trkpt lat="47.240439" lon="11.254029">
        <ele>809.5</ele>
      </trkpt>
      <trkpt lat="47.240438" lon="11.254295">
        <ele>803.25</ele>
      </trkpt>
      <trkpt lat="47.240516" lon="11.254348">
        <ele>802.25</ele>
      </trkpt>
      <trkpt lat="47.240472" lon="11.254462">
        <ele>798.25</ele>
      </trkpt>
      <trkpt lat="47.240504" lon="11.254471">
        <ele>798.25</ele>
      </trkpt>
      <trkpt lat="47.240644" lon="11.254404">
        <ele>801.75</ele>
      </trkpt>
      <trkpt lat="47.240881" lon="11.254588">
        <ele>801</ele>
      </trkpt>
      <trkpt lat="47.240925" lon="11.254664">
        <ele>800.75</ele>
      </trkpt>
      <trkpt lat="47.240921" lon="11.254801">
        <ele>798</ele>
      </trkpt>
      <trkpt lat="47.240843" lon="11.254923">
        <ele>793</ele>
      </trkpt>
      <trkpt lat="47.240812" lon="11.25501">
        <ele>789.75</ele>
      </trkpt>
      <trkpt lat="47.240805" lon="11.255106">
        <ele>785.75</ele>
      </trkpt>
      <trkpt lat="47.240809" lon="11.255201">
        <ele>781.75</ele>
      </trkpt>
      <trkpt lat="47.240909" lon="11.25539">
        <ele>778.5</ele>
      </trkpt>
      <trkpt lat="47.241034" lon="11.255473">
        <ele>781.25</ele>
      </trkpt>
      <trkpt lat="47.24112" lon="11.255636">
        <ele>779.5</ele>
      </trkpt>
      <trkpt lat="47.241179" lon="11.255702">
        <ele>780</ele>
      </trkpt>
      <trkpt lat="47.241254" lon="11.255747">
        <ele>782.5</ele>
      </trkpt>
      <trkpt lat="47.241332" lon="11.255761">
        <ele>786</ele>
      </trkpt>
      <trkpt lat="47.241431" lon="11.255866">
        <ele>787.5</ele>
      </trkpt>
      <trkpt lat="47.241525" lon="11.256118">
        <ele>780.5</ele>
      </trkpt>
      <trkpt lat="47.241635" lon="11.256163">
        <ele>784.75</ele>
      </trkpt>
      <trkpt lat="47.24185" lon="11.256377">
        <ele>777.5</ele>
      </trkpt>
      <trkpt lat="47.241917" lon="11.256391">
        <ele>777</ele>
      </trkpt>
      <trkpt lat="47.241931" lon="11.256395">
        <ele>777</ele>
      </trkpt>
      <trkpt lat="47.242122" lon="11.256229">
        <ele>784.5</ele>
      </trkpt>
      <trkpt lat="47.242273" lon="11.255911">
        <ele>796.25</ele>
      </trkpt>
      <trkpt lat="47.242407" lon="11.25557">
        <ele>804.25</ele>
      </trkpt>
      <trkpt lat="47.242569" lon="11.255452">
        <ele>806</ele>
      </trkpt>
      <trkpt lat="47.242626" lon="11.255354">
        <ele>807.75</ele>
      </trkpt>
      <trkpt lat="47.242652" lon="11.255008">
        <ele>814.75</ele>
      </trkpt>
      <trkpt lat="47.242683" lon="11.254902">
        <ele>815</ele>
      </trkpt>
      <trkpt lat="47.242727" lon="11.254854">
        <ele>814.75</ele>
      </trkpt>
      <trkpt lat="47.243165" lon="11.255172">
        <ele>808.25</ele>
      </trkpt>
      <trkpt lat="47.243276" lon="11.255272">
        <ele>806.25</ele>
      </trkpt>
      <trkpt lat="47.243116" lon="11.255234">
        <ele>807.75</ele>
      </trkpt>
      <trkpt lat="47.242989" lon="11.255267">
        <ele>807.75</ele>
      </trkpt>
      <trkpt lat="47.24297" lon="11.25533">
        <ele>806.75</ele>
      </trkpt>
      <trkpt lat="47.242993" lon="11.255397">
        <ele>805.5</ele>
      </trkpt>
      <trkpt lat="47.243206" lon="11.255602">
        <ele>801.5</ele>
      </trkpt>
      <trkpt lat="47.243515" lon="11.256003">
        <ele>794.25</ele>
      </trkpt>
      <trkpt lat="47.243723" lon="11.256602">
        <ele>780.75</ele>
      </trkpt>
      <trkpt lat="47.243806" lon="11.256793">
        <ele>778</ele>
      </trkpt>
      <trkpt lat="47.24384" lon="11.256857">
        <ele>777.5</ele>
      </trkpt>
      <trkpt lat="47.244053" lon="11.257251">
        <ele>774.5</ele>
      </trkpt>
      <trkpt lat="47.244256" lon="11.257797">
        <ele>763</ele>
      </trkpt>
      <trkpt lat="47.244532" lon="11.25803">
        <ele>764.75</ele>
      </trkpt>
      <trkpt lat="47.244623" lon="11.25816">
        <ele>763.75</ele>
      </trkpt>
      <trkpt lat="47.24487" lon="11.258641">
        <ele>756.75</ele>
      </trkpt>
      <trkpt lat="47.244904" lon="11.258863">
        <ele>750</ele>
      </trkpt>
      <trkpt lat="47.244902" lon="11.259193">
        <ele>737.25</ele>
      </trkpt>
      <trkpt lat="47.244902" lon="11.2592">
        <ele>737</ele>
      </trkpt>
      <trkpt lat="47.245006" lon="11.259367">
        <ele>736.5</ele>
      </trkpt>
      <trkpt lat="47.24548" lon="11.259665">
        <ele>732</ele>
      </trkpt>
      <trkpt lat="47.245695" lon="11.259698">
        <ele>733.5</ele>
      </trkpt>
      <trkpt lat="47.245787" lon="11.259774">
        <ele>731.25</ele>
      </trkpt>
      <trkpt lat="47.246061" lon="11.259809">
        <ele>730.5</ele>
      </trkpt>
      <trkpt lat="47.246339" lon="11.259693">
        <ele>735.5</ele>
      </trkpt>
      <trkpt lat="47.24641" lon="11.259708">
        <ele>734.75</ele>
      </trkpt>
      <trkpt lat="47.246332" lon="11.259924">
        <ele>725.5</ele>
      </trkpt>
      <trkpt lat="47.246251" lon="11.260153">
        <ele>716.25</ele>
      </trkpt>
      <trkpt lat="47.246241" lon="11.260229">
        <ele>713</ele>
      </trkpt>
      <trkpt lat="47.246287" lon="11.260381">
        <ele>706.5</ele>
      </trkpt>
      <trkpt lat="47.246467" lon="11.260667">
        <ele>695</ele>
      </trkpt>
      <trkpt lat="47.246746" lon="11.260843">
        <ele>689.5</ele>
      </trkpt>
      <trkpt lat="47.246899" lon="11.260907">
        <ele>688.25</ele>
      </trkpt>
      <trkpt lat="47.246938" lon="11.261021">
        <ele>683.5</ele>
      </trkpt>
      <trkpt lat="47.247051" lon="11.261198">
        <ele>676.5</ele>
      </trkpt>
      <trkpt lat="47.247276" lon="11.261454">
        <ele>666</ele>
      </trkpt>
      <trkpt lat="47.247288" lon="11.261468">
        <ele>665.5</ele>
      </trkpt>
      <trkpt lat="47.247457" lon="11.261582">
        <ele>661</ele>
      </trkpt>
      <trkpt lat="47.247649" lon="11.26163">
        <ele>659.75</ele>
      </trkpt>
      <trkpt lat="47.248006" lon="11.261644">
        <ele>661.25</ele>
      </trkpt>
      <trkpt lat="47.248312" lon="11.261813">
        <ele>658</ele>
      </trkpt>
      <trkpt lat="47.248444" lon="11.261913">
        <ele>657.5</ele>
      </trkpt>
      <trkpt lat="47.248737" lon="11.262302">
        <ele>649</ele>
      </trkpt>
      <trkpt lat="47.248889" lon="11.262391">
        <ele>646.75</ele>
      </trkpt>
      <trkpt lat="47.248921" lon="11.262465">
        <ele>644</ele>
      </trkpt>
      <trkpt lat="47.248924" lon="11.26247">
        <ele>644</ele>
      </trkpt>
      <trkpt lat="47.248999" lon="11.262557">
        <ele>642.25</ele>
      </trkpt>
      <trkpt lat="47.24902" lon="11.263471">
        <ele>629.75</ele>
      </trkpt>
      <trkpt lat="47.249029" lon="11.263548">
        <ele>629.75</ele>
      </trkpt>
      <trkpt lat="47.249029" lon="11.263566">
        <ele>629.75</ele>
      </trkpt>
      <trkpt lat="47.249031" lon="11.263756">
        <ele>629.75</ele>
      </trkpt>
      <trkpt lat="47.249031" lon="11.263779">
        <ele>629.75</ele>
      </trkpt>
      <trkpt lat="47.249006" lon="11.263866">
        <ele>629.75</ele>
      </trkpt>
      <trkpt lat="47.248913" lon="11.264199">
        <ele>630.5</ele>
      </trkpt>
      <trkpt lat="47.248866" lon="11.264374">
        <ele>631.5</ele>
      </trkpt>
      <trkpt lat="47.248794" lon="11.264636">
        <ele>632.75</ele>
      </trkpt>
      <trkpt lat="47.248712" lon="11.264922">
        <ele>634.25</ele>
      </trkpt>
      <trkpt lat="47.24869" lon="11.264977">
        <ele>634.5</ele>
      </trkpt>
      <trkpt lat="47.248645" lon="11.265056">
        <ele>634.75</ele>
      </trkpt>
      <trkpt lat="47.248467" lon="11.265276">
        <ele>635.25</ele>
      </trkpt>
      <trkpt lat="47.248359" lon="11.26538">
        <ele>635.25</ele>
      </trkpt>
      <trkpt lat="47.248274" lon="11.265431">
        <ele>635.75</ele>
      </trkpt>
      <trkpt lat="47.24828" lon="11.265487">
        <ele>635.5</ele>
      </trkpt>
      <trkpt lat="47.248272" lon="11.265562">
        <ele>635.5</ele>
      </trkpt>
      <trkpt lat="47.248302" lon="11.265608">
        <ele>635.25</ele>
      </trkpt>
      <trkpt lat="47.248332" lon="11.265676">
        <ele>635</ele>
      </trkpt>
      <trkpt lat="47.248388" lon="11.265913">
        <ele>635</ele>
      </trkpt>
      <trkpt lat="47.24844" lon="11.266116">
        <ele>635.5</ele>
      </trkpt>
      <trkpt lat="47.248518" lon="11.266337">
        <ele>635.75</ele>
      </trkpt>
      <trkpt lat="47.248639" lon="11.266616">
        <ele>635.75</ele>
      </trkpt>
      <trkpt lat="47.248718" lon="11.266793">
        <ele>635.25</ele>
      </trkpt>
      <trkpt lat="47.248792" lon="11.26693">
        <ele>635</ele>
      </trkpt>
      <trkpt lat="47.248884" lon="11.267058">
        <ele>634.25</ele>
      </trkpt>
      <trkpt lat="47.248927" lon="11.26711">
        <ele>634</ele>
      </trkpt>
      <trkpt lat="47.249055" lon="11.267228">
        <ele>633</ele>
      </trkpt>
      <trkpt lat="47.249328" lon="11.267454">
        <ele>631</ele>
      </trkpt>
      <trkpt lat="47.24945" lon="11.267586">
        <ele>630.25</ele>
      </trkpt>
      <trkpt lat="47.249461" lon="11.267599">
        <ele>630</ele>
      </trkpt>
      <trkpt lat="47.249553" lon="11.267703">
        <ele>629.5</ele>
      </trkpt>
      <trkpt lat="47.249572" lon="11.267729">
        <ele>629.5</ele>
      </trkpt>
      <trkpt lat="47.249622" lon="11.267813">
        <ele>629.25</ele>
      </trkpt>
      <trkpt lat="47.249573" lon="11.267837">
        <ele>629.5</ele>
      </trkpt>
      <trkpt lat="47.249482" lon="11.267883">
        <ele>630</ele>
      </trkpt>
      <trkpt lat="47.249294" lon="11.267976">
        <ele>631</ele>
      </trkpt>
      <trkpt lat="47.249077" lon="11.268067">
        <ele>632.75</ele>
      </trkpt>
      <trkpt lat="47.248914" lon="11.268112">
        <ele>634.75</ele>
      </trkpt>
      <trkpt lat="47.24877" lon="11.268136">
        <ele>636.5</ele>
      </trkpt>
      <trkpt lat="47.248566" lon="11.268143">
        <ele>638.75</ele>
      </trkpt>
      <trkpt lat="47.248395" lon="11.268121">
        <ele>640.75</ele>
      </trkpt>
      <trkpt lat="47.248341" lon="11.26829">
        <ele>642.5</ele>
      </trkpt>
      <trkpt lat="47.248333" lon="11.268383">
        <ele>643.5</ele>
      </trkpt>
      <trkpt lat="47.2484" lon="11.268757">
        <ele>646</ele>
      </trkpt>
      <trkpt lat="47.248458" lon="11.268905">
        <ele>646.25</ele>
      </trkpt>
      <trkpt lat="47.248467" lon="11.26895">
        <ele>646.25</ele>
      </trkpt>
      <trkpt lat="47.248492" lon="11.269063">
        <ele>646.75</ele>
      </trkpt>
      <trkpt lat="47.248543" lon="11.26924">
        <ele>648.5</ele>
      </trkpt>
      <trkpt lat="47.248612" lon="11.269429">
        <ele>652</ele>
      </trkpt>
      <trkpt lat="47.248683" lon="11.269582">
        <ele>653.5</ele>
      </trkpt>
      <trkpt lat="47.249219" lon="11.270593">
        <ele>647.25</ele>
      </trkpt>
      <trkpt lat="47.249289" lon="11.270733">
        <ele>647.75</ele>
      </trkpt>
      <trkpt lat="47.249394" lon="11.270977">
        <ele>648</ele>
      </trkpt>
      <trkpt lat="47.249438" lon="11.271088">
        <ele>648</ele>
      </trkpt>
      <trkpt lat="47.249518" lon="11.271352">
        <ele>648</ele>
      </trkpt>
      <trkpt lat="47.249569" lon="11.271573">
        <ele>648</ele>
      </trkpt>
      <trkpt lat="47.249613" lon="11.27184">
        <ele>648.75</ele>
      </trkpt>
      <trkpt lat="47.249619" lon="11.271898">
        <ele>649</ele>
      </trkpt>
      <trkpt lat="47.249624" lon="11.272132">
        <ele>651</ele>
      </trkpt>
      <trkpt lat="47.249602" lon="11.272496">
        <ele>656</ele>
      </trkpt>
      <trkpt lat="47.249564" lon="11.272766">
        <ele>659.5</ele>
      </trkpt>
      <trkpt lat="47.249528" lon="11.272973">
        <ele>662.25</ele>
      </trkpt>
      <trkpt lat="47.249441" lon="11.273485">
        <ele>669.5</ele>
      </trkpt>
      <trkpt lat="47.249406" lon="11.273813">
        <ele>669</ele>
      </trkpt>
      <trkpt lat="47.249397" lon="11.274115">
        <ele>666.75</ele>
      </trkpt>
      <trkpt lat="47.249402" lon="11.274339">
        <ele>666</ele>
      </trkpt>
      <trkpt lat="47.249466" lon="11.275145">
        <ele>663.25</ele>
      </trkpt>
      <trkpt lat="47.249458" lon="11.27543">
        <ele>664.25</ele>
      </trkpt>
      <trkpt lat="47.249439" lon="11.275575">
        <ele>665.5</ele>
      </trkpt>
      <trkpt lat="47.249419" lon="11.275673">
        <ele>666.5</ele>
      </trkpt>
      <trkpt lat="47.249393" lon="11.275771">
        <ele>667.75</ele>
      </trkpt>
      <trkpt lat="47.249351" lon="11.275887">
        <ele>669</ele>
      </trkpt>
      <trkpt lat="47.249308" lon="11.275974">
        <ele>670</ele>
      </trkpt>
      <trkpt lat="47.249231" lon="11.276099">
        <ele>671.25</ele>
      </trkpt>
      <trkpt lat="47.24916" lon="11.276193">
        <ele>672</ele>
      </trkpt>
      <trkpt lat="47.249072" lon="11.276286">
        <ele>672.5</ele>
      </trkpt>
      <trkpt lat="47.249056" lon="11.276297">
        <ele>672.5</ele>
      </trkpt>
      <trkpt lat="47.248925" lon="11.276395">
        <ele>673.5</ele>
      </trkpt>
      <trkpt lat="47.24851" lon="11.276626">
        <ele>677.5</ele>
      </trkpt>
      <trkpt lat="47.248382" lon="11.276715">
        <ele>679</ele>
      </trkpt>
      <trkpt lat="47.248312" lon="11.276779">
        <ele>680.5</ele>
      </trkpt>
      <trkpt lat="47.248171" lon="11.27697">
        <ele>685.5</ele>
      </trkpt>
      <trkpt lat="47.248098" lon="11.277105">
        <ele>687.5</ele>
      </trkpt>
      <trkpt lat="47.248034" lon="11.277286">
        <ele>688.75</ele>
      </trkpt>
      <trkpt lat="47.247991" lon="11.277468">
        <ele>688.75</ele>
      </trkpt>
      <trkpt lat="47.24797" lon="11.277646">
        <ele>688.75</ele>
      </trkpt>
      <trkpt lat="47.24796" lon="11.277854">
        <ele>688.5</ele>
      </trkpt>
      <trkpt lat="47.247964" lon="11.278271">
        <ele>687.5</ele>
      </trkpt>
      <trkpt lat="47.247944" lon="11.278419">
        <ele>688</ele>
      </trkpt>
      <trkpt lat="47.247905" lon="11.27853">
        <ele>689.25</ele>
      </trkpt>
      <trkpt lat="47.247863" lon="11.278599">
        <ele>690.75</ele>
      </trkpt>
      <trkpt lat="47.247811" lon="11.27865">
        <ele>692.75</ele>
      </trkpt>
      <trkpt lat="47.247746" lon="11.278684">
        <ele>695.25</ele>
      </trkpt>
      <trkpt lat="47.247635" lon="11.278677">
        <ele>699.75</ele>
      </trkpt>
      <trkpt lat="47.247579" lon="11.278651">
        <ele>701.75</ele>
      </trkpt>
      <trkpt lat="47.247576" lon="11.278759">
        <ele>702.5</ele>
      </trkpt>
      <trkpt lat="47.247589" lon="11.27886">
        <ele>702.25</ele>
      </trkpt>
      <trkpt lat="47.2476" lon="11.278934">
        <ele>702.25</ele>
      </trkpt>
      <trkpt lat="47.247519" lon="11.278859">
        <ele>705.25</ele>
      </trkpt>
      <trkpt lat="47.247474" lon="11.278797">
        <ele>707.25</ele>
      </trkpt>
      <trkpt lat="47.247414" lon="11.278815">
        <ele>711</ele>
      </trkpt>
      <trkpt lat="47.247356" lon="11.278775">
        <ele>714.25</ele>
      </trkpt>
      <trkpt lat="47.247253" lon="11.278542">
        <ele>719</ele>
      </trkpt>
      <trkpt lat="47.247227" lon="11.278358">
        <ele>719.5</ele>
      </trkpt>
      <trkpt lat="47.247221" lon="11.278308">
        <ele>719.75</ele>
      </trkpt>
      <trkpt lat="47.247232" lon="11.278142">
        <ele>719.75</ele>
      </trkpt>
      <trkpt lat="47.247285" lon="11.277958">
        <ele>717.25</ele>
      </trkpt>
      <trkpt lat="47.247391" lon="11.277686">
        <ele>711.5</ele>
      </trkpt>
      <trkpt lat="47.24751" lon="11.277433">
        <ele>705.5</ele>
      </trkpt>
      <trkpt lat="47.247558" lon="11.277265">
        <ele>706.5</ele>
      </trkpt>
      <trkpt lat="47.247577" lon="11.27712">
        <ele>707.75</ele>
      </trkpt>
      <trkpt lat="47.247555" lon="11.276946">
        <ele>711.25</ele>
      </trkpt>
      <trkpt lat="47.247417" lon="11.276645">
        <ele>723.5</ele>
      </trkpt>
      <trkpt lat="47.247346" lon="11.276339">
        <ele>731.25</ele>
      </trkpt>
      <trkpt lat="47.247349" lon="11.275806">
        <ele>736.5</ele>
      </trkpt>
      <trkpt lat="47.247317" lon="11.275462">
        <ele>742</ele>
      </trkpt>
      <trkpt lat="47.24726" lon="11.275138">
        <ele>748.5</ele>
      </trkpt>
      <trkpt lat="47.247261" lon="11.274922">
        <ele>749.75</ele>
      </trkpt>
      <trkpt lat="47.247262" lon="11.274805">
        <ele>750.75</ele>
      </trkpt>
      <trkpt lat="47.247257" lon="11.274709">
        <ele>751.75</ele>
      </trkpt>
      <trkpt lat="47.247215" lon="11.274617">
        <ele>754.75</ele>
      </trkpt>
      <trkpt lat="47.247211" lon="11.274478">
        <ele>755.5</ele>
      </trkpt>
      <trkpt lat="47.247233" lon="11.27436">
        <ele>755</ele>
      </trkpt>
      <trkpt lat="47.247275" lon="11.274274">
        <ele>753</ele>
      </trkpt>
      <trkpt lat="47.247302" lon="11.274073">
        <ele>752.75</ele>
      </trkpt>
      <trkpt lat="47.247337" lon="11.273723">
        <ele>753.25</ele>
      </trkpt>
      <trkpt lat="47.247382" lon="11.273449">
        <ele>753.25</ele>
      </trkpt>
      <trkpt lat="47.247401" lon="11.273279">
        <ele>753</ele>
      </trkpt>
      <trkpt lat="47.247401" lon="11.273279">
        <ele>753</ele>
      </trkpt>
      <trkpt lat="47.247409" lon="11.273211">
        <ele>753</ele>
      </trkpt>
      <trkpt lat="47.247418" lon="11.273044">
        <ele>752.75</ele>
      </trkpt>
      <trkpt lat="47.247412" lon="11.272931">
        <ele>753.25</ele>
      </trkpt>
      <trkpt lat="47.247397" lon="11.27267">
        <ele>754.25</ele>
      </trkpt>
      <trkpt lat="47.247352" lon="11.272443">
        <ele>755.75</ele>
      </trkpt>
      <trkpt lat="47.247348" lon="11.27241">
        <ele>754</ele>
      </trkpt>
      <trkpt lat="47.24732" lon="11.272152">
        <ele>754</ele>
      </trkpt>
      <trkpt lat="47.247252" lon="11.271901">
        <ele>754.25</ele>
      </trkpt>
      <trkpt lat="47.247175" lon="11.271759">
        <ele>755.75</ele>
      </trkpt>
      <trkpt lat="47.247051" lon="11.271574">
        <ele>758.75</ele>
      </trkpt>
      <trkpt lat="47.246944" lon="11.27148">
        <ele>762</ele>
      </trkpt>
      <trkpt lat="47.246828" lon="11.271384">
        <ele>765.75</ele>
      </trkpt>
      <trkpt lat="47.246696" lon="11.271316">
        <ele>770</ele>
      </trkpt>
      <trkpt lat="47.246509" lon="11.271252">
        <ele>768.75</ele>
      </trkpt>
      <trkpt lat="47.24651" lon="11.271253">
        <ele>769</ele>
      </trkpt>
      <trkpt lat="47.246408" lon="11.271218">
        <ele>768.75</ele>
      </trkpt>
      <trkpt lat="47.246591" lon="11.271404">
        <ele>771.5</ele>
      </trkpt>
      <trkpt lat="47.246755" lon="11.271655">
        <ele>771.25</ele>
      </trkpt>
      <trkpt lat="47.246791" lon="11.27185">
        <ele>772.25</ele>
      </trkpt>
      <trkpt lat="47.246799" lon="11.271892">
        <ele>772.5</ele>
      </trkpt>
      <trkpt lat="47.246779" lon="11.272179">
        <ele>777</ele>
      </trkpt>
      <trkpt lat="47.246566" lon="11.272426">
        <ele>784</ele>
      </trkpt>
      <trkpt lat="47.246507" lon="11.27255">
        <ele>784.5</ele>
      </trkpt>
      <trkpt lat="47.246487" lon="11.272607">
        <ele>784.25</ele>
      </trkpt>
      <trkpt lat="47.246468" lon="11.272698">
        <ele>784.25</ele>
      </trkpt>
      <trkpt lat="47.246468" lon="11.272698">
        <ele>784.25</ele>
      </trkpt>
      <trkpt lat="47.246382" lon="11.273137">
        <ele>785.25</ele>
      </trkpt>
      <trkpt lat="47.246316" lon="11.27368">
        <ele>787.5</ele>
      </trkpt>
      <trkpt lat="47.246265" lon="11.274296">
        <ele>790.5</ele>
      </trkpt>
      <trkpt lat="47.246256" lon="11.274491">
        <ele>790.75</ele>
      </trkpt>
      <trkpt lat="47.2462" lon="11.274515">
        <ele>791.25</ele>
      </trkpt>
      <trkpt lat="47.246129" lon="11.274499">
        <ele>791.75</ele>
      </trkpt>
      <trkpt lat="47.246107" lon="11.275035">
        <ele>793</ele>
      </trkpt>
      <trkpt lat="47.246083" lon="11.275456">
        <ele>795.75</ele>
      </trkpt>
      <trkpt lat="47.246087" lon="11.275594">
        <ele>796.25</ele>
      </trkpt>
      <trkpt lat="47.246097" lon="11.27606">
        <ele>797</ele>
      </trkpt>
      <trkpt lat="47.246074" lon="11.276344">
        <ele>797.75</ele>
      </trkpt>
      <trkpt lat="47.246058" lon="11.276692">
        <ele>798</ele>
      </trkpt>
      <trkpt lat="47.245989" lon="11.276989">
        <ele>798.75</ele>
      </trkpt>
      <trkpt lat="47.24589" lon="11.277262">
        <ele>801.5</ele>
      </trkpt>
      <trkpt lat="47.24577" lon="11.27747">
        <ele>804.5</ele>
      </trkpt>
      <trkpt lat="47.245654" lon="11.277651">
        <ele>807.5</ele>
      </trkpt>
      <trkpt lat="47.245595" lon="11.277799">
        <ele>809</ele>
      </trkpt>
      <trkpt lat="47.24559" lon="11.278086">
        <ele>809.25</ele>
      </trkpt>
      <trkpt lat="47.245651" lon="11.279011">
        <ele>806</ele>
      </trkpt>
      <trkpt lat="47.245682" lon="11.279203">
        <ele>805</ele>
      </trkpt>
      <trkpt lat="47.245688" lon="11.279418">
        <ele>805.5</ele>
      </trkpt>
      <trkpt lat="47.245678" lon="11.280085">
        <ele>808</ele>
      </trkpt>
      <trkpt lat="47.245617" lon="11.280747">
        <ele>809.5</ele>
      </trkpt>
      <trkpt lat="47.245604" lon="11.280992">
        <ele>809.5</ele>
      </trkpt>
      <trkpt lat="47.245556" lon="11.281179">
        <ele>810</ele>
      </trkpt>
      <trkpt lat="47.245549" lon="11.281338">
        <ele>809.75</ele>
      </trkpt>
      <trkpt lat="47.245542" lon="11.281571">
        <ele>809.25</ele>
      </trkpt>
      <trkpt lat="47.245496" lon="11.281692">
        <ele>810</ele>
      </trkpt>
      <trkpt lat="47.245441" lon="11.28178">
        <ele>810.25</ele>
      </trkpt>
      <trkpt lat="47.245298" lon="11.281902">
        <ele>812.75</ele>
      </trkpt>
      <trkpt lat="47.245184" lon="11.282056">
        <ele>814.25</ele>
      </trkpt>
      <trkpt lat="47.245076" lon="11.282239">
        <ele>815</ele>
      </trkpt>
      <trkpt lat="47.244885" lon="11.282678">
        <ele>814</ele>
      </trkpt>
      <trkpt lat="47.244853" lon="11.282928">
        <ele>813.25</ele>
      </trkpt>
      <trkpt lat="47.244867" lon="11.283989">
        <ele>811.25</ele>
      </trkpt>
      <trkpt lat="47.244865" lon="11.284358">
        <ele>812</ele>
      </trkpt>
      <trkpt lat="47.244865" lon="11.284394">
        <ele>812.25</ele>
      </trkpt>
      <trkpt lat="47.244839" lon="11.284776">
        <ele>814.25</ele>
      </trkpt>
      <trkpt lat="47.244795" lon="11.285313">
        <ele>815.25</ele>
      </trkpt>
      <trkpt lat="47.244796" lon="11.2856">
        <ele>815</ele>
      </trkpt>
      <trkpt lat="47.244807" lon="11.285673">
        <ele>814.75</ele>
      </trkpt>
      <trkpt lat="47.244785" lon="11.285806">
        <ele>815</ele>
      </trkpt>
      <trkpt lat="47.244847" lon="11.285978">
        <ele>812.75</ele>
      </trkpt>
      <trkpt lat="47.24504" lon="11.286166">
        <ele>808.25</ele>
      </trkpt>
      <trkpt lat="47.245114" lon="11.286219">
        <ele>806.75</ele>
      </trkpt>
      <trkpt lat="47.245167" lon="11.286272">
        <ele>805.5</ele>
      </trkpt>
      <trkpt lat="47.24522" lon="11.286324">
        <ele>804.5</ele>
      </trkpt>
      <trkpt lat="47.245341" lon="11.286353">
        <ele>803</ele>
      </trkpt>
      <trkpt lat="47.24546" lon="11.286426">
        <ele>801.25</ele>
      </trkpt>
      <trkpt lat="47.245532" lon="11.286528">
        <ele>800</ele>
      </trkpt>
      <trkpt lat="47.245552" lon="11.286713">
        <ele>799.25</ele>
      </trkpt>
      <trkpt lat="47.245526" lon="11.286925">
        <ele>798.75</ele>
      </trkpt>
      <trkpt lat="47.245482" lon="11.287212">
        <ele>798.5</ele>
      </trkpt>
      <trkpt lat="47.245404" lon="11.2874">
        <ele>798.75</ele>
      </trkpt>
      <trkpt lat="47.245288" lon="11.287529">
        <ele>799.5</ele>
      </trkpt>
      <trkpt lat="47.245206" lon="11.28765">
        <ele>800.75</ele>
      </trkpt>
      <trkpt lat="47.245203" lon="11.287792">
        <ele>801.5</ele>
      </trkpt>
      <trkpt lat="47.245223" lon="11.287881">
        <ele>801.75</ele>
      </trkpt>
      <trkpt lat="47.245314" lon="11.28808">
        <ele>802</ele>
      </trkpt>
      <trkpt lat="47.245481" lon="11.288323">
        <ele>802.5</ele>
      </trkpt>
      <trkpt lat="47.245674" lon="11.288636">
        <ele>802.25</ele>
      </trkpt>
      <trkpt lat="47.245837" lon="11.288864">
        <ele>802</ele>
      </trkpt>
      <trkpt lat="47.245879" lon="11.288967">
        <ele>800.5</ele>
      </trkpt>
      <trkpt lat="47.245899" lon="11.2891">
        <ele>799.75</ele>
      </trkpt>
      <trkpt lat="47.245811" lon="11.289933">
        <ele>804.5</ele>
      </trkpt>
      <trkpt lat="47.245807" lon="11.289976">
        <ele>805</ele>
      </trkpt>
      <trkpt lat="47.245813" lon="11.290248">
        <ele>805.25</ele>
      </trkpt>
      <trkpt lat="47.245782" lon="11.29067">
        <ele>806</ele>
      </trkpt>
      <trkpt lat="47.245718" lon="11.290985">
        <ele>807.5</ele>
      </trkpt>
      <trkpt lat="47.245622" lon="11.291181">
        <ele>809</ele>
      </trkpt>
      <trkpt lat="47.245579" lon="11.291415">
        <ele>810</ele>
      </trkpt>
      <trkpt lat="47.245658" lon="11.291478">
        <ele>809.75</ele>
      </trkpt>
      <trkpt lat="47.245646" lon="11.291643">
        <ele>810.5</ele>
      </trkpt>
      <trkpt lat="47.245662" lon="11.291902">
        <ele>810.25</ele>
      </trkpt>
      <trkpt lat="47.245685" lon="11.292041">
        <ele>810.25</ele>
      </trkpt>
      <trkpt lat="47.245632" lon="11.292286">
        <ele>810</ele>
      </trkpt>
      <trkpt lat="47.245596" lon="11.292491">
        <ele>809.75</ele>
      </trkpt>
      <trkpt lat="47.245601" lon="11.292661">
        <ele>808.75</ele>
      </trkpt>
      <trkpt lat="47.245605" lon="11.292791">
        <ele>808</ele>
      </trkpt>
      <trkpt lat="47.245638" lon="11.29314">
        <ele>806</ele>
      </trkpt>
      <trkpt lat="47.24558" lon="11.294742">
        <ele>807</ele>
      </trkpt>
      <trkpt lat="47.245604" lon="11.294867">
        <ele>807.5</ele>
      </trkpt>
      <trkpt lat="47.245587" lon="11.295644">
        <ele>804</ele>
      </trkpt>
      <trkpt lat="47.245604" lon="11.295887">
        <ele>803.5</ele>
      </trkpt>
      <trkpt lat="47.245649" lon="11.29608">
        <ele>804.25</ele>
      </trkpt>
      <trkpt lat="47.245651" lon="11.296216">
        <ele>804.25</ele>
      </trkpt>
      <trkpt lat="47.245651" lon="11.296269">
        <ele>804</ele>
      </trkpt>
      <trkpt lat="47.245635" lon="11.296441">
        <ele>803.5</ele>
      </trkpt>
      <trkpt lat="47.245609" lon="11.296556">
        <ele>803</ele>
      </trkpt>
      <trkpt lat="47.245593" lon="11.296628">
        <ele>802.75</ele>
      </trkpt>
      <trkpt lat="47.245584" lon="11.296949">
        <ele>803.25</ele>
      </trkpt>
      <trkpt lat="47.245597" lon="11.29718">
        <ele>803.75</ele>
      </trkpt>
      <trkpt lat="47.245593" lon="11.297553">
        <ele>804.5</ele>
      </trkpt>
      <trkpt lat="47.245552" lon="11.297877">
        <ele>805.5</ele>
      </trkpt>
      <trkpt lat="47.245547" lon="11.298257">
        <ele>807</ele>
      </trkpt>
      <trkpt lat="47.245476" lon="11.298653">
        <ele>807.5</ele>
      </trkpt>
      <trkpt lat="47.245612" lon="11.298959">
        <ele>804.75</ele>
      </trkpt>
      <trkpt lat="47.245675" lon="11.299031">
        <ele>803.5</ele>
      </trkpt>
      <trkpt lat="47.245835" lon="11.299121">
        <ele>800</ele>
      </trkpt>
      <trkpt lat="47.245897" lon="11.299187">
        <ele>797</ele>
      </trkpt>
      <trkpt lat="47.245981" lon="11.299338">
        <ele>792.75</ele>
      </trkpt>
      <trkpt lat="47.246016" lon="11.299461">
        <ele>790.75</ele>
      </trkpt>
      <trkpt lat="47.245968" lon="11.299723">
        <ele>791.25</ele>
      </trkpt>
      <trkpt lat="47.245929" lon="11.299944">
        <ele>791.75</ele>
      </trkpt>
      <trkpt lat="47.245913" lon="11.300187">
        <ele>792</ele>
      </trkpt>
      <trkpt lat="47.245956" lon="11.300313">
        <ele>790.5</ele>
      </trkpt>
      <trkpt lat="47.245849" lon="11.300479">
        <ele>794.25</ele>
      </trkpt>
      <trkpt lat="47.245819" lon="11.300769">
        <ele>795.25</ele>
      </trkpt>
      <trkpt lat="47.245818" lon="11.30093">
        <ele>795.75</ele>
      </trkpt>
      <trkpt lat="47.245835" lon="11.301148">
        <ele>796.25</ele>
      </trkpt>
      <trkpt lat="47.245916" lon="11.301336">
        <ele>794.5</ele>
      </trkpt>
      <trkpt lat="47.245934" lon="11.301427">
        <ele>794.25</ele>
      </trkpt>
      <trkpt lat="47.245898" lon="11.301516">
        <ele>796</ele>
      </trkpt>
      <trkpt lat="47.245857" lon="11.301726">
        <ele>798.25</ele>
      </trkpt>
      <trkpt lat="47.245868" lon="11.301892">
        <ele>798.75</ele>
      </trkpt>
      <trkpt lat="47.245879" lon="11.302038">
        <ele>799.25</ele>
      </trkpt>
      <trkpt lat="47.245996" lon="11.302438">
        <ele>797.75</ele>
      </trkpt>
      <trkpt lat="47.246066" lon="11.302565">
        <ele>796.5</ele>
      </trkpt>
      <trkpt lat="47.246141" lon="11.302951">
        <ele>797.75</ele>
      </trkpt>
      <trkpt lat="47.246241" lon="11.303101">
        <ele>796.5</ele>
      </trkpt>
      <trkpt lat="47.246306" lon="11.303266">
        <ele>796.25</ele>
      </trkpt>
      <trkpt lat="47.24631" lon="11.303521">
        <ele>797.5</ele>
      </trkpt>
      <trkpt lat="47.246291" lon="11.303781">
        <ele>799.25</ele>
      </trkpt>
      <trkpt lat="47.246344" lon="11.304044">
        <ele>798.75</ele>
      </trkpt>
      <trkpt lat="47.246341" lon="11.304237">
        <ele>799.25</ele>
      </trkpt>
      <trkpt lat="47.246288" lon="11.304438">
        <ele>800.25</ele>
      </trkpt>
      <trkpt lat="47.246217" lon="11.304618">
        <ele>802</ele>
      </trkpt>
      <trkpt lat="47.246062" lon="11.304928">
        <ele>805.75</ele>
      </trkpt>
      <trkpt lat="47.246041" lon="11.305125">
        <ele>805.25</ele>
      </trkpt>
      <trkpt lat="47.246044" lon="11.305337">
        <ele>803.75</ele>
      </trkpt>
      <trkpt lat="47.246045" lon="11.305471">
        <ele>803</ele>
      </trkpt>
      <trkpt lat="47.246027" lon="11.305751">
        <ele>801.25</ele>
      </trkpt>
      <trkpt lat="47.246097" lon="11.305924">
        <ele>800.5</ele>
      </trkpt>
      <trkpt lat="47.246182" lon="11.306108">
        <ele>800.75</ele>
      </trkpt>
      <trkpt lat="47.246312" lon="11.306344">
        <ele>802.5</ele>
      </trkpt>
      <trkpt lat="47.246315" lon="11.306614">
        <ele>805</ele>
      </trkpt>
      <trkpt lat="47.246391" lon="11.306863">
        <ele>806.75</ele>
      </trkpt>
      <trkpt lat="47.246376" lon="11.307005">
        <ele>807</ele>
      </trkpt>
      <trkpt lat="47.246386" lon="11.307078">
        <ele>807.25</ele>
      </trkpt>
      <trkpt lat="47.246516" lon="11.307373">
        <ele>811.25</ele>
      </trkpt>
      <trkpt lat="47.246646" lon="11.307561">
        <ele>815.25</ele>
      </trkpt>
      <trkpt lat="47.246919" lon="11.30785">
        <ele>808.25</ele>
      </trkpt>
      <trkpt lat="47.246945" lon="11.307895">
        <ele>808</ele>
      </trkpt>
      <trkpt lat="47.247279" lon="11.308483">
        <ele>806.75</ele>
      </trkpt>
      <trkpt lat="47.247448" lon="11.30858">
        <ele>805.5</ele>
      </trkpt>
      <trkpt lat="47.247485" lon="11.308623">
        <ele>805.25</ele>
      </trkpt>
      <trkpt lat="47.247509" lon="11.308702">
        <ele>805</ele>
      </trkpt>
      <trkpt lat="47.247557" lon="11.308801">
        <ele>802.75</ele>
      </trkpt>
      <trkpt lat="47.247828" lon="11.309175">
        <ele>789</ele>
      </trkpt>
      <trkpt lat="47.248115" lon="11.3097">
        <ele>770</ele>
      </trkpt>
      <trkpt lat="47.248115" lon="11.309842">
        <ele>769.25</ele>
      </trkpt>
      <trkpt lat="47.248176" lon="11.309988">
        <ele>766</ele>
      </trkpt>
      <trkpt lat="47.248194" lon="11.310098">
        <ele>764</ele>
      </trkpt>
      <trkpt lat="47.248248" lon="11.31029">
        <ele>760.5</ele>
      </trkpt>
      <trkpt lat="47.24826" lon="11.310509">
        <ele>758.5</ele>
      </trkpt>
      <trkpt lat="47.248352" lon="11.310832">
        <ele>755</ele>
      </trkpt>
      <trkpt lat="47.248358" lon="11.310953">
        <ele>753.75</ele>
      </trkpt>
      <trkpt lat="47.248389" lon="11.311089">
        <ele>751.5</ele>
      </trkpt>
      <trkpt lat="47.248398" lon="11.311242">
        <ele>749.75</ele>
      </trkpt>
      <trkpt lat="47.248413" lon="11.311466">
        <ele>747.75</ele>
      </trkpt>
      <trkpt lat="47.248536" lon="11.311834">
        <ele>739</ele>
      </trkpt>
      <trkpt lat="47.248584" lon="11.311959">
        <ele>735.25</ele>
      </trkpt>
      <trkpt lat="47.248637" lon="11.312248">
        <ele>729.25</ele>
      </trkpt>
      <trkpt lat="47.248699" lon="11.312479">
        <ele>724.75</ele>
      </trkpt>
      <trkpt lat="47.248747" lon="11.312612">
        <ele>722.75</ele>
      </trkpt>
      <trkpt lat="47.248967" lon="11.313287">
        <ele>719.75</ele>
      </trkpt>
      <trkpt lat="47.24904" lon="11.313242">
        <ele>721</ele>
      </trkpt>
      <trkpt lat="47.24908" lon="11.313218">
        <ele>721.75</ele>
      </trkpt>
      <trkpt lat="47.249128" lon="11.313082">
        <ele>722</ele>
      </trkpt>
      <trkpt lat="47.249299" lon="11.313032">
        <ele>716.75</ele>
      </trkpt>
      <trkpt lat="47.249613" lon="11.31312">
        <ele>705</ele>
      </trkpt>
      <trkpt lat="47.250037" lon="11.31345">
        <ele>693.25</ele>
      </trkpt>
      <trkpt lat="47.250249" lon="11.313602">
        <ele>687</ele>
      </trkpt>
      <trkpt lat="47.25057" lon="11.313721">
        <ele>675.5</ele>
      </trkpt>
      <trkpt lat="47.250561" lon="11.313444">
        <ele>670.25</ele>
      </trkpt>
      <trkpt lat="47.250609" lon="11.313506">
        <ele>669.5</ele>
      </trkpt>
      <trkpt lat="47.250648" lon="11.313474">
        <ele>667</ele>
      </trkpt>
      <trkpt lat="47.250691" lon="11.313438">
        <ele>664.5</ele>
      </trkpt>
      <trkpt lat="47.250793" lon="11.313152">
        <ele>653.5</ele>
      </trkpt>
      <trkpt lat="47.250722" lon="11.312943">
        <ele>652</ele>
      </trkpt>
      <trkpt lat="47.250856" lon="11.313004">
        <ele>647</ele>
      </trkpt>
      <trkpt lat="47.250962" lon="11.312971">
        <ele>641.25</ele>
      </trkpt>
      <trkpt lat="47.251012" lon="11.31303">
        <ele>640.25</ele>
      </trkpt>
      <trkpt lat="47.25099" lon="11.313121">
        <ele>643.25</ele>
      </trkpt>
      <trkpt lat="47.251019" lon="11.313237">
        <ele>644.5</ele>
      </trkpt>
      <trkpt lat="47.251087" lon="11.313392">
        <ele>644.75</ele>
      </trkpt>
      <trkpt lat="47.251194" lon="11.313484">
        <ele>641.75</ele>
      </trkpt>
      <trkpt lat="47.251182" lon="11.313692">
        <ele>647.5</ele>
      </trkpt>
      <trkpt lat="47.251125" lon="11.313884">
        <ele>654.75</ele>
      </trkpt>
      <trkpt lat="47.251219" lon="11.313967">
        <ele>652.75</ele>
      </trkpt>
      <trkpt lat="47.251352" lon="11.314012">
        <ele>648</ele>
      </trkpt>
      <trkpt lat="47.251355" lon="11.314081">
        <ele>649.75</ele>
      </trkpt>
      <trkpt lat="47.25133" lon="11.314154">
        <ele>652.75</ele>
      </trkpt>
      <trkpt lat="47.251324" lon="11.314274">
        <ele>655.5</ele>
      </trkpt>
      <trkpt lat="47.251368" lon="11.314415">
        <ele>656.5</ele>
      </trkpt>
      <trkpt lat="47.2515" lon="11.314785">
        <ele>659</ele>
      </trkpt>
      <trkpt lat="47.251595" lon="11.314822">
        <ele>656</ele>
      </trkpt>
      <trkpt lat="47.251604" lon="11.314982">
        <ele>659</ele>
      </trkpt>
      <trkpt lat="47.251649" lon="11.315062">
        <ele>657.25</ele>
      </trkpt>
      <trkpt lat="47.251709" lon="11.31511">
        <ele>653.5</ele>
      </trkpt>
      <trkpt lat="47.25165" lon="11.315266">
        <ele>656.25</ele>
      </trkpt>
      <trkpt lat="47.251674" lon="11.315505">
        <ele>654</ele>
      </trkpt>
      <trkpt lat="47.251674" lon="11.315505">
        <ele>654</ele>
      </trkpt>
      <trkpt lat="47.251705" lon="11.315632">
        <ele>651.5</ele>
      </trkpt>
      <trkpt lat="47.251835" lon="11.315844">
        <ele>642.5</ele>
      </trkpt>
      <trkpt lat="47.251876" lon="11.31592">
        <ele>639.5</ele>
      </trkpt>
      <trkpt lat="47.251868" lon="11.315972">
        <ele>639.5</ele>
      </trkpt>
      <trkpt lat="47.251692" lon="11.316203">
        <ele>647.5</ele>
      </trkpt>
      <trkpt lat="47.251678" lon="11.316269">
        <ele>647.5</ele>
      </trkpt>
      <trkpt lat="47.251714" lon="11.316324">
        <ele>645</ele>
      </trkpt>
      <trkpt lat="47.251823" lon="11.316381">
        <ele>638.5</ele>
      </trkpt>
      <trkpt lat="47.251935" lon="11.316471">
        <ele>631.75</ele>
      </trkpt>
      <trkpt lat="47.251963" lon="11.316542">
        <ele>629.75</ele>
      </trkpt>
      <trkpt lat="47.2519" lon="11.316755">
        <ele>632.5</ele>
      </trkpt>
      <trkpt lat="47.251882" lon="11.316846">
        <ele>633.75</ele>
      </trkpt>
      <trkpt lat="47.251835" lon="11.316964">
        <ele>636.5</ele>
      </trkpt>
      <trkpt lat="47.251603" lon="11.317146">
        <ele>648.75</ele>
      </trkpt>
      <trkpt lat="47.251385" lon="11.31735">
        <ele>660.25</ele>
      </trkpt>
      <trkpt lat="47.25137" lon="11.31741">
        <ele>661.25</ele>
      </trkpt>
      <trkpt lat="47.251378" lon="11.317459">
        <ele>661</ele>
      </trkpt>
      <trkpt lat="47.251439" lon="11.317517">
        <ele>658.25</ele>
      </trkpt>
      <trkpt lat="47.25153" lon="11.317569">
        <ele>654</ele>
      </trkpt>
      <trkpt lat="47.251593" lon="11.317635">
        <ele>651.5</ele>
      </trkpt>
      <trkpt lat="47.251969" lon="11.317839">
        <ele>634.75</ele>
      </trkpt>
      <trkpt lat="47.252007" lon="11.317878">
        <ele>633.25</ele>
      </trkpt>
      <trkpt lat="47.252035" lon="11.317924">
        <ele>632.25</ele>
      </trkpt>
      <trkpt lat="47.252049" lon="11.318017">
        <ele>632.5</ele>
      </trkpt>
      <trkpt lat="47.252033" lon="11.318127">
        <ele>634.25</ele>
      </trkpt>
      <trkpt lat="47.251977" lon="11.318217">
        <ele>637.75</ele>
      </trkpt>
      <trkpt lat="47.251882" lon="11.318259">
        <ele>642.75</ele>
      </trkpt>
      <trkpt lat="47.251789" lon="11.318323">
        <ele>647.75</ele>
      </trkpt>
      <trkpt lat="47.251694" lon="11.3184">
        <ele>652.25</ele>
      </trkpt>
      <trkpt lat="47.251657" lon="11.318469">
        <ele>653.5</ele>
      </trkpt>
      <trkpt lat="47.251691" lon="11.318524">
        <ele>651.5</ele>
      </trkpt>
      <trkpt lat="47.251751" lon="11.318564">
        <ele>648.25</ele>
      </trkpt>
      <trkpt lat="47.251919" lon="11.31871">
        <ele>639</ele>
      </trkpt>
      <trkpt lat="47.252107" lon="11.318926">
        <ele>628.25</ele>
      </trkpt>
      <trkpt lat="47.252122" lon="11.31898">
        <ele>627.25</ele>
      </trkpt>
      <trkpt lat="47.25212" lon="11.31911">
        <ele>625.5</ele>
      </trkpt>
      <trkpt lat="47.25212" lon="11.3192">
        <ele>625.5</ele>
      </trkpt>
      <trkpt lat="47.252236" lon="11.319425">
        <ele>616.25</ele>
      </trkpt>
      <trkpt lat="47.252238" lon="11.319552">
        <ele>614.25</ele>
      </trkpt>
      <trkpt lat="47.252247" lon="11.31962">
        <ele>612.75</ele>
      </trkpt>
      <trkpt lat="47.25228" lon="11.319692">
        <ele>610</ele>
      </trkpt>
      <trkpt lat="47.252285" lon="11.31987">
        <ele>607.25</ele>
      </trkpt>
      <trkpt lat="47.252276" lon="11.320035">
        <ele>605.25</ele>
      </trkpt>
      <trkpt lat="47.252286" lon="11.320138">
        <ele>603.25</ele>
      </trkpt>
      <trkpt lat="47.252385" lon="11.32033">
        <ele>596.75</ele>
      </trkpt>
      <trkpt lat="47.252403" lon="11.320315">
        <ele>596</ele>
      </trkpt>
      <trkpt lat="47.252422" lon="11.320008">
        <ele>598.5</ele>
      </trkpt>
      <trkpt lat="47.252439" lon="11.319992">
        <ele>598</ele>
      </trkpt>
      <trkpt lat="47.252461" lon="11.320001">
        <ele>596.75</ele>
      </trkpt>
      <trkpt lat="47.252519" lon="11.320219">
        <ele>592.5</ele>
      </trkpt>
      <trkpt lat="47.252543" lon="11.320368">
        <ele>591</ele>
      </trkpt>
      <trkpt lat="47.252551" lon="11.32053">
        <ele>589.25</ele>
      </trkpt>
      <trkpt lat="47.252585" lon="11.320581">
        <ele>588.5</ele>
      </trkpt>
      <trkpt lat="47.252623" lon="11.32066">
        <ele>587.75</ele>
      </trkpt>
      <trkpt lat="47.252621" lon="11.320632">
        <ele>587.75</ele>
      </trkpt>
      <trkpt lat="47.252621" lon="11.32063">
        <ele>588</ele>
      </trkpt>
      <trkpt lat="47.252623" lon="11.32066">
        <ele>587.75</ele>
      </trkpt>
      <trkpt lat="47.252625" lon="11.320718">
        <ele>587.25</ele>
      </trkpt>
      <trkpt lat="47.252706" lon="11.321042">
        <ele>586.25</ele>
      </trkpt>
      <trkpt lat="47.252767" lon="11.321394">
        <ele>586.25</ele>
      </trkpt>
      <trkpt lat="47.2528" lon="11.321619">
        <ele>586.25</ele>
      </trkpt>
      <trkpt lat="47.25281" lon="11.321689">
        <ele>586.5</ele>
      </trkpt>
      <trkpt lat="47.253086" lon="11.321546">
        <ele>584</ele>
      </trkpt>
      <trkpt lat="47.253129" lon="11.321259">
        <ele>583.75</ele>
      </trkpt>
      <trkpt lat="47.253152" lon="11.321212">
        <ele>583.5</ele>
      </trkpt>
      <trkpt lat="47.253195" lon="11.321179">
        <ele>583.25</ele>
      </trkpt>
      <trkpt lat="47.253379" lon="11.321128">
        <ele>582.5</ele>
      </trkpt>
      <trkpt lat="47.253672" lon="11.320982">
        <ele>582.75</ele>
      </trkpt>
      <trkpt lat="47.253758" lon="11.320939">
        <ele>582.75</ele>
      </trkpt>
      <trkpt lat="47.253844" lon="11.320875">
        <ele>582.75</ele>
      </trkpt>
      <trkpt lat="47.253899" lon="11.320853">
        <ele>582.75</ele>
      </trkpt>
      <trkpt lat="47.25394" lon="11.320867">
        <ele>582.75</ele>
      </trkpt>
      <trkpt lat="47.253969" lon="11.320891">
        <ele>582.75</ele>
      </trkpt>
      <trkpt lat="47.254" lon="11.320947">
        <ele>582.75</ele>
      </trkpt>
      <trkpt lat="47.254068" lon="11.321156">
        <ele>582.75</ele>
      </trkpt>
      <trkpt lat="47.254096" lon="11.321217">
        <ele>582.75</ele>
      </trkpt>
      <trkpt lat="47.254145" lon="11.321229">
        <ele>582.75</ele>
      </trkpt>
      <trkpt lat="47.254195" lon="11.321217">
        <ele>582.75</ele>
      </trkpt>
      <trkpt lat="47.254326" lon="11.321098">
        <ele>582.75</ele>
      </trkpt>
      <trkpt lat="47.254442" lon="11.320978">
        <ele>582.5</ele>
      </trkpt>
      <trkpt lat="47.254512" lon="11.320905">
        <ele>582.5</ele>
      </trkpt>
      <trkpt lat="47.254626" lon="11.320779">
        <ele>582.25</ele>
      </trkpt>
      <trkpt lat="47.254749" lon="11.320677">
        <ele>582</ele>
      </trkpt>
      <trkpt lat="47.254797" lon="11.320674">
        <ele>582</ele>
      </trkpt>
      <trkpt lat="47.254852" lon="11.32069">
        <ele>582</ele>
      </trkpt>
      <trkpt lat="47.254881" lon="11.3207">
        <ele>581.75</ele>
      </trkpt>
      <trkpt lat="47.254868" lon="11.320786">
        <ele>582</ele>
      </trkpt>
      <trkpt lat="47.254851" lon="11.320965">
        <ele>582</ele>
      </trkpt>
      <trkpt lat="47.254845" lon="11.321033">
        <ele>582</ele>
      </trkpt>
      <trkpt lat="47.254835" lon="11.321139">
        <ele>582</ele>
      </trkpt>
      <trkpt lat="47.254884" lon="11.321156">
        <ele>582</ele>
      </trkpt>
      <trkpt lat="47.255343" lon="11.321318">
        <ele>581.25</ele>
      </trkpt>
      <trkpt lat="47.255436" lon="11.321353">
        <ele>581</ele>
      </trkpt>
      <trkpt lat="47.255441" lon="11.321338">
        <ele>581</ele>
      </trkpt>
    </trkseg>
  </trk>
</gpx>