<?xml version='1.0' encoding='utf-8'?>
<gpx version="1.1" creator="https://tiroltrailhead.com" schemaLocation="http://www.topografix.com/GPX/1/1 http://www.topografix.com/GPX/1/1/gpx.xsd">
  <metadata>
    <name>Re_Voe__Trailspotting</name>
    <desc>This file contains a Trailspotting-Route with bike ride segments. For the transfers between bike ride segments, public transport is available (train or local bus services). See this site for details: https://tiroltrailhead.com/webmaps/trailspotting

If your application is having issues with opening this gpx file (some apps might have issues with opening files that contain more than one track) - use one of the following apps instead:
Apple: https://apps.apple.com/de/app/gaia-gps-wander-app/id1201979492
Android: https://play.google.com/store/apps/details?id=menion.android.locus.pro
Web: https://gpx.studio/de/app#0/0/0</desc>
    <author>
      <name>tiroltrailhead.com</name>
      <link href="https://tiroltrailhead.com" />
    </author>
  </metadata>
  <trk>
    <name>Segment 1</name>
    <trkseg>
      <name>Segment 1</name>
      <desc>distance: 20.8km, elevation_gain: 1090m, elevation_loss: 1635m, est_duration_moving: 02:46, est_duration_incl_pauses: 03:13, avg_km_per_hour: 6.4, avg_km_hr_moving: 7.5</desc>
      <trkpt lat="47.300659" lon="11.201644">
        <ele>1126.75</ele>
      </trkpt>
      <trkpt lat="47.300335" lon="11.201931">
        <ele>1127</ele>
      </trkpt>
      <trkpt lat="47.300009" lon="11.202219">
        <ele>1126</ele>
      </trkpt>
      <trkpt lat="47.299755" lon="11.202487">
        <ele>1124.25</ele>
      </trkpt>
      <trkpt lat="47.299688" lon="11.202557">
        <ele>1124</ele>
      </trkpt>
      <trkpt lat="47.299565" lon="11.202753">
        <ele>1124.25</ele>
      </trkpt>
      <trkpt lat="47.299392" lon="11.203162">
        <ele>1125.5</ele>
      </trkpt>
      <trkpt lat="47.299304" lon="11.20334">
        <ele>1125.75</ele>
      </trkpt>
      <trkpt lat="47.298974" lon="11.203736">
        <ele>1125.75</ele>
      </trkpt>
      <trkpt lat="47.298907" lon="11.203822">
        <ele>1126</ele>
      </trkpt>
      <trkpt lat="47.298837" lon="11.203932">
        <ele>1126.25</ele>
      </trkpt>
      <trkpt lat="47.298536" lon="11.204595">
        <ele>1129.75</ele>
      </trkpt>
      <trkpt lat="47.298346" lon="11.204943">
        <ele>1130.5</ele>
      </trkpt>
      <trkpt lat="47.297887" lon="11.205741">
        <ele>1125</ele>
      </trkpt>
      <trkpt lat="47.297797" lon="11.205942">
        <ele>1124</ele>
      </trkpt>
      <trkpt lat="47.297735" lon="11.206175">
        <ele>1123.5</ele>
      </trkpt>
      <trkpt lat="47.297716" lon="11.206373">
        <ele>1124</ele>
      </trkpt>
      <trkpt lat="47.297717" lon="11.20657">
        <ele>1125</ele>
      </trkpt>
      <trkpt lat="47.297757" lon="11.206748">
        <ele>1127.25</ele>
      </trkpt>
      <trkpt lat="47.297892" lon="11.207063">
        <ele>1133.25</ele>
      </trkpt>
      <trkpt lat="47.297924" lon="11.207234">
        <ele>1135.25</ele>
      </trkpt>
      <trkpt lat="47.297913" lon="11.207352">
        <ele>1135.75</ele>
      </trkpt>
      <trkpt lat="47.297874" lon="11.207439">
        <ele>1135.5</ele>
      </trkpt>
      <trkpt lat="47.29781" lon="11.207506">
        <ele>1134.75</ele>
      </trkpt>
      <trkpt lat="47.297746" lon="11.207538">
        <ele>1134</ele>
      </trkpt>
      <trkpt lat="47.297669" lon="11.207551">
        <ele>1132.75</ele>
      </trkpt>
      <trkpt lat="47.297201" lon="11.207526">
        <ele>1124</ele>
      </trkpt>
      <trkpt lat="47.297065" lon="11.207523">
        <ele>1122</ele>
      </trkpt>
      <trkpt lat="47.296934" lon="11.207533">
        <ele>1120.25</ele>
      </trkpt>
      <trkpt lat="47.296815" lon="11.207566">
        <ele>1119</ele>
      </trkpt>
      <trkpt lat="47.296715" lon="11.207608">
        <ele>1118</ele>
      </trkpt>
      <trkpt lat="47.296627" lon="11.207648">
        <ele>1117.25</ele>
      </trkpt>
      <trkpt lat="47.29528" lon="11.208673">
        <ele>1103.5</ele>
      </trkpt>
      <trkpt lat="47.295203" lon="11.208725">
        <ele>1102.75</ele>
      </trkpt>
      <trkpt lat="47.295111" lon="11.208763">
        <ele>1101.25</ele>
      </trkpt>
      <trkpt lat="47.295041" lon="11.208777">
        <ele>1100</ele>
      </trkpt>
      <trkpt lat="47.294972" lon="11.208774">
        <ele>1099</ele>
      </trkpt>
      <trkpt lat="47.294899" lon="11.208743">
        <ele>1097.75</ele>
      </trkpt>
      <trkpt lat="47.294807" lon="11.208674">
        <ele>1095.75</ele>
      </trkpt>
      <trkpt lat="47.294568" lon="11.208439">
        <ele>1089</ele>
      </trkpt>
      <trkpt lat="47.294559" lon="11.208359">
        <ele>1087.5</ele>
      </trkpt>
      <trkpt lat="47.294226" lon="11.207953">
        <ele>1076.25</ele>
      </trkpt>
      <trkpt lat="47.294084" lon="11.207625">
        <ele>1068.75</ele>
      </trkpt>
      <trkpt lat="47.294013" lon="11.207554">
        <ele>1066.75</ele>
      </trkpt>
      <trkpt lat="47.293797" lon="11.207424">
        <ele>1062.25</ele>
      </trkpt>
      <trkpt lat="47.293693" lon="11.207389">
        <ele>1060.75</ele>
      </trkpt>
      <trkpt lat="47.293452" lon="11.207371">
        <ele>1058</ele>
      </trkpt>
      <trkpt lat="47.293318" lon="11.207403">
        <ele>1057</ele>
      </trkpt>
      <trkpt lat="47.293226" lon="11.207461">
        <ele>1057</ele>
      </trkpt>
      <trkpt lat="47.293192" lon="11.207501">
        <ele>1057.25</ele>
      </trkpt>
      <trkpt lat="47.293097" lon="11.207657">
        <ele>1058.25</ele>
      </trkpt>
      <trkpt lat="47.292971" lon="11.207952">
        <ele>1060.5</ele>
      </trkpt>
      <trkpt lat="47.292954" lon="11.208026">
        <ele>1061</ele>
      </trkpt>
      <trkpt lat="47.292952" lon="11.208104">
        <ele>1061.75</ele>
      </trkpt>
      <trkpt lat="47.292968" lon="11.208421">
        <ele>1064.25</ele>
      </trkpt>
      <trkpt lat="47.292962" lon="11.208504">
        <ele>1064.25</ele>
      </trkpt>
      <trkpt lat="47.292939" lon="11.208615">
        <ele>1064.25</ele>
      </trkpt>
      <trkpt lat="47.29291" lon="11.208717">
        <ele>1064</ele>
      </trkpt>
      <trkpt lat="47.292869" lon="11.208835">
        <ele>1063.5</ele>
      </trkpt>
      <trkpt lat="47.292738" lon="11.209132">
        <ele>1061.25</ele>
      </trkpt>
      <trkpt lat="47.292698" lon="11.209184">
        <ele>1060.25</ele>
      </trkpt>
      <trkpt lat="47.292645" lon="11.209231">
        <ele>1059.25</ele>
      </trkpt>
      <trkpt lat="47.292536" lon="11.209389">
        <ele>1056</ele>
      </trkpt>
      <trkpt lat="47.292479" lon="11.209557">
        <ele>1054</ele>
      </trkpt>
      <trkpt lat="47.292376" lon="11.209802">
        <ele>1052.25</ele>
      </trkpt>
      <trkpt lat="47.29233" lon="11.210104">
        <ele>1050</ele>
      </trkpt>
      <trkpt lat="47.292282" lon="11.210318">
        <ele>1048.5</ele>
      </trkpt>
      <trkpt lat="47.292243" lon="11.210408">
        <ele>1047.5</ele>
      </trkpt>
      <trkpt lat="47.292221" lon="11.210442">
        <ele>1047</ele>
      </trkpt>
      <trkpt lat="47.292051" lon="11.210611">
        <ele>1043.25</ele>
      </trkpt>
      <trkpt lat="47.291933" lon="11.210841">
        <ele>1038.75</ele>
      </trkpt>
      <trkpt lat="47.291818" lon="11.211042">
        <ele>1035.75</ele>
      </trkpt>
      <trkpt lat="47.291782" lon="11.211267">
        <ele>1034.25</ele>
      </trkpt>
      <trkpt lat="47.291749" lon="11.211396">
        <ele>1033</ele>
      </trkpt>
      <trkpt lat="47.291706" lon="11.211476">
        <ele>1031.75</ele>
      </trkpt>
      <trkpt lat="47.291587" lon="11.211655">
        <ele>1028.75</ele>
      </trkpt>
      <trkpt lat="47.291538" lon="11.211778">
        <ele>1028</ele>
      </trkpt>
      <trkpt lat="47.291424" lon="11.212143">
        <ele>1026.25</ele>
      </trkpt>
      <trkpt lat="47.291284" lon="11.212522">
        <ele>1024.5</ele>
      </trkpt>
      <trkpt lat="47.291244" lon="11.21265">
        <ele>1024.5</ele>
      </trkpt>
      <trkpt lat="47.291206" lon="11.212733">
        <ele>1024.25</ele>
      </trkpt>
      <trkpt lat="47.291172" lon="11.212787">
        <ele>1024</ele>
      </trkpt>
      <trkpt lat="47.291123" lon="11.212843">
        <ele>1023.5</ele>
      </trkpt>
      <trkpt lat="47.290951" lon="11.21296">
        <ele>1021</ele>
      </trkpt>
      <trkpt lat="47.290879" lon="11.213019">
        <ele>1019.75</ele>
      </trkpt>
      <trkpt lat="47.290803" lon="11.213056">
        <ele>1018.5</ele>
      </trkpt>
      <trkpt lat="47.290794" lon="11.213078">
        <ele>1017.5</ele>
      </trkpt>
      <trkpt lat="47.290794" lon="11.213078">
        <ele>1017.2274058543346</ele>
      </trkpt>
      <trkpt lat="47.29057728513328" lon="11.212751024813883">
        <ele>1013.6201126291893</ele>
      </trkpt>
      <trkpt lat="47.29057728513328" lon="11.212751024813883">
        <ele>1013.6201126291893</ele>
      </trkpt>
      <trkpt lat="47.290537766336314" lon="11.212575530408799">
        <ele>1012.6462895825414</ele>
      </trkpt>
      <trkpt lat="47.290174904547634" lon="11.212184002989625">
        <ele>1004.9983181792311</ele>
      </trkpt>
      <trkpt lat="47.290161" lon="11.212169">
        <ele>1004.8550159946087</ele>
      </trkpt>
      <trkpt lat="47.290161" lon="11.212169">
        <ele>1008.5</ele>
      </trkpt>
      <trkpt lat="47.290185" lon="11.211999">
        <ele>1008.5</ele>
      </trkpt>
      <trkpt lat="47.29019" lon="11.211939">
        <ele>1008.5</ele>
      </trkpt>
      <trkpt lat="47.290207" lon="11.211536">
        <ele>1009.25</ele>
      </trkpt>
      <trkpt lat="47.290199" lon="11.211327">
        <ele>1009.25</ele>
      </trkpt>
      <trkpt lat="47.290182" lon="11.211137">
        <ele>1009.25</ele>
      </trkpt>
      <trkpt lat="47.290144" lon="11.21093">
        <ele>1008.75</ele>
      </trkpt>
      <trkpt lat="47.290092" lon="11.210702">
        <ele>1008.5</ele>
      </trkpt>
      <trkpt lat="47.289975" lon="11.210416">
        <ele>1007.75</ele>
      </trkpt>
      <trkpt lat="47.289762" lon="11.210079">
        <ele>1008.25</ele>
      </trkpt>
      <trkpt lat="47.289552" lon="11.209731">
        <ele>1007</ele>
      </trkpt>
      <trkpt lat="47.28947" lon="11.209401">
        <ele>1005.5</ele>
      </trkpt>
      <trkpt lat="47.289367" lon="11.209066">
        <ele>1002.5</ele>
      </trkpt>
      <trkpt lat="47.289324" lon="11.208876">
        <ele>1000</ele>
      </trkpt>
      <trkpt lat="47.289315" lon="11.20876">
        <ele>998.75</ele>
      </trkpt>
      <trkpt lat="47.289333" lon="11.208624">
        <ele>998</ele>
      </trkpt>
      <trkpt lat="47.289416" lon="11.208335">
        <ele>997</ele>
      </trkpt>
      <trkpt lat="47.289432" lon="11.20828">
        <ele>997</ele>
      </trkpt>
      <trkpt lat="47.289512" lon="11.207817">
        <ele>996</ele>
      </trkpt>
      <trkpt lat="47.289461" lon="11.207757">
        <ele>994.75</ele>
      </trkpt>
      <trkpt lat="47.289407" lon="11.207725">
        <ele>993.75</ele>
      </trkpt>
      <trkpt lat="47.289361" lon="11.207737">
        <ele>993</ele>
      </trkpt>
      <trkpt lat="47.289338" lon="11.207714">
        <ele>992.5</ele>
      </trkpt>
      <trkpt lat="47.28932" lon="11.207648">
        <ele>992</ele>
      </trkpt>
      <trkpt lat="47.289221" lon="11.207696">
        <ele>990.5</ele>
      </trkpt>
      <trkpt lat="47.288877" lon="11.207943">
        <ele>977.5</ele>
      </trkpt>
      <trkpt lat="47.288813" lon="11.20796">
        <ele>974.75</ele>
      </trkpt>
      <trkpt lat="47.28875" lon="11.208007">
        <ele>972</ele>
      </trkpt>
      <trkpt lat="47.288682" lon="11.208108">
        <ele>969.75</ele>
      </trkpt>
      <trkpt lat="47.288516" lon="11.20827">
        <ele>963.25</ele>
      </trkpt>
      <trkpt lat="47.288433" lon="11.208362">
        <ele>960.5</ele>
      </trkpt>
      <trkpt lat="47.288383" lon="11.208388">
        <ele>958.75</ele>
      </trkpt>
      <trkpt lat="47.288277" lon="11.208402">
        <ele>953.5</ele>
      </trkpt>
      <trkpt lat="47.288175" lon="11.208431">
        <ele>948.25</ele>
      </trkpt>
      <trkpt lat="47.288152" lon="11.20845">
        <ele>947</ele>
      </trkpt>
      <trkpt lat="47.288141" lon="11.208473">
        <ele>946.75</ele>
      </trkpt>
      <trkpt lat="47.288066" lon="11.208817">
        <ele>946.5</ele>
      </trkpt>
      <trkpt lat="47.288003" lon="11.208961">
        <ele>944.25</ele>
      </trkpt>
      <trkpt lat="47.28796" lon="11.209085">
        <ele>942.75</ele>
      </trkpt>
      <trkpt lat="47.287818" lon="11.209349">
        <ele>938.25</ele>
      </trkpt>
      <trkpt lat="47.287809" lon="11.209396">
        <ele>938.75</ele>
      </trkpt>
      <trkpt lat="47.287775" lon="11.209459">
        <ele>938</ele>
      </trkpt>
      <trkpt lat="47.287703" lon="11.209554">
        <ele>935.5</ele>
      </trkpt>
      <trkpt lat="47.287615" lon="11.209651">
        <ele>932</ele>
      </trkpt>
      <trkpt lat="47.287507" lon="11.209739">
        <ele>927.25</ele>
      </trkpt>
      <trkpt lat="47.287416" lon="11.209921">
        <ele>924.25</ele>
      </trkpt>
      <trkpt lat="47.287371" lon="11.210031">
        <ele>922.75</ele>
      </trkpt>
      <trkpt lat="47.287338" lon="11.210193">
        <ele>921.75</ele>
      </trkpt>
      <trkpt lat="47.287306" lon="11.210293">
        <ele>920.5</ele>
      </trkpt>
      <trkpt lat="47.287311" lon="11.210359">
        <ele>921.75</ele>
      </trkpt>
      <trkpt lat="47.287138" lon="11.210896">
        <ele>917.25</ele>
      </trkpt>
      <trkpt lat="47.287107" lon="11.210953">
        <ele>916.25</ele>
      </trkpt>
      <trkpt lat="47.287067" lon="11.210973">
        <ele>914.25</ele>
      </trkpt>
      <trkpt lat="47.287051" lon="11.211029">
        <ele>914.25</ele>
      </trkpt>
      <trkpt lat="47.287071" lon="11.211178">
        <ele>918.75</ele>
      </trkpt>
      <trkpt lat="47.287069" lon="11.211248">
        <ele>920</ele>
      </trkpt>
      <trkpt lat="47.287036" lon="11.211308">
        <ele>919.5</ele>
      </trkpt>
      <trkpt lat="47.286892" lon="11.211359">
        <ele>912.75</ele>
      </trkpt>
      <trkpt lat="47.286831" lon="11.211393">
        <ele>910.25</ele>
      </trkpt>
      <trkpt lat="47.286802" lon="11.2114">
        <ele>909</ele>
      </trkpt>
      <trkpt lat="47.286783" lon="11.211423">
        <ele>908.75</ele>
      </trkpt>
      <trkpt lat="47.286775" lon="11.211465">
        <ele>909.25</ele>
      </trkpt>
      <trkpt lat="47.286737" lon="11.211511">
        <ele>908.75</ele>
      </trkpt>
      <trkpt lat="47.286671" lon="11.211523">
        <ele>905.75</ele>
      </trkpt>
      <trkpt lat="47.286536" lon="11.211637">
        <ele>902.25</ele>
      </trkpt>
      <trkpt lat="47.286298" lon="11.211794">
        <ele>895</ele>
      </trkpt>
      <trkpt lat="47.286052" lon="11.2119">
        <ele>886.5</ele>
      </trkpt>
      <trkpt lat="47.286001" lon="11.211935">
        <ele>885.25</ele>
      </trkpt>
      <trkpt lat="47.285954" lon="11.211985">
        <ele>884.5</ele>
      </trkpt>
      <trkpt lat="47.285898" lon="11.212069">
        <ele>884.75</ele>
      </trkpt>
      <trkpt lat="47.285826" lon="11.212207">
        <ele>886.25</ele>
      </trkpt>
      <trkpt lat="47.285784" lon="11.21241">
        <ele>890.25</ele>
      </trkpt>
      <trkpt lat="47.285754" lon="11.212431">
        <ele>889</ele>
      </trkpt>
      <trkpt lat="47.285706" lon="11.212428">
        <ele>885.5</ele>
      </trkpt>
      <trkpt lat="47.285678" lon="11.212459">
        <ele>884.5</ele>
      </trkpt>
      <trkpt lat="47.285581" lon="11.212643">
        <ele>883</ele>
      </trkpt>
      <trkpt lat="47.285581" lon="11.212643">
        <ele>885.16</ele>
      </trkpt>
      <trkpt lat="47.285581" lon="11.212643">
        <ele>883</ele>
      </trkpt>
      <trkpt lat="47.285515" lon="11.21281">
        <ele>883</ele>
      </trkpt>
      <trkpt lat="47.285473" lon="11.212984">
        <ele>884.75</ele>
      </trkpt>
      <trkpt lat="47.285419" lon="11.213094">
        <ele>884</ele>
      </trkpt>
      <trkpt lat="47.285389" lon="11.213437">
        <ele>889.5</ele>
      </trkpt>
      <trkpt lat="47.285307" lon="11.213731">
        <ele>886.5</ele>
      </trkpt>
      <trkpt lat="47.285226" lon="11.213962">
        <ele>882.75</ele>
      </trkpt>
      <trkpt lat="47.285194" lon="11.214034">
        <ele>881</ele>
      </trkpt>
      <trkpt lat="47.284988" lon="11.214596">
        <ele>875.75</ele>
      </trkpt>
      <trkpt lat="47.284942" lon="11.214753">
        <ele>876.25</ele>
      </trkpt>
      <trkpt lat="47.284836" lon="11.215006">
        <ele>874.5</ele>
      </trkpt>
      <trkpt lat="47.284806" lon="11.215101">
        <ele>874.5</ele>
      </trkpt>
      <trkpt lat="47.284781" lon="11.215214">
        <ele>875</ele>
      </trkpt>
      <trkpt lat="47.284746" lon="11.215292">
        <ele>874.25</ele>
      </trkpt>
      <trkpt lat="47.28472" lon="11.21538">
        <ele>874</ele>
      </trkpt>
      <trkpt lat="47.284686" lon="11.215429">
        <ele>872.5</ele>
      </trkpt>
      <trkpt lat="47.284672" lon="11.215611">
        <ele>874.75</ele>
      </trkpt>
      <trkpt lat="47.284659" lon="11.215687">
        <ele>875</ele>
      </trkpt>
      <trkpt lat="47.284634" lon="11.215702">
        <ele>873.5</ele>
      </trkpt>
      <trkpt lat="47.284604" lon="11.215701">
        <ele>871.25</ele>
      </trkpt>
      <trkpt lat="47.284585" lon="11.215722">
        <ele>870.25</ele>
      </trkpt>
      <trkpt lat="47.28457" lon="11.215752">
        <ele>869.5</ele>
      </trkpt>
      <trkpt lat="47.284521" lon="11.21597">
        <ele>869.5</ele>
      </trkpt>
      <trkpt lat="47.284463" lon="11.216036">
        <ele>865.75</ele>
      </trkpt>
      <trkpt lat="47.28443" lon="11.216137">
        <ele>864.5</ele>
      </trkpt>
      <trkpt lat="47.284405" lon="11.216183">
        <ele>863</ele>
      </trkpt>
      <trkpt lat="47.284408" lon="11.216261">
        <ele>864.5</ele>
      </trkpt>
      <trkpt lat="47.284376" lon="11.21634">
        <ele>862.75</ele>
      </trkpt>
      <trkpt lat="47.284334" lon="11.216505">
        <ele>861</ele>
      </trkpt>
      <trkpt lat="47.284323" lon="11.216585">
        <ele>861</ele>
      </trkpt>
      <trkpt lat="47.284284" lon="11.216729">
        <ele>859.5</ele>
      </trkpt>
      <trkpt lat="47.284255" lon="11.216783">
        <ele>858</ele>
      </trkpt>
      <trkpt lat="47.284238" lon="11.216854">
        <ele>857.75</ele>
      </trkpt>
      <trkpt lat="47.284213" lon="11.216899">
        <ele>856.25</ele>
      </trkpt>
      <trkpt lat="47.284203" lon="11.21698">
        <ele>857</ele>
      </trkpt>
      <trkpt lat="47.284176" lon="11.217028">
        <ele>855.5</ele>
      </trkpt>
      <trkpt lat="47.284113" lon="11.217324">
        <ele>857.25</ele>
      </trkpt>
      <trkpt lat="47.28405" lon="11.217472">
        <ele>856.25</ele>
      </trkpt>
      <trkpt lat="47.284018" lon="11.217524">
        <ele>855</ele>
      </trkpt>
      <trkpt lat="47.283946" lon="11.217719">
        <ele>855</ele>
      </trkpt>
      <trkpt lat="47.283917" lon="11.217812">
        <ele>855.25</ele>
      </trkpt>
      <trkpt lat="47.283892" lon="11.217929">
        <ele>856.5</ele>
      </trkpt>
      <trkpt lat="47.283878" lon="11.21803">
        <ele>858</ele>
      </trkpt>
      <trkpt lat="47.28384" lon="11.218102">
        <ele>857.25</ele>
      </trkpt>
      <trkpt lat="47.283807" lon="11.218202">
        <ele>857.25</ele>
      </trkpt>
      <trkpt lat="47.283691" lon="11.218359">
        <ele>852.5</ele>
      </trkpt>
      <trkpt lat="47.283621" lon="11.218507">
        <ele>850.25</ele>
      </trkpt>
      <trkpt lat="47.283553" lon="11.218698">
        <ele>848.75</ele>
      </trkpt>
      <trkpt lat="47.283522" lon="11.218867">
        <ele>849.75</ele>
      </trkpt>
      <trkpt lat="47.283527" lon="11.218985">
        <ele>852.25</ele>
      </trkpt>
      <trkpt lat="47.283493" lon="11.219101">
        <ele>851.75</ele>
      </trkpt>
      <trkpt lat="47.283477" lon="11.21923">
        <ele>852.5</ele>
      </trkpt>
      <trkpt lat="47.283486" lon="11.219372">
        <ele>855.75</ele>
      </trkpt>
      <trkpt lat="47.283476" lon="11.219547">
        <ele>857.75</ele>
      </trkpt>
      <trkpt lat="47.283385" lon="11.219716">
        <ele>852.75</ele>
      </trkpt>
      <trkpt lat="47.283329" lon="11.219789">
        <ele>849.25</ele>
      </trkpt>
      <trkpt lat="47.283296" lon="11.219871">
        <ele>848.25</ele>
      </trkpt>
      <trkpt lat="47.283297" lon="11.220013">
        <ele>850.75</ele>
      </trkpt>
      <trkpt lat="47.283283" lon="11.22009">
        <ele>851.25</ele>
      </trkpt>
      <trkpt lat="47.283267" lon="11.220137">
        <ele>851</ele>
      </trkpt>
      <trkpt lat="47.283237" lon="11.220176">
        <ele>849.75</ele>
      </trkpt>
      <trkpt lat="47.28319" lon="11.220214">
        <ele>847.25</ele>
      </trkpt>
      <trkpt lat="47.283162" lon="11.220291">
        <ele>846.75</ele>
      </trkpt>
      <trkpt lat="47.283148" lon="11.220411">
        <ele>848</ele>
      </trkpt>
      <trkpt lat="47.283124" lon="11.220523">
        <ele>848.25</ele>
      </trkpt>
      <trkpt lat="47.283089" lon="11.220601">
        <ele>847.25</ele>
      </trkpt>
      <trkpt lat="47.283043" lon="11.220662">
        <ele>845</ele>
      </trkpt>
      <trkpt lat="47.28302" lon="11.22072">
        <ele>844.25</ele>
      </trkpt>
      <trkpt lat="47.283019" lon="11.2208">
        <ele>845.5</ele>
      </trkpt>
      <trkpt lat="47.282998" lon="11.220904">
        <ele>845.75</ele>
      </trkpt>
      <trkpt lat="47.28295" lon="11.220959">
        <ele>843</ele>
      </trkpt>
      <trkpt lat="47.282946" lon="11.221024">
        <ele>843.75</ele>
      </trkpt>
      <trkpt lat="47.282932" lon="11.221098">
        <ele>843.75</ele>
      </trkpt>
      <trkpt lat="47.282895" lon="11.221157">
        <ele>842</ele>
      </trkpt>
      <trkpt lat="47.282827" lon="11.221292">
        <ele>838.75</ele>
      </trkpt>
      <trkpt lat="47.2828" lon="11.221414">
        <ele>838.75</ele>
      </trkpt>
      <trkpt lat="47.282726" lon="11.221803">
        <ele>840</ele>
      </trkpt>
      <trkpt lat="47.282718" lon="11.221893">
        <ele>841.75</ele>
      </trkpt>
      <trkpt lat="47.282697" lon="11.221935">
        <ele>841.25</ele>
      </trkpt>
      <trkpt lat="47.28266" lon="11.222074">
        <ele>841.75</ele>
      </trkpt>
      <trkpt lat="47.282532" lon="11.222384">
        <ele>840.25</ele>
      </trkpt>
      <trkpt lat="47.282541" lon="11.222412">
        <ele>841.5</ele>
      </trkpt>
      <trkpt lat="47.28252" lon="11.222485">
        <ele>842</ele>
      </trkpt>
      <trkpt lat="47.282484" lon="11.22255">
        <ele>840.5</ele>
      </trkpt>
      <trkpt lat="47.28242" lon="11.222789">
        <ele>840.25</ele>
      </trkpt>
      <trkpt lat="47.282301" lon="11.223104">
        <ele>838.25</ele>
      </trkpt>
      <trkpt lat="47.282222" lon="11.223344">
        <ele>837.75</ele>
      </trkpt>
      <trkpt lat="47.282095" lon="11.223594">
        <ele>833.5</ele>
      </trkpt>
      <trkpt lat="47.282022" lon="11.223776">
        <ele>831.5</ele>
      </trkpt>
      <trkpt lat="47.281941" lon="11.224202">
        <ele>832</ele>
      </trkpt>
      <trkpt lat="47.281914" lon="11.224225">
        <ele>830.75</ele>
      </trkpt>
      <trkpt lat="47.281847" lon="11.224194">
        <ele>826.75</ele>
      </trkpt>
      <trkpt lat="47.281837" lon="11.22424">
        <ele>826.75</ele>
      </trkpt>
      <trkpt lat="47.28176" lon="11.224625">
        <ele>825.75</ele>
      </trkpt>
      <trkpt lat="47.281669" lon="11.224955">
        <ele>823.5</ele>
      </trkpt>
      <trkpt lat="47.281568" lon="11.225165">
        <ele>820.75</ele>
      </trkpt>
      <trkpt lat="47.281512" lon="11.225333">
        <ele>820</ele>
      </trkpt>
      <trkpt lat="47.281428" lon="11.225337">
        <ele>816</ele>
      </trkpt>
      <trkpt lat="47.281358" lon="11.225373">
        <ele>813.25</ele>
      </trkpt>
      <trkpt lat="47.281305" lon="11.225445">
        <ele>811.75</ele>
      </trkpt>
      <trkpt lat="47.281271" lon="11.225538">
        <ele>811.25</ele>
      </trkpt>
      <trkpt lat="47.281251" lon="11.225634">
        <ele>811.5</ele>
      </trkpt>
      <trkpt lat="47.281201" lon="11.226126">
        <ele>814.75</ele>
      </trkpt>
      <trkpt lat="47.281151" lon="11.226365">
        <ele>815</ele>
      </trkpt>
      <trkpt lat="47.28104" lon="11.226741">
        <ele>813.25</ele>
      </trkpt>
      <trkpt lat="47.280942" lon="11.227006">
        <ele>809.75</ele>
      </trkpt>
      <trkpt lat="47.281005" lon="11.227094">
        <ele>813.5</ele>
      </trkpt>
      <trkpt lat="47.280981" lon="11.227264">
        <ele>813.25</ele>
      </trkpt>
      <trkpt lat="47.280899" lon="11.227511">
        <ele>810.25</ele>
      </trkpt>
      <trkpt lat="47.280762" lon="11.227875">
        <ele>805.5</ele>
      </trkpt>
      <trkpt lat="47.280707" lon="11.228362">
        <ele>805.25</ele>
      </trkpt>
      <trkpt lat="47.280665" lon="11.228566">
        <ele>804.5</ele>
      </trkpt>
      <trkpt lat="47.28059" lon="11.228843">
        <ele>802.75</ele>
      </trkpt>
      <trkpt lat="47.280524" lon="11.229163">
        <ele>801.75</ele>
      </trkpt>
      <trkpt lat="47.280506" lon="11.229376">
        <ele>802.5</ele>
      </trkpt>
      <trkpt lat="47.28047" lon="11.229603">
        <ele>802.5</ele>
      </trkpt>
      <trkpt lat="47.280397" lon="11.229746">
        <ele>799.25</ele>
      </trkpt>
      <trkpt lat="47.280331" lon="11.229915">
        <ele>796.5</ele>
      </trkpt>
      <trkpt lat="47.280244" lon="11.230187">
        <ele>793.25</ele>
      </trkpt>
      <trkpt lat="47.280162" lon="11.230492">
        <ele>790.75</ele>
      </trkpt>
      <trkpt lat="47.279989" lon="11.230846">
        <ele>782.25</ele>
      </trkpt>
      <trkpt lat="47.279905" lon="11.231155">
        <ele>782.25</ele>
      </trkpt>
      <trkpt lat="47.279869" lon="11.231385">
        <ele>783.75</ele>
      </trkpt>
      <trkpt lat="47.27981" lon="11.231602">
        <ele>783.25</ele>
      </trkpt>
      <trkpt lat="47.279656" lon="11.231905">
        <ele>778</ele>
      </trkpt>
      <trkpt lat="47.279509" lon="11.232132">
        <ele>772</ele>
      </trkpt>
      <trkpt lat="47.279432" lon="11.232414">
        <ele>771.75</ele>
      </trkpt>
      <trkpt lat="47.279372" lon="11.23258">
        <ele>771</ele>
      </trkpt>
      <trkpt lat="47.279343" lon="11.232711">
        <ele>772.25</ele>
      </trkpt>
      <trkpt lat="47.279182" lon="11.233209">
        <ele>774.75</ele>
      </trkpt>
      <trkpt lat="47.27906" lon="11.233495">
        <ele>773.5</ele>
      </trkpt>
      <trkpt lat="47.278955" lon="11.233841">
        <ele>773.5</ele>
      </trkpt>
      <trkpt lat="47.278804" lon="11.234243">
        <ele>769.75</ele>
      </trkpt>
      <trkpt lat="47.278715" lon="11.234355">
        <ele>764.75</ele>
      </trkpt>
      <trkpt lat="47.278691" lon="11.234429">
        <ele>763.25</ele>
      </trkpt>
      <trkpt lat="47.278691" lon="11.234429">
        <ele>763.75</ele>
      </trkpt>
      <trkpt lat="47.278679" lon="11.234467">
        <ele>763.25</ele>
      </trkpt>
      <trkpt lat="47.278564" lon="11.23455">
        <ele>756.75</ele>
      </trkpt>
      <trkpt lat="47.278511" lon="11.234898">
        <ele>757.75</ele>
      </trkpt>
      <trkpt lat="47.27848" lon="11.234995">
        <ele>754.25</ele>
      </trkpt>
      <trkpt lat="47.278435" lon="11.23514">
        <ele>754.25</ele>
      </trkpt>
      <trkpt lat="47.278429" lon="11.235716">
        <ele>752.25</ele>
      </trkpt>
      <trkpt lat="47.278569" lon="11.23604">
        <ele>759</ele>
      </trkpt>
      <trkpt lat="47.278607" lon="11.236221">
        <ele>759.75</ele>
      </trkpt>
      <trkpt lat="47.278593" lon="11.236473">
        <ele>756.5</ele>
      </trkpt>
      <trkpt lat="47.278598" lon="11.236761">
        <ele>753.75</ele>
      </trkpt>
      <trkpt lat="47.278598" lon="11.236761">
        <ele>747.69</ele>
      </trkpt>
      <trkpt lat="47.278662" lon="11.236986">
        <ele>746.28</ele>
      </trkpt>
      <trkpt lat="47.278779" lon="11.237076">
        <ele>750.86</ele>
      </trkpt>
      <trkpt lat="47.279024" lon="11.237369">
        <ele>757.67</ele>
      </trkpt>
      <trkpt lat="47.279076" lon="11.237466">
        <ele>758.15</ele>
      </trkpt>
      <trkpt lat="47.279079" lon="11.237549">
        <ele>756.36</ele>
      </trkpt>
      <trkpt lat="47.279063" lon="11.237612">
        <ele>754.21</ele>
      </trkpt>
      <trkpt lat="47.279042" lon="11.237668">
        <ele>752.11</ele>
      </trkpt>
      <trkpt lat="47.279013" lon="11.2377">
        <ele>750.2</ele>
      </trkpt>
      <trkpt lat="47.278938" lon="11.23772">
        <ele>746.53</ele>
      </trkpt>
      <trkpt lat="47.27881" lon="11.237725">
        <ele>740.73</ele>
      </trkpt>
      <trkpt lat="47.278677" lon="11.237822">
        <ele>734.51</ele>
      </trkpt>
      <trkpt lat="47.278633" lon="11.237877">
        <ele>732.75</ele>
      </trkpt>
      <trkpt lat="47.278585" lon="11.237907">
        <ele>730.9</ele>
      </trkpt>
      <trkpt lat="47.278584" lon="11.237906">
        <ele>736.5</ele>
      </trkpt>
      <trkpt lat="47.278576" lon="11.23792">
        <ele>736</ele>
      </trkpt>
      <trkpt lat="47.278569" lon="11.23797">
        <ele>735.25</ele>
      </trkpt>
      <trkpt lat="47.278574" lon="11.238057">
        <ele>734.25</ele>
      </trkpt>
      <trkpt lat="47.278622" lon="11.238189">
        <ele>733.75</ele>
      </trkpt>
      <trkpt lat="47.278684" lon="11.238264">
        <ele>734</ele>
      </trkpt>
      <trkpt lat="47.278644" lon="11.238295">
        <ele>732.75</ele>
      </trkpt>
      <trkpt lat="47.278601" lon="11.238217">
        <ele>733</ele>
      </trkpt>
      <trkpt lat="47.278543" lon="11.238211">
        <ele>731.5</ele>
      </trkpt>
      <trkpt lat="47.278529" lon="11.23821">
        <ele>731.5</ele>
      </trkpt>
      <trkpt lat="47.278493" lon="11.238273">
        <ele>730</ele>
      </trkpt>
      <trkpt lat="47.278523" lon="11.238368">
        <ele>729.75</ele>
      </trkpt>
      <trkpt lat="47.278467" lon="11.238539">
        <ele>727.25</ele>
      </trkpt>
      <trkpt lat="47.278485" lon="11.238669">
        <ele>725.75</ele>
      </trkpt>
      <trkpt lat="47.278492" lon="11.238669">
        <ele>731.1</ele>
      </trkpt>
      <trkpt lat="47.278485" lon="11.238669">
        <ele>725.75</ele>
      </trkpt>
      <trkpt lat="47.278488" lon="11.238689">
        <ele>725.75</ele>
      </trkpt>
      <trkpt lat="47.278395" lon="11.238647">
        <ele>726</ele>
      </trkpt>
      <trkpt lat="47.278298" lon="11.238674">
        <ele>721.75</ele>
      </trkpt>
      <trkpt lat="47.278265" lon="11.238684">
        <ele>721.75</ele>
      </trkpt>
      <trkpt lat="47.27822" lon="11.238711">
        <ele>719.25</ele>
      </trkpt>
      <trkpt lat="47.278127" lon="11.23872">
        <ele>714</ele>
      </trkpt>
      <trkpt lat="47.278059" lon="11.238775">
        <ele>710.5</ele>
      </trkpt>
      <trkpt lat="47.278059" lon="11.238775">
        <ele>716.71</ele>
      </trkpt>
      <trkpt lat="47.278026" lon="11.238849">
        <ele>715.35</ele>
      </trkpt>
      <trkpt lat="47.277982" lon="11.239006">
        <ele>713.38</ele>
      </trkpt>
      <trkpt lat="47.27793" lon="11.239377">
        <ele>704.81</ele>
      </trkpt>
      <trkpt lat="47.277928" lon="11.239522">
        <ele>700.22</ele>
      </trkpt>
      <trkpt lat="47.277862" lon="11.239877">
        <ele>684.88</ele>
      </trkpt>
      <trkpt lat="47.277847" lon="11.239825">
        <ele>685.46</ele>
      </trkpt>
      <trkpt lat="47.277834" lon="11.239628">
        <ele>690.22</ele>
      </trkpt>
      <trkpt lat="47.277725" lon="11.239898">
        <ele>678.11</ele>
      </trkpt>
      <trkpt lat="47.277697" lon="11.239845">
        <ele>677.61</ele>
      </trkpt>
      <trkpt lat="47.277634" lon="11.240109">
        <ele>673.81</ele>
      </trkpt>
      <trkpt lat="47.277595" lon="11.240339">
        <ele>674.62</ele>
      </trkpt>
      <trkpt lat="47.277565" lon="11.240694">
        <ele>678.26</ele>
      </trkpt>
      <trkpt lat="47.27755" lon="11.240782">
        <ele>678.86</ele>
      </trkpt>
      <trkpt lat="47.27755" lon="11.240969">
        <ele>678.72</ele>
      </trkpt>
      <trkpt lat="47.27753" lon="11.24111">
        <ele>677.51</ele>
      </trkpt>
      <trkpt lat="47.277515" lon="11.241135">
        <ele>677.14</ele>
      </trkpt>
      <trkpt lat="47.277497" lon="11.241196">
        <ele>676.22</ele>
      </trkpt>
      <trkpt lat="47.277477" lon="11.241365">
        <ele>673.79</ele>
      </trkpt>
      <trkpt lat="47.27747" lon="11.241544">
        <ele>672.16</ele>
      </trkpt>
      <trkpt lat="47.277455" lon="11.241584">
        <ele>671.71</ele>
      </trkpt>
      <trkpt lat="47.277399" lon="11.241649">
        <ele>670.39</ele>
      </trkpt>
      <trkpt lat="47.277371" lon="11.24161">
        <ele>669.73</ele>
      </trkpt>
      <trkpt lat="47.277367" lon="11.241495">
        <ele>670.29</ele>
      </trkpt>
      <trkpt lat="47.277357" lon="11.241478">
        <ele>670.25</ele>
      </trkpt>
      <trkpt lat="47.277243" lon="11.241622">
        <ele>666.95</ele>
      </trkpt>
      <trkpt lat="47.277217" lon="11.241672">
        <ele>666.38</ele>
      </trkpt>
      <trkpt lat="47.277198" lon="11.241752">
        <ele>666.2</ele>
      </trkpt>
      <trkpt lat="47.277107" lon="11.241716">
        <ele>664.23</ele>
      </trkpt>
      <trkpt lat="47.277071" lon="11.241866">
        <ele>664.2</ele>
      </trkpt>
      <trkpt lat="47.277024" lon="11.242124">
        <ele>665.69</ele>
      </trkpt>
      <trkpt lat="47.277077" lon="11.242158">
        <ele>667.38</ele>
      </trkpt>
      <trkpt lat="47.277117" lon="11.242196">
        <ele>668.94</ele>
      </trkpt>
      <trkpt lat="47.277146" lon="11.242254">
        <ele>670.61</ele>
      </trkpt>
      <trkpt lat="47.27715" lon="11.242328">
        <ele>671.89</ele>
      </trkpt>
      <trkpt lat="47.27714" lon="11.242396">
        <ele>672.65</ele>
      </trkpt>
      <trkpt lat="47.277109" lon="11.242523">
        <ele>673.46</ele>
      </trkpt>
      <trkpt lat="47.277067" lon="11.242671">
        <ele>673.74</ele>
      </trkpt>
      <trkpt lat="47.27698" lon="11.242931">
        <ele>672.56</ele>
      </trkpt>
      <trkpt lat="47.276899" lon="11.243187">
        <ele>670.83</ele>
      </trkpt>
      <trkpt lat="47.276712" lon="11.243718">
        <ele>667.46</ele>
      </trkpt>
      <trkpt lat="47.27668" lon="11.243861">
        <ele>667.81</ele>
      </trkpt>
      <trkpt lat="47.276552" lon="11.244311">
        <ele>668.05</ele>
      </trkpt>
      <trkpt lat="47.276525" lon="11.244474">
        <ele>670.06</ele>
      </trkpt>
      <trkpt lat="47.276494" lon="11.244701">
        <ele>673.17</ele>
      </trkpt>
      <trkpt lat="47.276525" lon="11.24498">
        <ele>679.13</ele>
      </trkpt>
      <trkpt lat="47.276481" lon="11.245036">
        <ele>676.89</ele>
      </trkpt>
      <trkpt lat="47.276483" lon="11.245194">
        <ele>676.66</ele>
      </trkpt>
      <trkpt lat="47.276499" lon="11.245561">
        <ele>674.1</ele>
      </trkpt>
      <trkpt lat="47.276488" lon="11.245667">
        <ele>673.42</ele>
      </trkpt>
      <trkpt lat="47.276476" lon="11.245709">
        <ele>673.07</ele>
      </trkpt>
      <trkpt lat="47.276442" lon="11.245776">
        <ele>672.3</ele>
      </trkpt>
      <trkpt lat="47.276355" lon="11.245909">
        <ele>672.05</ele>
      </trkpt>
      <trkpt lat="47.276312" lon="11.245989">
        <ele>673.32</ele>
      </trkpt>
      <trkpt lat="47.276215" lon="11.246259">
        <ele>681.35</ele>
      </trkpt>
      <trkpt lat="47.276108" lon="11.246499">
        <ele>686.1</ele>
      </trkpt>
      <trkpt lat="47.276037" lon="11.246599">
        <ele>685.43</ele>
      </trkpt>
      <trkpt lat="47.276011" lon="11.246648">
        <ele>685.29</ele>
      </trkpt>
      <trkpt lat="47.275994" lon="11.246697">
        <ele>685.5</ele>
      </trkpt>
      <trkpt lat="47.275981" lon="11.246757">
        <ele>686.09</ele>
      </trkpt>
      <trkpt lat="47.275976" lon="11.246848">
        <ele>687.66</ele>
      </trkpt>
      <trkpt lat="47.275994" lon="11.246956">
        <ele>690.74</ele>
      </trkpt>
      <trkpt lat="47.276024" lon="11.247059">
        <ele>694.33</ele>
      </trkpt>
      <trkpt lat="47.276032" lon="11.247141">
        <ele>696.2</ele>
      </trkpt>
      <trkpt lat="47.276027" lon="11.247226">
        <ele>697.37</ele>
      </trkpt>
      <trkpt lat="47.276008" lon="11.247308">
        <ele>697.75</ele>
      </trkpt>
      <trkpt lat="47.275992" lon="11.247342">
        <ele>697.48</ele>
      </trkpt>
      <trkpt lat="47.275878" lon="11.247541">
        <ele>695.39</ele>
      </trkpt>
      <trkpt lat="47.275751" lon="11.248066">
        <ele>702.23</ele>
      </trkpt>
      <trkpt lat="47.275701" lon="11.248268">
        <ele>703.38</ele>
      </trkpt>
      <trkpt lat="47.27569" lon="11.248424">
        <ele>704.92</ele>
      </trkpt>
      <trkpt lat="47.275695" lon="11.24858">
        <ele>706.68</ele>
      </trkpt>
      <trkpt lat="47.275753" lon="11.249522">
        <ele>719.06</ele>
      </trkpt>
      <trkpt lat="47.275752" lon="11.249628">
        <ele>720.75</ele>
      </trkpt>
      <trkpt lat="47.275737" lon="11.249728">
        <ele>721.01</ele>
      </trkpt>
      <trkpt lat="47.275645" lon="11.250041">
        <ele>714.6</ele>
      </trkpt>
      <trkpt lat="47.275618" lon="11.250159">
        <ele>710.88</ele>
      </trkpt>
      <trkpt lat="47.275609" lon="11.250232">
        <ele>708.73</ele>
      </trkpt>
      <trkpt lat="47.275613" lon="11.250267">
        <ele>708.09</ele>
      </trkpt>
      <trkpt lat="47.275627" lon="11.250303">
        <ele>707.87</ele>
      </trkpt>
      <trkpt lat="47.275645" lon="11.250324">
        <ele>708.2</ele>
      </trkpt>
      <trkpt lat="47.275694" lon="11.250333">
        <ele>710.57</ele>
      </trkpt>
      <trkpt lat="47.275731" lon="11.250306">
        <ele>713.63</ele>
      </trkpt>
      <trkpt lat="47.275746" lon="11.250276">
        <ele>715.56</ele>
      </trkpt>
      <trkpt lat="47.275759" lon="11.250195">
        <ele>718.9</ele>
      </trkpt>
      <trkpt lat="47.275769" lon="11.250048">
        <ele>722.93</ele>
      </trkpt>
      <trkpt lat="47.275781" lon="11.24997">
        <ele>724.7</ele>
      </trkpt>
      <trkpt lat="47.2758" lon="11.249904">
        <ele>726.33</ele>
      </trkpt>
      <trkpt lat="47.275833" lon="11.249826">
        <ele>728.46</ele>
      </trkpt>
      <trkpt lat="47.275959" lon="11.249638">
        <ele>735.26</ele>
      </trkpt>
      <trkpt lat="47.275992" lon="11.249562">
        <ele>736.4</ele>
      </trkpt>
      <trkpt lat="47.275999" lon="11.249523">
        <ele>736.23</ele>
      </trkpt>
      <trkpt lat="47.276" lon="11.249231">
        <ele>731.36</ele>
      </trkpt>
      <trkpt lat="47.276012" lon="11.248989">
        <ele>729.77</ele>
      </trkpt>
      <trkpt lat="47.276026" lon="11.248902">
        <ele>729.98</ele>
      </trkpt>
      <trkpt lat="47.276057" lon="11.248786">
        <ele>730.93</ele>
      </trkpt>
      <trkpt lat="47.276123" lon="11.248599">
        <ele>732.56</ele>
      </trkpt>
      <trkpt lat="47.276201" lon="11.24849">
        <ele>734.86</ele>
      </trkpt>
      <trkpt lat="47.276268" lon="11.248442">
        <ele>737.22</ele>
      </trkpt>
      <trkpt lat="47.27632" lon="11.248434">
        <ele>739.55</ele>
      </trkpt>
      <trkpt lat="47.276437" lon="11.248455">
        <ele>745.72</ele>
      </trkpt>
      <trkpt lat="47.276486" lon="11.248451">
        <ele>748.08</ele>
      </trkpt>
      <trkpt lat="47.276531" lon="11.248429">
        <ele>749.85</ele>
      </trkpt>
      <trkpt lat="47.276544" lon="11.248408">
        <ele>750.02</ele>
      </trkpt>
      <trkpt lat="47.276573" lon="11.248353">
        <ele>750.27</ele>
      </trkpt>
      <trkpt lat="47.276629" lon="11.248113">
        <ele>748.42</ele>
      </trkpt>
      <trkpt lat="47.276817" lon="11.247769">
        <ele>754.52</ele>
      </trkpt>
      <trkpt lat="47.276854" lon="11.247692">
        <ele>755.84</ele>
      </trkpt>
      <trkpt lat="47.276928" lon="11.247518">
        <ele>758.08</ele>
      </trkpt>
      <trkpt lat="47.276996" lon="11.247333">
        <ele>759.48</ele>
      </trkpt>
      <trkpt lat="47.27717" lon="11.246972">
        <ele>762.76</ele>
      </trkpt>
      <trkpt lat="47.277356" lon="11.246505">
        <ele>765.62</ele>
      </trkpt>
      <trkpt lat="47.2774" lon="11.246384">
        <ele>768.16</ele>
      </trkpt>
      <trkpt lat="47.277443" lon="11.246308">
        <ele>771.36</ele>
      </trkpt>
      <trkpt lat="47.277463" lon="11.246293">
        <ele>772.88</ele>
      </trkpt>
      <trkpt lat="47.277488" lon="11.246289">
        <ele>774.7</ele>
      </trkpt>
      <trkpt lat="47.277511" lon="11.246294">
        <ele>776.28</ele>
      </trkpt>
      <trkpt lat="47.277535" lon="11.246311">
        <ele>777.83</ele>
      </trkpt>
      <trkpt lat="47.277553" lon="11.24634">
        <ele>778.89</ele>
      </trkpt>
      <trkpt lat="47.277564" lon="11.246382">
        <ele>779.42</ele>
      </trkpt>
      <trkpt lat="47.277564" lon="11.246427">
        <ele>779.26</ele>
      </trkpt>
      <trkpt lat="47.277558" lon="11.246471">
        <ele>778.78</ele>
      </trkpt>
      <trkpt lat="47.277545" lon="11.246503">
        <ele>777.94</ele>
      </trkpt>
      <trkpt lat="47.277464" lon="11.24662">
        <ele>773.41</ele>
      </trkpt>
      <trkpt lat="47.277432" lon="11.246686">
        <ele>772.17</ele>
      </trkpt>
      <trkpt lat="47.277401" lon="11.246814">
        <ele>772.51</ele>
      </trkpt>
      <trkpt lat="47.277322" lon="11.247387">
        <ele>782.6</ele>
      </trkpt>
      <trkpt lat="47.277251" lon="11.247978">
        <ele>789.55</ele>
      </trkpt>
      <trkpt lat="47.277241" lon="11.248102">
        <ele>790.81</ele>
      </trkpt>
      <trkpt lat="47.277233" lon="11.248472">
        <ele>794.22</ele>
      </trkpt>
      <trkpt lat="47.277224" lon="11.248599">
        <ele>794.07</ele>
      </trkpt>
      <trkpt lat="47.277163" lon="11.24894">
        <ele>792.34</ele>
      </trkpt>
      <trkpt lat="47.277132" lon="11.24915">
        <ele>793.56</ele>
      </trkpt>
      <trkpt lat="47.2771" lon="11.249398">
        <ele>797.49</ele>
      </trkpt>
      <trkpt lat="47.277079" lon="11.249624">
        <ele>802.2</ele>
      </trkpt>
      <trkpt lat="47.277076" lon="11.249823">
        <ele>806.55</ele>
      </trkpt>
      <trkpt lat="47.277078" lon="11.250101">
        <ele>811.29</ele>
      </trkpt>
      <trkpt lat="47.277096" lon="11.250315">
        <ele>815.31</ele>
      </trkpt>
      <trkpt lat="47.277115" lon="11.250395">
        <ele>816.89</ele>
      </trkpt>
      <trkpt lat="47.277151" lon="11.250494">
        <ele>818.59</ele>
      </trkpt>
      <trkpt lat="47.277228" lon="11.250631">
        <ele>820.04</ele>
      </trkpt>
      <trkpt lat="47.277344" lon="11.250796">
        <ele>820.2</ele>
      </trkpt>
      <trkpt lat="47.277462" lon="11.250942">
        <ele>820.61</ele>
      </trkpt>
      <trkpt lat="47.277559" lon="11.251104">
        <ele>821.51</ele>
      </trkpt>
      <trkpt lat="47.27767" lon="11.251341">
        <ele>822.49</ele>
      </trkpt>
      <trkpt lat="47.277831" lon="11.251755">
        <ele>822.26</ele>
      </trkpt>
      <trkpt lat="47.277911" lon="11.252066">
        <ele>819.18</ele>
      </trkpt>
      <trkpt lat="47.277989" lon="11.252338">
        <ele>819.23</ele>
      </trkpt>
      <trkpt lat="47.278017" lon="11.25246">
        <ele>819.71</ele>
      </trkpt>
      <trkpt lat="47.278055" lon="11.252758">
        <ele>819.33</ele>
      </trkpt>
      <trkpt lat="47.278075" lon="11.252852">
        <ele>820.72</ele>
      </trkpt>
      <trkpt lat="47.278127" lon="11.252924">
        <ele>827.28</ele>
      </trkpt>
      <trkpt lat="47.278151" lon="11.252931">
        <ele>830.57</ele>
      </trkpt>
      <trkpt lat="47.278184" lon="11.252924">
        <ele>835.02</ele>
      </trkpt>
      <trkpt lat="47.278219" lon="11.252885">
        <ele>839.49</ele>
      </trkpt>
      <trkpt lat="47.278237" lon="11.252828">
        <ele>841.62</ele>
      </trkpt>
      <trkpt lat="47.278246" lon="11.25235">
        <ele>843.01</ele>
      </trkpt>
      <trkpt lat="47.278268" lon="11.25217">
        <ele>845.18</ele>
      </trkpt>
      <trkpt lat="47.278299" lon="11.252031">
        <ele>847.46</ele>
      </trkpt>
      <trkpt lat="47.278358" lon="11.251876">
        <ele>850.73</ele>
      </trkpt>
      <trkpt lat="47.278399" lon="11.251789">
        <ele>852.59</ele>
      </trkpt>
      <trkpt lat="47.278576" lon="11.251475">
        <ele>858.83</ele>
      </trkpt>
      <trkpt lat="47.27881" lon="11.250951">
        <ele>861.47</ele>
      </trkpt>
      <trkpt lat="47.278839" lon="11.250906">
        <ele>861.64</ele>
      </trkpt>
      <trkpt lat="47.278912" lon="11.250821">
        <ele>862.38</ele>
      </trkpt>
      <trkpt lat="47.279129" lon="11.250619">
        <ele>864.07</ele>
      </trkpt>
      <trkpt lat="47.279207" lon="11.250568">
        <ele>865.11</ele>
      </trkpt>
      <trkpt lat="47.279308" lon="11.250534">
        <ele>867.67</ele>
      </trkpt>
      <trkpt lat="47.279578" lon="11.250475">
        <ele>876.44</ele>
      </trkpt>
      <trkpt lat="47.279686" lon="11.250434">
        <ele>879.54</ele>
      </trkpt>
      <trkpt lat="47.279735" lon="11.2504">
        <ele>880.46</ele>
      </trkpt>
      <trkpt lat="47.279806" lon="11.250325">
        <ele>881.05</ele>
      </trkpt>
      <trkpt lat="47.279864" lon="11.250245">
        <ele>881.14</ele>
      </trkpt>
      <trkpt lat="47.279946" lon="11.250081">
        <ele>880.86</ele>
      </trkpt>
      <trkpt lat="47.279972" lon="11.249983">
        <ele>880.7</ele>
      </trkpt>
      <trkpt lat="47.280017" lon="11.249693">
        <ele>882.11</ele>
      </trkpt>
      <trkpt lat="47.280096" lon="11.249322">
        <ele>887.49</ele>
      </trkpt>
      <trkpt lat="47.280179" lon="11.248847">
        <ele>893.2</ele>
      </trkpt>
      <trkpt lat="47.28021" lon="11.24871">
        <ele>895.23</ele>
      </trkpt>
      <trkpt lat="47.28033" lon="11.248272">
        <ele>901.2</ele>
      </trkpt>
      <trkpt lat="47.280362" lon="11.248136">
        <ele>902.32</ele>
      </trkpt>
      <trkpt lat="47.280417" lon="11.247707">
        <ele>903.88</ele>
      </trkpt>
      <trkpt lat="47.280438" lon="11.24766">
        <ele>904.62</ele>
      </trkpt>
      <trkpt lat="47.280477" lon="11.247629">
        <ele>906.03</ele>
      </trkpt>
      <trkpt lat="47.280526" lon="11.247632">
        <ele>907.78</ele>
      </trkpt>
      <trkpt lat="47.280547" lon="11.247652">
        <ele>908.52</ele>
      </trkpt>
      <trkpt lat="47.280567" lon="11.247709">
        <ele>909.2</ele>
      </trkpt>
      <trkpt lat="47.280572" lon="11.247752">
        <ele>909.35</ele>
      </trkpt>
      <trkpt lat="47.280576" lon="11.248009">
        <ele>909.42</ele>
      </trkpt>
      <trkpt lat="47.280591" lon="11.248247">
        <ele>909.8</ele>
      </trkpt>
      <trkpt lat="47.280648" lon="11.248423">
        <ele>911.52</ele>
      </trkpt>
      <trkpt lat="47.280723" lon="11.248605">
        <ele>913.98</ele>
      </trkpt>
      <trkpt lat="47.280811" lon="11.248787">
        <ele>917.13</ele>
      </trkpt>
      <trkpt lat="47.280849" lon="11.248836">
        <ele>918.52</ele>
      </trkpt>
      <trkpt lat="47.280923" lon="11.248892">
        <ele>921.12</ele>
      </trkpt>
      <trkpt lat="47.281035" lon="11.248916">
        <ele>924.82</ele>
      </trkpt>
      <trkpt lat="47.281052" lon="11.248911">
        <ele>925.37</ele>
      </trkpt>
      <trkpt lat="47.281072" lon="11.248885">
        <ele>926.02</ele>
      </trkpt>
      <trkpt lat="47.281088" lon="11.248829">
        <ele>926.54</ele>
      </trkpt>
      <trkpt lat="47.281067" lon="11.248562">
        <ele>925.93</ele>
      </trkpt>
      <trkpt lat="47.281062" lon="11.248333">
        <ele>925.93</ele>
      </trkpt>
      <trkpt lat="47.281073" lon="11.248133">
        <ele>926.48</ele>
      </trkpt>
      <trkpt lat="47.281096" lon="11.247849">
        <ele>927.57</ele>
      </trkpt>
      <trkpt lat="47.281057" lon="11.247386">
        <ele>927.71</ele>
      </trkpt>
      <trkpt lat="47.281052" lon="11.247248">
        <ele>928.49</ele>
      </trkpt>
      <trkpt lat="47.281049" lon="11.246973">
        <ele>930.5</ele>
      </trkpt>
      <trkpt lat="47.281064" lon="11.246595">
        <ele>932.76</ele>
      </trkpt>
      <trkpt lat="47.281071" lon="11.246516">
        <ele>933.06</ele>
      </trkpt>
      <trkpt lat="47.281108" lon="11.246282">
        <ele>934.38</ele>
      </trkpt>
      <trkpt lat="47.281191" lon="11.245667">
        <ele>936.59</ele>
      </trkpt>
      <trkpt lat="47.281191" lon="11.245667">
        <ele>944.75</ele>
      </trkpt>
      <trkpt lat="47.281205" lon="11.245608">
        <ele>945.25</ele>
      </trkpt>
      <trkpt lat="47.281284" lon="11.245364">
        <ele>948.5</ele>
      </trkpt>
      <trkpt lat="47.281363" lon="11.245148">
        <ele>951.5</ele>
      </trkpt>
      <trkpt lat="47.281474" lon="11.244968">
        <ele>956.5</ele>
      </trkpt>
      <trkpt lat="47.281529" lon="11.24483">
        <ele>958.75</ele>
      </trkpt>
      <trkpt lat="47.281649" lon="11.244363">
        <ele>962.25</ele>
      </trkpt>
      <trkpt lat="47.281902" lon="11.243462">
        <ele>970.25</ele>
      </trkpt>
      <trkpt lat="47.281934" lon="11.243376">
        <ele>971</ele>
      </trkpt>
      <trkpt lat="47.281962" lon="11.24332">
        <ele>971.5</ele>
      </trkpt>
      <trkpt lat="47.281995" lon="11.24327">
        <ele>971.5</ele>
      </trkpt>
      <trkpt lat="47.282073" lon="11.243183">
        <ele>971.75</ele>
      </trkpt>
      <trkpt lat="47.282281" lon="11.243019">
        <ele>973.5</ele>
      </trkpt>
      <trkpt lat="47.282216" lon="11.242979">
        <ele>971.5</ele>
      </trkpt>
      <trkpt lat="47.282135" lon="11.243018">
        <ele>970.5</ele>
      </trkpt>
      <trkpt lat="47.281937" lon="11.242927">
        <ele>965.25</ele>
      </trkpt>
      <trkpt lat="47.281776" lon="11.242902">
        <ele>961.75</ele>
      </trkpt>
      <trkpt lat="47.281755" lon="11.242907">
        <ele>958</ele>
      </trkpt>
      <trkpt lat="47.281755" lon="11.242907">
        <ele>958</ele>
      </trkpt>
      <trkpt lat="47.281604" lon="11.242951">
        <ele>958</ele>
      </trkpt>
      <trkpt lat="47.281574" lon="11.242933">
        <ele>956.5</ele>
      </trkpt>
      <trkpt lat="47.28153" lon="11.242842">
        <ele>954</ele>
      </trkpt>
      <trkpt lat="47.281502" lon="11.242803">
        <ele>952.5</ele>
      </trkpt>
      <trkpt lat="47.281468" lon="11.242737">
        <ele>950.5</ele>
      </trkpt>
      <trkpt lat="47.281459" lon="11.242654">
        <ele>949.25</ele>
      </trkpt>
      <trkpt lat="47.281395" lon="11.242631">
        <ele>946.5</ele>
      </trkpt>
      <trkpt lat="47.281333" lon="11.242536">
        <ele>943.25</ele>
      </trkpt>
      <trkpt lat="47.281349" lon="11.242379">
        <ele>937.75</ele>
      </trkpt>
      <trkpt lat="47.281449" lon="11.242321">
        <ele>938.75</ele>
      </trkpt>
      <trkpt lat="47.281418" lon="11.242154">
        <ele>930</ele>
      </trkpt>
      <trkpt lat="47.281453" lon="11.242111">
        <ele>929.25</ele>
      </trkpt>
      <trkpt lat="47.281492" lon="11.242087">
        <ele>929.5</ele>
      </trkpt>
      <trkpt lat="47.281396" lon="11.242042">
        <ele>924</ele>
      </trkpt>
      <trkpt lat="47.281275" lon="11.242084">
        <ele>921.75</ele>
      </trkpt>
      <trkpt lat="47.281197" lon="11.242104">
        <ele>920</ele>
      </trkpt>
      <trkpt lat="47.281154" lon="11.242187">
        <ele>922.25</ele>
      </trkpt>
      <trkpt lat="47.281121" lon="11.242183">
        <ele>920.75</ele>
      </trkpt>
      <trkpt lat="47.281118" lon="11.242116">
        <ele>917.75</ele>
      </trkpt>
      <trkpt lat="47.280999" lon="11.242172">
        <ele>916</ele>
      </trkpt>
      <trkpt lat="47.280919" lon="11.242257">
        <ele>917</ele>
      </trkpt>
      <trkpt lat="47.280878" lon="11.242271">
        <ele>916.25</ele>
      </trkpt>
      <trkpt lat="47.280871" lon="11.24226">
        <ele>915.5</ele>
      </trkpt>
      <trkpt lat="47.280885" lon="11.242219">
        <ele>914.25</ele>
      </trkpt>
      <trkpt lat="47.280889" lon="11.242122">
        <ele>910</ele>
      </trkpt>
      <trkpt lat="47.280932" lon="11.242026">
        <ele>907.25</ele>
      </trkpt>
      <trkpt lat="47.280872" lon="11.242024">
        <ele>905</ele>
      </trkpt>
      <trkpt lat="47.280812" lon="11.242067">
        <ele>904.25</ele>
      </trkpt>
      <trkpt lat="47.280712" lon="11.242159">
        <ele>902.25</ele>
      </trkpt>
      <trkpt lat="47.280578" lon="11.242397">
        <ele>905</ele>
      </trkpt>
      <trkpt lat="47.280522" lon="11.242561">
        <ele>907.25</ele>
      </trkpt>
      <trkpt lat="47.280467" lon="11.242688">
        <ele>905.25</ele>
      </trkpt>
      <trkpt lat="47.28048" lon="11.242467">
        <ele>902.5</ele>
      </trkpt>
      <trkpt lat="47.280471" lon="11.242254">
        <ele>891.75</ele>
      </trkpt>
      <trkpt lat="47.280476" lon="11.242143">
        <ele>886.75</ele>
      </trkpt>
      <trkpt lat="47.280512" lon="11.241999">
        <ele>882</ele>
      </trkpt>
      <trkpt lat="47.280552" lon="11.241872">
        <ele>878.75</ele>
      </trkpt>
      <trkpt lat="47.280464" lon="11.241929">
        <ele>875.75</ele>
      </trkpt>
      <trkpt lat="47.280415" lon="11.241946">
        <ele>873.25</ele>
      </trkpt>
      <trkpt lat="47.280323" lon="11.242036">
        <ele>871.75</ele>
      </trkpt>
      <trkpt lat="47.280224" lon="11.242108">
        <ele>869.25</ele>
      </trkpt>
      <trkpt lat="47.280165" lon="11.242276">
        <ele>874</ele>
      </trkpt>
      <trkpt lat="47.280104" lon="11.242366">
        <ele>875</ele>
      </trkpt>
      <trkpt lat="47.279996" lon="11.242319">
        <ele>866</ele>
      </trkpt>
      <trkpt lat="47.279964" lon="11.242254">
        <ele>860</ele>
      </trkpt>
      <trkpt lat="47.279943" lon="11.242154">
        <ele>853</ele>
      </trkpt>
      <trkpt lat="47.279904" lon="11.242088">
        <ele>846.5</ele>
      </trkpt>
      <trkpt lat="47.279819" lon="11.242332">
        <ele>852</ele>
      </trkpt>
      <trkpt lat="47.279701" lon="11.242761">
        <ele>855.75</ele>
      </trkpt>
      <trkpt lat="47.279698" lon="11.242864">
        <ele>857.5</ele>
      </trkpt>
      <trkpt lat="47.279634" lon="11.243061">
        <ele>856.75</ele>
      </trkpt>
      <trkpt lat="47.279588" lon="11.24297">
        <ele>851.5</ele>
      </trkpt>
      <trkpt lat="47.279558" lon="11.24247">
        <ele>837.25</ele>
      </trkpt>
      <trkpt lat="47.279536" lon="11.242392">
        <ele>831.75</ele>
      </trkpt>
      <trkpt lat="47.279515" lon="11.242462">
        <ele>833.25</ele>
      </trkpt>
      <trkpt lat="47.27948" lon="11.242552">
        <ele>833.5</ele>
      </trkpt>
      <trkpt lat="47.279448" lon="11.242608">
        <ele>832.25</ele>
      </trkpt>
      <trkpt lat="47.27942" lon="11.242691">
        <ele>832</ele>
      </trkpt>
      <trkpt lat="47.279373" lon="11.24276">
        <ele>829.5</ele>
      </trkpt>
      <trkpt lat="47.279373" lon="11.24276">
        <ele>829.5</ele>
      </trkpt>
      <trkpt lat="47.279347" lon="11.2428">
        <ele>829.5</ele>
      </trkpt>
      <trkpt lat="47.279335" lon="11.242816">
        <ele>829</ele>
      </trkpt>
      <trkpt lat="47.279307" lon="11.242858">
        <ele>828</ele>
      </trkpt>
      <trkpt lat="47.279294" lon="11.242897">
        <ele>828.25</ele>
      </trkpt>
      <trkpt lat="47.279274" lon="11.242918">
        <ele>827.25</ele>
      </trkpt>
      <trkpt lat="47.279241" lon="11.243002">
        <ele>827.5</ele>
      </trkpt>
      <trkpt lat="47.279196" lon="11.243062">
        <ele>826</ele>
      </trkpt>
      <trkpt lat="47.279147" lon="11.243191">
        <ele>827</ele>
      </trkpt>
      <trkpt lat="47.279106" lon="11.243429">
        <ele>831.25</ele>
      </trkpt>
      <trkpt lat="47.279032" lon="11.2436">
        <ele>830.75</ele>
      </trkpt>
      <trkpt lat="47.278988" lon="11.243705">
        <ele>830.5</ele>
      </trkpt>
      <trkpt lat="47.278933" lon="11.243803">
        <ele>829.75</ele>
      </trkpt>
      <trkpt lat="47.27881" lon="11.244052">
        <ele>829.5</ele>
      </trkpt>
      <trkpt lat="47.278755" lon="11.244176">
        <ele>829.75</ele>
      </trkpt>
      <trkpt lat="47.278693" lon="11.244367">
        <ele>829.5</ele>
      </trkpt>
      <trkpt lat="47.278682" lon="11.244482">
        <ele>830.75</ele>
      </trkpt>
      <trkpt lat="47.278666" lon="11.244564">
        <ele>831.5</ele>
      </trkpt>
      <trkpt lat="47.27862" lon="11.244622">
        <ele>830.25</ele>
      </trkpt>
      <trkpt lat="47.278573" lon="11.244639">
        <ele>828.5</ele>
      </trkpt>
      <trkpt lat="47.278548" lon="11.244681">
        <ele>828</ele>
      </trkpt>
      <trkpt lat="47.278479" lon="11.244668">
        <ele>824.75</ele>
      </trkpt>
      <trkpt lat="47.278416" lon="11.244621">
        <ele>821</ele>
      </trkpt>
      <trkpt lat="47.278394" lon="11.244646">
        <ele>820.5</ele>
      </trkpt>
      <trkpt lat="47.278383" lon="11.244714">
        <ele>821.5</ele>
      </trkpt>
      <trkpt lat="47.278358" lon="11.244766">
        <ele>821.5</ele>
      </trkpt>
      <trkpt lat="47.278299" lon="11.244871">
        <ele>820.5</ele>
      </trkpt>
      <trkpt lat="47.278244" lon="11.244949">
        <ele>818.25</ele>
      </trkpt>
      <trkpt lat="47.278202" lon="11.244967">
        <ele>815.75</ele>
      </trkpt>
      <trkpt lat="47.278188" lon="11.244754">
        <ele>810</ele>
      </trkpt>
      <trkpt lat="47.278067" lon="11.244896">
        <ele>804.75</ele>
      </trkpt>
      <trkpt lat="47.277984" lon="11.244938">
        <ele>799.75</ele>
      </trkpt>
      <trkpt lat="47.277886" lon="11.244958">
        <ele>793.25</ele>
      </trkpt>
      <trkpt lat="47.277825" lon="11.245043">
        <ele>790</ele>
      </trkpt>
      <trkpt lat="47.277786" lon="11.245063">
        <ele>787.5</ele>
      </trkpt>
      <trkpt lat="47.277729" lon="11.245053">
        <ele>783.25</ele>
      </trkpt>
      <trkpt lat="47.27768" lon="11.245107">
        <ele>780.25</ele>
      </trkpt>
      <trkpt lat="47.277594" lon="11.245252">
        <ele>775.25</ele>
      </trkpt>
      <trkpt lat="47.277479" lon="11.245556">
        <ele>769.25</ele>
      </trkpt>
      <trkpt lat="47.27747" lon="11.245631">
        <ele>769</ele>
      </trkpt>
      <trkpt lat="47.27748" lon="11.245808">
        <ele>771.25</ele>
      </trkpt>
      <trkpt lat="47.277453" lon="11.245872">
        <ele>769.75</ele>
      </trkpt>
      <trkpt lat="47.277445" lon="11.246057">
        <ele>771</ele>
      </trkpt>
      <trkpt lat="47.277424" lon="11.246219">
        <ele>771.25</ele>
      </trkpt>
      <trkpt lat="47.277443" lon="11.246308">
        <ele>773.5</ele>
      </trkpt>
      <trkpt lat="47.277413" lon="11.246355">
        <ele>772</ele>
      </trkpt>
      <trkpt lat="47.277351" lon="11.2465">
        <ele>768.75</ele>
      </trkpt>
      <trkpt lat="47.277356" lon="11.246505">
        <ele>765.62</ele>
      </trkpt>
      <trkpt lat="47.277311" lon="11.246508">
        <ele>762.58</ele>
      </trkpt>
      <trkpt lat="47.277302" lon="11.246453">
        <ele>761.38</ele>
      </trkpt>
      <trkpt lat="47.277233" lon="11.246606">
        <ele>758.77</ele>
      </trkpt>
      <trkpt lat="47.277189" lon="11.246617">
        <ele>756.15</ele>
      </trkpt>
      <trkpt lat="47.277175" lon="11.246516">
        <ele>753.25</ele>
      </trkpt>
      <trkpt lat="47.277118" lon="11.246577">
        <ele>750.7</ele>
      </trkpt>
      <trkpt lat="47.276867" lon="11.246996">
        <ele>744.85</ele>
      </trkpt>
      <trkpt lat="47.276835" lon="11.246845">
        <ele>739.84</ele>
      </trkpt>
      <trkpt lat="47.276768" lon="11.246882">
        <ele>736.64</ele>
      </trkpt>
      <trkpt lat="47.276532" lon="11.247333">
        <ele>729.13</ele>
      </trkpt>
      <trkpt lat="47.276479" lon="11.247287">
        <ele>725.26</ele>
      </trkpt>
      <trkpt lat="47.276506" lon="11.247183">
        <ele>725.53</ele>
      </trkpt>
      <trkpt lat="47.276464" lon="11.247154">
        <ele>722.57</ele>
      </trkpt>
      <trkpt lat="47.2764" lon="11.2473">
        <ele>720.65</ele>
      </trkpt>
      <trkpt lat="47.276412" lon="11.247447">
        <ele>723.68</ele>
      </trkpt>
      <trkpt lat="47.276384" lon="11.247506">
        <ele>723.13</ele>
      </trkpt>
      <trkpt lat="47.276336" lon="11.247474">
        <ele>719.7</ele>
      </trkpt>
      <trkpt lat="47.276317" lon="11.247218">
        <ele>714.46</ele>
      </trkpt>
      <trkpt lat="47.276296" lon="11.24689">
        <ele>707.92</ele>
      </trkpt>
      <trkpt lat="47.27624" lon="11.246898">
        <ele>704.6</ele>
      </trkpt>
      <trkpt lat="47.27622" lon="11.246959">
        <ele>704.48</ele>
      </trkpt>
      <trkpt lat="47.276216" lon="11.247084">
        <ele>706.3</ele>
      </trkpt>
      <trkpt lat="47.276209" lon="11.247119">
        <ele>706.42</ele>
      </trkpt>
      <trkpt lat="47.27619" lon="11.247181">
        <ele>706.23</ele>
      </trkpt>
      <trkpt lat="47.276193" lon="11.247207">
        <ele>706.82</ele>
      </trkpt>
      <trkpt lat="47.276222" lon="11.247268">
        <ele>709.5</ele>
      </trkpt>
      <trkpt lat="47.276226" lon="11.247304">
        <ele>710.32</ele>
      </trkpt>
      <trkpt lat="47.276215" lon="11.247331">
        <ele>710.11</ele>
      </trkpt>
      <trkpt lat="47.276171" lon="11.247381">
        <ele>708.42</ele>
      </trkpt>
      <trkpt lat="47.276144" lon="11.247381">
        <ele>706.86</ele>
      </trkpt>
      <trkpt lat="47.276118" lon="11.247393">
        <ele>705.6</ele>
      </trkpt>
      <trkpt lat="47.276065" lon="11.247471">
        <ele>704.16</ele>
      </trkpt>
      <trkpt lat="47.276045" lon="11.247516">
        <ele>704.03</ele>
      </trkpt>
      <trkpt lat="47.275987" lon="11.247594">
        <ele>702.67</ele>
      </trkpt>
      <trkpt lat="47.275913" lon="11.247762">
        <ele>703.13</ele>
      </trkpt>
      <trkpt lat="47.275816" lon="11.248013">
        <ele>704.79</ele>
      </trkpt>
      <trkpt lat="47.275795" lon="11.248047">
        <ele>704.45</ele>
      </trkpt>
      <trkpt lat="47.275751" lon="11.248066">
        <ele>702.23</ele>
      </trkpt>
      <trkpt lat="47.275878" lon="11.247541">
        <ele>695.39</ele>
      </trkpt>
      <trkpt lat="47.27581" lon="11.247628">
        <ele>693.81</ele>
      </trkpt>
      <trkpt lat="47.275693" lon="11.247832">
        <ele>692.44</ele>
      </trkpt>
      <trkpt lat="47.275635" lon="11.247979">
        <ele>692.54</ele>
      </trkpt>
      <trkpt lat="47.275619" lon="11.248105">
        <ele>694.4</ele>
      </trkpt>
      <trkpt lat="47.275554" lon="11.248426">
        <ele>695.06</ele>
      </trkpt>
      <trkpt lat="47.275449" lon="11.248804">
        <ele>690.38</ele>
      </trkpt>
      <trkpt lat="47.275379" lon="11.24895">
        <ele>686.61</ele>
      </trkpt>
      <trkpt lat="47.27535" lon="11.249139">
        <ele>686.37</ele>
      </trkpt>
      <trkpt lat="47.275322" lon="11.249139">
        <ele>684.56</ele>
      </trkpt>
      <trkpt lat="47.275298" lon="11.249203">
        <ele>683.69</ele>
      </trkpt>
      <trkpt lat="47.275272" lon="11.24935">
        <ele>683.69</ele>
      </trkpt>
      <trkpt lat="47.275239" lon="11.249163">
        <ele>679.59</ele>
      </trkpt>
      <trkpt lat="47.275228" lon="11.248984">
        <ele>677.03</ele>
      </trkpt>
      <trkpt lat="47.275202" lon="11.248827">
        <ele>673.69</ele>
      </trkpt>
      <trkpt lat="47.275182" lon="11.248622">
        <ele>670.07</ele>
      </trkpt>
      <trkpt lat="47.275145" lon="11.248718">
        <ele>668.83</ele>
      </trkpt>
      <trkpt lat="47.275131" lon="11.248852">
        <ele>669.57</ele>
      </trkpt>
      <trkpt lat="47.27514" lon="11.248949">
        <ele>671.25</ele>
      </trkpt>
      <trkpt lat="47.275127" lon="11.249147">
        <ele>672.73</ele>
      </trkpt>
      <trkpt lat="47.275102" lon="11.249275">
        <ele>672.65</ele>
      </trkpt>
      <trkpt lat="47.275125" lon="11.249367">
        <ele>674.9</ele>
      </trkpt>
      <trkpt lat="47.275131" lon="11.24944">
        <ele>675.97</ele>
      </trkpt>
      <trkpt lat="47.275109" lon="11.249512">
        <ele>675.36</ele>
      </trkpt>
      <trkpt lat="47.27506" lon="11.249598">
        <ele>673.29</ele>
      </trkpt>
      <trkpt lat="47.274978" lon="11.249878">
        <ele>671.38</ele>
      </trkpt>
      <trkpt lat="47.27499" lon="11.250421">
        <ele>681.44</ele>
      </trkpt>
      <trkpt lat="47.274907" lon="11.250688">
        <ele>682.03</ele>
      </trkpt>
      <trkpt lat="47.27483" lon="11.250796">
        <ele>678.81</ele>
      </trkpt>
      <trkpt lat="47.274788" lon="11.250833">
        <ele>676.48</ele>
      </trkpt>
      <trkpt lat="47.274798" lon="11.250911">
        <ele>676.91</ele>
      </trkpt>
      <trkpt lat="47.274758" lon="11.250871">
        <ele>674.66</ele>
      </trkpt>
      <trkpt lat="47.27476" lon="11.250939">
        <ele>674.43</ele>
      </trkpt>
      <trkpt lat="47.274716" lon="11.250915">
        <ele>671.84</ele>
      </trkpt>
      <trkpt lat="47.274705" lon="11.25092">
        <ele>671.11</ele>
      </trkpt>
      <trkpt lat="47.274708" lon="11.250954">
        <ele>671.06</ele>
      </trkpt>
      <trkpt lat="47.274721" lon="11.25098">
        <ele>671.62</ele>
      </trkpt>
      <trkpt lat="47.274782" lon="11.251016">
        <ele>674.82</ele>
      </trkpt>
      <trkpt lat="47.274834" lon="11.25107">
        <ele>676.7</ele>
      </trkpt>
      <trkpt lat="47.274729" lon="11.251091">
        <ele>670.53</ele>
      </trkpt>
      <trkpt lat="47.274663" lon="11.251129">
        <ele>666.02</ele>
      </trkpt>
      <trkpt lat="47.274536" lon="11.251144">
        <ele>658.18</ele>
      </trkpt>
      <trkpt lat="47.274544" lon="11.251169">
        <ele>658.38</ele>
      </trkpt>
      <trkpt lat="47.274522" lon="11.251171">
        <ele>657.07</ele>
      </trkpt>
      <trkpt lat="47.274354" lon="11.251118">
        <ele>648.07</ele>
      </trkpt>
      <trkpt lat="47.274303" lon="11.251276">
        <ele>645.15</ele>
      </trkpt>
      <trkpt lat="47.274264" lon="11.251384">
        <ele>643.46</ele>
      </trkpt>
      <trkpt lat="47.274179" lon="11.251535">
        <ele>641.03</ele>
      </trkpt>
      <trkpt lat="47.274173" lon="11.251569">
        <ele>640.94</ele>
      </trkpt>
      <trkpt lat="47.273792" lon="11.251486">
        <ele>636.64</ele>
      </trkpt>
      <trkpt lat="47.273651" lon="11.25149">
        <ele>636.49</ele>
      </trkpt>
      <trkpt lat="47.273456" lon="11.251332">
        <ele>635.65</ele>
      </trkpt>
      <trkpt lat="47.273344" lon="11.251285">
        <ele>634.87</ele>
      </trkpt>
      <trkpt lat="47.273154" lon="11.251209">
        <ele>632.77</ele>
      </trkpt>
      <trkpt lat="47.272756" lon="11.25105">
        <ele>627.85</ele>
      </trkpt>
      <trkpt lat="47.272552" lon="11.250956">
        <ele>625.69</ele>
      </trkpt>
      <trkpt lat="47.272341" lon="11.25085">
        <ele>624.17</ele>
      </trkpt>
      <trkpt lat="47.271787" lon="11.250476">
        <ele>622.04</ele>
      </trkpt>
      <trkpt lat="47.271528" lon="11.250327">
        <ele>620.55</ele>
      </trkpt>
      <trkpt lat="47.271358" lon="11.250306">
        <ele>619.47</ele>
      </trkpt>
      <trkpt lat="47.27119" lon="11.250302">
        <ele>618.37</ele>
      </trkpt>
      <trkpt lat="47.270905" lon="11.250301">
        <ele>616.65</ele>
      </trkpt>
      <trkpt lat="47.270802" lon="11.250303">
        <ele>616.14</ele>
      </trkpt>
      <trkpt lat="47.270639" lon="11.250323">
        <ele>615.5</ele>
      </trkpt>
      <trkpt lat="47.270514" lon="11.250364">
        <ele>615.11</ele>
      </trkpt>
      <trkpt lat="47.270351" lon="11.250436">
        <ele>614.62</ele>
      </trkpt>
      <trkpt lat="47.270142" lon="11.250554">
        <ele>613.87</ele>
      </trkpt>
      <trkpt lat="47.269822" lon="11.250732">
        <ele>612.46</ele>
      </trkpt>
      <trkpt lat="47.269575" lon="11.250872">
        <ele>611.49</ele>
      </trkpt>
      <trkpt lat="47.269575" lon="11.250872">
        <ele>610.75</ele>
      </trkpt>
      <trkpt lat="47.269305" lon="11.251048">
        <ele>609.75</ele>
      </trkpt>
      <trkpt lat="47.269179" lon="11.251139">
        <ele>609.25</ele>
      </trkpt>
      <trkpt lat="47.269055" lon="11.251253">
        <ele>608.5</ele>
      </trkpt>
      <trkpt lat="47.268935" lon="11.251469">
        <ele>608</ele>
      </trkpt>
      <trkpt lat="47.268775" lon="11.25163">
        <ele>607.5</ele>
      </trkpt>
      <trkpt lat="47.26869" lon="11.251726">
        <ele>607</ele>
      </trkpt>
      <trkpt lat="47.268624" lon="11.251815">
        <ele>606.75</ele>
      </trkpt>
      <trkpt lat="47.268543" lon="11.25195">
        <ele>606.5</ele>
      </trkpt>
      <trkpt lat="47.268427" lon="11.252158">
        <ele>606</ele>
      </trkpt>
      <trkpt lat="47.268351" lon="11.252228">
        <ele>605.75</ele>
      </trkpt>
      <trkpt lat="47.268293" lon="11.252254">
        <ele>605.5</ele>
      </trkpt>
      <trkpt lat="47.26814" lon="11.252303">
        <ele>605</ele>
      </trkpt>
      <trkpt lat="47.267944" lon="11.252398">
        <ele>604.25</ele>
      </trkpt>
      <trkpt lat="47.267771" lon="11.252495">
        <ele>603.75</ele>
      </trkpt>
      <trkpt lat="47.26754" lon="11.252567">
        <ele>603</ele>
      </trkpt>
      <trkpt lat="47.267442" lon="11.252592">
        <ele>602.5</ele>
      </trkpt>
      <trkpt lat="47.267367" lon="11.252621">
        <ele>602.25</ele>
      </trkpt>
      <trkpt lat="47.267232" lon="11.252734">
        <ele>601.75</ele>
      </trkpt>
      <trkpt lat="47.267153" lon="11.252805">
        <ele>601.25</ele>
      </trkpt>
      <trkpt lat="47.266963" lon="11.252975">
        <ele>600.25</ele>
      </trkpt>
      <trkpt lat="47.266945" lon="11.252991">
        <ele>600.25</ele>
      </trkpt>
      <trkpt lat="47.266696" lon="11.253226">
        <ele>598.5</ele>
      </trkpt>
      <trkpt lat="47.266542" lon="11.253362">
        <ele>597.5</ele>
      </trkpt>
      <trkpt lat="47.26641" lon="11.25348">
        <ele>596.75</ele>
      </trkpt>
      <trkpt lat="47.266233" lon="11.253623">
        <ele>596</ele>
      </trkpt>
      <trkpt lat="47.266087" lon="11.253736">
        <ele>595.25</ele>
      </trkpt>
      <trkpt lat="47.26608" lon="11.253742">
        <ele>595.25</ele>
      </trkpt>
      <trkpt lat="47.265904" lon="11.253858">
        <ele>594.25</ele>
      </trkpt>
      <trkpt lat="47.265802" lon="11.253929">
        <ele>593.75</ele>
      </trkpt>
      <trkpt lat="47.265688" lon="11.254006">
        <ele>593.25</ele>
      </trkpt>
      <trkpt lat="47.265597" lon="11.254056">
        <ele>593</ele>
      </trkpt>
      <trkpt lat="47.265487" lon="11.254103">
        <ele>592.75</ele>
      </trkpt>
      <trkpt lat="47.265271" lon="11.25417">
        <ele>592.25</ele>
      </trkpt>
      <trkpt lat="47.26519" lon="11.254205">
        <ele>592</ele>
      </trkpt>
      <trkpt lat="47.265097" lon="11.254258">
        <ele>591.75</ele>
      </trkpt>
      <trkpt lat="47.265077" lon="11.254269">
        <ele>591.5</ele>
      </trkpt>
      <trkpt lat="47.26502" lon="11.254306">
        <ele>591.5</ele>
      </trkpt>
      <trkpt lat="47.265004" lon="11.254339">
        <ele>591.25</ele>
      </trkpt>
      <trkpt lat="47.264998" lon="11.254381">
        <ele>591</ele>
      </trkpt>
      <trkpt lat="47.265003" lon="11.254452">
        <ele>590.75</ele>
      </trkpt>
      <trkpt lat="47.265041" lon="11.254601">
        <ele>590.5</ele>
      </trkpt>
      <trkpt lat="47.265055" lon="11.254685">
        <ele>590</ele>
      </trkpt>
      <trkpt lat="47.265045" lon="11.254759">
        <ele>589.75</ele>
      </trkpt>
      <trkpt lat="47.265027" lon="11.254797">
        <ele>589.75</ele>
      </trkpt>
      <trkpt lat="47.264728" lon="11.255112">
        <ele>595.75</ele>
      </trkpt>
      <trkpt lat="47.264268" lon="11.2556">
        <ele>595.75</ele>
      </trkpt>
      <trkpt lat="47.264098" lon="11.25578">
        <ele>596.25</ele>
      </trkpt>
      <trkpt lat="47.264045" lon="11.255593">
        <ele>595.5</ele>
      </trkpt>
      <trkpt lat="47.264014" lon="11.255476">
        <ele>595.25</ele>
      </trkpt>
      <trkpt lat="47.263976" lon="11.255415">
        <ele>595</ele>
      </trkpt>
      <trkpt lat="47.2639" lon="11.255402">
        <ele>594.75</ele>
      </trkpt>
      <trkpt lat="47.263786" lon="11.255457">
        <ele>594.25</ele>
      </trkpt>
      <trkpt lat="47.263447" lon="11.255456">
        <ele>592.75</ele>
      </trkpt>
      <trkpt lat="47.263311" lon="11.255525">
        <ele>591.75</ele>
      </trkpt>
      <trkpt lat="47.262741" lon="11.255786">
        <ele>590.75</ele>
      </trkpt>
      <trkpt lat="47.262021" lon="11.256154">
        <ele>592.5</ele>
      </trkpt>
      <trkpt lat="47.261845" lon="11.256292">
        <ele>593</ele>
      </trkpt>
      <trkpt lat="47.261777" lon="11.256342">
        <ele>593.25</ele>
      </trkpt>
      <trkpt lat="47.261582" lon="11.256429">
        <ele>593.5</ele>
      </trkpt>
      <trkpt lat="47.260987" lon="11.256759">
        <ele>593</ele>
      </trkpt>
      <trkpt lat="47.260797" lon="11.256863">
        <ele>592.75</ele>
      </trkpt>
      <trkpt lat="47.260766" lon="11.256871">
        <ele>592.75</ele>
      </trkpt>
      <trkpt lat="47.260708" lon="11.256886">
        <ele>592.75</ele>
      </trkpt>
      <trkpt lat="47.260601" lon="11.256915">
        <ele>593</ele>
      </trkpt>
      <trkpt lat="47.260601" lon="11.256915">
        <ele>592.97</ele>
      </trkpt>
      <trkpt lat="47.260601" lon="11.256915">
        <ele>593</ele>
      </trkpt>
      <trkpt lat="47.260552" lon="11.257012">
        <ele>593</ele>
      </trkpt>
      <trkpt lat="47.260498" lon="11.257007">
        <ele>593</ele>
      </trkpt>
      <trkpt lat="47.259978" lon="11.256956">
        <ele>594</ele>
      </trkpt>
      <trkpt lat="47.259922" lon="11.256847">
        <ele>594.25</ele>
      </trkpt>
      <trkpt lat="47.259791" lon="11.256593">
        <ele>594.75</ele>
      </trkpt>
      <trkpt lat="47.259553" lon="11.256789">
        <ele>596</ele>
      </trkpt>
      <trkpt lat="47.259378" lon="11.256936">
        <ele>596.5</ele>
      </trkpt>
      <trkpt lat="47.259322" lon="11.257028">
        <ele>596.75</ele>
      </trkpt>
      <trkpt lat="47.259309" lon="11.257075">
        <ele>596.75</ele>
      </trkpt>
      <trkpt lat="47.259301" lon="11.257201">
        <ele>596.75</ele>
      </trkpt>
      <trkpt lat="47.259305" lon="11.257279">
        <ele>596.5</ele>
      </trkpt>
      <trkpt lat="47.259323" lon="11.257343">
        <ele>596.5</ele>
      </trkpt>
      <trkpt lat="47.259389" lon="11.257457">
        <ele>596</ele>
      </trkpt>
      <trkpt lat="47.259402" lon="11.257618">
        <ele>596.25</ele>
      </trkpt>
      <trkpt lat="47.259288" lon="11.257625">
        <ele>596.5</ele>
      </trkpt>
      <trkpt lat="47.258914" lon="11.2578">
        <ele>597.5</ele>
      </trkpt>
      <trkpt lat="47.258805" lon="11.257896">
        <ele>597.5</ele>
      </trkpt>
      <trkpt lat="47.258337" lon="11.258309">
        <ele>597.75</ele>
      </trkpt>
      <trkpt lat="47.258309" lon="11.258353">
        <ele>598</ele>
      </trkpt>
      <trkpt lat="47.258264" lon="11.258426">
        <ele>598.25</ele>
      </trkpt>
      <trkpt lat="47.258039" lon="11.258785">
        <ele>599.75</ele>
      </trkpt>
      <trkpt lat="47.257689" lon="11.259017">
        <ele>601.25</ele>
      </trkpt>
      <trkpt lat="47.257135" lon="11.259261">
        <ele>603</ele>
      </trkpt>
      <trkpt lat="47.256506" lon="11.259584">
        <ele>605.75</ele>
      </trkpt>
      <trkpt lat="47.255902" lon="11.259894">
        <ele>608.5</ele>
      </trkpt>
      <trkpt lat="47.255808" lon="11.259928">
        <ele>611.25</ele>
      </trkpt>
      <trkpt lat="47.255403" lon="11.26008">
        <ele>611.25</ele>
      </trkpt>
      <trkpt lat="47.255215" lon="11.260133">
        <ele>612.25</ele>
      </trkpt>
      <trkpt lat="47.255101" lon="11.260151">
        <ele>613</ele>
      </trkpt>
      <trkpt lat="47.255007" lon="11.260146">
        <ele>613.5</ele>
      </trkpt>
      <trkpt lat="47.25492" lon="11.260119">
        <ele>614</ele>
      </trkpt>
      <trkpt lat="47.254806" lon="11.260071">
        <ele>614.5</ele>
      </trkpt>
      <trkpt lat="47.25473" lon="11.260037">
        <ele>614.75</ele>
      </trkpt>
      <trkpt lat="47.254722" lon="11.260172">
        <ele>614.5</ele>
      </trkpt>
      <trkpt lat="47.2547" lon="11.260406">
        <ele>614.25</ele>
      </trkpt>
      <trkpt lat="47.254514" lon="11.261038">
        <ele>614</ele>
      </trkpt>
      <trkpt lat="47.254448" lon="11.261326">
        <ele>614.25</ele>
      </trkpt>
      <trkpt lat="47.254273" lon="11.262682">
        <ele>613</ele>
      </trkpt>
      <trkpt lat="47.254193" lon="11.263366">
        <ele>612.75</ele>
      </trkpt>
      <trkpt lat="47.254055" lon="11.263906">
        <ele>612.75</ele>
      </trkpt>
      <trkpt lat="47.253587" lon="11.264227">
        <ele>614.75</ele>
      </trkpt>
      <trkpt lat="47.253471" lon="11.264333">
        <ele>615.75</ele>
      </trkpt>
      <trkpt lat="47.253379" lon="11.264438">
        <ele>616.25</ele>
      </trkpt>
      <trkpt lat="47.253331" lon="11.264516">
        <ele>616.75</ele>
      </trkpt>
      <trkpt lat="47.253364" lon="11.264558">
        <ele>619.01</ele>
      </trkpt>
      <trkpt lat="47.253331" lon="11.264516">
        <ele>616.5</ele>
      </trkpt>
      <trkpt lat="47.25332" lon="11.264536">
        <ele>616.75</ele>
      </trkpt>
      <trkpt lat="47.253266" lon="11.264649">
        <ele>617.25</ele>
      </trkpt>
      <trkpt lat="47.253223" lon="11.264768">
        <ele>617.75</ele>
      </trkpt>
      <trkpt lat="47.253187" lon="11.264901">
        <ele>618.25</ele>
      </trkpt>
      <trkpt lat="47.253165" lon="11.265027">
        <ele>618.75</ele>
      </trkpt>
      <trkpt lat="47.253162" lon="11.265092">
        <ele>618.5</ele>
      </trkpt>
      <trkpt lat="47.25316" lon="11.265299">
        <ele>618.25</ele>
      </trkpt>
      <trkpt lat="47.253162" lon="11.26535">
        <ele>618.25</ele>
      </trkpt>
      <trkpt lat="47.25314" lon="11.265433">
        <ele>618.25</ele>
      </trkpt>
      <trkpt lat="47.253118" lon="11.265542">
        <ele>618.25</ele>
      </trkpt>
      <trkpt lat="47.253114" lon="11.265608">
        <ele>618.25</ele>
      </trkpt>
      <trkpt lat="47.253072" lon="11.265639">
        <ele>618.25</ele>
      </trkpt>
      <trkpt lat="47.25304" lon="11.265688">
        <ele>618.5</ele>
      </trkpt>
      <trkpt lat="47.25302" lon="11.26575">
        <ele>618.5</ele>
      </trkpt>
      <trkpt lat="47.253016" lon="11.265817">
        <ele>618.5</ele>
      </trkpt>
      <trkpt lat="47.252964" lon="11.265847">
        <ele>618.75</ele>
      </trkpt>
      <trkpt lat="47.252916" lon="11.265886">
        <ele>618.75</ele>
      </trkpt>
      <trkpt lat="47.252888" lon="11.265907">
        <ele>619</ele>
      </trkpt>
      <trkpt lat="47.252816" lon="11.266005">
        <ele>619.25</ele>
      </trkpt>
      <trkpt lat="47.252783" lon="11.266025">
        <ele>619.5</ele>
      </trkpt>
      <trkpt lat="47.251884" lon="11.266542">
        <ele>621</ele>
      </trkpt>
      <trkpt lat="47.251501" lon="11.26676">
        <ele>622</ele>
      </trkpt>
      <trkpt lat="47.251441" lon="11.266793">
        <ele>622.5</ele>
      </trkpt>
      <trkpt lat="47.250536" lon="11.267293">
        <ele>626.5</ele>
      </trkpt>
      <trkpt lat="47.250286" lon="11.267435">
        <ele>626.75</ele>
      </trkpt>
      <trkpt lat="47.249752" lon="11.267735">
        <ele>628.25</ele>
      </trkpt>
      <trkpt lat="47.249713" lon="11.267759">
        <ele>628.5</ele>
      </trkpt>
      <trkpt lat="47.249622" lon="11.267813">
        <ele>629.25</ele>
      </trkpt>
      <trkpt lat="47.249622" lon="11.267813">
        <ele>629.25</ele>
      </trkpt>
      <trkpt lat="47.249573" lon="11.267837">
        <ele>629.5</ele>
      </trkpt>
      <trkpt lat="47.249482" lon="11.267883">
        <ele>630</ele>
      </trkpt>
      <trkpt lat="47.249294" lon="11.267976">
        <ele>631</ele>
      </trkpt>
      <trkpt lat="47.249077" lon="11.268067">
        <ele>632.75</ele>
      </trkpt>
      <trkpt lat="47.248914" lon="11.268112">
        <ele>634.75</ele>
      </trkpt>
      <trkpt lat="47.24877" lon="11.268136">
        <ele>636.5</ele>
      </trkpt>
      <trkpt lat="47.248566" lon="11.268143">
        <ele>638.75</ele>
      </trkpt>
      <trkpt lat="47.248395" lon="11.268121">
        <ele>640.75</ele>
      </trkpt>
      <trkpt lat="47.248341" lon="11.26829">
        <ele>642.5</ele>
      </trkpt>
      <trkpt lat="47.248333" lon="11.268383">
        <ele>643.5</ele>
      </trkpt>
      <trkpt lat="47.2484" lon="11.268757">
        <ele>646</ele>
      </trkpt>
      <trkpt lat="47.248458" lon="11.268905">
        <ele>646.25</ele>
      </trkpt>
      <trkpt lat="47.248467" lon="11.26895">
        <ele>646.25</ele>
      </trkpt>
      <trkpt lat="47.248492" lon="11.269063">
        <ele>646.75</ele>
      </trkpt>
      <trkpt lat="47.248543" lon="11.26924">
        <ele>648.5</ele>
      </trkpt>
      <trkpt lat="47.248612" lon="11.269429">
        <ele>652</ele>
      </trkpt>
      <trkpt lat="47.248683" lon="11.269582">
        <ele>653.5</ele>
      </trkpt>
      <trkpt lat="47.249219" lon="11.270593">
        <ele>647.25</ele>
      </trkpt>
      <trkpt lat="47.249289" lon="11.270733">
        <ele>647.75</ele>
      </trkpt>
      <trkpt lat="47.249394" lon="11.270977">
        <ele>648</ele>
      </trkpt>
      <trkpt lat="47.249438" lon="11.271088">
        <ele>648</ele>
      </trkpt>
      <trkpt lat="47.249518" lon="11.271352">
        <ele>648</ele>
      </trkpt>
      <trkpt lat="47.249569" lon="11.271573">
        <ele>648</ele>
      </trkpt>
      <trkpt lat="47.249613" lon="11.27184">
        <ele>648.75</ele>
      </trkpt>
      <trkpt lat="47.249619" lon="11.271898">
        <ele>649</ele>
      </trkpt>
      <trkpt lat="47.249624" lon="11.272132">
        <ele>651</ele>
      </trkpt>
      <trkpt lat="47.249602" lon="11.272496">
        <ele>656</ele>
      </trkpt>
      <trkpt lat="47.249564" lon="11.272766">
        <ele>659.5</ele>
      </trkpt>
      <trkpt lat="47.249441" lon="11.273485">
        <ele>669.5</ele>
      </trkpt>
      <trkpt lat="47.249406" lon="11.273813">
        <ele>669</ele>
      </trkpt>
      <trkpt lat="47.249397" lon="11.274115">
        <ele>666.75</ele>
      </trkpt>
      <trkpt lat="47.249402" lon="11.274339">
        <ele>666</ele>
      </trkpt>
      <trkpt lat="47.249466" lon="11.275145">
        <ele>663.25</ele>
      </trkpt>
      <trkpt lat="47.249458" lon="11.27543">
        <ele>664.25</ele>
      </trkpt>
      <trkpt lat="47.249439" lon="11.275575">
        <ele>665.5</ele>
      </trkpt>
      <trkpt lat="47.249419" lon="11.275673">
        <ele>666.5</ele>
      </trkpt>
      <trkpt lat="47.249393" lon="11.275771">
        <ele>667.75</ele>
      </trkpt>
      <trkpt lat="47.249351" lon="11.275887">
        <ele>669</ele>
      </trkpt>
      <trkpt lat="47.249308" lon="11.275974">
        <ele>670</ele>
      </trkpt>
      <trkpt lat="47.249231" lon="11.276099">
        <ele>671.25</ele>
      </trkpt>
      <trkpt lat="47.24916" lon="11.276193">
        <ele>672</ele>
      </trkpt>
      <trkpt lat="47.249072" lon="11.276286">
        <ele>672.5</ele>
      </trkpt>
      <trkpt lat="47.248925" lon="11.276395">
        <ele>673.5</ele>
      </trkpt>
      <trkpt lat="47.24851" lon="11.276626">
        <ele>677.5</ele>
      </trkpt>
      <trkpt lat="47.248382" lon="11.276715">
        <ele>679</ele>
      </trkpt>
      <trkpt lat="47.248312" lon="11.276779">
        <ele>680.5</ele>
      </trkpt>
      <trkpt lat="47.248171" lon="11.27697">
        <ele>685.5</ele>
      </trkpt>
      <trkpt lat="47.248098" lon="11.277105">
        <ele>687.5</ele>
      </trkpt>
      <trkpt lat="47.248034" lon="11.277286">
        <ele>688.75</ele>
      </trkpt>
      <trkpt lat="47.247991" lon="11.277468">
        <ele>688.75</ele>
      </trkpt>
      <trkpt lat="47.24797" lon="11.277646">
        <ele>688.75</ele>
      </trkpt>
      <trkpt lat="47.24796" lon="11.277854">
        <ele>688.5</ele>
      </trkpt>
      <trkpt lat="47.247964" lon="11.278271">
        <ele>687.5</ele>
      </trkpt>
      <trkpt lat="47.247944" lon="11.278419">
        <ele>688</ele>
      </trkpt>
      <trkpt lat="47.247905" lon="11.27853">
        <ele>689.25</ele>
      </trkpt>
      <trkpt lat="47.247863" lon="11.278599">
        <ele>690.75</ele>
      </trkpt>
      <trkpt lat="47.247811" lon="11.27865">
        <ele>692.75</ele>
      </trkpt>
      <trkpt lat="47.247746" lon="11.278684">
        <ele>695.25</ele>
      </trkpt>
      <trkpt lat="47.247635" lon="11.278677">
        <ele>699.75</ele>
      </trkpt>
      <trkpt lat="47.247579" lon="11.278651">
        <ele>701.75</ele>
      </trkpt>
      <trkpt lat="47.247579" lon="11.278651">
        <ele>687.77</ele>
      </trkpt>
      <trkpt lat="47.247579" lon="11.278651">
        <ele>701.75</ele>
      </trkpt>
      <trkpt lat="47.247576" lon="11.278759">
        <ele>702.5</ele>
      </trkpt>
      <trkpt lat="47.2476" lon="11.278934">
        <ele>702.25</ele>
      </trkpt>
      <trkpt lat="47.247519" lon="11.278859">
        <ele>705.25</ele>
      </trkpt>
      <trkpt lat="47.247474" lon="11.278797">
        <ele>707.25</ele>
      </trkpt>
      <trkpt lat="47.247414" lon="11.278815">
        <ele>711</ele>
      </trkpt>
      <trkpt lat="47.247356" lon="11.278775">
        <ele>714.25</ele>
      </trkpt>
      <trkpt lat="47.247253" lon="11.278542">
        <ele>719</ele>
      </trkpt>
      <trkpt lat="47.247221" lon="11.278308">
        <ele>719.75</ele>
      </trkpt>
      <trkpt lat="47.247232" lon="11.278142">
        <ele>719.75</ele>
      </trkpt>
      <trkpt lat="47.247285" lon="11.277958">
        <ele>717.25</ele>
      </trkpt>
      <trkpt lat="47.247391" lon="11.277686">
        <ele>711.5</ele>
      </trkpt>
      <trkpt lat="47.24751" lon="11.277433">
        <ele>705.5</ele>
      </trkpt>
      <trkpt lat="47.247558" lon="11.277265">
        <ele>706.5</ele>
      </trkpt>
      <trkpt lat="47.247577" lon="11.27712">
        <ele>707.75</ele>
      </trkpt>
      <trkpt lat="47.247555" lon="11.276946">
        <ele>711.25</ele>
      </trkpt>
      <trkpt lat="47.247417" lon="11.276645">
        <ele>723.5</ele>
      </trkpt>
      <trkpt lat="47.247346" lon="11.276339">
        <ele>731.25</ele>
      </trkpt>
      <trkpt lat="47.247349" lon="11.275806">
        <ele>736.5</ele>
      </trkpt>
      <trkpt lat="47.247333" lon="11.275638">
        <ele>742</ele>
      </trkpt>
      <trkpt lat="47.247333" lon="11.275636">
        <ele>739</ele>
      </trkpt>
      <trkpt lat="47.247317" lon="11.275462">
        <ele>742</ele>
      </trkpt>
      <trkpt lat="47.24726" lon="11.275138">
        <ele>748.5</ele>
      </trkpt>
      <trkpt lat="47.247262" lon="11.274805">
        <ele>750.75</ele>
      </trkpt>
      <trkpt lat="47.247257" lon="11.274709">
        <ele>751.75</ele>
      </trkpt>
      <trkpt lat="47.247215" lon="11.274617">
        <ele>754.75</ele>
      </trkpt>
      <trkpt lat="47.247211" lon="11.274478">
        <ele>755.5</ele>
      </trkpt>
      <trkpt lat="47.247233" lon="11.27436">
        <ele>755</ele>
      </trkpt>
      <trkpt lat="47.247275" lon="11.274274">
        <ele>753</ele>
      </trkpt>
      <trkpt lat="47.247302" lon="11.274073">
        <ele>752.75</ele>
      </trkpt>
      <trkpt lat="47.247337" lon="11.273723">
        <ele>753.25</ele>
      </trkpt>
      <trkpt lat="47.247382" lon="11.273449">
        <ele>753.25</ele>
      </trkpt>
      <trkpt lat="47.247409" lon="11.273211">
        <ele>753</ele>
      </trkpt>
      <trkpt lat="47.247418" lon="11.273044">
        <ele>752.75</ele>
      </trkpt>
      <trkpt lat="47.247412" lon="11.272931">
        <ele>753.25</ele>
      </trkpt>
      <trkpt lat="47.247397" lon="11.27267">
        <ele>754.25</ele>
      </trkpt>
      <trkpt lat="47.247352" lon="11.272443">
        <ele>755.75</ele>
      </trkpt>
      <trkpt lat="47.24732" lon="11.272152">
        <ele>754</ele>
      </trkpt>
      <trkpt lat="47.247252" lon="11.271901">
        <ele>754.25</ele>
      </trkpt>
      <trkpt lat="47.247175" lon="11.271759">
        <ele>755.75</ele>
      </trkpt>
      <trkpt lat="47.247051" lon="11.271574">
        <ele>758.75</ele>
      </trkpt>
      <trkpt lat="47.246944" lon="11.27148">
        <ele>762</ele>
      </trkpt>
      <trkpt lat="47.246828" lon="11.271384">
        <ele>765.75</ele>
      </trkpt>
      <trkpt lat="47.246696" lon="11.271316">
        <ele>770</ele>
      </trkpt>
      <trkpt lat="47.246408" lon="11.271218">
        <ele>768.75</ele>
      </trkpt>
      <trkpt lat="47.246408" lon="11.271218">
        <ele>768.75</ele>
      </trkpt>
      <trkpt lat="47.246591" lon="11.271404">
        <ele>771.5</ele>
      </trkpt>
      <trkpt lat="47.246755" lon="11.271655">
        <ele>771.25</ele>
      </trkpt>
      <trkpt lat="47.246799" lon="11.271892">
        <ele>772.5</ele>
      </trkpt>
      <trkpt lat="47.246779" lon="11.272179">
        <ele>777</ele>
      </trkpt>
      <trkpt lat="47.246566" lon="11.272426">
        <ele>784</ele>
      </trkpt>
      <trkpt lat="47.246507" lon="11.27255">
        <ele>784.5</ele>
      </trkpt>
      <trkpt lat="47.246487" lon="11.272607">
        <ele>784.25</ele>
      </trkpt>
      <trkpt lat="47.246438" lon="11.272852">
        <ele>785.25</ele>
      </trkpt>
      <trkpt lat="47.246438" lon="11.272852">
        <ele>784.25</ele>
      </trkpt>
      <trkpt lat="47.246382" lon="11.273137">
        <ele>785.25</ele>
      </trkpt>
      <trkpt lat="47.246316" lon="11.27368">
        <ele>787.5</ele>
      </trkpt>
      <trkpt lat="47.246236" lon="11.273792">
        <ele>788.5</ele>
      </trkpt>
      <trkpt lat="47.246148" lon="11.273927">
        <ele>789.5</ele>
      </trkpt>
      <trkpt lat="47.246162" lon="11.274098">
        <ele>790.5</ele>
      </trkpt>
      <trkpt lat="47.246139" lon="11.274307">
        <ele>791.25</ele>
      </trkpt>
      <trkpt lat="47.246129" lon="11.274499">
        <ele>791.75</ele>
      </trkpt>
      <trkpt lat="47.24612" lon="11.274696">
        <ele>793</ele>
      </trkpt>
      <trkpt lat="47.246123" lon="11.274697">
        <ele>794.26</ele>
      </trkpt>
      <trkpt lat="47.24612" lon="11.274696">
        <ele>792</ele>
      </trkpt>
      <trkpt lat="47.246107" lon="11.275035">
        <ele>793</ele>
      </trkpt>
      <trkpt lat="47.246083" lon="11.275456">
        <ele>795.75</ele>
      </trkpt>
      <trkpt lat="47.246087" lon="11.275594">
        <ele>796.25</ele>
      </trkpt>
      <trkpt lat="47.246097" lon="11.27606">
        <ele>797</ele>
      </trkpt>
      <trkpt lat="47.246074" lon="11.276344">
        <ele>797.75</ele>
      </trkpt>
      <trkpt lat="47.246058" lon="11.276692">
        <ele>798</ele>
      </trkpt>
      <trkpt lat="47.245989" lon="11.276989">
        <ele>798.75</ele>
      </trkpt>
      <trkpt lat="47.24589" lon="11.277262">
        <ele>801.5</ele>
      </trkpt>
      <trkpt lat="47.24577" lon="11.27747">
        <ele>804.5</ele>
      </trkpt>
      <trkpt lat="47.245654" lon="11.277651">
        <ele>807.5</ele>
      </trkpt>
      <trkpt lat="47.245595" lon="11.277799">
        <ele>809</ele>
      </trkpt>
      <trkpt lat="47.24559" lon="11.278086">
        <ele>809.25</ele>
      </trkpt>
      <trkpt lat="47.245612" lon="11.278432">
        <ele>806</ele>
      </trkpt>
      <trkpt lat="47.245651" lon="11.279011">
        <ele>806</ele>
      </trkpt>
      <trkpt lat="47.245682" lon="11.279203">
        <ele>805</ele>
      </trkpt>
      <trkpt lat="47.245688" lon="11.279418">
        <ele>805.5</ele>
      </trkpt>
      <trkpt lat="47.245678" lon="11.280085">
        <ele>808</ele>
      </trkpt>
      <trkpt lat="47.245617" lon="11.280747">
        <ele>809.5</ele>
      </trkpt>
      <trkpt lat="47.245604" lon="11.280992">
        <ele>809.5</ele>
      </trkpt>
      <trkpt lat="47.245556" lon="11.281179">
        <ele>810</ele>
      </trkpt>
      <trkpt lat="47.245549" lon="11.281338">
        <ele>809.75</ele>
      </trkpt>
      <trkpt lat="47.245542" lon="11.281571">
        <ele>809.25</ele>
      </trkpt>
      <trkpt lat="47.245496" lon="11.281692">
        <ele>810</ele>
      </trkpt>
      <trkpt lat="47.245441" lon="11.28178">
        <ele>810.25</ele>
      </trkpt>
      <trkpt lat="47.245298" lon="11.281902">
        <ele>812.75</ele>
      </trkpt>
      <trkpt lat="47.245184" lon="11.282056">
        <ele>814.25</ele>
      </trkpt>
      <trkpt lat="47.245156" lon="11.282102">
        <ele>815</ele>
      </trkpt>
      <trkpt lat="47.245156" lon="11.282102">
        <ele>815</ele>
      </trkpt>
      <trkpt lat="47.245076" lon="11.282239">
        <ele>815</ele>
      </trkpt>
      <trkpt lat="47.244885" lon="11.282678">
        <ele>814</ele>
      </trkpt>
      <trkpt lat="47.244853" lon="11.282928">
        <ele>813.25</ele>
      </trkpt>
      <trkpt lat="47.244867" lon="11.283989">
        <ele>811.25</ele>
      </trkpt>
      <trkpt lat="47.244865" lon="11.284394">
        <ele>812.25</ele>
      </trkpt>
      <trkpt lat="47.244839" lon="11.284776">
        <ele>814.25</ele>
      </trkpt>
      <trkpt lat="47.244795" lon="11.285313">
        <ele>815.25</ele>
      </trkpt>
      <trkpt lat="47.244795" lon="11.285496">
        <ele>815</ele>
      </trkpt>
      <trkpt lat="47.24477" lon="11.285498">
        <ele>796.31</ele>
      </trkpt>
      <trkpt lat="47.244795" lon="11.285496">
        <ele>815</ele>
      </trkpt>
      <trkpt lat="47.244796" lon="11.2856">
        <ele>815</ele>
      </trkpt>
      <trkpt lat="47.244807" lon="11.285673">
        <ele>814.75</ele>
      </trkpt>
      <trkpt lat="47.244785" lon="11.285806">
        <ele>815</ele>
      </trkpt>
      <trkpt lat="47.244847" lon="11.285978">
        <ele>812.75</ele>
      </trkpt>
      <trkpt lat="47.24504" lon="11.286166">
        <ele>808.25</ele>
      </trkpt>
      <trkpt lat="47.245114" lon="11.286219">
        <ele>806.75</ele>
      </trkpt>
      <trkpt lat="47.245167" lon="11.286272">
        <ele>805.5</ele>
      </trkpt>
      <trkpt lat="47.24522" lon="11.286324">
        <ele>804.5</ele>
      </trkpt>
      <trkpt lat="47.245341" lon="11.286353">
        <ele>803</ele>
      </trkpt>
      <trkpt lat="47.24546" lon="11.286426">
        <ele>801.25</ele>
      </trkpt>
      <trkpt lat="47.245532" lon="11.286528">
        <ele>800</ele>
      </trkpt>
      <trkpt lat="47.245538" lon="11.286586">
        <ele>799.25</ele>
      </trkpt>
      <trkpt lat="47.245552" lon="11.286713">
        <ele>799.25</ele>
      </trkpt>
      <trkpt lat="47.245526" lon="11.286925">
        <ele>798.75</ele>
      </trkpt>
      <trkpt lat="47.245482" lon="11.287212">
        <ele>798.5</ele>
      </trkpt>
      <trkpt lat="47.245404" lon="11.2874">
        <ele>798.75</ele>
      </trkpt>
      <trkpt lat="47.245288" lon="11.287529">
        <ele>799.5</ele>
      </trkpt>
      <trkpt lat="47.245206" lon="11.28765">
        <ele>800.75</ele>
      </trkpt>
      <trkpt lat="47.245203" lon="11.287792">
        <ele>801.5</ele>
      </trkpt>
      <trkpt lat="47.245223" lon="11.287881">
        <ele>801.75</ele>
      </trkpt>
      <trkpt lat="47.245314" lon="11.28808">
        <ele>802</ele>
      </trkpt>
      <trkpt lat="47.245481" lon="11.288323">
        <ele>802.5</ele>
      </trkpt>
      <trkpt lat="47.245674" lon="11.288636">
        <ele>802.25</ele>
      </trkpt>
      <trkpt lat="47.245837" lon="11.288864">
        <ele>802</ele>
      </trkpt>
      <trkpt lat="47.245879" lon="11.288967">
        <ele>800.5</ele>
      </trkpt>
      <trkpt lat="47.245885" lon="11.289006">
        <ele>799.75</ele>
      </trkpt>
      <trkpt lat="47.245893" lon="11.289005">
        <ele>797.01</ele>
      </trkpt>
      <trkpt lat="47.245885" lon="11.289006">
        <ele>800.25</ele>
      </trkpt>
      <trkpt lat="47.245899" lon="11.2891">
        <ele>799.75</ele>
      </trkpt>
      <trkpt lat="47.245807" lon="11.289976">
        <ele>805</ele>
      </trkpt>
      <trkpt lat="47.245813" lon="11.290248">
        <ele>805.25</ele>
      </trkpt>
      <trkpt lat="47.245782" lon="11.29067">
        <ele>806</ele>
      </trkpt>
      <trkpt lat="47.245718" lon="11.290985">
        <ele>807.5</ele>
      </trkpt>
      <trkpt lat="47.245622" lon="11.291181">
        <ele>809</ele>
      </trkpt>
      <trkpt lat="47.245579" lon="11.291415">
        <ele>810</ele>
      </trkpt>
      <trkpt lat="47.245658" lon="11.291478">
        <ele>809.75</ele>
      </trkpt>
      <trkpt lat="47.245646" lon="11.291643">
        <ele>810.5</ele>
      </trkpt>
      <trkpt lat="47.245662" lon="11.291902">
        <ele>810.25</ele>
      </trkpt>
      <trkpt lat="47.245685" lon="11.292041">
        <ele>810.25</ele>
      </trkpt>
      <trkpt lat="47.245632" lon="11.292286">
        <ele>810</ele>
      </trkpt>
      <trkpt lat="47.245596" lon="11.292491">
        <ele>809.75</ele>
      </trkpt>
      <trkpt lat="47.245605" lon="11.292791">
        <ele>808</ele>
      </trkpt>
      <trkpt lat="47.245638" lon="11.29314">
        <ele>806</ele>
      </trkpt>
      <trkpt lat="47.24558" lon="11.294742">
        <ele>807</ele>
      </trkpt>
      <trkpt lat="47.245604" lon="11.294867">
        <ele>807.5</ele>
      </trkpt>
      <trkpt lat="47.245587" lon="11.295644">
        <ele>804</ele>
      </trkpt>
      <trkpt lat="47.245604" lon="11.295887">
        <ele>803.5</ele>
      </trkpt>
      <trkpt lat="47.245649" lon="11.29608">
        <ele>804.25</ele>
      </trkpt>
      <trkpt lat="47.245651" lon="11.296216">
        <ele>804.25</ele>
      </trkpt>
      <trkpt lat="47.245651" lon="11.296269">
        <ele>804</ele>
      </trkpt>
      <trkpt lat="47.245635" lon="11.296441">
        <ele>803.5</ele>
      </trkpt>
      <trkpt lat="47.245593" lon="11.296628">
        <ele>802.75</ele>
      </trkpt>
      <trkpt lat="47.245584" lon="11.296949">
        <ele>803.25</ele>
      </trkpt>
      <trkpt lat="47.245597" lon="11.29718">
        <ele>803.75</ele>
      </trkpt>
      <trkpt lat="47.245593" lon="11.297553">
        <ele>804.5</ele>
      </trkpt>
      <trkpt lat="47.245552" lon="11.297877">
        <ele>805.5</ele>
      </trkpt>
      <trkpt lat="47.245547" lon="11.298257">
        <ele>807</ele>
      </trkpt>
      <trkpt lat="47.245476" lon="11.298653">
        <ele>807.5</ele>
      </trkpt>
      <trkpt lat="47.245612" lon="11.298959">
        <ele>804.75</ele>
      </trkpt>
      <trkpt lat="47.245675" lon="11.299031">
        <ele>803.5</ele>
      </trkpt>
      <trkpt lat="47.245835" lon="11.299121">
        <ele>800</ele>
      </trkpt>
      <trkpt lat="47.245897" lon="11.299187">
        <ele>797</ele>
      </trkpt>
      <trkpt lat="47.245981" lon="11.299338">
        <ele>792.75</ele>
      </trkpt>
      <trkpt lat="47.246016" lon="11.299461">
        <ele>790.75</ele>
      </trkpt>
      <trkpt lat="47.245929" lon="11.299944">
        <ele>791.75</ele>
      </trkpt>
      <trkpt lat="47.245913" lon="11.300187">
        <ele>792</ele>
      </trkpt>
      <trkpt lat="47.245956" lon="11.300313">
        <ele>790.5</ele>
      </trkpt>
      <trkpt lat="47.245849" lon="11.300479">
        <ele>794.25</ele>
      </trkpt>
      <trkpt lat="47.245819" lon="11.300769">
        <ele>795.25</ele>
      </trkpt>
      <trkpt lat="47.245818" lon="11.30093">
        <ele>795.75</ele>
      </trkpt>
      <trkpt lat="47.245835" lon="11.301148">
        <ele>796.25</ele>
      </trkpt>
      <trkpt lat="47.245916" lon="11.301336">
        <ele>794.5</ele>
      </trkpt>
      <trkpt lat="47.245934" lon="11.301427">
        <ele>794.25</ele>
      </trkpt>
      <trkpt lat="47.245898" lon="11.301516">
        <ele>796</ele>
      </trkpt>
      <trkpt lat="47.245857" lon="11.301726">
        <ele>798.25</ele>
      </trkpt>
      <trkpt lat="47.245879" lon="11.302038">
        <ele>799.25</ele>
      </trkpt>
      <trkpt lat="47.245996" lon="11.302438">
        <ele>797.75</ele>
      </trkpt>
      <trkpt lat="47.246066" lon="11.302565">
        <ele>796.5</ele>
      </trkpt>
      <trkpt lat="47.246141" lon="11.302951">
        <ele>797.75</ele>
      </trkpt>
      <trkpt lat="47.246241" lon="11.303101">
        <ele>796.5</ele>
      </trkpt>
      <trkpt lat="47.246306" lon="11.303266">
        <ele>796.25</ele>
      </trkpt>
      <trkpt lat="47.24631" lon="11.303521">
        <ele>797.5</ele>
      </trkpt>
      <trkpt lat="47.246291" lon="11.303781">
        <ele>799.25</ele>
      </trkpt>
      <trkpt lat="47.246303" lon="11.303841">
        <ele>798.75</ele>
      </trkpt>
      <trkpt lat="47.246344" lon="11.304044">
        <ele>798.75</ele>
      </trkpt>
      <trkpt lat="47.246341" lon="11.304237">
        <ele>799.25</ele>
      </trkpt>
      <trkpt lat="47.246288" lon="11.304438">
        <ele>800.25</ele>
      </trkpt>
      <trkpt lat="47.246217" lon="11.304618">
        <ele>802</ele>
      </trkpt>
      <trkpt lat="47.246062" lon="11.304928">
        <ele>805.75</ele>
      </trkpt>
      <trkpt lat="47.246041" lon="11.305125">
        <ele>805.25</ele>
      </trkpt>
      <trkpt lat="47.246044" lon="11.305337">
        <ele>803.75</ele>
      </trkpt>
      <trkpt lat="47.246045" lon="11.305471">
        <ele>803</ele>
      </trkpt>
      <trkpt lat="47.246027" lon="11.305751">
        <ele>801.25</ele>
      </trkpt>
      <trkpt lat="47.246087" lon="11.3059">
        <ele>800.5</ele>
      </trkpt>
      <trkpt lat="47.246086" lon="11.305903">
        <ele>794.02</ele>
      </trkpt>
      <trkpt lat="47.246097" lon="11.305924">
        <ele>793.72</ele>
      </trkpt>
      <trkpt lat="47.246291" lon="11.306329">
        <ele>791.4</ele>
      </trkpt>
      <trkpt lat="47.246315" lon="11.306614">
        <ele>793.63</ele>
      </trkpt>
      <trkpt lat="47.246381" lon="11.306882">
        <ele>799.27</ele>
      </trkpt>
      <trkpt lat="47.246376" lon="11.307005">
        <ele>802.26</ele>
      </trkpt>
      <trkpt lat="47.246386" lon="11.307078">
        <ele>804.35</ele>
      </trkpt>
      <trkpt lat="47.246516" lon="11.307373">
        <ele>813.71</ele>
      </trkpt>
      <trkpt lat="47.246595" lon="11.307481">
        <ele>815.89</ele>
      </trkpt>
      <trkpt lat="47.246646" lon="11.307561">
        <ele>816.26</ele>
      </trkpt>
      <trkpt lat="47.246919" lon="11.30785">
        <ele>809.45</ele>
      </trkpt>
      <trkpt lat="47.247279" lon="11.308483">
        <ele>802.11</ele>
      </trkpt>
      <trkpt lat="47.247448" lon="11.30858">
        <ele>798.53</ele>
      </trkpt>
      <trkpt lat="47.247485" lon="11.308623">
        <ele>797.62</ele>
      </trkpt>
      <trkpt lat="47.247509" lon="11.308702">
        <ele>797.18</ele>
      </trkpt>
      <trkpt lat="47.247557" lon="11.308801">
        <ele>795.64</ele>
      </trkpt>
      <trkpt lat="47.247828" lon="11.309175">
        <ele>781.42</ele>
      </trkpt>
      <trkpt lat="47.248115" lon="11.3097">
        <ele>764.26</ele>
      </trkpt>
      <trkpt lat="47.248115" lon="11.309842">
        <ele>764.22</ele>
      </trkpt>
      <trkpt lat="47.248176" lon="11.309988">
        <ele>761.6</ele>
      </trkpt>
      <trkpt lat="47.248194" lon="11.310098">
        <ele>760.91</ele>
      </trkpt>
      <trkpt lat="47.248248" lon="11.31029">
        <ele>759.06</ele>
      </trkpt>
      <trkpt lat="47.24826" lon="11.310509">
        <ele>758.42</ele>
      </trkpt>
      <trkpt lat="47.248352" lon="11.310832">
        <ele>754.44</ele>
      </trkpt>
      <trkpt lat="47.248358" lon="11.310953">
        <ele>753.46</ele>
      </trkpt>
      <trkpt lat="47.248389" lon="11.311089">
        <ele>751.47</ele>
      </trkpt>
      <trkpt lat="47.248413" lon="11.311466">
        <ele>746.43</ele>
      </trkpt>
      <trkpt lat="47.248536" lon="11.311834">
        <ele>734.33</ele>
      </trkpt>
      <trkpt lat="47.248584" lon="11.311959">
        <ele>729.02</ele>
      </trkpt>
      <trkpt lat="47.248637" lon="11.312248">
        <ele>719.2</ele>
      </trkpt>
      <trkpt lat="47.248699" lon="11.312479">
        <ele>712.76</ele>
      </trkpt>
      <trkpt lat="47.248747" lon="11.312612">
        <ele>710.12</ele>
      </trkpt>
      <trkpt lat="47.248967" lon="11.313287">
        <ele>707.41</ele>
      </trkpt>
      <trkpt lat="47.249045" lon="11.313323">
        <ele>708.5</ele>
      </trkpt>
      <trkpt lat="47.249085" lon="11.313117">
        <ele>708.1</ele>
      </trkpt>
      <trkpt lat="47.249164" lon="11.312958">
        <ele>706.52</ele>
      </trkpt>
      <trkpt lat="47.249299" lon="11.313032">
        <ele>705.03</ele>
      </trkpt>
      <trkpt lat="47.249613" lon="11.31312">
        <ele>697.08</ele>
      </trkpt>
      <trkpt lat="47.250037" lon="11.31345">
        <ele>682.89</ele>
      </trkpt>
      <trkpt lat="47.250491" lon="11.31373">
        <ele>663.86</ele>
      </trkpt>
      <trkpt lat="47.250542" lon="11.313536">
        <ele>660.52</ele>
      </trkpt>
      <trkpt lat="47.250666" lon="11.313662">
        <ele>655.7</ele>
      </trkpt>
      <trkpt lat="47.250686" lon="11.31337">
        <ele>651.37</ele>
      </trkpt>
      <trkpt lat="47.25075" lon="11.313279">
        <ele>646.47</ele>
      </trkpt>
      <trkpt lat="47.250777" lon="11.313024">
        <ele>639.43</ele>
      </trkpt>
      <trkpt lat="47.250813" lon="11.313072">
        <ele>638.63</ele>
      </trkpt>
      <trkpt lat="47.250892" lon="11.313123">
        <ele>635.5</ele>
      </trkpt>
      <trkpt lat="47.250892" lon="11.313052">
        <ele>633.83</ele>
      </trkpt>
      <trkpt lat="47.250878" lon="11.312934">
        <ele>631.79</ele>
      </trkpt>
      <trkpt lat="47.250911" lon="11.312965">
        <ele>630.67</ele>
      </trkpt>
      <trkpt lat="47.250993" lon="11.312987">
        <ele>626.38</ele>
      </trkpt>
      <trkpt lat="47.251012" lon="11.31303">
        <ele>626.25</ele>
      </trkpt>
      <trkpt lat="47.25099" lon="11.313121">
        <ele>629.7</ele>
      </trkpt>
      <trkpt lat="47.251019" lon="11.313237">
        <ele>630.45</ele>
      </trkpt>
      <trkpt lat="47.251087" lon="11.313392">
        <ele>629.09</ele>
      </trkpt>
      <trkpt lat="47.251194" lon="11.313484">
        <ele>623.92</ele>
      </trkpt>
      <trkpt lat="47.251182" lon="11.313692">
        <ele>628.03</ele>
      </trkpt>
      <trkpt lat="47.251125" lon="11.313884">
        <ele>634.51</ele>
      </trkpt>
      <trkpt lat="47.251219" lon="11.313967">
        <ele>630.24</ele>
      </trkpt>
      <trkpt lat="47.251352" lon="11.314012">
        <ele>623.19</ele>
      </trkpt>
      <trkpt lat="47.251355" lon="11.314081">
        <ele>624.3</ele>
      </trkpt>
      <trkpt lat="47.25133" lon="11.314154">
        <ele>627.15</ele>
      </trkpt>
      <trkpt lat="47.251324" lon="11.314274">
        <ele>630.03</ele>
      </trkpt>
      <trkpt lat="47.251368" lon="11.314415">
        <ele>630.99</ele>
      </trkpt>
      <trkpt lat="47.2515" lon="11.314785">
        <ele>633.8</ele>
      </trkpt>
      <trkpt lat="47.251595" lon="11.314822">
        <ele>630</ele>
      </trkpt>
      <trkpt lat="47.251631" lon="11.314959">
        <ele>631.09</ele>
      </trkpt>
      <trkpt lat="47.251685" lon="11.315026">
        <ele>629.46</ele>
      </trkpt>
      <trkpt lat="47.251709" lon="11.31511">
        <ele>629.36</ele>
      </trkpt>
      <trkpt lat="47.25165" lon="11.315266">
        <ele>634.3</ele>
      </trkpt>
      <trkpt lat="47.251674" lon="11.315505">
        <ele>635.03</ele>
      </trkpt>
      <trkpt lat="47.251705" lon="11.315632">
        <ele>634.3</ele>
      </trkpt>
      <trkpt lat="47.251835" lon="11.315844">
        <ele>628.29</ele>
      </trkpt>
      <trkpt lat="47.251876" lon="11.31592">
        <ele>626.46</ele>
      </trkpt>
      <trkpt lat="47.251868" lon="11.315972">
        <ele>627.68</ele>
      </trkpt>
      <trkpt lat="47.251692" lon="11.316203">
        <ele>641.94</ele>
      </trkpt>
      <trkpt lat="47.251678" lon="11.316269">
        <ele>643.63</ele>
      </trkpt>
      <trkpt lat="47.251714" lon="11.316324">
        <ele>642.43</ele>
      </trkpt>
      <trkpt lat="47.251823" lon="11.316381">
        <ele>636.41</ele>
      </trkpt>
      <trkpt lat="47.251935" lon="11.316471">
        <ele>629.35</ele>
      </trkpt>
      <trkpt lat="47.251944" lon="11.316523">
        <ele>628.95</ele>
      </trkpt>
      <trkpt lat="47.251908" lon="11.316611">
        <ele>631.6</ele>
      </trkpt>
      <trkpt lat="47.251886" lon="11.31672">
        <ele>632.38</ele>
      </trkpt>
      <trkpt lat="47.251882" lon="11.316846">
        <ele>630.33</ele>
      </trkpt>
      <trkpt lat="47.251835" lon="11.316964">
        <ele>629.86</ele>
      </trkpt>
      <trkpt lat="47.251603" lon="11.317146">
        <ele>634.73</ele>
      </trkpt>
      <trkpt lat="47.251385" lon="11.31735">
        <ele>639.26</ele>
      </trkpt>
      <trkpt lat="47.25137" lon="11.31741">
        <ele>638.99</ele>
      </trkpt>
      <trkpt lat="47.251378" lon="11.317459">
        <ele>637.96</ele>
      </trkpt>
      <trkpt lat="47.251439" lon="11.317517">
        <ele>634.23</ele>
      </trkpt>
      <trkpt lat="47.25153" lon="11.317569">
        <ele>629.33</ele>
      </trkpt>
      <trkpt lat="47.251593" lon="11.317635">
        <ele>626.47</ele>
      </trkpt>
      <trkpt lat="47.251969" lon="11.317839">
        <ele>612.7</ele>
      </trkpt>
      <trkpt lat="47.252007" lon="11.317878">
        <ele>611.58</ele>
      </trkpt>
      <trkpt lat="47.252035" lon="11.317924">
        <ele>610.94</ele>
      </trkpt>
      <trkpt lat="47.252049" lon="11.318017">
        <ele>611.48</ele>
      </trkpt>
      <trkpt lat="47.252033" lon="11.318127">
        <ele>613.67</ele>
      </trkpt>
      <trkpt lat="47.251977" lon="11.318217">
        <ele>617.81</ele>
      </trkpt>
      <trkpt lat="47.251826" lon="11.318344">
        <ele>627.8</ele>
      </trkpt>
      <trkpt lat="47.251744" lon="11.318399">
        <ele>632.99</ele>
      </trkpt>
      <trkpt lat="47.251624" lon="11.318415">
        <ele>639.3</ele>
      </trkpt>
      <trkpt lat="47.251589" lon="11.318462">
        <ele>641.89</ele>
      </trkpt>
      <trkpt lat="47.2516" lon="11.318513">
        <ele>642.18</ele>
      </trkpt>
      <trkpt lat="47.251634" lon="11.318557">
        <ele>641.17</ele>
      </trkpt>
      <trkpt lat="47.251677" lon="11.318583">
        <ele>639.41</ele>
      </trkpt>
      <trkpt lat="47.251806" lon="11.318631">
        <ele>632.85</ele>
      </trkpt>
      <trkpt lat="47.251908" lon="11.318687">
        <ele>627.03</ele>
      </trkpt>
      <trkpt lat="47.252115" lon="11.318949">
        <ele>614.04</ele>
      </trkpt>
      <trkpt lat="47.25212" lon="11.3192">
        <ele>613.43</ele>
      </trkpt>
      <trkpt lat="47.252228" lon="11.31938">
        <ele>605.22</ele>
      </trkpt>
      <trkpt lat="47.252236" lon="11.319425">
        <ele>604.53</ele>
      </trkpt>
      <trkpt lat="47.252238" lon="11.319552">
        <ele>603.82</ele>
      </trkpt>
      <trkpt lat="47.252247" lon="11.31962">
        <ele>602.97</ele>
      </trkpt>
      <trkpt lat="47.25228" lon="11.319692">
        <ele>600.94</ele>
      </trkpt>
      <trkpt lat="47.252285" lon="11.31987">
        <ele>599.74</ele>
      </trkpt>
      <trkpt lat="47.252276" lon="11.320035">
        <ele>598.8</ele>
      </trkpt>
      <trkpt lat="47.252286" lon="11.320138">
        <ele>597.25</ele>
      </trkpt>
      <trkpt lat="47.252385" lon="11.32033">
        <ele>591.81</ele>
      </trkpt>
      <trkpt lat="47.252403" lon="11.320315">
        <ele>591.57</ele>
      </trkpt>
      <trkpt lat="47.252422" lon="11.320008">
        <ele>594.12</ele>
      </trkpt>
      <trkpt lat="47.252439" lon="11.319992">
        <ele>593.7</ele>
      </trkpt>
      <trkpt lat="47.252461" lon="11.320001">
        <ele>593.03</ele>
      </trkpt>
      <trkpt lat="47.252519" lon="11.320219">
        <ele>590.05</ele>
      </trkpt>
      <trkpt lat="47.252543" lon="11.320368">
        <ele>588.08</ele>
      </trkpt>
      <trkpt lat="47.252551" lon="11.32053">
        <ele>586.29</ele>
      </trkpt>
      <trkpt lat="47.252585" lon="11.320581">
        <ele>585.37</ele>
      </trkpt>
      <trkpt lat="47.252623" lon="11.32066">
        <ele>584.35</ele>
      </trkpt>
      <trkpt lat="47.252605" lon="11.320384">
        <ele>586.93</ele>
      </trkpt>
      <trkpt lat="47.252608" lon="11.320266">
        <ele>587.96</ele>
      </trkpt>
      <trkpt lat="47.252646" lon="11.320079">
        <ele>588.56</ele>
      </trkpt>
      <trkpt lat="47.253429" lon="11.319318">
        <ele>581.66</ele>
      </trkpt>
      <trkpt lat="47.253488" lon="11.319191">
        <ele>581.6</ele>
      </trkpt>
      <trkpt lat="47.253557" lon="11.319208">
        <ele>581.6</ele>
      </trkpt>
      <trkpt lat="47.25358" lon="11.319213">
        <ele>581.61</ele>
      </trkpt>
      <trkpt lat="47.253606" lon="11.31922">
        <ele>581.65</ele>
      </trkpt>
      <trkpt lat="47.253641" lon="11.319442">
        <ele>581.55</ele>
      </trkpt>
      <trkpt lat="47.253711" lon="11.319534">
        <ele>581.58</ele>
      </trkpt>
      <trkpt lat="47.253794" lon="11.319581">
        <ele>581.7</ele>
      </trkpt>
      <trkpt lat="47.254064" lon="11.319434">
        <ele>582.59</ele>
      </trkpt>
      <trkpt lat="47.2544" lon="11.31913">
        <ele>582.8</ele>
      </trkpt>
      <trkpt lat="47.25441" lon="11.318998">
        <ele>582.83</ele>
      </trkpt>
      <trkpt lat="47.254478" lon="11.318991">
        <ele>582.72</ele>
      </trkpt>
      <trkpt lat="47.25478" lon="11.319536">
        <ele>582.33</ele>
      </trkpt>
      <trkpt lat="47.254805" lon="11.319579">
        <ele>582.38</ele>
      </trkpt>
      <trkpt lat="47.25483" lon="11.319624">
        <ele>582.45</ele>
      </trkpt>
      <trkpt lat="47.255108" lon="11.320117">
        <ele>583.11</ele>
      </trkpt>
      <trkpt lat="47.25503" lon="11.320239">
        <ele>582.84</ele>
      </trkpt>
      <trkpt lat="47.254975" lon="11.320348">
        <ele>582.6</ele>
      </trkpt>
      <trkpt lat="47.254912" lon="11.320537">
        <ele>582.25</ele>
      </trkpt>
      <trkpt lat="47.254881" lon="11.320688">
        <ele>582.07</ele>
      </trkpt>
      <trkpt lat="47.254845" lon="11.321033">
        <ele>582.15</ele>
      </trkpt>
      <trkpt lat="47.254835" lon="11.321139">
        <ele>582.29</ele>
      </trkpt>
    </trkseg>
  </trk>
</gpx>