<?xml version='1.0' encoding='utf-8'?>
<gpx xmlns="http://www.topografix.com/GPX/1/1" xmlns:xsi="http://www.w3.org/2001/XMLSchema-instance" version="1.1" creator="https://tiroltrailhead.com" xsi:schemaLocation="http://www.topografix.com/GPX/1/1 http://www.topografix.com/GPX/1/1/gpx.xsd">
  <metadata>
    <name>Sc_Je_Ma_Je__Trailspotting</name>
    <desc>This file contains a Trailspotting-Route with bike ride segments. For the transfers between bike ride segments, public transport is available (train or local bus services). See this site for details: https://tiroltrailhead.com/webmaps/trailspotting

If your application is having issues with opening this gpx file (some apps might have issues with opening files that contain more than one track) - use one of the following apps instead:
Apple: https://apps.apple.com/de/app/gaia-gps-wander-app/id1201979492
Android: https://play.google.com/store/apps/details?id=menion.android.locus.pro
Web: https://gpx.studio/de/app#0/0/0</desc>
    <author>
      <name>tiroltrailhead.com</name>
      <link href="https://tiroltrailhead.com" />
    </author>
  </metadata>
  <trk>
    <name>Segment 1</name>
    <trkseg>
      <name>Segment 1</name>
      <desc>distance: 15.8km, elevation_gain: 944m, elevation_loss: 921m, est_duration_moving: 02:16, est_duration_incl_pauses: 02:38, avg_km_per_hour: 6.0, avg_km_hr_moving: 7.0</desc>
      <trkpt lat="47.352119" lon="11.703068">
        <ele>536.74</ele>
      </trkpt>
      <trkpt lat="47.352118" lon="11.703045">
        <ele>536.71</ele>
      </trkpt>
      <trkpt lat="47.352124" lon="11.702913">
        <ele>536.48</ele>
      </trkpt>
      <trkpt lat="47.352158" lon="11.70263">
        <ele>536.06</ele>
      </trkpt>
      <trkpt lat="47.35217" lon="11.702561">
        <ele>536.01</ele>
      </trkpt>
      <trkpt lat="47.352199" lon="11.702465">
        <ele>535.98</ele>
      </trkpt>
      <trkpt lat="47.352379" lon="11.702009">
        <ele>536.6</ele>
      </trkpt>
      <trkpt lat="47.35242" lon="11.701925">
        <ele>536.76</ele>
      </trkpt>
      <trkpt lat="47.352518" lon="11.701721">
        <ele>536.99</ele>
      </trkpt>
      <trkpt lat="47.352721" lon="11.701333">
        <ele>536.44</ele>
      </trkpt>
      <trkpt lat="47.353024" lon="11.700808">
        <ele>535.95</ele>
      </trkpt>
      <trkpt lat="47.353044" lon="11.700773">
        <ele>535.99</ele>
      </trkpt>
      <trkpt lat="47.353163" lon="11.700571">
        <ele>536.35</ele>
      </trkpt>
      <trkpt lat="47.3532" lon="11.700507">
        <ele>536.48</ele>
      </trkpt>
      <trkpt lat="47.353219" lon="11.700473">
        <ele>536.55</ele>
      </trkpt>
      <trkpt lat="47.353257" lon="11.700495">
        <ele>536.51</ele>
      </trkpt>
      <trkpt lat="47.353298" lon="11.700498">
        <ele>536.5</ele>
      </trkpt>
      <trkpt lat="47.353337" lon="11.700483">
        <ele>536.52</ele>
      </trkpt>
      <trkpt lat="47.353371" lon="11.700451">
        <ele>536.56</ele>
      </trkpt>
      <trkpt lat="47.353397" lon="11.700404">
        <ele>536.61</ele>
      </trkpt>
      <trkpt lat="47.353412" lon="11.700348">
        <ele>536.66</ele>
      </trkpt>
      <trkpt lat="47.353414" lon="11.700291">
        <ele>536.72</ele>
      </trkpt>
      <trkpt lat="47.353404" lon="11.700235">
        <ele>536.78</ele>
      </trkpt>
      <trkpt lat="47.353384" lon="11.700185">
        <ele>536.85</ele>
      </trkpt>
      <trkpt lat="47.353355" lon="11.700147">
        <ele>536.92</ele>
      </trkpt>
      <trkpt lat="47.353386" lon="11.700074">
        <ele>536.91</ele>
      </trkpt>
      <trkpt lat="47.353401" lon="11.70004">
        <ele>536.89</ele>
      </trkpt>
      <trkpt lat="47.353448" lon="11.699911">
        <ele>536.8</ele>
      </trkpt>
      <trkpt lat="47.353522" lon="11.699654">
        <ele>536.6</ele>
      </trkpt>
      <trkpt lat="47.353621" lon="11.699251">
        <ele>536.92</ele>
      </trkpt>
      <trkpt lat="47.35384" lon="11.698248">
        <ele>540.7</ele>
      </trkpt>
      <trkpt lat="47.353909" lon="11.697971">
        <ele>542.76</ele>
      </trkpt>
      <trkpt lat="47.353998" lon="11.697798">
        <ele>543.75</ele>
      </trkpt>
      <trkpt lat="47.354106" lon="11.697675">
        <ele>544.44</ele>
      </trkpt>
      <trkpt lat="47.354266" lon="11.69759">
        <ele>545.97</ele>
      </trkpt>
      <trkpt lat="47.35439" lon="11.697585">
        <ele>547.51</ele>
      </trkpt>
      <trkpt lat="47.354551" lon="11.697648">
        <ele>549.41</ele>
      </trkpt>
      <trkpt lat="47.354613" lon="11.697706">
        <ele>549.83</ele>
      </trkpt>
      <trkpt lat="47.35506" lon="11.698123">
        <ele>549.37</ele>
      </trkpt>
      <trkpt lat="47.355178" lon="11.698195">
        <ele>549.45</ele>
      </trkpt>
      <trkpt lat="47.355314" lon="11.698215">
        <ele>550.63</ele>
      </trkpt>
      <trkpt lat="47.355438" lon="11.698199">
        <ele>552.25</ele>
      </trkpt>
      <trkpt lat="47.355496" lon="11.698173">
        <ele>553.22</ele>
      </trkpt>
      <trkpt lat="47.355614" lon="11.698072">
        <ele>555.59</ele>
      </trkpt>
      <trkpt lat="47.355655" lon="11.69802">
        <ele>556.49</ele>
      </trkpt>
      <trkpt lat="47.355697" lon="11.697953">
        <ele>557.48</ele>
      </trkpt>
      <trkpt lat="47.355794" lon="11.697719">
        <ele>560.08</ele>
      </trkpt>
      <trkpt lat="47.3558" lon="11.697692">
        <ele>560.33</ele>
      </trkpt>
      <trkpt lat="47.355824" lon="11.697506">
        <ele>561.89</ele>
      </trkpt>
      <trkpt lat="47.355828" lon="11.697371">
        <ele>562.92</ele>
      </trkpt>
      <trkpt lat="47.355807" lon="11.697222">
        <ele>563.82</ele>
      </trkpt>
      <trkpt lat="47.355705" lon="11.69696">
        <ele>565.26</ele>
      </trkpt>
      <trkpt lat="47.355532" lon="11.696768">
        <ele>566.82</ele>
      </trkpt>
      <trkpt lat="47.355413" lon="11.696639">
        <ele>568.18</ele>
      </trkpt>
      <trkpt lat="47.355404" lon="11.696611">
        <ele>568.43</ele>
      </trkpt>
      <trkpt lat="47.355339" lon="11.696401">
        <ele>570.13</ele>
      </trkpt>
      <trkpt lat="47.355338" lon="11.696226">
        <ele>571.29</ele>
      </trkpt>
      <trkpt lat="47.355338" lon="11.696186">
        <ele>571.55</ele>
      </trkpt>
      <trkpt lat="47.355414" lon="11.69595">
        <ele>573.43</ele>
      </trkpt>
      <trkpt lat="47.355524" lon="11.695874">
        <ele>574.61</ele>
      </trkpt>
      <trkpt lat="47.355774" lon="11.695947">
        <ele>575.44</ele>
      </trkpt>
      <trkpt lat="47.355903" lon="11.696007">
        <ele>575.73</ele>
      </trkpt>
      <trkpt lat="47.356269" lon="11.696179">
        <ele>577.57</ele>
      </trkpt>
      <trkpt lat="47.356381" lon="11.696171">
        <ele>578.92</ele>
      </trkpt>
      <trkpt lat="47.356504" lon="11.696057">
        <ele>581.2</ele>
      </trkpt>
      <trkpt lat="47.356739" lon="11.695803">
        <ele>584.62</ele>
      </trkpt>
      <trkpt lat="47.356872" lon="11.695635">
        <ele>585.99</ele>
      </trkpt>
      <trkpt lat="47.357137" lon="11.695314">
        <ele>589.22</ele>
      </trkpt>
      <trkpt lat="47.357269" lon="11.695156">
        <ele>591.72</ele>
      </trkpt>
      <trkpt lat="47.357373" lon="11.695061">
        <ele>593.81</ele>
      </trkpt>
      <trkpt lat="47.357548" lon="11.694902">
        <ele>597.39</ele>
      </trkpt>
      <trkpt lat="47.357674" lon="11.694664">
        <ele>600.47</ele>
      </trkpt>
      <trkpt lat="47.357727" lon="11.694541">
        <ele>601.88</ele>
      </trkpt>
      <trkpt lat="47.357762" lon="11.694462">
        <ele>602.84</ele>
      </trkpt>
      <trkpt lat="47.357876" lon="11.694234">
        <ele>606.33</ele>
      </trkpt>
      <trkpt lat="47.357884" lon="11.694127">
        <ele>607.57</ele>
      </trkpt>
      <trkpt lat="47.357874" lon="11.69376">
        <ele>611.88</ele>
      </trkpt>
      <trkpt lat="47.35785" lon="11.693132">
        <ele>620.1</ele>
      </trkpt>
      <trkpt lat="47.357816" lon="11.693043">
        <ele>621</ele>
      </trkpt>
      <trkpt lat="47.357753" lon="11.693122">
        <ele>619.18</ele>
      </trkpt>
      <trkpt lat="47.357727" lon="11.69312">
        <ele>618.93</ele>
      </trkpt>
      <trkpt lat="47.357753" lon="11.693122">
        <ele>619.18</ele>
      </trkpt>
      <trkpt lat="47.357816" lon="11.693043">
        <ele>621</ele>
      </trkpt>
      <trkpt lat="47.357893" lon="11.692949">
        <ele>623.02</ele>
      </trkpt>
      <trkpt lat="47.358168" lon="11.69279">
        <ele>627.15</ele>
      </trkpt>
      <trkpt lat="47.35847" lon="11.692766">
        <ele>630.97</ele>
      </trkpt>
      <trkpt lat="47.358572" lon="11.692776">
        <ele>632.15</ele>
      </trkpt>
      <trkpt lat="47.358641" lon="11.692796">
        <ele>632.9</ele>
      </trkpt>
      <trkpt lat="47.358718" lon="11.692837">
        <ele>633.75</ele>
      </trkpt>
      <trkpt lat="47.358777" lon="11.692891">
        <ele>634.45</ele>
      </trkpt>
      <trkpt lat="47.358825" lon="11.69296">
        <ele>635.12</ele>
      </trkpt>
      <trkpt lat="47.358859" lon="11.693065">
        <ele>635.72</ele>
      </trkpt>
      <trkpt lat="47.358891" lon="11.693318">
        <ele>636.97</ele>
      </trkpt>
      <trkpt lat="47.358906" lon="11.693399">
        <ele>637.74</ele>
      </trkpt>
      <trkpt lat="47.358876" lon="11.69343">
        <ele>637.21</ele>
      </trkpt>
      <trkpt lat="47.358835" lon="11.693502">
        <ele>636.77</ele>
      </trkpt>
      <trkpt lat="47.3588" lon="11.693607">
        <ele>636.85</ele>
      </trkpt>
      <trkpt lat="47.358784" lon="11.693701">
        <ele>637.39</ele>
      </trkpt>
      <trkpt lat="47.358787" lon="11.693799">
        <ele>638.64</ele>
      </trkpt>
      <trkpt lat="47.358803" lon="11.6939">
        <ele>640.44</ele>
      </trkpt>
      <trkpt lat="47.358849" lon="11.694059">
        <ele>643.94</ele>
      </trkpt>
      <trkpt lat="47.358905" lon="11.694198">
        <ele>646.95</ele>
      </trkpt>
      <trkpt lat="47.35897" lon="11.694338">
        <ele>649.38</ele>
      </trkpt>
      <trkpt lat="47.359044" lon="11.694466">
        <ele>651.39</ele>
      </trkpt>
      <trkpt lat="47.35911" lon="11.694549">
        <ele>652.97</ele>
      </trkpt>
      <trkpt lat="47.359209" lon="11.694628">
        <ele>655.31</ele>
      </trkpt>
      <trkpt lat="47.359468" lon="11.694833">
        <ele>659.39</ele>
      </trkpt>
      <trkpt lat="47.359792" lon="11.695168">
        <ele>664.36</ele>
      </trkpt>
      <trkpt lat="47.360247" lon="11.69573">
        <ele>672.28</ele>
      </trkpt>
      <trkpt lat="47.36086" lon="11.69677">
        <ele>683.61</ele>
      </trkpt>
      <trkpt lat="47.361175" lon="11.697275">
        <ele>693.86</ele>
      </trkpt>
      <trkpt lat="47.361478" lon="11.69794">
        <ele>700.88</ele>
      </trkpt>
      <trkpt lat="47.361771" lon="11.698366">
        <ele>710.26</ele>
      </trkpt>
      <trkpt lat="47.362045" lon="11.69881">
        <ele>713.88</ele>
      </trkpt>
      <trkpt lat="47.362269" lon="11.699229">
        <ele>718.3</ele>
      </trkpt>
      <trkpt lat="47.362204" lon="11.699212">
        <ele>714.3</ele>
      </trkpt>
      <trkpt lat="47.362269" lon="11.699229">
        <ele>718.3</ele>
      </trkpt>
      <trkpt lat="47.362674" lon="11.700006">
        <ele>728.56</ele>
      </trkpt>
      <trkpt lat="47.363108" lon="11.700926">
        <ele>736.45</ele>
      </trkpt>
      <trkpt lat="47.363448" lon="11.702118">
        <ele>740.86</ele>
      </trkpt>
      <trkpt lat="47.363658" lon="11.702511">
        <ele>740.93</ele>
      </trkpt>
      <trkpt lat="47.363816" lon="11.702777">
        <ele>745.59</ele>
      </trkpt>
      <trkpt lat="47.364258" lon="11.70278">
        <ele>759.58</ele>
      </trkpt>
      <trkpt lat="47.364322" lon="11.702794">
        <ele>760.44</ele>
      </trkpt>
      <trkpt lat="47.364454" lon="11.702823">
        <ele>761.09</ele>
      </trkpt>
      <trkpt lat="47.364763" lon="11.702884">
        <ele>758.52</ele>
      </trkpt>
      <trkpt lat="47.364924" lon="11.702891">
        <ele>756.77</ele>
      </trkpt>
      <trkpt lat="47.365051" lon="11.702876">
        <ele>756.36</ele>
      </trkpt>
      <trkpt lat="47.365794" lon="11.702715">
        <ele>759.3</ele>
      </trkpt>
      <trkpt lat="47.365983" lon="11.702657">
        <ele>760.24</ele>
      </trkpt>
      <trkpt lat="47.366151" lon="11.702595">
        <ele>760.1</ele>
      </trkpt>
      <trkpt lat="47.366234" lon="11.702542">
        <ele>760.22</ele>
      </trkpt>
      <trkpt lat="47.366305" lon="11.702472">
        <ele>760.62</ele>
      </trkpt>
      <trkpt lat="47.366369" lon="11.702373">
        <ele>761.58</ele>
      </trkpt>
      <trkpt lat="47.366396" lon="11.702287">
        <ele>762.74</ele>
      </trkpt>
      <trkpt lat="47.366414" lon="11.701498">
        <ele>774.03</ele>
      </trkpt>
      <trkpt lat="47.366407" lon="11.701384">
        <ele>775.02</ele>
      </trkpt>
      <trkpt lat="47.366389" lon="11.701272">
        <ele>776.19</ele>
      </trkpt>
      <trkpt lat="47.366355" lon="11.701117">
        <ele>777.79</ele>
      </trkpt>
      <trkpt lat="47.366309" lon="11.700974">
        <ele>779.34</ele>
      </trkpt>
      <trkpt lat="47.366175" lon="11.700699">
        <ele>781.76</ele>
      </trkpt>
      <trkpt lat="47.365773" lon="11.700089">
        <ele>774.67</ele>
      </trkpt>
      <trkpt lat="47.365682" lon="11.699917">
        <ele>775.88</ele>
      </trkpt>
      <trkpt lat="47.365296" lon="11.698953">
        <ele>782.86</ele>
      </trkpt>
      <trkpt lat="47.364923" lon="11.698125">
        <ele>780.02</ele>
      </trkpt>
      <trkpt lat="47.364769" lon="11.697737">
        <ele>784.51</ele>
      </trkpt>
      <trkpt lat="47.364731" lon="11.697591">
        <ele>785.45</ele>
      </trkpt>
      <trkpt lat="47.364642" lon="11.697089">
        <ele>787.27</ele>
      </trkpt>
      <trkpt lat="47.364586" lon="11.696897">
        <ele>788.59</ele>
      </trkpt>
      <trkpt lat="47.36437" lon="11.696321">
        <ele>791.1</ele>
      </trkpt>
      <trkpt lat="47.364193" lon="11.695804">
        <ele>789.98</ele>
      </trkpt>
      <trkpt lat="47.364128" lon="11.695587">
        <ele>790.61</ele>
      </trkpt>
      <trkpt lat="47.364074" lon="11.695348">
        <ele>791.82</ele>
      </trkpt>
      <trkpt lat="47.364069" lon="11.695246">
        <ele>792.36</ele>
      </trkpt>
      <trkpt lat="47.364083" lon="11.69516">
        <ele>792.91</ele>
      </trkpt>
      <trkpt lat="47.364122" lon="11.695096">
        <ele>793.63</ele>
      </trkpt>
      <trkpt lat="47.364166" lon="11.695052">
        <ele>794.52</ele>
      </trkpt>
      <trkpt lat="47.36421" lon="11.695046">
        <ele>795.33</ele>
      </trkpt>
      <trkpt lat="47.364273" lon="11.695061">
        <ele>796.61</ele>
      </trkpt>
      <trkpt lat="47.364329" lon="11.695103">
        <ele>797.69</ele>
      </trkpt>
      <trkpt lat="47.364547" lon="11.695366">
        <ele>801.2</ele>
      </trkpt>
      <trkpt lat="47.36484" lon="11.695754">
        <ele>803.34</ele>
      </trkpt>
      <trkpt lat="47.365049" lon="11.696006">
        <ele>803.13</ele>
      </trkpt>
      <trkpt lat="47.365184" lon="11.696195">
        <ele>802.08</ele>
      </trkpt>
      <trkpt lat="47.365358" lon="11.696499">
        <ele>800.62</ele>
      </trkpt>
      <trkpt lat="47.365407" lon="11.696554">
        <ele>801.21</ele>
      </trkpt>
      <trkpt lat="47.365468" lon="11.696584">
        <ele>802.81</ele>
      </trkpt>
      <trkpt lat="47.365537" lon="11.696592">
        <ele>805.2</ele>
      </trkpt>
      <trkpt lat="47.365658" lon="11.69658">
        <ele>810.02</ele>
      </trkpt>
      <trkpt lat="47.36577" lon="11.696597">
        <ele>813.94</ele>
      </trkpt>
      <trkpt lat="47.365959" lon="11.696665">
        <ele>820.07</ele>
      </trkpt>
      <trkpt lat="47.3662" lon="11.696711">
        <ele>830.57</ele>
      </trkpt>
      <trkpt lat="47.36626" lon="11.69675">
        <ele>832.75</ele>
      </trkpt>
      <trkpt lat="47.366318" lon="11.696821">
        <ele>834.22</ele>
      </trkpt>
      <trkpt lat="47.366354" lon="11.696879">
        <ele>834.84</ele>
      </trkpt>
      <trkpt lat="47.366445" lon="11.697141">
        <ele>834.02</ele>
      </trkpt>
      <trkpt lat="47.366507" lon="11.697276">
        <ele>833.64</ele>
      </trkpt>
      <trkpt lat="47.366544" lon="11.697341">
        <ele>833.47</ele>
      </trkpt>
      <trkpt lat="47.366582" lon="11.697389">
        <ele>833.53</ele>
      </trkpt>
      <trkpt lat="47.366657" lon="11.697448">
        <ele>833.98</ele>
      </trkpt>
      <trkpt lat="47.367012" lon="11.697609">
        <ele>832.64</ele>
      </trkpt>
      <trkpt lat="47.367096" lon="11.697605">
        <ele>832.53</ele>
      </trkpt>
      <trkpt lat="47.367171" lon="11.697579">
        <ele>832.66</ele>
      </trkpt>
      <trkpt lat="47.367287" lon="11.697495">
        <ele>833.31</ele>
      </trkpt>
      <trkpt lat="47.367349" lon="11.697438">
        <ele>833.94</ele>
      </trkpt>
      <trkpt lat="47.367408" lon="11.697353">
        <ele>835.16</ele>
      </trkpt>
      <trkpt lat="47.367443" lon="11.697279">
        <ele>836.38</ele>
      </trkpt>
      <trkpt lat="47.367481" lon="11.697176">
        <ele>838.28</ele>
      </trkpt>
      <trkpt lat="47.367536" lon="11.696968">
        <ele>842.45</ele>
      </trkpt>
      <trkpt lat="47.367579" lon="11.696864">
        <ele>844.89</ele>
      </trkpt>
      <trkpt lat="47.367628" lon="11.696797">
        <ele>846.87</ele>
      </trkpt>
      <trkpt lat="47.367687" lon="11.696755">
        <ele>848.75</ele>
      </trkpt>
      <trkpt lat="47.367743" lon="11.696737">
        <ele>850.31</ele>
      </trkpt>
      <trkpt lat="47.367819" lon="11.696731">
        <ele>852.31</ele>
      </trkpt>
      <trkpt lat="47.367885" lon="11.696754">
        <ele>853.71</ele>
      </trkpt>
      <trkpt lat="47.367967" lon="11.696797">
        <ele>855.38</ele>
      </trkpt>
      <trkpt lat="47.36803" lon="11.696845">
        <ele>856.57</ele>
      </trkpt>
      <trkpt lat="47.368078" lon="11.696912">
        <ele>857.28</ele>
      </trkpt>
      <trkpt lat="47.368114" lon="11.696995">
        <ele>857.72</ele>
      </trkpt>
      <trkpt lat="47.368181" lon="11.697187">
        <ele>859.22</ele>
      </trkpt>
      <trkpt lat="47.368251" lon="11.697356">
        <ele>861.53</ele>
      </trkpt>
      <trkpt lat="47.368333" lon="11.697526">
        <ele>863.94</ele>
      </trkpt>
      <trkpt lat="47.368376" lon="11.697654">
        <ele>865.1</ele>
      </trkpt>
      <trkpt lat="47.368398" lon="11.697755">
        <ele>865.8</ele>
      </trkpt>
      <trkpt lat="47.368406" lon="11.697864">
        <ele>866.17</ele>
      </trkpt>
      <trkpt lat="47.368409" lon="11.698082">
        <ele>866.46</ele>
      </trkpt>
      <trkpt lat="47.368429" lon="11.698156">
        <ele>866.85</ele>
      </trkpt>
      <trkpt lat="47.368462" lon="11.698223">
        <ele>867.42</ele>
      </trkpt>
      <trkpt lat="47.368528" lon="11.698302">
        <ele>868.44</ele>
      </trkpt>
      <trkpt lat="47.368619" lon="11.698379">
        <ele>869.78</ele>
      </trkpt>
      <trkpt lat="47.368716" lon="11.698424">
        <ele>871.37</ele>
      </trkpt>
      <trkpt lat="47.369015" lon="11.698524">
        <ele>876.57</ele>
      </trkpt>
      <trkpt lat="47.36921" lon="11.698673">
        <ele>880.59</ele>
      </trkpt>
      <trkpt lat="47.369443" lon="11.698985">
        <ele>884.13</ele>
      </trkpt>
      <trkpt lat="47.369614" lon="11.699251">
        <ele>883.63</ele>
      </trkpt>
      <trkpt lat="47.369993" lon="11.698571">
        <ele>890.72</ele>
      </trkpt>
      <trkpt lat="47.370038" lon="11.69843">
        <ele>892.88</ele>
      </trkpt>
      <trkpt lat="47.370049" lon="11.698232">
        <ele>895.5</ele>
      </trkpt>
      <trkpt lat="47.36998" lon="11.698035">
        <ele>896.83</ele>
      </trkpt>
      <trkpt lat="47.369817" lon="11.697649">
        <ele>899.69</ele>
      </trkpt>
      <trkpt lat="47.369623" lon="11.697346">
        <ele>899.14</ele>
      </trkpt>
      <trkpt lat="47.369499" lon="11.696705">
        <ele>902.75</ele>
      </trkpt>
      <trkpt lat="47.369671" lon="11.696084">
        <ele>916.21</ele>
      </trkpt>
      <trkpt lat="47.369655" lon="11.695743">
        <ele>918.91</ele>
      </trkpt>
      <trkpt lat="47.36955" lon="11.695346">
        <ele>921.86</ele>
      </trkpt>
      <trkpt lat="47.369512" lon="11.694946">
        <ele>928.41</ele>
      </trkpt>
      <trkpt lat="47.3696" lon="11.694416">
        <ele>934.63</ele>
      </trkpt>
      <trkpt lat="47.369828" lon="11.693795">
        <ele>939.13</ele>
      </trkpt>
      <trkpt lat="47.370084" lon="11.693443">
        <ele>941.97</ele>
      </trkpt>
      <trkpt lat="47.370224" lon="11.693289">
        <ele>943.81</ele>
      </trkpt>
      <trkpt lat="47.370647" lon="11.692779">
        <ele>950.17</ele>
      </trkpt>
      <trkpt lat="47.370974" lon="11.69237">
        <ele>953.69</ele>
      </trkpt>
      <trkpt lat="47.371375" lon="11.69207">
        <ele>958.25</ele>
      </trkpt>
      <trkpt lat="47.371494" lon="11.691964">
        <ele>961.02</ele>
      </trkpt>
      <trkpt lat="47.371665" lon="11.691812">
        <ele>963.88</ele>
      </trkpt>
      <trkpt lat="47.371846" lon="11.691469">
        <ele>970.15</ele>
      </trkpt>
      <trkpt lat="47.372073" lon="11.690937">
        <ele>984.29</ele>
      </trkpt>
      <trkpt lat="47.372453" lon="11.690515">
        <ele>990.05</ele>
      </trkpt>
      <trkpt lat="47.372712" lon="11.689778">
        <ele>994.88</ele>
      </trkpt>
      <trkpt lat="47.372949" lon="11.688833">
        <ele>1003.52</ele>
      </trkpt>
      <trkpt lat="47.373095" lon="11.687824">
        <ele>1014.15</ele>
      </trkpt>
      <trkpt lat="47.37311" lon="11.68752">
        <ele>1018.01</ele>
      </trkpt>
      <trkpt lat="47.373188" lon="11.687037">
        <ele>1021.81</ele>
      </trkpt>
      <trkpt lat="47.373373" lon="11.686614">
        <ele>1020.27</ele>
      </trkpt>
      <trkpt lat="47.373376" lon="11.686602">
        <ele>1020.36</ele>
      </trkpt>
      <trkpt lat="47.373373" lon="11.686614">
        <ele>1020.27</ele>
      </trkpt>
      <trkpt lat="47.373188" lon="11.687037">
        <ele>1021.81</ele>
      </trkpt>
      <trkpt lat="47.37311" lon="11.68752">
        <ele>1018.01</ele>
      </trkpt>
      <trkpt lat="47.373095" lon="11.687824">
        <ele>1014.15</ele>
      </trkpt>
      <trkpt lat="47.373277" lon="11.687368">
        <ele>1013.24</ele>
      </trkpt>
      <trkpt lat="47.37348" lon="11.687036">
        <ele>1010.39</ele>
      </trkpt>
      <trkpt lat="47.373573" lon="11.686823">
        <ele>1011.3</ele>
      </trkpt>
      <trkpt lat="47.373628" lon="11.6868">
        <ele>1010.52</ele>
      </trkpt>
      <trkpt lat="47.37381" lon="11.686183">
        <ele>1014.76</ele>
      </trkpt>
      <trkpt lat="47.373888" lon="11.685668">
        <ele>1019.01</ele>
      </trkpt>
      <trkpt lat="47.374075" lon="11.685048">
        <ele>1020.41</ele>
      </trkpt>
      <trkpt lat="47.374314" lon="11.684286">
        <ele>1020.26</ele>
      </trkpt>
      <trkpt lat="47.374437" lon="11.684181">
        <ele>1016.77</ele>
      </trkpt>
      <trkpt lat="47.374528" lon="11.683654">
        <ele>1015.75</ele>
      </trkpt>
      <trkpt lat="47.374555" lon="11.683505">
        <ele>1014.54</ele>
      </trkpt>
      <trkpt lat="47.374617" lon="11.683567">
        <ele>1010.13</ele>
      </trkpt>
      <trkpt lat="47.374593" lon="11.683928">
        <ele>1011.4</ele>
      </trkpt>
      <trkpt lat="47.374597" lon="11.684358">
        <ele>1008.34</ele>
      </trkpt>
      <trkpt lat="47.374634" lon="11.684795">
        <ele>1000.96</ele>
      </trkpt>
      <trkpt lat="47.374722" lon="11.685142">
        <ele>994.39</ele>
      </trkpt>
      <trkpt lat="47.374633" lon="11.685364">
        <ele>998.54</ele>
      </trkpt>
      <trkpt lat="47.374701" lon="11.685629">
        <ele>995.63</ele>
      </trkpt>
      <trkpt lat="47.374743" lon="11.685986">
        <ele>979.58</ele>
      </trkpt>
      <trkpt lat="47.374646" lon="11.686049">
        <ele>980.29</ele>
      </trkpt>
      <trkpt lat="47.37462" lon="11.686558">
        <ele>944.4</ele>
      </trkpt>
      <trkpt lat="47.374557" lon="11.686766">
        <ele>943.62</ele>
      </trkpt>
      <trkpt lat="47.374402" lon="11.686983">
        <ele>959.58</ele>
      </trkpt>
      <trkpt lat="47.37429" lon="11.687346">
        <ele>966.5</ele>
      </trkpt>
      <trkpt lat="47.374273" lon="11.687624">
        <ele>963.52</ele>
      </trkpt>
      <trkpt lat="47.374234" lon="11.687841">
        <ele>964.14</ele>
      </trkpt>
      <trkpt lat="47.374202" lon="11.688029">
        <ele>964.34</ele>
      </trkpt>
      <trkpt lat="47.374243" lon="11.688705">
        <ele>952.24</ele>
      </trkpt>
      <trkpt lat="47.374226" lon="11.688963">
        <ele>951.13</ele>
      </trkpt>
      <trkpt lat="47.37428" lon="11.689228">
        <ele>942.84</ele>
      </trkpt>
      <trkpt lat="47.374273" lon="11.689721">
        <ele>932.92</ele>
      </trkpt>
      <trkpt lat="47.374149" lon="11.689965">
        <ele>938.4</ele>
      </trkpt>
      <trkpt lat="47.37434" lon="11.690303">
        <ele>924.72</ele>
      </trkpt>
      <trkpt lat="47.374311" lon="11.690561">
        <ele>930.46</ele>
      </trkpt>
      <trkpt lat="47.374531" lon="11.690907">
        <ele>907.78</ele>
      </trkpt>
      <trkpt lat="47.374632" lon="11.691285">
        <ele>897.94</ele>
      </trkpt>
      <trkpt lat="47.374436" lon="11.691528">
        <ele>915.55</ele>
      </trkpt>
      <trkpt lat="47.374527" lon="11.691802">
        <ele>901.67</ele>
      </trkpt>
      <trkpt lat="47.374423" lon="11.692308">
        <ele>891.14</ele>
      </trkpt>
      <trkpt lat="47.37421" lon="11.692387">
        <ele>905.69</ele>
      </trkpt>
      <trkpt lat="47.374013" lon="11.692671">
        <ele>904.19</ele>
      </trkpt>
      <trkpt lat="47.37394" lon="11.692978">
        <ele>893.43</ele>
      </trkpt>
      <trkpt lat="47.373875" lon="11.693314">
        <ele>881.62</ele>
      </trkpt>
      <trkpt lat="47.373476" lon="11.693416">
        <ele>891.77</ele>
      </trkpt>
      <trkpt lat="47.373212" lon="11.69357">
        <ele>886.6</ele>
      </trkpt>
      <trkpt lat="47.373014" lon="11.693927">
        <ele>868.76</ele>
      </trkpt>
      <trkpt lat="47.372902" lon="11.694113">
        <ele>861.25</ele>
      </trkpt>
      <trkpt lat="47.372847" lon="11.694332">
        <ele>854.19</ele>
      </trkpt>
      <trkpt lat="47.372743" lon="11.694203">
        <ele>857.33</ele>
      </trkpt>
      <trkpt lat="47.372444" lon="11.694066">
        <ele>860.88</ele>
      </trkpt>
      <trkpt lat="47.372333" lon="11.694233">
        <ele>856.98</ele>
      </trkpt>
      <trkpt lat="47.372024" lon="11.694458">
        <ele>853.29</ele>
      </trkpt>
      <trkpt lat="47.372006" lon="11.69456">
        <ele>850.88</ele>
      </trkpt>
      <trkpt lat="47.372253" lon="11.694549">
        <ele>846.75</ele>
      </trkpt>
      <trkpt lat="47.372591" lon="11.694962">
        <ele>831.51</ele>
      </trkpt>
      <trkpt lat="47.372677" lon="11.695152">
        <ele>830.12</ele>
      </trkpt>
      <trkpt lat="47.372725" lon="11.695203">
        <ele>830.18</ele>
      </trkpt>
      <trkpt lat="47.372789" lon="11.695536">
        <ele>827.88</ele>
      </trkpt>
      <trkpt lat="47.372855" lon="11.695676">
        <ele>825.11</ele>
      </trkpt>
      <trkpt lat="47.372876" lon="11.695704">
        <ele>824.16</ele>
      </trkpt>
      <trkpt lat="47.37296" lon="11.695743">
        <ele>820.69</ele>
      </trkpt>
      <trkpt lat="47.37314" lon="11.695767">
        <ele>813.38</ele>
      </trkpt>
      <trkpt lat="47.373224" lon="11.695811">
        <ele>809.42</ele>
      </trkpt>
      <trkpt lat="47.373282" lon="11.695877">
        <ele>806.61</ele>
      </trkpt>
      <trkpt lat="47.373381" lon="11.695945">
        <ele>802.95</ele>
      </trkpt>
      <trkpt lat="47.373438" lon="11.696">
        <ele>801.07</ele>
      </trkpt>
      <trkpt lat="47.373521" lon="11.696078">
        <ele>798.38</ele>
      </trkpt>
      <trkpt lat="47.373614" lon="11.696129">
        <ele>794.41</ele>
      </trkpt>
      <trkpt lat="47.373614" lon="11.696064">
        <ele>793.32</ele>
      </trkpt>
      <trkpt lat="47.373627" lon="11.695996">
        <ele>791.92</ele>
      </trkpt>
      <trkpt lat="47.373669" lon="11.69593">
        <ele>789.72</ele>
      </trkpt>
      <trkpt lat="47.373766" lon="11.695873">
        <ele>785.78</ele>
      </trkpt>
      <trkpt lat="47.373864" lon="11.695784">
        <ele>783.45</ele>
      </trkpt>
      <trkpt lat="47.373933" lon="11.695627">
        <ele>785.14</ele>
      </trkpt>
      <trkpt lat="47.373992" lon="11.695447">
        <ele>788.82</ele>
      </trkpt>
      <trkpt lat="47.374211" lon="11.695136">
        <ele>792.02</ele>
      </trkpt>
      <trkpt lat="47.374885" lon="11.694357">
        <ele>786.59</ele>
      </trkpt>
      <trkpt lat="47.37506" lon="11.694338">
        <ele>787.61</ele>
      </trkpt>
      <trkpt lat="47.375134" lon="11.694338">
        <ele>791.01</ele>
      </trkpt>
      <trkpt lat="47.375253" lon="11.694311">
        <ele>799.65</ele>
      </trkpt>
      <trkpt lat="47.375372" lon="11.694232">
        <ele>810.53</ele>
      </trkpt>
      <trkpt lat="47.3755" lon="11.694064">
        <ele>820.74</ele>
      </trkpt>
      <trkpt lat="47.375585" lon="11.693694">
        <ele>814.07</ele>
      </trkpt>
      <trkpt lat="47.375637" lon="11.693497">
        <ele>805.45</ele>
      </trkpt>
      <trkpt lat="47.375691" lon="11.693417">
        <ele>800.61</ele>
      </trkpt>
      <trkpt lat="47.375799" lon="11.693399">
        <ele>796.73</ele>
      </trkpt>
      <trkpt lat="47.375938" lon="11.693507">
        <ele>800.25</ele>
      </trkpt>
      <trkpt lat="47.376052" lon="11.693527">
        <ele>800.82</ele>
      </trkpt>
      <trkpt lat="47.376167" lon="11.693522">
        <ele>800.6</ele>
      </trkpt>
      <trkpt lat="47.376294" lon="11.6936">
        <ele>805.06</ele>
      </trkpt>
      <trkpt lat="47.37644" lon="11.693591">
        <ele>806.39</ele>
      </trkpt>
      <trkpt lat="47.376527" lon="11.693543">
        <ele>807.15</ele>
      </trkpt>
      <trkpt lat="47.376747" lon="11.693272">
        <ele>819.05</ele>
      </trkpt>
      <trkpt lat="47.376788" lon="11.693299">
        <ele>820.18</ele>
      </trkpt>
      <trkpt lat="47.376795" lon="11.693382">
        <ele>818.81</ele>
      </trkpt>
      <trkpt lat="47.376657" lon="11.693814">
        <ele>821.12</ele>
      </trkpt>
      <trkpt lat="47.376436" lon="11.694212">
        <ele>835.51</ele>
      </trkpt>
      <trkpt lat="47.376325" lon="11.694281">
        <ele>840.2</ele>
      </trkpt>
      <trkpt lat="47.376117" lon="11.694302">
        <ele>846.98</ele>
      </trkpt>
      <trkpt lat="47.376108" lon="11.694373">
        <ele>848.78</ele>
      </trkpt>
      <trkpt lat="47.376152" lon="11.694457">
        <ele>849.26</ele>
      </trkpt>
      <trkpt lat="47.376208" lon="11.694447">
        <ele>847.66</ele>
      </trkpt>
      <trkpt lat="47.376397" lon="11.694462">
        <ele>843.27</ele>
      </trkpt>
      <trkpt lat="47.376522" lon="11.694552">
        <ele>844.53</ele>
      </trkpt>
      <trkpt lat="47.37665" lon="11.694555">
        <ele>846.61</ele>
      </trkpt>
      <trkpt lat="47.376558" lon="11.694633">
        <ele>847.07</ele>
      </trkpt>
      <trkpt lat="47.376408" lon="11.69469">
        <ele>848.75</ele>
      </trkpt>
      <trkpt lat="47.375978" lon="11.694936">
        <ele>854.56</ele>
      </trkpt>
      <trkpt lat="47.37579" lon="11.695254">
        <ele>852.85</ele>
      </trkpt>
      <trkpt lat="47.375655" lon="11.69543">
        <ele>846.65</ele>
      </trkpt>
      <trkpt lat="47.375624" lon="11.695758">
        <ele>849.51</ele>
      </trkpt>
      <trkpt lat="47.375597" lon="11.695889">
        <ele>848.69</ele>
      </trkpt>
      <trkpt lat="47.375535" lon="11.696413">
        <ele>846.72</ele>
      </trkpt>
      <trkpt lat="47.375556" lon="11.696577">
        <ele>848.9</ele>
      </trkpt>
      <trkpt lat="47.375734" lon="11.69674">
        <ele>861.44</ele>
      </trkpt>
      <trkpt lat="47.37579" lon="11.696881">
        <ele>865.59</ele>
      </trkpt>
      <trkpt lat="47.375796" lon="11.69695">
        <ele>866.35</ele>
      </trkpt>
      <trkpt lat="47.375782" lon="11.697054">
        <ele>866.19</ele>
      </trkpt>
      <trkpt lat="47.375625" lon="11.697544">
        <ele>858.84</ele>
      </trkpt>
      <trkpt lat="47.375622" lon="11.697566">
        <ele>858.74</ele>
      </trkpt>
      <trkpt lat="47.37555" lon="11.698182">
        <ele>856.61</ele>
      </trkpt>
      <trkpt lat="47.375457" lon="11.698548">
        <ele>851.1</ele>
      </trkpt>
      <trkpt lat="47.375389" lon="11.698903">
        <ele>847.87</ele>
      </trkpt>
      <trkpt lat="47.375361" lon="11.699523">
        <ele>852.19</ele>
      </trkpt>
      <trkpt lat="47.375337" lon="11.699845">
        <ele>853.78</ele>
      </trkpt>
      <trkpt lat="47.375333" lon="11.69998">
        <ele>853.26</ele>
      </trkpt>
      <trkpt lat="47.375344" lon="11.70011">
        <ele>852.34</ele>
      </trkpt>
      <trkpt lat="47.37548" lon="11.700308">
        <ele>857.44</ele>
      </trkpt>
      <trkpt lat="47.375522" lon="11.700411">
        <ele>857.88</ele>
      </trkpt>
      <trkpt lat="47.375522" lon="11.700548">
        <ele>854.35</ele>
      </trkpt>
      <trkpt lat="47.375484" lon="11.700633">
        <ele>849.07</ele>
      </trkpt>
      <trkpt lat="47.375408" lon="11.700657">
        <ele>841.96</ele>
      </trkpt>
      <trkpt lat="47.375366" lon="11.700799">
        <ele>834.41</ele>
      </trkpt>
      <trkpt lat="47.375408" lon="11.700991">
        <ele>834.02</ele>
      </trkpt>
      <trkpt lat="47.375421" lon="11.701154">
        <ele>831.82</ele>
      </trkpt>
      <trkpt lat="47.375503" lon="11.701408">
        <ele>837.6</ele>
      </trkpt>
      <trkpt lat="47.375643" lon="11.701705">
        <ele>852.46</ele>
      </trkpt>
      <trkpt lat="47.375803" lon="11.702095">
        <ele>860.58</ele>
      </trkpt>
      <trkpt lat="47.375926" lon="11.702467">
        <ele>860.56</ele>
      </trkpt>
      <trkpt lat="47.375909" lon="11.702699">
        <ele>857.25</ele>
      </trkpt>
      <trkpt lat="47.375926" lon="11.702997">
        <ele>857.88</ele>
      </trkpt>
      <trkpt lat="47.37591" lon="11.70349">
        <ele>857.2</ele>
      </trkpt>
      <trkpt lat="47.375914" lon="11.703982">
        <ele>858.74</ele>
      </trkpt>
      <trkpt lat="47.375896" lon="11.704335">
        <ele>856.6</ele>
      </trkpt>
      <trkpt lat="47.375919" lon="11.704656">
        <ele>855.84</ele>
      </trkpt>
      <trkpt lat="47.375973" lon="11.704938">
        <ele>857.34</ele>
      </trkpt>
      <trkpt lat="47.375985" lon="11.705115">
        <ele>856.63</ele>
      </trkpt>
      <trkpt lat="47.375977" lon="11.705508">
        <ele>851.58</ele>
      </trkpt>
      <trkpt lat="47.376014" lon="11.705716">
        <ele>852.44</ele>
      </trkpt>
      <trkpt lat="47.376046" lon="11.705819">
        <ele>854.19</ele>
      </trkpt>
      <trkpt lat="47.376044" lon="11.705904">
        <ele>853.98</ele>
      </trkpt>
      <trkpt lat="47.376018" lon="11.705966">
        <ele>852.33</ele>
      </trkpt>
      <trkpt lat="47.37597" lon="11.70603">
        <ele>849.2</ele>
      </trkpt>
      <trkpt lat="47.375949" lon="11.70613">
        <ele>848.32</ele>
      </trkpt>
      <trkpt lat="47.375958" lon="11.706995">
        <ele>849.81</ele>
      </trkpt>
      <trkpt lat="47.376" lon="11.707522">
        <ele>846.76</ele>
      </trkpt>
      <trkpt lat="47.376" lon="11.707919">
        <ele>842.94</ele>
      </trkpt>
      <trkpt lat="47.376012" lon="11.708055">
        <ele>842.48</ele>
      </trkpt>
      <trkpt lat="47.376053" lon="11.708219">
        <ele>843.74</ele>
      </trkpt>
      <trkpt lat="47.376113" lon="11.708305">
        <ele>846.8</ele>
      </trkpt>
      <trkpt lat="47.376154" lon="11.708381">
        <ele>848.8</ele>
      </trkpt>
      <trkpt lat="47.376154" lon="11.708493">
        <ele>848.3</ele>
      </trkpt>
      <trkpt lat="47.376134" lon="11.708606">
        <ele>846.62</ele>
      </trkpt>
      <trkpt lat="47.375755" lon="11.709378">
        <ele>825.97</ele>
      </trkpt>
      <trkpt lat="47.375647" lon="11.709599">
        <ele>824.69</ele>
      </trkpt>
      <trkpt lat="47.375444" lon="11.710038">
        <ele>811.87</ele>
      </trkpt>
      <trkpt lat="47.375273" lon="11.710477">
        <ele>797.51</ele>
      </trkpt>
      <trkpt lat="47.375266" lon="11.71068">
        <ele>794.89</ele>
      </trkpt>
      <trkpt lat="47.375362" lon="11.710993">
        <ele>788.83</ele>
      </trkpt>
      <trkpt lat="47.375546" lon="11.711424">
        <ele>773.07</ele>
      </trkpt>
      <trkpt lat="47.375641" lon="11.711546">
        <ele>770.37</ele>
      </trkpt>
      <trkpt lat="47.37616" lon="11.712027">
        <ele>763.59</ele>
      </trkpt>
      <trkpt lat="47.376268" lon="11.71217">
        <ele>759.49</ele>
      </trkpt>
      <trkpt lat="47.376351" lon="11.712431">
        <ele>751.12</ele>
      </trkpt>
      <trkpt lat="47.376379" lon="11.712709">
        <ele>743.41</ele>
      </trkpt>
      <trkpt lat="47.376325" lon="11.712784">
        <ele>739.67</ele>
      </trkpt>
      <trkpt lat="47.376438" lon="11.712904">
        <ele>740.62</ele>
      </trkpt>
      <trkpt lat="47.376381" lon="11.712949">
        <ele>737.4</ele>
      </trkpt>
      <trkpt lat="47.376373" lon="11.712987">
        <ele>736.28</ele>
      </trkpt>
      <trkpt lat="47.376329" lon="11.712947">
        <ele>735.31</ele>
      </trkpt>
      <trkpt lat="47.376291" lon="11.712944">
        <ele>733.85</ele>
      </trkpt>
      <trkpt lat="47.376282" lon="11.713012">
        <ele>731.75</ele>
      </trkpt>
      <trkpt lat="47.376149" lon="11.713057">
        <ele>724.7</ele>
      </trkpt>
      <trkpt lat="47.375938" lon="11.713082">
        <ele>715.01</ele>
      </trkpt>
      <trkpt lat="47.376022" lon="11.713214">
        <ele>715.26</ele>
      </trkpt>
      <trkpt lat="47.37598" lon="11.713287">
        <ele>712.47</ele>
      </trkpt>
      <trkpt lat="47.375672" lon="11.713412">
        <ele>700.9</ele>
      </trkpt>
      <trkpt lat="47.375354" lon="11.713393">
        <ele>692.32</ele>
      </trkpt>
      <trkpt lat="47.374935" lon="11.713411">
        <ele>681.72</ele>
      </trkpt>
      <trkpt lat="47.3748" lon="11.713334">
        <ele>678.15</ele>
      </trkpt>
      <trkpt lat="47.374447" lon="11.713131">
        <ele>672.68</ele>
      </trkpt>
      <trkpt lat="47.374377" lon="11.713494">
        <ele>664.36</ele>
      </trkpt>
      <trkpt lat="47.373937" lon="11.713743">
        <ele>651.75</ele>
      </trkpt>
      <trkpt lat="47.373805" lon="11.713724">
        <ele>647.45</ele>
      </trkpt>
      <trkpt lat="47.373615" lon="11.713805">
        <ele>638.01</ele>
      </trkpt>
      <trkpt lat="47.37334" lon="11.713843">
        <ele>625.74</ele>
      </trkpt>
      <trkpt lat="47.37333" lon="11.714044">
        <ele>616.94</ele>
      </trkpt>
      <trkpt lat="47.373163" lon="11.714051">
        <ele>612.87</ele>
      </trkpt>
      <trkpt lat="47.373096" lon="11.714079">
        <ele>611.42</ele>
      </trkpt>
      <trkpt lat="47.373044" lon="11.714462">
        <ele>607.84</ele>
      </trkpt>
      <trkpt lat="47.373063" lon="11.714461">
        <ele>607.96</ele>
      </trkpt>
      <trkpt lat="47.373044" lon="11.714462">
        <ele>607.84</ele>
      </trkpt>
      <trkpt lat="47.372904" lon="11.714573">
        <ele>606.61</ele>
      </trkpt>
      <trkpt lat="47.372763" lon="11.714679">
        <ele>604.09</ele>
      </trkpt>
      <trkpt lat="47.372611" lon="11.714806">
        <ele>599.19</ele>
      </trkpt>
      <trkpt lat="47.372552" lon="11.714872">
        <ele>596.54</ele>
      </trkpt>
      <trkpt lat="47.372423" lon="11.715042">
        <ele>590.57</ele>
      </trkpt>
      <trkpt lat="47.372382" lon="11.71512">
        <ele>588.61</ele>
      </trkpt>
      <trkpt lat="47.372358" lon="11.715181">
        <ele>587.34</ele>
      </trkpt>
      <trkpt lat="47.372336" lon="11.715235">
        <ele>586.26</ele>
      </trkpt>
      <trkpt lat="47.372096" lon="11.715609">
        <ele>579.36</ele>
      </trkpt>
      <trkpt lat="47.372065" lon="11.715672">
        <ele>578.59</ele>
      </trkpt>
      <trkpt lat="47.372034" lon="11.715759">
        <ele>577.66</ele>
      </trkpt>
      <trkpt lat="47.372029" lon="11.715798">
        <ele>577.29</ele>
      </trkpt>
      <trkpt lat="47.372024" lon="11.715869">
        <ele>576.62</ele>
      </trkpt>
      <trkpt lat="47.372029" lon="11.715939">
        <ele>575.93</ele>
      </trkpt>
      <trkpt lat="47.372088" lon="11.716314">
        <ele>571.7</ele>
      </trkpt>
      <trkpt lat="47.372095" lon="11.716399">
        <ele>570.74</ele>
      </trkpt>
      <trkpt lat="47.372104" lon="11.716765">
        <ele>567.48</ele>
      </trkpt>
      <trkpt lat="47.372126" lon="11.717277">
        <ele>565.14</ele>
      </trkpt>
      <trkpt lat="47.372122" lon="11.717372">
        <ele>564.83</ele>
      </trkpt>
      <trkpt lat="47.372096" lon="11.717641">
        <ele>563.99</ele>
      </trkpt>
      <trkpt lat="47.372138" lon="11.717587">
        <ele>564.06</ele>
      </trkpt>
      <trkpt lat="47.372096" lon="11.717641">
        <ele>563.99</ele>
      </trkpt>
      <trkpt lat="47.372068" lon="11.717677">
        <ele>563.98</ele>
      </trkpt>
      <trkpt lat="47.371885" lon="11.717933">
        <ele>564</ele>
      </trkpt>
      <trkpt lat="47.371724" lon="11.718127">
        <ele>563.78</ele>
      </trkpt>
      <trkpt lat="47.371651" lon="11.718212">
        <ele>563.47</ele>
      </trkpt>
      <trkpt lat="47.371592" lon="11.718259">
        <ele>563.25</ele>
      </trkpt>
      <trkpt lat="47.371495" lon="11.718319">
        <ele>562.92</ele>
      </trkpt>
      <trkpt lat="47.371662" lon="11.718638">
        <ele>561.61</ele>
      </trkpt>
      <trkpt lat="47.371775" lon="11.718848">
        <ele>560.54</ele>
      </trkpt>
      <trkpt lat="47.371937" lon="11.719129">
        <ele>558.92</ele>
      </trkpt>
      <trkpt lat="47.372017" lon="11.719273">
        <ele>558.18</ele>
      </trkpt>
      <trkpt lat="47.372159" lon="11.71948">
        <ele>557.37</ele>
      </trkpt>
      <trkpt lat="47.372618" lon="11.720222">
        <ele>556.73</ele>
      </trkpt>
      <trkpt lat="47.372887" lon="11.720777">
        <ele>556.1</ele>
      </trkpt>
      <trkpt lat="47.373544" lon="11.722772">
        <ele>547.57</ele>
      </trkpt>
      <trkpt lat="47.3736" lon="11.722991">
        <ele>546.06</ele>
      </trkpt>
      <trkpt lat="47.373628" lon="11.723151">
        <ele>544.95</ele>
      </trkpt>
      <trkpt lat="47.373661" lon="11.723682">
        <ele>541.86</ele>
      </trkpt>
      <trkpt lat="47.3737" lon="11.724071">
        <ele>539.94</ele>
      </trkpt>
      <trkpt lat="47.373725" lon="11.724161">
        <ele>539.45</ele>
      </trkpt>
      <trkpt lat="47.373757" lon="11.724272">
        <ele>538.82</ele>
      </trkpt>
      <trkpt lat="47.373781" lon="11.724334">
        <ele>538.46</ele>
      </trkpt>
      <trkpt lat="47.37382" lon="11.724434">
        <ele>537.86</ele>
      </trkpt>
      <trkpt lat="47.373852" lon="11.724546">
        <ele>537.21</ele>
      </trkpt>
      <trkpt lat="47.373869" lon="11.724655">
        <ele>536.6</ele>
      </trkpt>
      <trkpt lat="47.373875" lon="11.724697">
        <ele>536.36</ele>
      </trkpt>
      <trkpt lat="47.373895" lon="11.724878">
        <ele>535.37</ele>
      </trkpt>
      <trkpt lat="47.373946" lon="11.724903">
        <ele>535.11</ele>
      </trkpt>
      <trkpt lat="47.374094" lon="11.725099">
        <ele>533.74</ele>
      </trkpt>
      <trkpt lat="47.374265" lon="11.724866">
        <ele>534.4</ele>
      </trkpt>
      <trkpt lat="47.374642" lon="11.724763">
        <ele>533.81</ele>
      </trkpt>
      <trkpt lat="47.374647" lon="11.724762">
        <ele>533.81</ele>
      </trkpt>
      <trkpt lat="47.374964" lon="11.724712">
        <ele>533.77</ele>
      </trkpt>
      <trkpt lat="47.375335" lon="11.724735">
        <ele>533.22</ele>
      </trkpt>
      <trkpt lat="47.375719" lon="11.724913">
        <ele>529.59</ele>
      </trkpt>
      <trkpt lat="47.376037" lon="11.725256">
        <ele>529.47</ele>
      </trkpt>
      <trkpt lat="47.376185" lon="11.725468">
        <ele>530.45</ele>
      </trkpt>
      <trkpt lat="47.376231" lon="11.725669">
        <ele>530.04</ele>
      </trkpt>
      <trkpt lat="47.37629" lon="11.725871">
        <ele>529.26</ele>
      </trkpt>
      <trkpt lat="47.376395" lon="11.726092">
        <ele>528.78</ele>
      </trkpt>
      <trkpt lat="47.376504" lon="11.726596">
        <ele>529.96</ele>
      </trkpt>
      <trkpt lat="47.376566" lon="11.726769">
        <ele>530.19</ele>
      </trkpt>
      <trkpt lat="47.376793" lon="11.727399">
        <ele>530.63</ele>
      </trkpt>
      <trkpt lat="47.377041" lon="11.727786">
        <ele>530.31</ele>
      </trkpt>
      <trkpt lat="47.377371" lon="11.728253">
        <ele>529.4</ele>
      </trkpt>
      <trkpt lat="47.377737" lon="11.728887">
        <ele>533.48</ele>
      </trkpt>
      <trkpt lat="47.378094" lon="11.729583">
        <ele>530.38</ele>
      </trkpt>
      <trkpt lat="47.378499" lon="11.730668">
        <ele>533.38</ele>
      </trkpt>
      <trkpt lat="47.378802" lon="11.73174">
        <ele>530.28</ele>
      </trkpt>
      <trkpt lat="47.378953" lon="11.732291">
        <ele>527.52</ele>
      </trkpt>
      <trkpt lat="47.379011" lon="11.732504">
        <ele>527.09</ele>
      </trkpt>
      <trkpt lat="47.379102" lon="11.732441">
        <ele>528.18</ele>
      </trkpt>
      <trkpt lat="47.379161" lon="11.732399">
        <ele>529.38</ele>
      </trkpt>
      <trkpt lat="47.379428" lon="11.733187">
        <ele>532.72</ele>
      </trkpt>
      <trkpt lat="47.379529" lon="11.735276">
        <ele>526.97</ele>
      </trkpt>
      <trkpt lat="47.379703" lon="11.736404">
        <ele>529.01</ele>
      </trkpt>
      <trkpt lat="47.380224" lon="11.737903">
        <ele>528.36</ele>
      </trkpt>
      <trkpt lat="47.380706" lon="11.739287">
        <ele>529.85</ele>
      </trkpt>
      <trkpt lat="47.381301" lon="11.738985">
        <ele>530.61</ele>
      </trkpt>
      <trkpt lat="47.381438" lon="11.738956">
        <ele>531.44</ele>
      </trkpt>
      <trkpt lat="47.38152" lon="11.738908">
        <ele>532.73</ele>
      </trkpt>
      <trkpt lat="47.381539" lon="11.738977">
        <ele>531.69</ele>
      </trkpt>
      <trkpt lat="47.381822" lon="11.739953">
        <ele>531.44</ele>
      </trkpt>
      <trkpt lat="47.382046" lon="11.741007">
        <ele>535.41</ele>
      </trkpt>
      <trkpt lat="47.382074" lon="11.741139">
        <ele>535.5</ele>
      </trkpt>
      <trkpt lat="47.382244" lon="11.741929">
        <ele>532.58</ele>
      </trkpt>
      <trkpt lat="47.382573" lon="11.742844">
        <ele>528.6</ele>
      </trkpt>
      <trkpt lat="47.382941" lon="11.74333">
        <ele>526.96</ele>
      </trkpt>
      <trkpt lat="47.38335" lon="11.743739">
        <ele>528.37</ele>
      </trkpt>
      <trkpt lat="47.383812" lon="11.744131">
        <ele>523.98</ele>
      </trkpt>
      <trkpt lat="47.384313" lon="11.7445">
        <ele>533.69</ele>
      </trkpt>
      <trkpt lat="47.384409" lon="11.744598">
        <ele>539.03</ele>
      </trkpt>
      <trkpt lat="47.384619" lon="11.744966">
        <ele>543.39</ele>
      </trkpt>
      <trkpt lat="47.384676" lon="11.74511">
        <ele>541.65</ele>
      </trkpt>
      <trkpt lat="47.385073" lon="11.745756">
        <ele>533.14</ele>
      </trkpt>
      <trkpt lat="47.385189" lon="11.746021">
        <ele>532.55</ele>
      </trkpt>
      <trkpt lat="47.385318" lon="11.746213">
        <ele>533.5</ele>
      </trkpt>
      <trkpt lat="47.385433" lon="11.746366">
        <ele>532.22</ele>
      </trkpt>
      <trkpt lat="47.385655" lon="11.746497">
        <ele>531.07</ele>
      </trkpt>
      <trkpt lat="47.385802" lon="11.746543">
        <ele>532.54</ele>
      </trkpt>
      <trkpt lat="47.385962" lon="11.746616">
        <ele>535.47</ele>
      </trkpt>
      <trkpt lat="47.386125" lon="11.74679">
        <ele>537.31</ele>
      </trkpt>
      <trkpt lat="47.38647" lon="11.747185">
        <ele>536.22</ele>
      </trkpt>
      <trkpt lat="47.386558" lon="11.747348">
        <ele>531.9</ele>
      </trkpt>
      <trkpt lat="47.386606" lon="11.747511">
        <ele>528.11</ele>
      </trkpt>
      <trkpt lat="47.386604" lon="11.74779">
        <ele>525.58</ele>
      </trkpt>
      <trkpt lat="47.386553" lon="11.748181">
        <ele>528.52</ele>
      </trkpt>
      <trkpt lat="47.386576" lon="11.748564">
        <ele>529.51</ele>
      </trkpt>
      <trkpt lat="47.38671" lon="11.748891">
        <ele>530.12</ele>
      </trkpt>
      <trkpt lat="47.38681" lon="11.749031">
        <ele>530.44</ele>
      </trkpt>
      <trkpt lat="47.386829" lon="11.749056">
        <ele>530.46</ele>
      </trkpt>
      <trkpt lat="47.386963" lon="11.749208">
        <ele>530.29</ele>
      </trkpt>
      <trkpt lat="47.387468" lon="11.749683">
        <ele>531.79</ele>
      </trkpt>
      <trkpt lat="47.387569" lon="11.749853">
        <ele>533.8</ele>
      </trkpt>
      <trkpt lat="47.387614" lon="11.75001">
        <ele>534.11</ele>
      </trkpt>
      <trkpt lat="47.387722" lon="11.75049">
        <ele>536.62</ele>
      </trkpt>
      <trkpt lat="47.387853" lon="11.750832">
        <ele>537.99</ele>
      </trkpt>
      <trkpt lat="47.388271" lon="11.751638">
        <ele>527.03</ele>
      </trkpt>
      <trkpt lat="47.388634" lon="11.752402">
        <ele>536.27</ele>
      </trkpt>
      <trkpt lat="47.388776" lon="11.752899">
        <ele>533.56</ele>
      </trkpt>
      <trkpt lat="47.388807" lon="11.753277">
        <ele>530.94</ele>
      </trkpt>
      <trkpt lat="47.388843" lon="11.75349">
        <ele>529.46</ele>
      </trkpt>
      <trkpt lat="47.388933" lon="11.75376">
        <ele>528.13</ele>
      </trkpt>
      <trkpt lat="47.389049" lon="11.753976">
        <ele>528</ele>
      </trkpt>
      <trkpt lat="47.389153" lon="11.754131">
        <ele>528.92</ele>
      </trkpt>
      <trkpt lat="47.389243" lon="11.754265">
        <ele>530.21</ele>
      </trkpt>
      <trkpt lat="47.389497" lon="11.754589">
        <ele>532.54</ele>
      </trkpt>
      <trkpt lat="47.38977" lon="11.75497">
        <ele>529.65</ele>
      </trkpt>
      <trkpt lat="47.390259" lon="11.756132">
        <ele>540.95</ele>
      </trkpt>
      <trkpt lat="47.390522" lon="11.756777">
        <ele>542.82</ele>
      </trkpt>
      <trkpt lat="47.39057" lon="11.756936">
        <ele>541.5</ele>
      </trkpt>
      <trkpt lat="47.390633" lon="11.757223">
        <ele>538.4</ele>
      </trkpt>
      <trkpt lat="47.39075" lon="11.757704">
        <ele>536.31</ele>
      </trkpt>
      <trkpt lat="47.390793" lon="11.757728">
        <ele>537.49</ele>
      </trkpt>
      <trkpt lat="47.39081" lon="11.757776">
        <ele>537.81</ele>
      </trkpt>
      <trkpt lat="47.390842" lon="11.757987">
        <ele>538.29</ele>
      </trkpt>
      <trkpt lat="47.390936" lon="11.759066">
        <ele>543.58</ele>
      </trkpt>
      <trkpt lat="47.390954" lon="11.75917">
        <ele>544</ele>
      </trkpt>
      <trkpt lat="47.391069" lon="11.75953">
        <ele>544.43</ele>
      </trkpt>
      <trkpt lat="47.391106" lon="11.759636">
        <ele>544.09</ele>
      </trkpt>
      <trkpt lat="47.391335" lon="11.760276">
        <ele>543.4</ele>
      </trkpt>
      <trkpt lat="47.391372" lon="11.760444">
        <ele>543.98</ele>
      </trkpt>
      <trkpt lat="47.391345" lon="11.760543">
        <ele>543.02</ele>
      </trkpt>
      <trkpt lat="47.391354" lon="11.760592">
        <ele>543.22</ele>
      </trkpt>
      <trkpt lat="47.391372" lon="11.760723">
        <ele>543.62</ele>
      </trkpt>
      <trkpt lat="47.391379" lon="11.760821">
        <ele>543.69</ele>
      </trkpt>
      <trkpt lat="47.39138" lon="11.761038">
        <ele>543.34</ele>
      </trkpt>
      <trkpt lat="47.391354" lon="11.761423">
        <ele>542.05</ele>
      </trkpt>
      <trkpt lat="47.391344" lon="11.761578">
        <ele>541.64</ele>
      </trkpt>
      <trkpt lat="47.391322" lon="11.76213">
        <ele>541.02</ele>
      </trkpt>
      <trkpt lat="47.391341" lon="11.762607">
        <ele>541.71</ele>
      </trkpt>
      <trkpt lat="47.391359" lon="11.762835">
        <ele>542.08</ele>
      </trkpt>
      <trkpt lat="47.391451" lon="11.763572">
        <ele>545</ele>
      </trkpt>
      <trkpt lat="47.391468" lon="11.763747">
        <ele>545.95</ele>
      </trkpt>
      <trkpt lat="47.391489" lon="11.763991">
        <ele>547.29</ele>
      </trkpt>
      <trkpt lat="47.391536" lon="11.764527">
        <ele>549.59</ele>
      </trkpt>
      <trkpt lat="47.391558" lon="11.764716">
        <ele>550.32</ele>
      </trkpt>
      <trkpt lat="47.391584" lon="11.764865">
        <ele>551.08</ele>
      </trkpt>
      <trkpt lat="47.391683" lon="11.765308">
        <ele>553.53</ele>
      </trkpt>
      <trkpt lat="47.391727" lon="11.765488">
        <ele>554.34</ele>
      </trkpt>
      <trkpt lat="47.39175" lon="11.765578">
        <ele>554.72</ele>
      </trkpt>
      <trkpt lat="47.391869" lon="11.766122">
        <ele>556.8</ele>
      </trkpt>
      <trkpt lat="47.391902" lon="11.766356">
        <ele>557.59</ele>
      </trkpt>
      <trkpt lat="47.391908" lon="11.766444">
        <ele>557.83</ele>
      </trkpt>
      <trkpt lat="47.391923" lon="11.766676">
        <ele>558.5</ele>
      </trkpt>
      <trkpt lat="47.39193" lon="11.766868">
        <ele>559.12</ele>
      </trkpt>
      <trkpt lat="47.391928" lon="11.767015">
        <ele>559.61</ele>
      </trkpt>
      <trkpt lat="47.391909" lon="11.76736">
        <ele>560.71</ele>
      </trkpt>
      <trkpt lat="47.391902" lon="11.767433">
        <ele>560.89</ele>
      </trkpt>
      <trkpt lat="47.391895" lon="11.767496">
        <ele>561.02</ele>
      </trkpt>
      <trkpt lat="47.391876" lon="11.767707">
        <ele>561.29</ele>
      </trkpt>
      <trkpt lat="47.391822" lon="11.768227">
        <ele>561.49</ele>
      </trkpt>
      <trkpt lat="47.391815" lon="11.768343">
        <ele>561.65</ele>
      </trkpt>
      <trkpt lat="47.391817" lon="11.768648">
        <ele>562.46</ele>
      </trkpt>
      <trkpt lat="47.391828" lon="11.768868">
        <ele>563.2</ele>
      </trkpt>
      <trkpt lat="47.391877" lon="11.769827">
        <ele>564.56</ele>
      </trkpt>
      <trkpt lat="47.39189" lon="11.770242">
        <ele>564.89</ele>
      </trkpt>
      <trkpt lat="47.391885" lon="11.770305">
        <ele>564.89</ele>
      </trkpt>
      <trkpt lat="47.391874" lon="11.770372">
        <ele>564.85</ele>
      </trkpt>
      <trkpt lat="47.391866" lon="11.770415">
        <ele>564.82</ele>
      </trkpt>
      <trkpt lat="47.391801" lon="11.770782">
        <ele>564.71</ele>
      </trkpt>
      <trkpt lat="47.391784" lon="11.770848">
        <ele>564.65</ele>
      </trkpt>
      <trkpt lat="47.391758" lon="11.770914">
        <ele>564.54</ele>
      </trkpt>
      <trkpt lat="47.391619" lon="11.771163">
        <ele>563.81</ele>
      </trkpt>
      <trkpt lat="47.39156" lon="11.771274">
        <ele>563.48</ele>
      </trkpt>
      <trkpt lat="47.391517" lon="11.771336">
        <ele>563.25</ele>
      </trkpt>
      <trkpt lat="47.39148" lon="11.771368">
        <ele>563.06</ele>
      </trkpt>
      <trkpt lat="47.391379" lon="11.771472">
        <ele>562.59</ele>
      </trkpt>
      <trkpt lat="47.391329" lon="11.771525">
        <ele>562.37</ele>
      </trkpt>
      <trkpt lat="47.391269" lon="11.771637">
        <ele>562.09</ele>
      </trkpt>
      <trkpt lat="47.391164" lon="11.771903">
        <ele>561.65</ele>
      </trkpt>
      <trkpt lat="47.391106" lon="11.772072">
        <ele>561.32</ele>
      </trkpt>
      <trkpt lat="47.391056" lon="11.772162">
        <ele>560.89</ele>
      </trkpt>
      <trkpt lat="47.391108" lon="11.772266">
        <ele>561.07</ele>
      </trkpt>
      <trkpt lat="47.391162" lon="11.772503">
        <ele>560.53</ele>
      </trkpt>
      <trkpt lat="47.391252" lon="11.772789">
        <ele>557.98</ele>
      </trkpt>
      <trkpt lat="47.391359" lon="11.772909">
        <ele>557.01</ele>
      </trkpt>
      <trkpt lat="47.39146" lon="11.773086">
        <ele>555.23</ele>
      </trkpt>
      <trkpt lat="47.391154" lon="11.773223">
        <ele>551.51</ele>
      </trkpt>
      <trkpt lat="47.391209" lon="11.773473">
        <ele>551.87</ele>
      </trkpt>
      <trkpt lat="47.391211" lon="11.773527">
        <ele>552.3</ele>
      </trkpt>
      <trkpt lat="47.391212" lon="11.773552">
        <ele>552.53</ele>
      </trkpt>
      <trkpt lat="47.391224" lon="11.77359">
        <ele>552.99</ele>
      </trkpt>
      <trkpt lat="47.391264" lon="11.773604">
        <ele>553.41</ele>
      </trkpt>
      <trkpt lat="47.391283" lon="11.773665">
        <ele>554.25</ele>
      </trkpt>
      <trkpt lat="47.391366" lon="11.773683">
        <ele>555.03</ele>
      </trkpt>
      <trkpt lat="47.391427" lon="11.773743">
        <ele>556.2</ele>
      </trkpt>
      <trkpt lat="47.391404" lon="11.773776">
        <ele>556.47</ele>
      </trkpt>
      <trkpt lat="47.391386" lon="11.773828">
        <ele>557.04</ele>
      </trkpt>
      <trkpt lat="47.391376" lon="11.773885">
        <ele>557.71</ele>
      </trkpt>
      <trkpt lat="47.391372" lon="11.773968">
        <ele>558.69</ele>
      </trkpt>
      <trkpt lat="47.39139" lon="11.774111">
        <ele>560.11</ele>
      </trkpt>
      <trkpt lat="47.391417" lon="11.774271">
        <ele>560.87</ele>
      </trkpt>
      <trkpt lat="47.391423" lon="11.774295">
        <ele>560.94</ele>
      </trkpt>
      <trkpt lat="47.391463" lon="11.774482">
        <ele>561.13</ele>
      </trkpt>
      <trkpt lat="47.391469" lon="11.77451">
        <ele>561.12</ele>
      </trkpt>
      <trkpt lat="47.391479" lon="11.774553">
        <ele>561.09</ele>
      </trkpt>
      <trkpt lat="47.391536" lon="11.774786">
        <ele>560.78</ele>
      </trkpt>
      <trkpt lat="47.391543" lon="11.774816">
        <ele>560.74</ele>
      </trkpt>
      <trkpt lat="47.391615" lon="11.77512">
        <ele>560.59</ele>
      </trkpt>
      <trkpt lat="47.391664" lon="11.775325">
        <ele>560.64</ele>
      </trkpt>
      <trkpt lat="47.391707" lon="11.775506">
        <ele>560.67</ele>
      </trkpt>
      <trkpt lat="47.391727" lon="11.775578">
        <ele>560.69</ele>
      </trkpt>
      <trkpt lat="47.391758" lon="11.775677">
        <ele>560.71</ele>
      </trkpt>
      <trkpt lat="47.391851" lon="11.775927">
        <ele>560.75</ele>
      </trkpt>
      <trkpt lat="47.391965" lon="11.776277">
        <ele>560.99</ele>
      </trkpt>
      <trkpt lat="47.391972" lon="11.776296">
        <ele>561.03</ele>
      </trkpt>
      <trkpt lat="47.392009" lon="11.776444">
        <ele>561.27</ele>
      </trkpt>
      <trkpt lat="47.392036" lon="11.776569">
        <ele>561.48</ele>
      </trkpt>
      <trkpt lat="47.392043" lon="11.776658">
        <ele>561.51</ele>
      </trkpt>
      <trkpt lat="47.392044" lon="11.77684">
        <ele>561.37</ele>
      </trkpt>
      <trkpt lat="47.392011" lon="11.777202">
        <ele>560.56</ele>
      </trkpt>
      <trkpt lat="47.392008" lon="11.77728">
        <ele>560.44</ele>
      </trkpt>
      <trkpt lat="47.392022" lon="11.77746">
        <ele>560.43</ele>
      </trkpt>
      <trkpt lat="47.392038" lon="11.777536">
        <ele>560.56</ele>
      </trkpt>
    </trkseg>
  </trk>
  <trk>
    <name>Segment 2</name>
    <trkseg>
      <name>Segment 2</name>
      <desc>distance: 14.3km, elevation_gain: 897m, elevation_loss: 1333m, est_duration_moving: 02:06, est_duration_incl_pauses: 02:27, avg_km_per_hour: 5.8, avg_km_hr_moving: 6.8</desc>
      <trkpt lat="47.413801" lon="11.764061">
        <ele>967.42</ele>
      </trkpt>
      <trkpt lat="47.413817" lon="11.764073">
        <ele>967.58</ele>
      </trkpt>
      <trkpt lat="47.413887" lon="11.764175">
        <ele>968.54</ele>
      </trkpt>
      <trkpt lat="47.413901" lon="11.764213">
        <ele>968.83</ele>
      </trkpt>
      <trkpt lat="47.413925" lon="11.764296">
        <ele>969.47</ele>
      </trkpt>
      <trkpt lat="47.413932" lon="11.764358">
        <ele>969.88</ele>
      </trkpt>
      <trkpt lat="47.413932" lon="11.764433">
        <ele>970.33</ele>
      </trkpt>
      <trkpt lat="47.413925" lon="11.7645">
        <ele>970.7</ele>
      </trkpt>
      <trkpt lat="47.413886" lon="11.764627">
        <ele>971.28</ele>
      </trkpt>
      <trkpt lat="47.413845" lon="11.764741">
        <ele>971.87</ele>
      </trkpt>
      <trkpt lat="47.413833" lon="11.764818">
        <ele>972.33</ele>
      </trkpt>
      <trkpt lat="47.413847" lon="11.764919">
        <ele>972.97</ele>
      </trkpt>
      <trkpt lat="47.413864" lon="11.764958">
        <ele>973.23</ele>
      </trkpt>
      <trkpt lat="47.413924" lon="11.765034">
        <ele>973.85</ele>
      </trkpt>
      <trkpt lat="47.413997" lon="11.765062">
        <ele>974.54</ele>
      </trkpt>
      <trkpt lat="47.41405" lon="11.764674">
        <ele>973.01</ele>
      </trkpt>
      <trkpt lat="47.4142" lon="11.764659">
        <ele>975.49</ele>
      </trkpt>
      <trkpt lat="47.414298" lon="11.764613">
        <ele>977.23</ele>
      </trkpt>
      <trkpt lat="47.414395" lon="11.76453">
        <ele>978.67</ele>
      </trkpt>
      <trkpt lat="47.414484" lon="11.764405">
        <ele>979.54</ele>
      </trkpt>
      <trkpt lat="47.41464" lon="11.764278">
        <ele>982.13</ele>
      </trkpt>
      <trkpt lat="47.414664" lon="11.764259">
        <ele>982.59</ele>
      </trkpt>
      <trkpt lat="47.414715" lon="11.764161">
        <ele>983.17</ele>
      </trkpt>
      <trkpt lat="47.414747" lon="11.763993">
        <ele>983.36</ele>
      </trkpt>
      <trkpt lat="47.414754" lon="11.763899">
        <ele>983.53</ele>
      </trkpt>
      <trkpt lat="47.414763" lon="11.763794">
        <ele>983.96</ele>
      </trkpt>
      <trkpt lat="47.414838" lon="11.763518">
        <ele>987.05</ele>
      </trkpt>
      <trkpt lat="47.414852" lon="11.763338">
        <ele>987.39</ele>
      </trkpt>
      <trkpt lat="47.414849" lon="11.763157">
        <ele>986.46</ele>
      </trkpt>
      <trkpt lat="47.414858" lon="11.762997">
        <ele>985.8</ele>
      </trkpt>
      <trkpt lat="47.41494" lon="11.76281">
        <ele>987.26</ele>
      </trkpt>
      <trkpt lat="47.415232" lon="11.762331">
        <ele>992.38</ele>
      </trkpt>
      <trkpt lat="47.415332" lon="11.762183">
        <ele>993.43</ele>
      </trkpt>
      <trkpt lat="47.415381" lon="11.762135">
        <ele>994.4</ele>
      </trkpt>
      <trkpt lat="47.415531" lon="11.761832">
        <ele>992.75</ele>
      </trkpt>
      <trkpt lat="47.415713" lon="11.761544">
        <ele>991.78</ele>
      </trkpt>
      <trkpt lat="47.415908" lon="11.761085">
        <ele>983.61</ele>
      </trkpt>
      <trkpt lat="47.415983" lon="11.761017">
        <ele>983</ele>
      </trkpt>
      <trkpt lat="47.416122" lon="11.760903">
        <ele>981.91</ele>
      </trkpt>
      <trkpt lat="47.416398" lon="11.76083">
        <ele>984.39</ele>
      </trkpt>
      <trkpt lat="47.416528" lon="11.760617">
        <ele>982.91</ele>
      </trkpt>
      <trkpt lat="47.416657" lon="11.760477">
        <ele>984.52</ele>
      </trkpt>
      <trkpt lat="47.416717" lon="11.760414">
        <ele>985.71</ele>
      </trkpt>
      <trkpt lat="47.416863" lon="11.760119">
        <ele>986.6</ele>
      </trkpt>
      <trkpt lat="47.416968" lon="11.759968">
        <ele>987.62</ele>
      </trkpt>
      <trkpt lat="47.417077" lon="11.759808">
        <ele>987.98</ele>
      </trkpt>
      <trkpt lat="47.417138" lon="11.759754">
        <ele>988.83</ele>
      </trkpt>
      <trkpt lat="47.41731" lon="11.75963">
        <ele>991.67</ele>
      </trkpt>
      <trkpt lat="47.417463" lon="11.759559">
        <ele>995.37</ele>
      </trkpt>
      <trkpt lat="47.417549" lon="11.759429">
        <ele>994.84</ele>
      </trkpt>
      <trkpt lat="47.417667" lon="11.759329">
        <ele>997.14</ele>
      </trkpt>
      <trkpt lat="47.417714" lon="11.75931">
        <ele>998.9</ele>
      </trkpt>
      <trkpt lat="47.418003" lon="11.758975">
        <ele>1004.21</ele>
      </trkpt>
      <trkpt lat="47.418186" lon="11.758607">
        <ele>1000.75</ele>
      </trkpt>
      <trkpt lat="47.418243" lon="11.758561">
        <ele>1001.68</ele>
      </trkpt>
      <trkpt lat="47.41845" lon="11.758329">
        <ele>1001.13</ele>
      </trkpt>
      <trkpt lat="47.418589" lon="11.758115">
        <ele>997.4</ele>
      </trkpt>
      <trkpt lat="47.418733" lon="11.758031">
        <ele>998.13</ele>
      </trkpt>
      <trkpt lat="47.418773" lon="11.757962">
        <ele>996.15</ele>
      </trkpt>
      <trkpt lat="47.418867" lon="11.757804">
        <ele>991.34</ele>
      </trkpt>
      <trkpt lat="47.418951" lon="11.757761">
        <ele>991.32</ele>
      </trkpt>
      <trkpt lat="47.418984" lon="11.75765">
        <ele>987.13</ele>
      </trkpt>
      <trkpt lat="47.419029" lon="11.757701">
        <ele>990.36</ele>
      </trkpt>
      <trkpt lat="47.419087" lon="11.757642">
        <ele>989.03</ele>
      </trkpt>
      <trkpt lat="47.419024" lon="11.75762">
        <ele>986.71</ele>
      </trkpt>
      <trkpt lat="47.419043" lon="11.757528">
        <ele>983.41</ele>
      </trkpt>
      <trkpt lat="47.419107" lon="11.757438">
        <ele>981.46</ele>
      </trkpt>
      <trkpt lat="47.419182" lon="11.757336">
        <ele>979.62</ele>
      </trkpt>
      <trkpt lat="47.419394" lon="11.757122">
        <ele>977.54</ele>
      </trkpt>
      <trkpt lat="47.419385" lon="11.7570835">
        <ele>976.3</ele>
      </trkpt>
      <trkpt lat="47.4204111" lon="11.7564878">
        <ele>976.2</ele>
      </trkpt>
      <trkpt lat="47.4222022" lon="11.7555637">
        <ele>975.88</ele>
      </trkpt>
      <trkpt lat="47.422205" lon="11.75561">
        <ele>977.28</ele>
      </trkpt>
      <trkpt lat="47.422346" lon="11.755589">
        <ele>978.55</ele>
      </trkpt>
      <trkpt lat="47.422472" lon="11.755664">
        <ele>982.85</ele>
      </trkpt>
      <trkpt lat="47.422524" lon="11.755643">
        <ele>982.97</ele>
      </trkpt>
      <trkpt lat="47.422669" lon="11.755593">
        <ele>983.84</ele>
      </trkpt>
      <trkpt lat="47.422744" lon="11.7556">
        <ele>985.53</ele>
      </trkpt>
      <trkpt lat="47.422848" lon="11.75561">
        <ele>987.96</ele>
      </trkpt>
      <trkpt lat="47.422992" lon="11.755588">
        <ele>990.06</ele>
      </trkpt>
      <trkpt lat="47.423071" lon="11.755564">
        <ele>990.73</ele>
      </trkpt>
      <trkpt lat="47.423122" lon="11.7556">
        <ele>992.9</ele>
      </trkpt>
      <trkpt lat="47.423534" lon="11.755592">
        <ele>997.42</ele>
      </trkpt>
      <trkpt lat="47.42358" lon="11.755592">
        <ele>997.65</ele>
      </trkpt>
      <trkpt lat="47.423885" lon="11.755641">
        <ele>999.84</ele>
      </trkpt>
      <trkpt lat="47.424075" lon="11.755619">
        <ele>1000.2</ele>
      </trkpt>
      <trkpt lat="47.424608" lon="11.755388">
        <ele>1003.5</ele>
      </trkpt>
      <trkpt lat="47.424739" lon="11.755351">
        <ele>1005.1</ele>
      </trkpt>
      <trkpt lat="47.424888" lon="11.755359">
        <ele>1007.72</ele>
      </trkpt>
      <trkpt lat="47.425025" lon="11.755407">
        <ele>1010.71</ele>
      </trkpt>
      <trkpt lat="47.425197" lon="11.755489">
        <ele>1014.46</ele>
      </trkpt>
      <trkpt lat="47.425383" lon="11.75564">
        <ele>1018.72</ele>
      </trkpt>
      <trkpt lat="47.425486" lon="11.755704">
        <ele>1020.53</ele>
      </trkpt>
      <trkpt lat="47.425554" lon="11.755685">
        <ele>1020.82</ele>
      </trkpt>
      <trkpt lat="47.42567" lon="11.755567">
        <ele>1020.83</ele>
      </trkpt>
      <trkpt lat="47.425766" lon="11.755508">
        <ele>1021.8</ele>
      </trkpt>
      <trkpt lat="47.425852" lon="11.755528">
        <ele>1023.18</ele>
      </trkpt>
      <trkpt lat="47.425933" lon="11.755561">
        <ele>1024.62</ele>
      </trkpt>
      <trkpt lat="47.426073" lon="11.755619">
        <ele>1027.34</ele>
      </trkpt>
      <trkpt lat="47.426213" lon="11.755546">
        <ele>1029.66</ele>
      </trkpt>
      <trkpt lat="47.42641" lon="11.755382">
        <ele>1033.17</ele>
      </trkpt>
      <trkpt lat="47.426592" lon="11.755373">
        <ele>1036.48</ele>
      </trkpt>
      <trkpt lat="47.426747" lon="11.755211">
        <ele>1038.38</ele>
      </trkpt>
      <trkpt lat="47.426848" lon="11.755151">
        <ele>1039.16</ele>
      </trkpt>
      <trkpt lat="47.42687" lon="11.755219">
        <ele>1039.79</ele>
      </trkpt>
      <trkpt lat="47.426914" lon="11.755655">
        <ele>1043.63</ele>
      </trkpt>
      <trkpt lat="47.427062" lon="11.755945">
        <ele>1050.06</ele>
      </trkpt>
      <trkpt lat="47.427071" lon="11.756114">
        <ele>1052.41</ele>
      </trkpt>
      <trkpt lat="47.427089" lon="11.756436">
        <ele>1057.63</ele>
      </trkpt>
      <trkpt lat="47.427112" lon="11.756566">
        <ele>1060.57</ele>
      </trkpt>
      <trkpt lat="47.427215" lon="11.756519">
        <ele>1060.79</ele>
      </trkpt>
      <trkpt lat="47.427307" lon="11.756354">
        <ele>1059.44</ele>
      </trkpt>
      <trkpt lat="47.427377" lon="11.756279">
        <ele>1059.68</ele>
      </trkpt>
      <trkpt lat="47.427499" lon="11.756209">
        <ele>1061.17</ele>
      </trkpt>
      <trkpt lat="47.427597" lon="11.756194">
        <ele>1062.69</ele>
      </trkpt>
      <trkpt lat="47.427679" lon="11.756254">
        <ele>1064.09</ele>
      </trkpt>
      <trkpt lat="47.427853" lon="11.756544">
        <ele>1067.37</ele>
      </trkpt>
      <trkpt lat="47.427948" lon="11.75663">
        <ele>1069.17</ele>
      </trkpt>
      <trkpt lat="47.428204" lon="11.756635">
        <ele>1072.92</ele>
      </trkpt>
      <trkpt lat="47.428234" lon="11.756724">
        <ele>1075.09</ele>
      </trkpt>
      <trkpt lat="47.428218" lon="11.756786">
        <ele>1076.07</ele>
      </trkpt>
      <trkpt lat="47.428187" lon="11.756847">
        <ele>1077.02</ele>
      </trkpt>
      <trkpt lat="47.428127" lon="11.756883">
        <ele>1077.09</ele>
      </trkpt>
      <trkpt lat="47.427883" lon="11.756889">
        <ele>1074.92</ele>
      </trkpt>
      <trkpt lat="47.427804" lon="11.756907">
        <ele>1075.03</ele>
      </trkpt>
      <trkpt lat="47.427745" lon="11.756971">
        <ele>1076.73</ele>
      </trkpt>
      <trkpt lat="47.427632" lon="11.757258">
        <ele>1086.03</ele>
      </trkpt>
      <trkpt lat="47.427447" lon="11.757434">
        <ele>1091.32</ele>
      </trkpt>
      <trkpt lat="47.427251" lon="11.757401">
        <ele>1089.89</ele>
      </trkpt>
      <trkpt lat="47.427179" lon="11.757407">
        <ele>1090.22</ele>
      </trkpt>
      <trkpt lat="47.426864" lon="11.75759">
        <ele>1097.4</ele>
      </trkpt>
      <trkpt lat="47.426819" lon="11.757631">
        <ele>1098.72</ele>
      </trkpt>
      <trkpt lat="47.426726" lon="11.757884">
        <ele>1105.8</ele>
      </trkpt>
      <trkpt lat="47.426685" lon="11.757939">
        <ele>1107.07</ele>
      </trkpt>
      <trkpt lat="47.426496" lon="11.758046">
        <ele>1108.86</ele>
      </trkpt>
      <trkpt lat="47.426002" lon="11.758326">
        <ele>1115.17</ele>
      </trkpt>
      <trkpt lat="47.425923" lon="11.75839">
        <ele>1116.85</ele>
      </trkpt>
      <trkpt lat="47.425717" lon="11.758628">
        <ele>1123.06</ele>
      </trkpt>
      <trkpt lat="47.425589" lon="11.758675">
        <ele>1122.53</ele>
      </trkpt>
      <trkpt lat="47.425569" lon="11.758756">
        <ele>1125.26</ele>
      </trkpt>
      <trkpt lat="47.425648" lon="11.758801">
        <ele>1128.45</ele>
      </trkpt>
      <trkpt lat="47.425942" lon="11.75876">
        <ele>1130.17</ele>
      </trkpt>
      <trkpt lat="47.426201" lon="11.758751">
        <ele>1130.25</ele>
      </trkpt>
      <trkpt lat="47.426342" lon="11.758798">
        <ele>1131.88</ele>
      </trkpt>
      <trkpt lat="47.42658" lon="11.75895">
        <ele>1138.14</ele>
      </trkpt>
      <trkpt lat="47.426734" lon="11.758984">
        <ele>1141.57</ele>
      </trkpt>
      <trkpt lat="47.426831" lon="11.758954">
        <ele>1142.43</ele>
      </trkpt>
      <trkpt lat="47.426941" lon="11.758859">
        <ele>1141.14</ele>
      </trkpt>
      <trkpt lat="47.42704" lon="11.758829">
        <ele>1142.23</ele>
      </trkpt>
      <trkpt lat="47.427874" lon="11.758736">
        <ele>1161.63</ele>
      </trkpt>
      <trkpt lat="47.428057" lon="11.758667">
        <ele>1163.52</ele>
      </trkpt>
      <trkpt lat="47.428433" lon="11.75868">
        <ele>1169.82</ele>
      </trkpt>
      <trkpt lat="47.42864" lon="11.758795">
        <ele>1173.58</ele>
      </trkpt>
      <trkpt lat="47.429014" lon="11.75915">
        <ele>1182.71</ele>
      </trkpt>
      <trkpt lat="47.429389" lon="11.759358">
        <ele>1190.63</ele>
      </trkpt>
      <trkpt lat="47.429716" lon="11.75945">
        <ele>1199.4</ele>
      </trkpt>
      <trkpt lat="47.429862" lon="11.759356">
        <ele>1199.3</ele>
      </trkpt>
      <trkpt lat="47.429954" lon="11.759233">
        <ele>1196.39</ele>
      </trkpt>
      <trkpt lat="47.43008" lon="11.759244">
        <ele>1196.56</ele>
      </trkpt>
      <trkpt lat="47.430206" lon="11.759285">
        <ele>1196.24</ele>
      </trkpt>
      <trkpt lat="47.430355" lon="11.75941">
        <ele>1197.94</ele>
      </trkpt>
      <trkpt lat="47.430597" lon="11.759406">
        <ele>1194.01</ele>
      </trkpt>
      <trkpt lat="47.430626" lon="11.759435">
        <ele>1195.15</ele>
      </trkpt>
      <trkpt lat="47.430621" lon="11.759501">
        <ele>1198.66</ele>
      </trkpt>
      <trkpt lat="47.430571" lon="11.759548">
        <ele>1201.49</ele>
      </trkpt>
      <trkpt lat="47.430171" lon="11.759541">
        <ele>1204.07</ele>
      </trkpt>
      <trkpt lat="47.430125" lon="11.759586">
        <ele>1205.35</ele>
      </trkpt>
      <trkpt lat="47.430092" lon="11.759844">
        <ele>1212.32</ele>
      </trkpt>
      <trkpt lat="47.430039" lon="11.759956">
        <ele>1216.19</ele>
      </trkpt>
      <trkpt lat="47.429891" lon="11.760094">
        <ele>1222.41</ele>
      </trkpt>
      <trkpt lat="47.429739" lon="11.760151">
        <ele>1224.71</ele>
      </trkpt>
      <trkpt lat="47.429403" lon="11.760119">
        <ele>1222.85</ele>
      </trkpt>
      <trkpt lat="47.429086" lon="11.760132">
        <ele>1232.79</ele>
      </trkpt>
      <trkpt lat="47.429064" lon="11.760201">
        <ele>1237.75</ele>
      </trkpt>
      <trkpt lat="47.429089" lon="11.76025">
        <ele>1238.73</ele>
      </trkpt>
      <trkpt lat="47.429336" lon="11.760271">
        <ele>1231.96</ele>
      </trkpt>
      <trkpt lat="47.429478" lon="11.760385">
        <ele>1237.81</ele>
      </trkpt>
      <trkpt lat="47.429677" lon="11.76057">
        <ele>1252.03</ele>
      </trkpt>
      <trkpt lat="47.429771" lon="11.760589">
        <ele>1254.85</ele>
      </trkpt>
      <trkpt lat="47.430595" lon="11.760555">
        <ele>1256.92</ele>
      </trkpt>
      <trkpt lat="47.431457" lon="11.760856">
        <ele>1258.08</ele>
      </trkpt>
      <trkpt lat="47.431486" lon="11.760974">
        <ele>1264.41</ele>
      </trkpt>
      <trkpt lat="47.431434" lon="11.761008">
        <ele>1267.28</ele>
      </trkpt>
      <trkpt lat="47.431241" lon="11.760976">
        <ele>1269.45</ele>
      </trkpt>
      <trkpt lat="47.430853" lon="11.760932">
        <ele>1274.83</ele>
      </trkpt>
      <trkpt lat="47.430617" lon="11.76099">
        <ele>1279.74</ele>
      </trkpt>
      <trkpt lat="47.430461" lon="11.76106">
        <ele>1283.67</ele>
      </trkpt>
      <trkpt lat="47.430342" lon="11.761169">
        <ele>1288.53</ele>
      </trkpt>
      <trkpt lat="47.429923" lon="11.761332">
        <ele>1295.75</ele>
      </trkpt>
      <trkpt lat="47.429758" lon="11.76142">
        <ele>1301.85</ele>
      </trkpt>
      <trkpt lat="47.429728" lon="11.761471">
        <ele>1305.07</ele>
      </trkpt>
      <trkpt lat="47.429751" lon="11.761508">
        <ele>1306.52</ele>
      </trkpt>
      <trkpt lat="47.429814" lon="11.761528">
        <ele>1306.2</ele>
      </trkpt>
      <trkpt lat="47.430018" lon="11.761484">
        <ele>1301.36</ele>
      </trkpt>
      <trkpt lat="47.43013" lon="11.761518">
        <ele>1302.43</ele>
      </trkpt>
      <trkpt lat="47.430247" lon="11.76157">
        <ele>1305</ele>
      </trkpt>
      <trkpt lat="47.430356" lon="11.761579">
        <ele>1306.06</ele>
      </trkpt>
      <trkpt lat="47.430511" lon="11.761541">
        <ele>1305.45</ele>
      </trkpt>
      <trkpt lat="47.430585" lon="11.76155">
        <ele>1306.33</ele>
      </trkpt>
      <trkpt lat="47.430699" lon="11.7616">
        <ele>1309.13</ele>
      </trkpt>
      <trkpt lat="47.430898" lon="11.761726">
        <ele>1314.18</ele>
      </trkpt>
      <trkpt lat="47.431523" lon="11.762475">
        <ele>1327.03</ele>
      </trkpt>
      <trkpt lat="47.431881" lon="11.762844">
        <ele>1331.26</ele>
      </trkpt>
      <trkpt lat="47.431893" lon="11.762966">
        <ele>1333.74</ele>
      </trkpt>
      <trkpt lat="47.431589" lon="11.762838">
        <ele>1336.12</ele>
      </trkpt>
      <trkpt lat="47.431406" lon="11.762728">
        <ele>1339.52</ele>
      </trkpt>
      <trkpt lat="47.431002" lon="11.762505">
        <ele>1344.08</ele>
      </trkpt>
      <trkpt lat="47.430813" lon="11.762431">
        <ele>1344.72</ele>
      </trkpt>
      <trkpt lat="47.430701" lon="11.762437">
        <ele>1346.93</ele>
      </trkpt>
      <trkpt lat="47.430619" lon="11.76253">
        <ele>1353.46</ele>
      </trkpt>
      <trkpt lat="47.430437" lon="11.762501">
        <ele>1354.14</ele>
      </trkpt>
      <trkpt lat="47.430281" lon="11.76249">
        <ele>1355.13</ele>
      </trkpt>
      <trkpt lat="47.429986" lon="11.762544">
        <ele>1360.48</ele>
      </trkpt>
      <trkpt lat="47.429514" lon="11.762519">
        <ele>1363.14</ele>
      </trkpt>
      <trkpt lat="47.429404" lon="11.762551">
        <ele>1364.1</ele>
      </trkpt>
      <trkpt lat="47.429336" lon="11.762596">
        <ele>1364.68</ele>
      </trkpt>
      <trkpt lat="47.429274" lon="11.762679">
        <ele>1365.17</ele>
      </trkpt>
      <trkpt lat="47.429247" lon="11.762792">
        <ele>1365.71</ele>
      </trkpt>
      <trkpt lat="47.429227" lon="11.762913">
        <ele>1365.82</ele>
      </trkpt>
      <trkpt lat="47.429232" lon="11.763071">
        <ele>1366.51</ele>
      </trkpt>
      <trkpt lat="47.429265" lon="11.763358">
        <ele>1370.43</ele>
      </trkpt>
      <trkpt lat="47.429259" lon="11.763532">
        <ele>1373.45</ele>
      </trkpt>
      <trkpt lat="47.429223" lon="11.763782">
        <ele>1377.6</ele>
      </trkpt>
      <trkpt lat="47.429167" lon="11.763916">
        <ele>1379.03</ele>
      </trkpt>
      <trkpt lat="47.428912" lon="11.764047">
        <ele>1375.91</ele>
      </trkpt>
      <trkpt lat="47.4288" lon="11.76413">
        <ele>1375.83</ele>
      </trkpt>
      <trkpt lat="47.428525" lon="11.764472">
        <ele>1383.6</ele>
      </trkpt>
      <trkpt lat="47.428363" lon="11.764615">
        <ele>1387.94</ele>
      </trkpt>
      <trkpt lat="47.428103" lon="11.764745">
        <ele>1391.56</ele>
      </trkpt>
      <trkpt lat="47.427751" lon="11.764862">
        <ele>1395.06</ele>
      </trkpt>
      <trkpt lat="47.427519" lon="11.764809">
        <ele>1392.77</ele>
      </trkpt>
      <trkpt lat="47.427467" lon="11.764874">
        <ele>1395.65</ele>
      </trkpt>
      <trkpt lat="47.426728" lon="11.764558">
        <ele>1385.62</ele>
      </trkpt>
      <trkpt lat="47.426114" lon="11.764483">
        <ele>1390.99</ele>
      </trkpt>
      <trkpt lat="47.425845" lon="11.764379">
        <ele>1393.77</ele>
      </trkpt>
      <trkpt lat="47.425582" lon="11.764165">
        <ele>1394.32</ele>
      </trkpt>
      <trkpt lat="47.425228" lon="11.763998">
        <ele>1402.39</ele>
      </trkpt>
      <trkpt lat="47.424965" lon="11.763903">
        <ele>1406.68</ele>
      </trkpt>
      <trkpt lat="47.424694" lon="11.764072">
        <ele>1422.39</ele>
      </trkpt>
      <trkpt lat="47.424528" lon="11.764047">
        <ele>1423.24</ele>
      </trkpt>
      <trkpt lat="47.424404" lon="11.763948">
        <ele>1418.71</ele>
      </trkpt>
      <trkpt lat="47.424318" lon="11.763806">
        <ele>1410.8</ele>
      </trkpt>
      <trkpt lat="47.424241" lon="11.763833">
        <ele>1413.05</ele>
      </trkpt>
      <trkpt lat="47.424167" lon="11.763914">
        <ele>1418.52</ele>
      </trkpt>
      <trkpt lat="47.42399" lon="11.763961">
        <ele>1421.91</ele>
      </trkpt>
      <trkpt lat="47.423797" lon="11.763916">
        <ele>1418.74</ele>
      </trkpt>
      <trkpt lat="47.423637" lon="11.763977">
        <ele>1421.84</ele>
      </trkpt>
      <trkpt lat="47.423473" lon="11.763959">
        <ele>1420.44</ele>
      </trkpt>
      <trkpt lat="47.423325" lon="11.763972">
        <ele>1421.61</ele>
      </trkpt>
      <trkpt lat="47.423191" lon="11.763916">
        <ele>1419.99</ele>
      </trkpt>
      <trkpt lat="47.422943" lon="11.763701">
        <ele>1415.17</ele>
      </trkpt>
      <trkpt lat="47.422848" lon="11.763648">
        <ele>1415.59</ele>
      </trkpt>
      <trkpt lat="47.422752" lon="11.763642">
        <ele>1417.79</ele>
      </trkpt>
      <trkpt lat="47.422655" lon="11.763674">
        <ele>1420.68</ele>
      </trkpt>
      <trkpt lat="47.422547" lon="11.763741">
        <ele>1423.49</ele>
      </trkpt>
      <trkpt lat="47.42246" lon="11.76386">
        <ele>1426.52</ele>
      </trkpt>
      <trkpt lat="47.422504" lon="11.763917">
        <ele>1429.07</ele>
      </trkpt>
      <trkpt lat="47.422624" lon="11.763869">
        <ele>1427.93</ele>
      </trkpt>
      <trkpt lat="47.422678" lon="11.763894">
        <ele>1428.52</ele>
      </trkpt>
      <trkpt lat="47.42283" lon="11.763963">
        <ele>1429.33</ele>
      </trkpt>
      <trkpt lat="47.422766" lon="11.764093">
        <ele>1435.68</ele>
      </trkpt>
      <trkpt lat="47.422851" lon="11.764163">
        <ele>1438</ele>
      </trkpt>
      <trkpt lat="47.422664" lon="11.764243">
        <ele>1442.44</ele>
      </trkpt>
      <trkpt lat="47.422502" lon="11.764469">
        <ele>1450.12</ele>
      </trkpt>
      <trkpt lat="47.422301" lon="11.764669">
        <ele>1453.81</ele>
      </trkpt>
      <trkpt lat="47.422128" lon="11.764949">
        <ele>1460.34</ele>
      </trkpt>
      <trkpt lat="47.422018" lon="11.765161">
        <ele>1463.64</ele>
      </trkpt>
      <trkpt lat="47.421991" lon="11.765349">
        <ele>1467.62</ele>
      </trkpt>
      <trkpt lat="47.421921" lon="11.765544">
        <ele>1468.07</ele>
      </trkpt>
      <trkpt lat="47.421825" lon="11.766074">
        <ele>1476.62</ele>
      </trkpt>
      <trkpt lat="47.421824" lon="11.766218">
        <ele>1482.06</ele>
      </trkpt>
      <trkpt lat="47.421723" lon="11.76623">
        <ele>1475</ele>
      </trkpt>
      <trkpt lat="47.421729" lon="11.766556">
        <ele>1488.77</ele>
      </trkpt>
      <trkpt lat="47.42139" lon="11.766473">
        <ele>1465.43</ele>
      </trkpt>
      <trkpt lat="47.421517" lon="11.766766">
        <ele>1483.83</ele>
      </trkpt>
      <trkpt lat="47.42141" lon="11.766904">
        <ele>1482.34</ele>
      </trkpt>
      <trkpt lat="47.421405" lon="11.767065">
        <ele>1486.91</ele>
      </trkpt>
      <trkpt lat="47.421361" lon="11.767194">
        <ele>1486.5</ele>
      </trkpt>
      <trkpt lat="47.421358" lon="11.767519">
        <ele>1493.01</ele>
      </trkpt>
      <trkpt lat="47.421372" lon="11.767752">
        <ele>1496.88</ele>
      </trkpt>
      <trkpt lat="47.421374" lon="11.767896">
        <ele>1497.66</ele>
      </trkpt>
      <trkpt lat="47.421346" lon="11.767959">
        <ele>1496.08</ele>
      </trkpt>
      <trkpt lat="47.421282" lon="11.767969">
        <ele>1491.94</ele>
      </trkpt>
      <trkpt lat="47.421218" lon="11.767953">
        <ele>1487.42</ele>
      </trkpt>
      <trkpt lat="47.421142" lon="11.768047">
        <ele>1485.92</ele>
      </trkpt>
      <trkpt lat="47.42107" lon="11.768114">
        <ele>1485.4</ele>
      </trkpt>
      <trkpt lat="47.420952" lon="11.768165">
        <ele>1483.41</ele>
      </trkpt>
      <trkpt lat="47.420842" lon="11.76825">
        <ele>1484.5</ele>
      </trkpt>
      <trkpt lat="47.420804" lon="11.768323">
        <ele>1487.45</ele>
      </trkpt>
      <trkpt lat="47.42078" lon="11.768404">
        <ele>1491.2</ele>
      </trkpt>
      <trkpt lat="47.420734" lon="11.768426">
        <ele>1491.05</ele>
      </trkpt>
      <trkpt lat="47.42068" lon="11.76843">
        <ele>1489.78</ele>
      </trkpt>
      <trkpt lat="47.420606" lon="11.768492">
        <ele>1491.22</ele>
      </trkpt>
      <trkpt lat="47.420551" lon="11.768569">
        <ele>1493.84</ele>
      </trkpt>
      <trkpt lat="47.420474" lon="11.768607">
        <ele>1493.69</ele>
      </trkpt>
      <trkpt lat="47.420419" lon="11.768663">
        <ele>1494.84</ele>
      </trkpt>
      <trkpt lat="47.420313" lon="11.768673">
        <ele>1491.99</ele>
      </trkpt>
      <trkpt lat="47.420166" lon="11.768746">
        <ele>1489.66</ele>
      </trkpt>
      <trkpt lat="47.420078" lon="11.768904">
        <ele>1491.73</ele>
      </trkpt>
      <trkpt lat="47.419975" lon="11.769131">
        <ele>1493.53</ele>
      </trkpt>
      <trkpt lat="47.419953" lon="11.769225">
        <ele>1494.79</ele>
      </trkpt>
      <trkpt lat="47.419934" lon="11.769391">
        <ele>1497.22</ele>
      </trkpt>
      <trkpt lat="47.419911" lon="11.769631">
        <ele>1499.46</ele>
      </trkpt>
      <trkpt lat="47.419864" lon="11.769708">
        <ele>1497.44</ele>
      </trkpt>
      <trkpt lat="47.419786" lon="11.769789">
        <ele>1493.54</ele>
      </trkpt>
      <trkpt lat="47.419685" lon="11.769945">
        <ele>1489.22</ele>
      </trkpt>
      <trkpt lat="47.419679" lon="11.770128">
        <ele>1490.6</ele>
      </trkpt>
      <trkpt lat="47.419659" lon="11.770326">
        <ele>1490.28</ele>
      </trkpt>
      <trkpt lat="47.419678" lon="11.770475">
        <ele>1491.98</ele>
      </trkpt>
      <trkpt lat="47.419702" lon="11.770512">
        <ele>1493.81</ele>
      </trkpt>
      <trkpt lat="47.419708" lon="11.770592">
        <ele>1494.58</ele>
      </trkpt>
      <trkpt lat="47.419694" lon="11.770707">
        <ele>1494.12</ele>
      </trkpt>
      <trkpt lat="47.419615" lon="11.771158">
        <ele>1493.6</ele>
      </trkpt>
      <trkpt lat="47.419617" lon="11.771221">
        <ele>1494.89</ele>
      </trkpt>
      <trkpt lat="47.419621" lon="11.77134">
        <ele>1497.22</ele>
      </trkpt>
      <trkpt lat="47.419637" lon="11.771436">
        <ele>1499.76</ele>
      </trkpt>
      <trkpt lat="47.419586" lon="11.77155">
        <ele>1497.32</ele>
      </trkpt>
      <trkpt lat="47.419533" lon="11.771759">
        <ele>1493.67</ele>
      </trkpt>
      <trkpt lat="47.419584" lon="11.772185">
        <ele>1491.31</ele>
      </trkpt>
      <trkpt lat="47.419654" lon="11.772372">
        <ele>1493.77</ele>
      </trkpt>
      <trkpt lat="47.419753" lon="11.772517">
        <ele>1499.89</ele>
      </trkpt>
      <trkpt lat="47.419845" lon="11.772707">
        <ele>1503.22</ele>
      </trkpt>
      <trkpt lat="47.419953" lon="11.772809">
        <ele>1509.11</ele>
      </trkpt>
      <trkpt lat="47.419956" lon="11.772838">
        <ele>1508.44</ele>
      </trkpt>
      <trkpt lat="47.419927" lon="11.772903">
        <ele>1504.05</ele>
      </trkpt>
      <trkpt lat="47.419946" lon="11.773029">
        <ele>1501.97</ele>
      </trkpt>
      <trkpt lat="47.420001" lon="11.773214">
        <ele>1502.69</ele>
      </trkpt>
      <trkpt lat="47.419999" lon="11.773352">
        <ele>1501.99</ele>
      </trkpt>
      <trkpt lat="47.420074" lon="11.773579">
        <ele>1511.42</ele>
      </trkpt>
      <trkpt lat="47.420076" lon="11.77362">
        <ele>1512.67</ele>
      </trkpt>
      <trkpt lat="47.420066" lon="11.773659">
        <ele>1513.12</ele>
      </trkpt>
      <trkpt lat="47.420065" lon="11.773697">
        <ele>1514.24</ele>
      </trkpt>
      <trkpt lat="47.420078" lon="11.773741">
        <ele>1516.57</ele>
      </trkpt>
      <trkpt lat="47.420076" lon="11.773781">
        <ele>1517.78</ele>
      </trkpt>
      <trkpt lat="47.420014" lon="11.773828">
        <ele>1515.32</ele>
      </trkpt>
      <trkpt lat="47.419928" lon="11.773848">
        <ele>1510.36</ele>
      </trkpt>
      <trkpt lat="47.419858" lon="11.773894">
        <ele>1507.67</ele>
      </trkpt>
      <trkpt lat="47.41975" lon="11.77399">
        <ele>1504.78</ele>
      </trkpt>
      <trkpt lat="47.419689" lon="11.774001">
        <ele>1501.55</ele>
      </trkpt>
      <trkpt lat="47.419588" lon="11.774046">
        <ele>1497.1</ele>
      </trkpt>
      <trkpt lat="47.419573" lon="11.774077">
        <ele>1497.2</ele>
      </trkpt>
      <trkpt lat="47.419582" lon="11.774625">
        <ele>1503.6</ele>
      </trkpt>
      <trkpt lat="47.41961" lon="11.77472">
        <ele>1505.52</ele>
      </trkpt>
      <trkpt lat="47.419608" lon="11.774868">
        <ele>1504.97</ele>
      </trkpt>
      <trkpt lat="47.419552" lon="11.775027">
        <ele>1499.93</ele>
      </trkpt>
      <trkpt lat="47.419534" lon="11.775401">
        <ele>1495.27</ele>
      </trkpt>
      <trkpt lat="47.419537" lon="11.775673">
        <ele>1492.72</ele>
      </trkpt>
      <trkpt lat="47.419519" lon="11.775955">
        <ele>1490.1</ele>
      </trkpt>
      <trkpt lat="47.419495" lon="11.776115">
        <ele>1488.62</ele>
      </trkpt>
      <trkpt lat="47.419503" lon="11.776187">
        <ele>1489.22</ele>
      </trkpt>
      <trkpt lat="47.419494" lon="11.776205">
        <ele>1488.76</ele>
      </trkpt>
      <trkpt lat="47.419495" lon="11.77629">
        <ele>1489.06</ele>
      </trkpt>
      <trkpt lat="47.419521" lon="11.776471">
        <ele>1490.85</ele>
      </trkpt>
      <trkpt lat="47.419524" lon="11.776555">
        <ele>1491.16</ele>
      </trkpt>
      <trkpt lat="47.419498" lon="11.776589">
        <ele>1490.15</ele>
      </trkpt>
      <trkpt lat="47.419483" lon="11.776631">
        <ele>1489.65</ele>
      </trkpt>
      <trkpt lat="47.419482" lon="11.777007">
        <ele>1490.86</ele>
      </trkpt>
      <trkpt lat="47.419529" lon="11.777152">
        <ele>1492.66</ele>
      </trkpt>
      <trkpt lat="47.4196" lon="11.777293">
        <ele>1494.76</ele>
      </trkpt>
      <trkpt lat="47.419592" lon="11.777397">
        <ele>1494.55</ele>
      </trkpt>
      <trkpt lat="47.419561" lon="11.777512">
        <ele>1493.71</ele>
      </trkpt>
      <trkpt lat="47.419455" lon="11.777597">
        <ele>1491.1</ele>
      </trkpt>
      <trkpt lat="47.419429" lon="11.777671">
        <ele>1490.26</ele>
      </trkpt>
      <trkpt lat="47.419398" lon="11.777719">
        <ele>1489.35</ele>
      </trkpt>
      <trkpt lat="47.419392" lon="11.777754">
        <ele>1489.03</ele>
      </trkpt>
      <trkpt lat="47.419384" lon="11.777888">
        <ele>1488.01</ele>
      </trkpt>
      <trkpt lat="47.419392" lon="11.777922">
        <ele>1487.97</ele>
      </trkpt>
      <trkpt lat="47.419407" lon="11.77794">
        <ele>1488.2</ele>
      </trkpt>
      <trkpt lat="47.419384" lon="11.778071">
        <ele>1486.8</ele>
      </trkpt>
      <trkpt lat="47.419398" lon="11.778139">
        <ele>1486.77</ele>
      </trkpt>
      <trkpt lat="47.419284" lon="11.778215">
        <ele>1483.47</ele>
      </trkpt>
      <trkpt lat="47.419301" lon="11.778242">
        <ele>1483.79</ele>
      </trkpt>
      <trkpt lat="47.419343" lon="11.778536">
        <ele>1484.87</ele>
      </trkpt>
      <trkpt lat="47.419327" lon="11.778637">
        <ele>1484.79</ele>
      </trkpt>
      <trkpt lat="47.419288" lon="11.778678">
        <ele>1483.89</ele>
      </trkpt>
      <trkpt lat="47.419211" lon="11.778731">
        <ele>1482.03</ele>
      </trkpt>
      <trkpt lat="47.419056" lon="11.778777">
        <ele>1478.41</ele>
      </trkpt>
      <trkpt lat="47.418977" lon="11.778768">
        <ele>1476.74</ele>
      </trkpt>
      <trkpt lat="47.418832" lon="11.778662">
        <ele>1473.36</ele>
      </trkpt>
      <trkpt lat="47.418817" lon="11.778652">
        <ele>1473.01</ele>
      </trkpt>
      <trkpt lat="47.418733" lon="11.778613">
        <ele>1471.12</ele>
      </trkpt>
      <trkpt lat="47.418654" lon="11.77864">
        <ele>1469.66</ele>
      </trkpt>
      <trkpt lat="47.418603" lon="11.778639">
        <ele>1468.52</ele>
      </trkpt>
      <trkpt lat="47.418536" lon="11.778543">
        <ele>1466.25</ele>
      </trkpt>
      <trkpt lat="47.418403" lon="11.778402">
        <ele>1462.07</ele>
      </trkpt>
      <trkpt lat="47.418212" lon="11.778319">
        <ele>1455.86</ele>
      </trkpt>
      <trkpt lat="47.417987" lon="11.778396">
        <ele>1446.63</ele>
      </trkpt>
      <trkpt lat="47.417944" lon="11.778393">
        <ele>1444.81</ele>
      </trkpt>
      <trkpt lat="47.417865" lon="11.778312">
        <ele>1442.11</ele>
      </trkpt>
      <trkpt lat="47.41783" lon="11.778316">
        <ele>1440.51</ele>
      </trkpt>
      <trkpt lat="47.417805" lon="11.77827">
        <ele>1440</ele>
      </trkpt>
      <trkpt lat="47.417715" lon="11.778098">
        <ele>1439.03</ele>
      </trkpt>
      <trkpt lat="47.41765" lon="11.777864">
        <ele>1440.92</ele>
      </trkpt>
      <trkpt lat="47.417495" lon="11.777362">
        <ele>1437.04</ele>
      </trkpt>
      <trkpt lat="47.417462" lon="11.777194">
        <ele>1432.99</ele>
      </trkpt>
      <trkpt lat="47.417446" lon="11.777007">
        <ele>1428.29</ele>
      </trkpt>
      <trkpt lat="47.417385" lon="11.777018">
        <ele>1425.24</ele>
      </trkpt>
      <trkpt lat="47.417333" lon="11.77718">
        <ele>1425.8</ele>
      </trkpt>
      <trkpt lat="47.417314" lon="11.777185">
        <ele>1424.82</ele>
      </trkpt>
      <trkpt lat="47.417278" lon="11.777104">
        <ele>1421.01</ele>
      </trkpt>
      <trkpt lat="47.417247" lon="11.776995">
        <ele>1416.57</ele>
      </trkpt>
      <trkpt lat="47.417246" lon="11.776963">
        <ele>1415.73</ele>
      </trkpt>
      <trkpt lat="47.417243" lon="11.776662">
        <ele>1408.96</ele>
      </trkpt>
      <trkpt lat="47.417233" lon="11.776668">
        <ele>1408.4</ele>
      </trkpt>
      <trkpt lat="47.417159" lon="11.776809">
        <ele>1406.37</ele>
      </trkpt>
      <trkpt lat="47.417143" lon="11.776828">
        <ele>1405.76</ele>
      </trkpt>
      <trkpt lat="47.417136" lon="11.776817">
        <ele>1405.03</ele>
      </trkpt>
      <trkpt lat="47.417133" lon="11.776659">
        <ele>1401.49</ele>
      </trkpt>
      <trkpt lat="47.417121" lon="11.776643">
        <ele>1400.38</ele>
      </trkpt>
      <trkpt lat="47.417081" lon="11.776625">
        <ele>1397.29</ele>
      </trkpt>
      <trkpt lat="47.417048" lon="11.776638">
        <ele>1395.2</ele>
      </trkpt>
      <trkpt lat="47.41706" lon="11.776693">
        <ele>1397.08</ele>
      </trkpt>
      <trkpt lat="47.417057" lon="11.776748">
        <ele>1398.05</ele>
      </trkpt>
      <trkpt lat="47.417044" lon="11.776813">
        <ele>1398.72</ele>
      </trkpt>
      <trkpt lat="47.416948" lon="11.776934">
        <ele>1395.54</ele>
      </trkpt>
      <trkpt lat="47.41693" lon="11.776937">
        <ele>1394.44</ele>
      </trkpt>
      <trkpt lat="47.416946" lon="11.776872">
        <ele>1393.68</ele>
      </trkpt>
      <trkpt lat="47.416913" lon="11.77675">
        <ele>1388.27</ele>
      </trkpt>
      <trkpt lat="47.416891" lon="11.776746">
        <ele>1386.7</ele>
      </trkpt>
      <trkpt lat="47.416863" lon="11.776768">
        <ele>1385.4</ele>
      </trkpt>
      <trkpt lat="47.416845" lon="11.776801">
        <ele>1385.09</ele>
      </trkpt>
      <trkpt lat="47.416828" lon="11.776865">
        <ele>1385.76</ele>
      </trkpt>
      <trkpt lat="47.416788" lon="11.776887">
        <ele>1383.87</ele>
      </trkpt>
      <trkpt lat="47.41675" lon="11.776945">
        <ele>1383.22</ele>
      </trkpt>
      <trkpt lat="47.416659" lon="11.776924">
        <ele>1377.27</ele>
      </trkpt>
      <trkpt lat="47.41664" lon="11.776971">
        <ele>1377.57</ele>
      </trkpt>
      <trkpt lat="47.416576" lon="11.777134">
        <ele>1378.53</ele>
      </trkpt>
      <trkpt lat="47.416477" lon="11.777213">
        <ele>1375.11</ele>
      </trkpt>
      <trkpt lat="47.416409" lon="11.777208">
        <ele>1371.54</ele>
      </trkpt>
      <trkpt lat="47.416299" lon="11.777332">
        <ele>1367.58</ele>
      </trkpt>
      <trkpt lat="47.416226" lon="11.777488">
        <ele>1364.2</ele>
      </trkpt>
      <trkpt lat="47.416133" lon="11.777601">
        <ele>1358.25</ele>
      </trkpt>
      <trkpt lat="47.416122" lon="11.777707">
        <ele>1356.87</ele>
      </trkpt>
      <trkpt lat="47.416135" lon="11.777811">
        <ele>1356.58</ele>
      </trkpt>
      <trkpt lat="47.416099" lon="11.777875">
        <ele>1353.72</ele>
      </trkpt>
      <trkpt lat="47.416037" lon="11.777876">
        <ele>1350.04</ele>
      </trkpt>
      <trkpt lat="47.415921" lon="11.777764">
        <ele>1343.1</ele>
      </trkpt>
      <trkpt lat="47.415847" lon="11.777542">
        <ele>1338.02</ele>
      </trkpt>
      <trkpt lat="47.415814" lon="11.777379">
        <ele>1335.53</ele>
      </trkpt>
      <trkpt lat="47.415751" lon="11.777272">
        <ele>1329.72</ele>
      </trkpt>
      <trkpt lat="47.415744" lon="11.777064">
        <ele>1328.25</ele>
      </trkpt>
      <trkpt lat="47.415761" lon="11.776941">
        <ele>1328.92</ele>
      </trkpt>
      <trkpt lat="47.415751" lon="11.776853">
        <ele>1327.38</ele>
      </trkpt>
      <trkpt lat="47.415706" lon="11.776834">
        <ele>1323.36</ele>
      </trkpt>
      <trkpt lat="47.415657" lon="11.776878">
        <ele>1319.19</ele>
      </trkpt>
      <trkpt lat="47.415569" lon="11.776934">
        <ele>1310.83</ele>
      </trkpt>
      <trkpt lat="47.41557" lon="11.776996">
        <ele>1311.1</ele>
      </trkpt>
      <trkpt lat="47.41555" lon="11.777007">
        <ele>1309.05</ele>
      </trkpt>
      <trkpt lat="47.415519" lon="11.776873">
        <ele>1305.57</ele>
      </trkpt>
      <trkpt lat="47.415545" lon="11.776806">
        <ele>1308.01</ele>
      </trkpt>
      <trkpt lat="47.415554" lon="11.776633">
        <ele>1308.14</ele>
      </trkpt>
      <trkpt lat="47.415516" lon="11.776598">
        <ele>1304.38</ele>
      </trkpt>
      <trkpt lat="47.41549" lon="11.776692">
        <ele>1302.14</ele>
      </trkpt>
      <trkpt lat="47.415427" lon="11.776548">
        <ele>1295.59</ele>
      </trkpt>
      <trkpt lat="47.415409" lon="11.776382">
        <ele>1293.79</ele>
      </trkpt>
      <trkpt lat="47.415291" lon="11.775583">
        <ele>1273.56</ele>
      </trkpt>
      <trkpt lat="47.415316" lon="11.775459">
        <ele>1271.48</ele>
      </trkpt>
      <trkpt lat="47.415363" lon="11.775393">
        <ele>1271.69</ele>
      </trkpt>
      <trkpt lat="47.415468" lon="11.775305">
        <ele>1272.73</ele>
      </trkpt>
      <trkpt lat="47.415286" lon="11.775289">
        <ele>1264.18</ele>
      </trkpt>
      <trkpt lat="47.415216" lon="11.775242">
        <ele>1259.47</ele>
      </trkpt>
      <trkpt lat="47.415261" lon="11.775119">
        <ele>1256.92</ele>
      </trkpt>
      <trkpt lat="47.415502" lon="11.775066">
        <ele>1262.41</ele>
      </trkpt>
      <trkpt lat="47.415633" lon="11.774831">
        <ele>1257.06</ele>
      </trkpt>
      <trkpt lat="47.415656" lon="11.774717">
        <ele>1254.05</ele>
      </trkpt>
      <trkpt lat="47.415694" lon="11.774627">
        <ele>1253.18</ele>
      </trkpt>
      <trkpt lat="47.415703" lon="11.774607">
        <ele>1253.09</ele>
      </trkpt>
      <trkpt lat="47.415722" lon="11.774277">
        <ele>1244.76</ele>
      </trkpt>
      <trkpt lat="47.415816" lon="11.773799">
        <ele>1233.35</ele>
      </trkpt>
      <trkpt lat="47.416022" lon="11.773529">
        <ele>1233.3</ele>
      </trkpt>
      <trkpt lat="47.416187" lon="11.773157">
        <ele>1222.97</ele>
      </trkpt>
      <trkpt lat="47.416277" lon="11.773046">
        <ele>1221.44</ele>
      </trkpt>
      <trkpt lat="47.416426" lon="11.772932">
        <ele>1223.24</ele>
      </trkpt>
      <trkpt lat="47.416455" lon="11.772902">
        <ele>1223.47</ele>
      </trkpt>
      <trkpt lat="47.416469" lon="11.772551">
        <ele>1213.32</ele>
      </trkpt>
      <trkpt lat="47.416494" lon="11.772335">
        <ele>1212.57</ele>
      </trkpt>
      <trkpt lat="47.41643" lon="11.771968">
        <ele>1209.63</ele>
      </trkpt>
      <trkpt lat="47.416385" lon="11.771859">
        <ele>1207.22</ele>
      </trkpt>
      <trkpt lat="47.416369" lon="11.77182">
        <ele>1206.38</ele>
      </trkpt>
      <trkpt lat="47.416072" lon="11.771381">
        <ele>1189.77</ele>
      </trkpt>
      <trkpt lat="47.415817" lon="11.770938">
        <ele>1184.01</ele>
      </trkpt>
      <trkpt lat="47.415498" lon="11.77068">
        <ele>1168.22</ele>
      </trkpt>
      <trkpt lat="47.415474" lon="11.77072">
        <ele>1166.92</ele>
      </trkpt>
      <trkpt lat="47.415481" lon="11.770827">
        <ele>1166.57</ele>
      </trkpt>
      <trkpt lat="47.415384" lon="11.770818">
        <ele>1161.86</ele>
      </trkpt>
      <trkpt lat="47.415234" lon="11.770464">
        <ele>1151.99</ele>
      </trkpt>
      <trkpt lat="47.415154" lon="11.770725">
        <ele>1150.18</ele>
      </trkpt>
      <trkpt lat="47.415084" lon="11.770705">
        <ele>1145.94</ele>
      </trkpt>
      <trkpt lat="47.415038" lon="11.770543">
        <ele>1141.42</ele>
      </trkpt>
      <trkpt lat="47.415049" lon="11.770278">
        <ele>1136.52</ele>
      </trkpt>
      <trkpt lat="47.415145" lon="11.769725">
        <ele>1130.24</ele>
      </trkpt>
      <trkpt lat="47.415139" lon="11.769596">
        <ele>1126.82</ele>
      </trkpt>
      <trkpt lat="47.415109" lon="11.769388">
        <ele>1120</ele>
      </trkpt>
      <trkpt lat="47.415119" lon="11.769285">
        <ele>1118.09</ele>
      </trkpt>
      <trkpt lat="47.415149" lon="11.769194">
        <ele>1117.65</ele>
      </trkpt>
      <trkpt lat="47.415137" lon="11.769119">
        <ele>1115.19</ele>
      </trkpt>
      <trkpt lat="47.415028" lon="11.76914">
        <ele>1109.11</ele>
      </trkpt>
      <trkpt lat="47.415011" lon="11.769095">
        <ele>1106.89</ele>
      </trkpt>
      <trkpt lat="47.415034" lon="11.769024">
        <ele>1106.49</ele>
      </trkpt>
      <trkpt lat="47.4151" lon="11.768963">
        <ele>1109.07</ele>
      </trkpt>
      <trkpt lat="47.415126" lon="11.768877">
        <ele>1108.55</ele>
      </trkpt>
      <trkpt lat="47.415023" lon="11.768001">
        <ele>1082.25</ele>
      </trkpt>
      <trkpt lat="47.415049" lon="11.767726">
        <ele>1080.48</ele>
      </trkpt>
      <trkpt lat="47.415004" lon="11.767005">
        <ele>1061.85</ele>
      </trkpt>
      <trkpt lat="47.415055" lon="11.766537">
        <ele>1054.13</ele>
      </trkpt>
      <trkpt lat="47.415132" lon="11.766109">
        <ele>1049.25</ele>
      </trkpt>
      <trkpt lat="47.415174" lon="11.765761">
        <ele>1042.9</ele>
      </trkpt>
      <trkpt lat="47.415253" lon="11.76512">
        <ele>1028.37</ele>
      </trkpt>
      <trkpt lat="47.415333" lon="11.764923">
        <ele>1028.35</ele>
      </trkpt>
      <trkpt lat="47.415327" lon="11.764878">
        <ele>1026.61</ele>
      </trkpt>
      <trkpt lat="47.415352" lon="11.764813">
        <ele>1026.46</ele>
      </trkpt>
      <trkpt lat="47.415342" lon="11.764722">
        <ele>1023.11</ele>
      </trkpt>
      <trkpt lat="47.415365" lon="11.764629">
        <ele>1022.01</ele>
      </trkpt>
      <trkpt lat="47.415373" lon="11.764562">
        <ele>1020.7</ele>
      </trkpt>
      <trkpt lat="47.41541" lon="11.764511">
        <ele>1021.79</ele>
      </trkpt>
      <trkpt lat="47.415403" lon="11.764431">
        <ele>1019.31</ele>
      </trkpt>
      <trkpt lat="47.415374" lon="11.764285">
        <ele>1014.36</ele>
      </trkpt>
      <trkpt lat="47.415394" lon="11.764226">
        <ele>1014.56</ele>
      </trkpt>
      <trkpt lat="47.415368" lon="11.764184">
        <ele>1012.35</ele>
      </trkpt>
      <trkpt lat="47.415377" lon="11.764116">
        <ele>1012.07</ele>
      </trkpt>
      <trkpt lat="47.415349" lon="11.764016">
        <ele>1009.74</ele>
      </trkpt>
      <trkpt lat="47.415367" lon="11.763861">
        <ele>1010.62</ele>
      </trkpt>
      <trkpt lat="47.415331" lon="11.763785">
        <ele>1008.73</ele>
      </trkpt>
      <trkpt lat="47.415223" lon="11.763497">
        <ele>1003.71</ele>
      </trkpt>
      <trkpt lat="47.415195" lon="11.763542">
        <ele>1002.18</ele>
      </trkpt>
      <trkpt lat="47.415223" lon="11.763497">
        <ele>1003.71</ele>
      </trkpt>
      <trkpt lat="47.415167" lon="11.763363">
        <ele>1000.7</ele>
      </trkpt>
      <trkpt lat="47.41513" lon="11.763148">
        <ele>997.73</ele>
      </trkpt>
      <trkpt lat="47.415145" lon="11.762882">
        <ele>996.28</ele>
      </trkpt>
      <trkpt lat="47.41517" lon="11.7627">
        <ele>995.43</ele>
      </trkpt>
      <trkpt lat="47.415209" lon="11.762503">
        <ele>994.47</ele>
      </trkpt>
      <trkpt lat="47.415232" lon="11.762331">
        <ele>992.38</ele>
      </trkpt>
      <trkpt lat="47.415332" lon="11.762183">
        <ele>993.43</ele>
      </trkpt>
      <trkpt lat="47.415381" lon="11.762135">
        <ele>994.4</ele>
      </trkpt>
      <trkpt lat="47.415531" lon="11.761832">
        <ele>992.75</ele>
      </trkpt>
      <trkpt lat="47.415713" lon="11.761544">
        <ele>991.78</ele>
      </trkpt>
      <trkpt lat="47.415908" lon="11.761085">
        <ele>983.61</ele>
      </trkpt>
      <trkpt lat="47.415983" lon="11.761017">
        <ele>983</ele>
      </trkpt>
      <trkpt lat="47.416037" lon="11.760888">
        <ele>980.39</ele>
      </trkpt>
      <trkpt lat="47.416157" lon="11.760709">
        <ele>977.87</ele>
      </trkpt>
      <trkpt lat="47.416239" lon="11.760618">
        <ele>977.21</ele>
      </trkpt>
      <trkpt lat="47.416293" lon="11.760508">
        <ele>976.17</ele>
      </trkpt>
      <trkpt lat="47.416288" lon="11.760425">
        <ele>974.83</ele>
      </trkpt>
      <trkpt lat="47.416293" lon="11.760508">
        <ele>976.17</ele>
      </trkpt>
      <trkpt lat="47.416239" lon="11.760618">
        <ele>977.21</ele>
      </trkpt>
      <trkpt lat="47.416157" lon="11.760709">
        <ele>977.87</ele>
      </trkpt>
      <trkpt lat="47.416037" lon="11.760888">
        <ele>980.39</ele>
      </trkpt>
      <trkpt lat="47.415983" lon="11.761017">
        <ele>983</ele>
      </trkpt>
      <trkpt lat="47.415908" lon="11.761085">
        <ele>983.61</ele>
      </trkpt>
      <trkpt lat="47.415713" lon="11.761544">
        <ele>991.78</ele>
      </trkpt>
      <trkpt lat="47.415531" lon="11.761832">
        <ele>992.75</ele>
      </trkpt>
      <trkpt lat="47.415381" lon="11.762135">
        <ele>994.4</ele>
      </trkpt>
      <trkpt lat="47.415332" lon="11.762183">
        <ele>993.43</ele>
      </trkpt>
      <trkpt lat="47.415232" lon="11.762331">
        <ele>992.38</ele>
      </trkpt>
      <trkpt lat="47.41494" lon="11.76281">
        <ele>987.26</ele>
      </trkpt>
      <trkpt lat="47.414858" lon="11.762997">
        <ele>985.8</ele>
      </trkpt>
      <trkpt lat="47.414849" lon="11.763157">
        <ele>986.46</ele>
      </trkpt>
      <trkpt lat="47.414852" lon="11.763338">
        <ele>987.39</ele>
      </trkpt>
      <trkpt lat="47.414838" lon="11.763518">
        <ele>987.05</ele>
      </trkpt>
      <trkpt lat="47.414763" lon="11.763794">
        <ele>983.96</ele>
      </trkpt>
      <trkpt lat="47.414747" lon="11.763993">
        <ele>983.36</ele>
      </trkpt>
      <trkpt lat="47.414715" lon="11.764161">
        <ele>983.17</ele>
      </trkpt>
      <trkpt lat="47.414664" lon="11.764259">
        <ele>982.59</ele>
      </trkpt>
      <trkpt lat="47.41464" lon="11.764278">
        <ele>982.13</ele>
      </trkpt>
      <trkpt lat="47.414484" lon="11.764405">
        <ele>979.54</ele>
      </trkpt>
      <trkpt lat="47.414395" lon="11.76453">
        <ele>978.67</ele>
      </trkpt>
      <trkpt lat="47.414298" lon="11.764613">
        <ele>977.23</ele>
      </trkpt>
      <trkpt lat="47.4142" lon="11.764659">
        <ele>975.49</ele>
      </trkpt>
      <trkpt lat="47.41405" lon="11.764674">
        <ele>973.01</ele>
      </trkpt>
      <trkpt lat="47.413997" lon="11.765062">
        <ele>974.54</ele>
      </trkpt>
      <trkpt lat="47.413924" lon="11.765034">
        <ele>973.85</ele>
      </trkpt>
      <trkpt lat="47.413864" lon="11.764958">
        <ele>973.23</ele>
      </trkpt>
      <trkpt lat="47.413847" lon="11.764919">
        <ele>972.97</ele>
      </trkpt>
      <trkpt lat="47.413833" lon="11.764818">
        <ele>972.33</ele>
      </trkpt>
      <trkpt lat="47.413845" lon="11.764741">
        <ele>971.87</ele>
      </trkpt>
      <trkpt lat="47.413886" lon="11.764627">
        <ele>971.28</ele>
      </trkpt>
      <trkpt lat="47.413925" lon="11.7645">
        <ele>970.7</ele>
      </trkpt>
      <trkpt lat="47.413932" lon="11.764433">
        <ele>970.33</ele>
      </trkpt>
      <trkpt lat="47.413932" lon="11.764358">
        <ele>969.88</ele>
      </trkpt>
      <trkpt lat="47.413925" lon="11.764296">
        <ele>969.47</ele>
      </trkpt>
      <trkpt lat="47.413901" lon="11.764213">
        <ele>968.83</ele>
      </trkpt>
      <trkpt lat="47.413887" lon="11.764175">
        <ele>968.54</ele>
      </trkpt>
      <trkpt lat="47.413817" lon="11.764073">
        <ele>967.58</ele>
      </trkpt>
      <trkpt lat="47.413747" lon="11.764018">
        <ele>966.92</ele>
      </trkpt>
      <trkpt lat="47.413728" lon="11.764005">
        <ele>966.76</ele>
      </trkpt>
      <trkpt lat="47.413689" lon="11.763983">
        <ele>966.47</ele>
      </trkpt>
      <trkpt lat="47.413527" lon="11.763962">
        <ele>965.56</ele>
      </trkpt>
      <trkpt lat="47.413495" lon="11.763948">
        <ele>965.38</ele>
      </trkpt>
      <trkpt lat="47.413436" lon="11.763905">
        <ele>965.05</ele>
      </trkpt>
      <trkpt lat="47.413385" lon="11.763842">
        <ele>964.75</ele>
      </trkpt>
      <trkpt lat="47.41337" lon="11.763802">
        <ele>964.66</ele>
      </trkpt>
      <trkpt lat="47.413345" lon="11.763709">
        <ele>964.48</ele>
      </trkpt>
      <trkpt lat="47.413334" lon="11.763567">
        <ele>964.34</ele>
      </trkpt>
      <trkpt lat="47.413135" lon="11.763593">
        <ele>963.36</ele>
      </trkpt>
      <trkpt lat="47.413007" lon="11.763541">
        <ele>962.69</ele>
      </trkpt>
      <trkpt lat="47.41296" lon="11.763539">
        <ele>962.49</ele>
      </trkpt>
      <trkpt lat="47.412921" lon="11.763577">
        <ele>962.48</ele>
      </trkpt>
      <trkpt lat="47.412882" lon="11.76366">
        <ele>962.71</ele>
      </trkpt>
      <trkpt lat="47.412751" lon="11.764358">
        <ele>958.59</ele>
      </trkpt>
      <trkpt lat="47.412425" lon="11.76429">
        <ele>957.73</ele>
      </trkpt>
      <trkpt lat="47.412394" lon="11.764296">
        <ele>957.35</ele>
      </trkpt>
      <trkpt lat="47.412035" lon="11.764367">
        <ele>953.47</ele>
      </trkpt>
      <trkpt lat="47.411772" lon="11.764529">
        <ele>949.06</ele>
      </trkpt>
      <trkpt lat="47.41143" lon="11.76466">
        <ele>948.14</ele>
      </trkpt>
      <trkpt lat="47.411201" lon="11.764973">
        <ele>946.38</ele>
      </trkpt>
      <trkpt lat="47.411086" lon="11.765079">
        <ele>946.64</ele>
      </trkpt>
      <trkpt lat="47.410967" lon="11.765147">
        <ele>947.39</ele>
      </trkpt>
      <trkpt lat="47.410786" lon="11.765406">
        <ele>944.58</ele>
      </trkpt>
      <trkpt lat="47.410635" lon="11.765713">
        <ele>939.61</ele>
      </trkpt>
      <trkpt lat="47.410478" lon="11.76607">
        <ele>932.8</ele>
      </trkpt>
      <trkpt lat="47.410367" lon="11.766268">
        <ele>930.07</ele>
      </trkpt>
      <trkpt lat="47.41028" lon="11.766505">
        <ele>927.39</ele>
      </trkpt>
      <trkpt lat="47.410225" lon="11.766798">
        <ele>924.08</ele>
      </trkpt>
      <trkpt lat="47.410163" lon="11.767045">
        <ele>922.73</ele>
      </trkpt>
      <trkpt lat="47.410041" lon="11.767353">
        <ele>921.54</ele>
      </trkpt>
      <trkpt lat="47.409642" lon="11.768103">
        <ele>902.42</ele>
      </trkpt>
      <trkpt lat="47.409387" lon="11.768045">
        <ele>903.48</ele>
      </trkpt>
      <trkpt lat="47.409052" lon="11.768258">
        <ele>889.27</ele>
      </trkpt>
      <trkpt lat="47.408848" lon="11.768483">
        <ele>875.96</ele>
      </trkpt>
      <trkpt lat="47.408826" lon="11.768507">
        <ele>874.68</ele>
      </trkpt>
      <trkpt lat="47.408597" lon="11.768852">
        <ele>865.66</ele>
      </trkpt>
      <trkpt lat="47.408515" lon="11.768976">
        <ele>864.22</ele>
      </trkpt>
      <trkpt lat="47.408376" lon="11.769092">
        <ele>861.55</ele>
      </trkpt>
      <trkpt lat="47.407939" lon="11.769397">
        <ele>844.36</ele>
      </trkpt>
      <trkpt lat="47.407791" lon="11.769475">
        <ele>838.98</ele>
      </trkpt>
      <trkpt lat="47.407477" lon="11.769528">
        <ele>830.98</ele>
      </trkpt>
      <trkpt lat="47.407245" lon="11.769802">
        <ele>825.9</ele>
      </trkpt>
      <trkpt lat="47.406912" lon="11.769601">
        <ele>814.21</ele>
      </trkpt>
      <trkpt lat="47.406723" lon="11.769598">
        <ele>809.4</ele>
      </trkpt>
      <trkpt lat="47.406572" lon="11.769779">
        <ele>811.17</ele>
      </trkpt>
      <trkpt lat="47.40629" lon="11.769872">
        <ele>809.14</ele>
      </trkpt>
      <trkpt lat="47.406179" lon="11.769718">
        <ele>807.1</ele>
      </trkpt>
      <trkpt lat="47.405757" lon="11.769488">
        <ele>804.16</ele>
      </trkpt>
      <trkpt lat="47.40545" lon="11.76932">
        <ele>799.24</ele>
      </trkpt>
      <trkpt lat="47.405231" lon="11.769501">
        <ele>799.64</ele>
      </trkpt>
      <trkpt lat="47.40513" lon="11.769584">
        <ele>799.39</ele>
      </trkpt>
      <trkpt lat="47.404935" lon="11.769661">
        <ele>796.64</ele>
      </trkpt>
      <trkpt lat="47.404788" lon="11.769609">
        <ele>792.67</ele>
      </trkpt>
      <trkpt lat="47.40458" lon="11.769466">
        <ele>786.95</ele>
      </trkpt>
      <trkpt lat="47.404535" lon="11.769364">
        <ele>785.7</ele>
      </trkpt>
      <trkpt lat="47.404334" lon="11.769247">
        <ele>781.24</ele>
      </trkpt>
      <trkpt lat="47.404283" lon="11.769303">
        <ele>780.31</ele>
      </trkpt>
      <trkpt lat="47.404171" lon="11.769232">
        <ele>777.58</ele>
      </trkpt>
      <trkpt lat="47.403793" lon="11.769229">
        <ele>765.31</ele>
      </trkpt>
      <trkpt lat="47.403602" lon="11.769107">
        <ele>757.26</ele>
      </trkpt>
      <trkpt lat="47.403253" lon="11.768883">
        <ele>740.61</ele>
      </trkpt>
      <trkpt lat="47.403203" lon="11.768934">
        <ele>740.93</ele>
      </trkpt>
      <trkpt lat="47.402897" lon="11.769037">
        <ele>737.5</ele>
      </trkpt>
      <trkpt lat="47.402917" lon="11.769074">
        <ele>738.83</ele>
      </trkpt>
      <trkpt lat="47.402932" lon="11.769117">
        <ele>740.09</ele>
      </trkpt>
      <trkpt lat="47.402953" lon="11.769152">
        <ele>741.16</ele>
      </trkpt>
      <trkpt lat="47.402703" lon="11.769444">
        <ele>741.31</ele>
      </trkpt>
      <trkpt lat="47.402614" lon="11.769568">
        <ele>741.23</ele>
      </trkpt>
      <trkpt lat="47.402506" lon="11.769773">
        <ele>741.25</ele>
      </trkpt>
      <trkpt lat="47.402496" lon="11.76986">
        <ele>742.08</ele>
      </trkpt>
      <trkpt lat="47.402397" lon="11.770163">
        <ele>743.05</ele>
      </trkpt>
      <trkpt lat="47.402212" lon="11.770631">
        <ele>740.88</ele>
      </trkpt>
      <trkpt lat="47.402199" lon="11.770658">
        <ele>740.53</ele>
      </trkpt>
      <trkpt lat="47.401974" lon="11.771155">
        <ele>734.69</ele>
      </trkpt>
      <trkpt lat="47.401872" lon="11.771333">
        <ele>732.99</ele>
      </trkpt>
      <trkpt lat="47.401809" lon="11.77149">
        <ele>733.85</ele>
      </trkpt>
      <trkpt lat="47.401689" lon="11.77172">
        <ele>736.23</ele>
      </trkpt>
      <trkpt lat="47.401648" lon="11.771757">
        <ele>736.35</ele>
      </trkpt>
      <trkpt lat="47.401622" lon="11.771799">
        <ele>737.13</ele>
      </trkpt>
      <trkpt lat="47.401622" lon="11.771845">
        <ele>738.85</ele>
      </trkpt>
      <trkpt lat="47.401647" lon="11.772018">
        <ele>746.23</ele>
      </trkpt>
      <trkpt lat="47.401645" lon="11.772047">
        <ele>747.33</ele>
      </trkpt>
      <trkpt lat="47.401624" lon="11.772073">
        <ele>747.89</ele>
      </trkpt>
      <trkpt lat="47.4016" lon="11.772086">
        <ele>747.85</ele>
      </trkpt>
      <trkpt lat="47.401556" lon="11.772137">
        <ele>748.77</ele>
      </trkpt>
      <trkpt lat="47.401452" lon="11.77222">
        <ele>749.04</ele>
      </trkpt>
      <trkpt lat="47.401425" lon="11.772164">
        <ele>746.15</ele>
      </trkpt>
      <trkpt lat="47.401071" lon="11.772561">
        <ele>744.86</ele>
      </trkpt>
      <trkpt lat="47.400713" lon="11.772965">
        <ele>738.98</ele>
      </trkpt>
      <trkpt lat="47.400621" lon="11.773078">
        <ele>738.08</ele>
      </trkpt>
      <trkpt lat="47.400495" lon="11.77326">
        <ele>737.83</ele>
      </trkpt>
      <trkpt lat="47.400353" lon="11.773531">
        <ele>738.75</ele>
      </trkpt>
      <trkpt lat="47.400247" lon="11.773781">
        <ele>739.88</ele>
      </trkpt>
      <trkpt lat="47.400206" lon="11.773901">
        <ele>740.47</ele>
      </trkpt>
      <trkpt lat="47.400127" lon="11.774206">
        <ele>741.46</ele>
      </trkpt>
      <trkpt lat="47.400031" lon="11.774709">
        <ele>736.95</ele>
      </trkpt>
      <trkpt lat="47.399972" lon="11.775164">
        <ele>732.6</ele>
      </trkpt>
      <trkpt lat="47.399915" lon="11.775669">
        <ele>730.69</ele>
      </trkpt>
      <trkpt lat="47.399874" lon="11.776192">
        <ele>729.14</ele>
      </trkpt>
      <trkpt lat="47.399847" lon="11.776676">
        <ele>727.2</ele>
      </trkpt>
      <trkpt lat="47.399826" lon="11.777289">
        <ele>723.56</ele>
      </trkpt>
      <trkpt lat="47.399827" lon="11.777871">
        <ele>721.74</ele>
      </trkpt>
      <trkpt lat="47.399829" lon="11.778085">
        <ele>721.27</ele>
      </trkpt>
      <trkpt lat="47.399841" lon="11.778319">
        <ele>720.79</ele>
      </trkpt>
      <trkpt lat="47.39986" lon="11.778546">
        <ele>720.33</ele>
      </trkpt>
      <trkpt lat="47.399635" lon="11.778634">
        <ele>715.86</ele>
      </trkpt>
      <trkpt lat="47.399522" lon="11.778684">
        <ele>713.64</ele>
      </trkpt>
      <trkpt lat="47.399452" lon="11.778739">
        <ele>712.28</ele>
      </trkpt>
      <trkpt lat="47.399411" lon="11.778803">
        <ele>711.38</ele>
      </trkpt>
      <trkpt lat="47.399324" lon="11.778764">
        <ele>710.52</ele>
      </trkpt>
      <trkpt lat="47.399266" lon="11.778759">
        <ele>710.07</ele>
      </trkpt>
      <trkpt lat="47.399225" lon="11.778807">
        <ele>709.69</ele>
      </trkpt>
      <trkpt lat="47.39922" lon="11.778832">
        <ele>709.57</ele>
      </trkpt>
      <trkpt lat="47.399225" lon="11.778807">
        <ele>709.69</ele>
      </trkpt>
      <trkpt lat="47.399266" lon="11.778759">
        <ele>710.07</ele>
      </trkpt>
      <trkpt lat="47.399078" lon="11.778806">
        <ele>710.24</ele>
      </trkpt>
      <trkpt lat="47.398973" lon="11.778848">
        <ele>711.89</ele>
      </trkpt>
      <trkpt lat="47.398664" lon="11.77901">
        <ele>720.29</ele>
      </trkpt>
      <trkpt lat="47.39854" lon="11.779086">
        <ele>723.4</ele>
      </trkpt>
      <trkpt lat="47.398475" lon="11.779155">
        <ele>724.27</ele>
      </trkpt>
      <trkpt lat="47.398369" lon="11.779164">
        <ele>725.73</ele>
      </trkpt>
      <trkpt lat="47.398193" lon="11.779164">
        <ele>726.77</ele>
      </trkpt>
      <trkpt lat="47.39811" lon="11.779122">
        <ele>727.16</ele>
      </trkpt>
      <trkpt lat="47.398054" lon="11.779126">
        <ele>727.11</ele>
      </trkpt>
      <trkpt lat="47.398033" lon="11.779189">
        <ele>726.84</ele>
      </trkpt>
      <trkpt lat="47.397973" lon="11.779196">
        <ele>726.72</ele>
      </trkpt>
      <trkpt lat="47.398" lon="11.779257">
        <ele>725.97</ele>
      </trkpt>
      <trkpt lat="47.397988" lon="11.77928">
        <ele>725.57</ele>
      </trkpt>
      <trkpt lat="47.397881" lon="11.779271">
        <ele>725.69</ele>
      </trkpt>
      <trkpt lat="47.397787" lon="11.779298">
        <ele>724.93</ele>
      </trkpt>
      <trkpt lat="47.397733" lon="11.77934">
        <ele>723.97</ele>
      </trkpt>
      <trkpt lat="47.397639" lon="11.77934">
        <ele>723.03</ele>
      </trkpt>
      <trkpt lat="47.397617" lon="11.779327">
        <ele>722.87</ele>
      </trkpt>
      <trkpt lat="47.397562" lon="11.779314">
        <ele>722.01</ele>
      </trkpt>
      <trkpt lat="47.397481" lon="11.779357">
        <ele>719.86</ele>
      </trkpt>
      <trkpt lat="47.397457" lon="11.779406">
        <ele>718.71</ele>
      </trkpt>
      <trkpt lat="47.397384" lon="11.779498">
        <ele>715.16</ele>
      </trkpt>
      <trkpt lat="47.397314" lon="11.779524">
        <ele>712.31</ele>
      </trkpt>
      <trkpt lat="47.397356" lon="11.779583">
        <ele>712.57</ele>
      </trkpt>
      <trkpt lat="47.397321" lon="11.779584">
        <ele>711.4</ele>
      </trkpt>
      <trkpt lat="47.397301" lon="11.779634">
        <ele>709.6</ele>
      </trkpt>
      <trkpt lat="47.397272" lon="11.779667">
        <ele>707.83</ele>
      </trkpt>
      <trkpt lat="47.397284" lon="11.77975">
        <ele>706.17</ele>
      </trkpt>
      <trkpt lat="47.39732" lon="11.779752">
        <ele>707.22</ele>
      </trkpt>
      <trkpt lat="47.397427" lon="11.779686">
        <ele>711.85</ele>
      </trkpt>
      <trkpt lat="47.397513" lon="11.779702">
        <ele>712.84</ele>
      </trkpt>
      <trkpt lat="47.397563" lon="11.779702">
        <ele>713.28</ele>
      </trkpt>
      <trkpt lat="47.397613" lon="11.77969">
        <ele>713.87</ele>
      </trkpt>
      <trkpt lat="47.397613" lon="11.779755">
        <ele>711.56</ele>
      </trkpt>
      <trkpt lat="47.397547" lon="11.779792">
        <ele>710.15</ele>
      </trkpt>
      <trkpt lat="47.397492" lon="11.779837">
        <ele>708.19</ele>
      </trkpt>
      <trkpt lat="47.397467" lon="11.779936">
        <ele>704.7</ele>
      </trkpt>
      <trkpt lat="47.397403" lon="11.780025">
        <ele>701.13</ele>
      </trkpt>
      <trkpt lat="47.39742" lon="11.780148">
        <ele>697.22</ele>
      </trkpt>
      <trkpt lat="47.397405" lon="11.780228">
        <ele>693.99</ele>
      </trkpt>
      <trkpt lat="47.397382" lon="11.780287">
        <ele>691.31</ele>
      </trkpt>
      <trkpt lat="47.397337" lon="11.780334">
        <ele>688.72</ele>
      </trkpt>
      <trkpt lat="47.397284" lon="11.780449">
        <ele>683.05</ele>
      </trkpt>
      <trkpt lat="47.397213" lon="11.78053">
        <ele>678.45</ele>
      </trkpt>
      <trkpt lat="47.397171" lon="11.780521">
        <ele>678.02</ele>
      </trkpt>
      <trkpt lat="47.397137" lon="11.780472">
        <ele>679.25</ele>
      </trkpt>
      <trkpt lat="47.397118" lon="11.780432">
        <ele>680.38</ele>
      </trkpt>
      <trkpt lat="47.397057" lon="11.78036">
        <ele>681.56</ele>
      </trkpt>
      <trkpt lat="47.397042" lon="11.780379">
        <ele>680.49</ele>
      </trkpt>
      <trkpt lat="47.397045" lon="11.780432">
        <ele>678.64</ele>
      </trkpt>
      <trkpt lat="47.397073" lon="11.780479">
        <ele>677.55</ele>
      </trkpt>
      <trkpt lat="47.397036" lon="11.780425">
        <ele>678.68</ele>
      </trkpt>
      <trkpt lat="47.396992" lon="11.780379">
        <ele>679.2</ele>
      </trkpt>
      <trkpt lat="47.396955" lon="11.780353">
        <ele>679.12</ele>
      </trkpt>
      <trkpt lat="47.396932" lon="11.780313">
        <ele>679.81</ele>
      </trkpt>
      <trkpt lat="47.396895" lon="11.780313">
        <ele>678.81</ele>
      </trkpt>
      <trkpt lat="47.396898" lon="11.780417">
        <ele>675.51</ele>
      </trkpt>
      <trkpt lat="47.396915" lon="11.780472">
        <ele>674.07</ele>
      </trkpt>
      <trkpt lat="47.39693" lon="11.780631">
        <ele>668.94</ele>
      </trkpt>
      <trkpt lat="47.396924" lon="11.780705">
        <ele>666.35</ele>
      </trkpt>
      <trkpt lat="47.396957" lon="11.780782">
        <ele>664.51</ele>
      </trkpt>
      <trkpt lat="47.396975" lon="11.780847">
        <ele>662.85</ele>
      </trkpt>
      <trkpt lat="47.396992" lon="11.780908">
        <ele>661.3</ele>
      </trkpt>
      <trkpt lat="47.39703" lon="11.78091">
        <ele>661.81</ele>
      </trkpt>
      <trkpt lat="47.397064" lon="11.780936">
        <ele>661.49</ele>
      </trkpt>
      <trkpt lat="47.397077" lon="11.780982">
        <ele>660.23</ele>
      </trkpt>
      <trkpt lat="47.397074" lon="11.781025">
        <ele>658.86</ele>
      </trkpt>
      <trkpt lat="47.397112" lon="11.781222">
        <ele>653.17</ele>
      </trkpt>
      <trkpt lat="47.397132" lon="11.781283">
        <ele>651.46</ele>
      </trkpt>
      <trkpt lat="47.397159" lon="11.781334">
        <ele>650.07</ele>
      </trkpt>
      <trkpt lat="47.397112" lon="11.781331">
        <ele>649.88</ele>
      </trkpt>
      <trkpt lat="47.397057" lon="11.781295">
        <ele>650.55</ele>
      </trkpt>
      <trkpt lat="47.396857" lon="11.78115">
        <ele>652.48</ele>
      </trkpt>
      <trkpt lat="47.396836" lon="11.781162">
        <ele>651.87</ele>
      </trkpt>
      <trkpt lat="47.396833" lon="11.781191">
        <ele>651.05</ele>
      </trkpt>
      <trkpt lat="47.396932" lon="11.7815">
        <ele>643.93</ele>
      </trkpt>
      <trkpt lat="47.396996" lon="11.781652">
        <ele>640.45</ele>
      </trkpt>
      <trkpt lat="47.397055" lon="11.782041">
        <ele>631.72</ele>
      </trkpt>
      <trkpt lat="47.397045" lon="11.782072">
        <ele>631.08</ele>
      </trkpt>
      <trkpt lat="47.397009" lon="11.782099">
        <ele>630.58</ele>
      </trkpt>
      <trkpt lat="47.396911" lon="11.782005">
        <ele>632.39</ele>
      </trkpt>
      <trkpt lat="47.396834" lon="11.78198">
        <ele>632.54</ele>
      </trkpt>
      <trkpt lat="47.396617" lon="11.781866">
        <ele>632.23</ele>
      </trkpt>
      <trkpt lat="47.396501" lon="11.781765">
        <ele>631.78</ele>
      </trkpt>
      <trkpt lat="47.396403" lon="11.781695">
        <ele>630.79</ele>
      </trkpt>
      <trkpt lat="47.396327" lon="11.781666">
        <ele>629.36</ele>
      </trkpt>
      <trkpt lat="47.396017" lon="11.781582">
        <ele>622.28</ele>
      </trkpt>
      <trkpt lat="47.395871" lon="11.781529">
        <ele>619.65</ele>
      </trkpt>
      <trkpt lat="47.395859" lon="11.781523">
        <ele>619.51</ele>
      </trkpt>
      <trkpt lat="47.395871" lon="11.781529">
        <ele>619.65</ele>
      </trkpt>
      <trkpt lat="47.395904" lon="11.781675">
        <ele>616.7</ele>
      </trkpt>
      <trkpt lat="47.395909" lon="11.781875">
        <ele>612.9</ele>
      </trkpt>
      <trkpt lat="47.395876" lon="11.782176">
        <ele>607.92</ele>
      </trkpt>
      <trkpt lat="47.395873" lon="11.782343">
        <ele>605.88</ele>
      </trkpt>
      <trkpt lat="47.395762" lon="11.782225">
        <ele>604.73</ele>
      </trkpt>
      <trkpt lat="47.395608" lon="11.782135">
        <ele>602.25</ele>
      </trkpt>
      <trkpt lat="47.39545" lon="11.781976">
        <ele>600.45</ele>
      </trkpt>
      <trkpt lat="47.395324" lon="11.781789">
        <ele>600.05</ele>
      </trkpt>
      <trkpt lat="47.395273" lon="11.781729">
        <ele>599.79</ele>
      </trkpt>
      <trkpt lat="47.395241" lon="11.78169">
        <ele>599.69</ele>
      </trkpt>
      <trkpt lat="47.395148" lon="11.78162">
        <ele>598.68</ele>
      </trkpt>
      <trkpt lat="47.395019" lon="11.781542">
        <ele>597.03</ele>
      </trkpt>
      <trkpt lat="47.394899" lon="11.781392">
        <ele>597.43</ele>
      </trkpt>
      <trkpt lat="47.39451" lon="11.780844">
        <ele>592.51</ele>
      </trkpt>
      <trkpt lat="47.394462" lon="11.780746">
        <ele>590.57</ele>
      </trkpt>
      <trkpt lat="47.394455" lon="11.780688">
        <ele>590.18</ele>
      </trkpt>
      <trkpt lat="47.394462" lon="11.780597">
        <ele>590.16</ele>
      </trkpt>
      <trkpt lat="47.394494" lon="11.780467">
        <ele>590.71</ele>
      </trkpt>
      <trkpt lat="47.394578" lon="11.780232">
        <ele>592.12</ele>
      </trkpt>
      <trkpt lat="47.394842" lon="11.779754">
        <ele>598.39</ele>
      </trkpt>
      <trkpt lat="47.394868" lon="11.779556">
        <ele>596.16</ele>
      </trkpt>
      <trkpt lat="47.39491" lon="11.779468">
        <ele>596.34</ele>
      </trkpt>
      <trkpt lat="47.394928" lon="11.779361">
        <ele>594.99</ele>
      </trkpt>
      <trkpt lat="47.394933" lon="11.77922">
        <ele>592.39</ele>
      </trkpt>
      <trkpt lat="47.394944" lon="11.779142">
        <ele>591.29</ele>
      </trkpt>
      <trkpt lat="47.395029" lon="11.778857">
        <ele>587.65</ele>
      </trkpt>
      <trkpt lat="47.395029" lon="11.778776">
        <ele>585.55</ele>
      </trkpt>
      <trkpt lat="47.395006" lon="11.778709">
        <ele>583.12</ele>
      </trkpt>
      <trkpt lat="47.394969" lon="11.778651">
        <ele>580.69</ele>
      </trkpt>
      <trkpt lat="47.394921" lon="11.778628">
        <ele>578.98</ele>
      </trkpt>
      <trkpt lat="47.394915" lon="11.778595">
        <ele>578.19</ele>
      </trkpt>
      <trkpt lat="47.394964" lon="11.778542">
        <ele>578.3</ele>
      </trkpt>
      <trkpt lat="47.394886" lon="11.778408">
        <ele>574.67</ele>
      </trkpt>
      <trkpt lat="47.394862" lon="11.778308">
        <ele>573.43</ele>
      </trkpt>
      <trkpt lat="47.394802" lon="11.778137">
        <ele>572.45</ele>
      </trkpt>
      <trkpt lat="47.394743" lon="11.778008">
        <ele>572.5</ele>
      </trkpt>
      <trkpt lat="47.394753" lon="11.77791">
        <ele>573.07</ele>
      </trkpt>
      <trkpt lat="47.394769" lon="11.777893">
        <ele>573.26</ele>
      </trkpt>
      <trkpt lat="47.394753" lon="11.77791">
        <ele>573.07</ele>
      </trkpt>
      <trkpt lat="47.394399" lon="11.778388">
        <ele>571.64</ele>
      </trkpt>
      <trkpt lat="47.393753" lon="11.77926">
        <ele>566.27</ele>
      </trkpt>
      <trkpt lat="47.393265" lon="11.779915">
        <ele>562.55</ele>
      </trkpt>
      <trkpt lat="47.393205" lon="11.779996">
        <ele>561.96</ele>
      </trkpt>
      <trkpt lat="47.393183" lon="11.780026">
        <ele>561.75</ele>
      </trkpt>
      <trkpt lat="47.393048" lon="11.779659">
        <ele>561.58</ele>
      </trkpt>
      <trkpt lat="47.393008" lon="11.77956">
        <ele>561.52</ele>
      </trkpt>
      <trkpt lat="47.392963" lon="11.779448">
        <ele>561.46</ele>
      </trkpt>
      <trkpt lat="47.392907" lon="11.779342">
        <ele>561.39</ele>
      </trkpt>
      <trkpt lat="47.392848" lon="11.779249">
        <ele>561.32</ele>
      </trkpt>
      <trkpt lat="47.392731" lon="11.779065">
        <ele>561.32</ele>
      </trkpt>
      <trkpt lat="47.39249" lon="11.778695">
        <ele>561.61</ele>
      </trkpt>
      <trkpt lat="47.392276" lon="11.778947">
        <ele>559.67</ele>
      </trkpt>
      <trkpt lat="47.392206" lon="11.779112">
        <ele>558.85</ele>
      </trkpt>
      <trkpt lat="47.391837" lon="11.779444">
        <ele>556.3</ele>
      </trkpt>
      <trkpt lat="47.391781" lon="11.779318">
        <ele>556.32</ele>
      </trkpt>
      <trkpt lat="47.391367" lon="11.778392">
        <ele>555.17</ele>
      </trkpt>
      <trkpt lat="47.391076" lon="11.778739">
        <ele>551.66</ele>
      </trkpt>
      <trkpt lat="47.391027" lon="11.778798">
        <ele>551.11</ele>
      </trkpt>
      <trkpt lat="47.390875" lon="11.779015">
        <ele>549.48</ele>
      </trkpt>
      <trkpt lat="47.390823" lon="11.779091">
        <ele>548.96</ele>
      </trkpt>
      <trkpt lat="47.390593" lon="11.779432">
        <ele>546.59</ele>
      </trkpt>
      <trkpt lat="47.390532" lon="11.779502">
        <ele>545.87</ele>
      </trkpt>
      <trkpt lat="47.390459" lon="11.779568">
        <ele>544.95</ele>
      </trkpt>
      <trkpt lat="47.390354" lon="11.779645">
        <ele>543.52</ele>
      </trkpt>
      <trkpt lat="47.390255" lon="11.779691">
        <ele>542.14</ele>
      </trkpt>
      <trkpt lat="47.390013" lon="11.779757">
        <ele>538.92</ele>
      </trkpt>
      <trkpt lat="47.389961" lon="11.779765">
        <ele>538.3</ele>
      </trkpt>
      <trkpt lat="47.389922" lon="11.779759">
        <ele>537.86</ele>
      </trkpt>
      <trkpt lat="47.389893" lon="11.779738">
        <ele>537.59</ele>
      </trkpt>
      <trkpt lat="47.389868" lon="11.779704">
        <ele>537.39</ele>
      </trkpt>
      <trkpt lat="47.389848" lon="11.779654">
        <ele>537.3</ele>
      </trkpt>
      <trkpt lat="47.389823" lon="11.779532">
        <ele>537.36</ele>
      </trkpt>
      <trkpt lat="47.389572" lon="11.779747">
        <ele>533.79</ele>
      </trkpt>
      <trkpt lat="47.389517" lon="11.779748">
        <ele>533.18</ele>
      </trkpt>
      <trkpt lat="47.389479" lon="11.779701">
        <ele>532.79</ele>
      </trkpt>
      <trkpt lat="47.389098" lon="11.778601">
        <ele>532.17</ele>
      </trkpt>
      <trkpt lat="47.38905" lon="11.778525">
        <ele>532.19</ele>
      </trkpt>
      <trkpt lat="47.388885" lon="11.778262">
        <ele>531.89</ele>
      </trkpt>
      <trkpt lat="47.388871" lon="11.778291">
        <ele>531.72</ele>
      </trkpt>
      <trkpt lat="47.388849" lon="11.778309">
        <ele>531.53</ele>
      </trkpt>
      <trkpt lat="47.388859" lon="11.778406">
        <ele>531.36</ele>
      </trkpt>
    </trkseg>
  </trk>
</gpx>