{
"type": "FeatureCollection",
"name": "z_trails_forchet",
"crs": { "type": "name", "properties": { "name": "urn:ogc:def:crs:EPSG::3857" } },
"xy_coordinate_resolution": 1e-12,
"features": [
{ "type": "Feature", "properties": { "name": "Muren-Trail", "description": "Witziger Slalom durch die Kiefern am Rand der Mure" }, "geometry": { "type": "LineString", "coordinates": [ [ 1206974.743424995337, 5981817.885254732333, 826.0780029296875 ], [ 1206889.324692059075, 5981784.073672943749, 828.9420166015625 ], [ 1206809.244629931403, 5981728.90740792267, 827.66497802734375 ], [ 1206775.433048144216, 5981679.079813711345, 824.97698974609375 ], [ 1206722.046340058791, 5981654.166016602889, 829.1829833984375 ], [ 1206675.777859718772, 5981618.574877880514, 833.92498779296875 ], [ 1206631.288936314173, 5981572.306397538632, 828.61798095703125 ], [ 1206604.595582271926, 5981538.494815753773, 827.5260009765625 ], [ 1206618.832037761342, 5981490.446778476238, 818.80401611328125 ], [ 1206640.186720995, 5981465.532981370576, 813.7750244140625 ], [ 1206677.55741665489, 5981426.382728774101, 805.98797607421875 ], [ 1206730.944124740083, 5981385.452919242904, 795.114013671875 ], [ 1206739.841909420909, 5981346.302666646428, 786.75799560546875 ], [ 1206787.889946697047, 5981308.931970986538, 781.8809814453125 ], [ 1206835.937983974116, 5981255.545262902044, 771.77099609375 ], [ 1206853.733553335769, 5981205.717668689787, 765.49700927734375 ], [ 1206894.663362867665, 5981138.094505114481, 757.58001708984375 ], [ 1206924.915830782615, 5981093.605581711046, 751.6300048828125 ], [ 1206946.270514016505, 5981045.557544433512, 747.26202392578125 ], [ 1206964.066083378159, 5980999.289064093493, 742.53302001953125 ], [ 1206974.743424995337, 5980951.241026815958, 733.2559814453125 ] ] } },
{ "type": "Feature", "properties": { "name": "Sautens - Bischlang Trail (0,6 km)", "description": "Kurze Trail Variante mit technische Passage in erster Hälfte!" }, "geometry": { "type": "LineString", "coordinates": [ [ 1206460.998318677768, 5977524.186926799826, 827.583984375 ], [ 1206462.514775540913, 5977542.384409161285, 825.43499755859375 ], [ 1206467.064146131277, 5977554.516064070165, 822.76202392578125 ], [ 1206470.097059858497, 5977566.647718979046, 819.1510009765625 ], [ 1206474.646430448862, 5977587.87811506819, 815.614990234375 ], [ 1206474.646430448862, 5977618.207252337597, 814.92999267578125 ], [ 1206470.097059858497, 5977625.789536655881, 817.7249755859375 ], [ 1206460.998318677768, 5977650.05284647271, 819.51202392578125 ], [ 1206464.031232404523, 5977677.349070016295, 818.36700439453125 ], [ 1206483.745171629824, 5977701.612379829399, 811.28497314453125 ], [ 1206491.327455947641, 5977709.194664148614, 809.3060302734375 ], [ 1206501.942653992213, 5977716.776948465966, 807.24102783203125 ], [ 1206509.524938309565, 5977730.425060236827, 806.06201171875 ], [ 1206523.173050081357, 5977731.941517101601, 800.7919921875 ], [ 1206534.733525742777, 5977754.660920759663, 807.13897705078125 ], [ 1206520.644167984603, 5977765.619310128503, 806.8079833984375 ], [ 1206476.810610514134, 5977785.970604668371, 806.02099609375 ], [ 1206456.459315974731, 5977793.798025644384, 797.95599365234375 ], [ 1206434.542537239147, 5977784.405120472424, 796.301025390625 ], [ 1206417.322211090475, 5977754.660920759663, 789.655029296875 ], [ 1206401.66736913682, 5977723.351236853749, 787.1090087890625 ], [ 1206354.70284327562, 5977693.607037140988, 779.47198486328125 ], [ 1206343.744453908177, 5977684.214131969027, 779.93902587890625 ], [ 1206317.131222586846, 5977652.90444806125, 779.8070068359375 ], [ 1206285.821538679069, 5977638.815090303309, 780.8590087890625 ], [ 1206245.118949599797, 5977638.815090303309, 781.93597412109375 ], [ 1206186.413292273413, 5977701.434458117001, 770.781005859375 ], [ 1206186.413292273413, 5977745.268015588634, 769.49798583984375 ], [ 1206180.151355491951, 5977764.053825931624, 767.7449951171875 ], [ 1206167.627481928794, 5977803.190930818208, 763.69000244140625 ], [ 1206147.276187389158, 5977842.328035701998, 757.99102783203125 ] ] } },
{ "type": "Feature", "properties": { "name": "Umholer Up & Down Trail (0,4 km)", "description": "UH mit Flow! Top!" }, "geometry": { "type": "LineString", "coordinates": [ [ 1210267.201382118277, 5983139.716888077557, 687.3599853515625 ], [ 1210259.556962613715, 5983124.428049068898, 688.77801513671875 ], [ 1210258.792520663003, 5983114.490303712897, 689.9949951171875 ], [ 1210253.441427010112, 5983096.908138852566, 692.531982421875 ], [ 1210250.383659207961, 5983090.79260324873, 693.84002685546875 ], [ 1210222.863748992095, 5983063.272693032399, 696.9959716796875 ], [ 1210198.401606577449, 5983057.921599377878, 698.11798095703125 ], [ 1210180.819441716885, 5983050.277179873548, 697.4639892578125 ], [ 1210145.655111996224, 5983036.517224766314, 694.8499755859375 ], [ 1210114.312992027728, 5983017.406176004559, 695.16302490234375 ], [ 1210109.726340325084, 5983014.348408203572, 693.958984375 ], [ 1210089.086407662835, 5982994.47291749157, 692.52001953125 ], [ 1210085.26419791067, 5982975.361868730746, 692.54302978515625 ], [ 1210080.677546208026, 5982960.837471670471, 691.844970703125 ], [ 1210078.384220356587, 5982941.726422909647, 690.1719970703125 ], [ 1210078.384220356587, 5982928.730909752659, 690.4949951171875 ], [ 1210081.441988158505, 5982908.855419040658, 690.43597412109375 ], [ 1210080.677546208026, 5982901.210999536328, 690.822998046875 ], [ 1210069.975358901545, 5982892.037696130574, 690.99200439453125 ], [ 1210060.802055496257, 5982888.21548637934, 690.5009765625 ], [ 1210048.57098428905, 5982878.277741022408, 690.30499267578125 ], [ 1210046.277658437612, 5982866.811111765914, 692.47802734375 ], [ 1210047.806542338571, 5982849.228946906514, 691.70001220703125 ], [ 1210060.037613545777, 5982837.762317649089, 690.0059814453125 ], [ 1210081.441988158505, 5982821.70903668832, 689.61297607421875 ], [ 1210099.024153018603, 5982814.829059134237, 686.55499267578125 ], [ 1210102.846362770768, 5982813.300175234675, 686.55499267578125 ], [ 1210118.899643730605, 5982806.420197679661, 684.70697021484375 ], [ 1210123.486295433249, 5982789.60247477144, 685.625 ], [ 1210124.250737383496, 5982785.780265018344, 685.9739990234375 ], [ 1210129.601831036853, 5982772.784751859494, 684.8079833984375 ], [ 1210141.06846029358, 5982765.904774306342, 685.08599853515625 ], [ 1210151.770647599827, 5982763.611448455602, 685.3590087890625 ], [ 1210157.886183203664, 5982755.967028950341, 686.8179931640625 ], [ 1210161.708392955596, 5982748.322609446011, 686.8330078125 ], [ 1210163.237276856788, 5982736.09153823927, 686.97802734375 ], [ 1210167.823928559432, 5982729.211560684256, 686.28497314453125 ], [ 1210175.468348063994, 5982723.096025081351, 686.13702392578125 ], [ 1210193.050512924325, 5982719.273815328255, 687.46600341796875 ], [ 1210199.166048527928, 5982716.980489476584, 687.46600341796875 ] ] } },
{ "type": "Feature", "properties": { "name": "Haiminger Forchet - Umspannwerk NO (0,5 km)", "description": "Flow Traum!" }, "geometry": { "type": "LineString", "coordinates": [ [ 1210370.20512930816, 5982494.236512648873, 692.89300537109375 ], [ 1210370.895162384491, 5982496.306611878797, 692.89300537109375 ], [ 1210383.31575776008, 5982503.896975718439, 692.344970703125 ], [ 1210388.145989295328, 5982513.557438789867, 692.3389892578125 ], [ 1210388.145989295328, 5982530.118232624605, 692.26202392578125 ], [ 1210386.075890066102, 5982540.468728770502, 691.01300048828125 ], [ 1210381.245658530854, 5982545.988993382081, 690.030029296875 ], [ 1210375.725393919507, 5982552.889324145392, 690.030029296875 ], [ 1210372.96526161395, 5982560.479687986895, 689.4940185546875 ], [ 1210372.96526161395, 5982570.830184132792, 688.65899658203125 ], [ 1210374.345327766612, 5982582.560746431351, 687.43701171875 ], [ 1210372.96526161395, 5982589.461077196524, 687.43701171875 ], [ 1210366.064930849476, 5982606.021871030331, 684.7750244140625 ], [ 1210360.544666238129, 5982627.412896399386, 685.41497802734375 ], [ 1210357.784533932107, 5982650.183987922966, 684.45001220703125 ], [ 1210358.474567008903, 5982663.98464945145, 684.0679931640625 ], [ 1210361.924732391024, 5982680.545443285257, 683.7750244140625 ], [ 1210368.825063155033, 5982688.135807124898, 683.18597412109375 ], [ 1210368.825063155033, 5982696.416204041801, 682.43701171875 ], [ 1210368.872161528096, 5982696.548079414293, 682.43701171875 ], [ 1210372.275228537153, 5982706.076667112298, 682.01300048828125 ], [ 1210380.555625454523, 5982718.497262489051, 681.43597412109375 ], [ 1210388.145989295328, 5982724.01752710063, 680.7490234375 ], [ 1210394.356286983006, 5982726.777659405023, 681.6669921875 ], [ 1210401.023498475552, 5982736.111755319871, 680.56298828125 ], [ 1210405.741832744563, 5982738.16320516821, 680.6510009765625 ], [ 1210410.917080817744, 5982742.993436703458, 680.6510009765625 ], [ 1210414.367246199865, 5982747.823668239638, 680.573974609375 ], [ 1210415.335714031477, 5982752.112595626153, 680.18701171875 ], [ 1210416.73513795156, 5982752.612389945425, 680.18701171875 ], [ 1210417.817411581753, 5982752.998916309327, 680.18701171875 ], [ 1210419.904653175035, 5982755.781904662959, 681.2020263671875 ], [ 1210421.957610040437, 5982758.519180920906, 681.2020263671875 ], [ 1210431.618073110236, 5982773.009875526652, 680.77899169921875 ], [ 1210437.11636805092, 5982784.00646538008, 681.3709716796875 ], [ 1210437.138337721815, 5982784.050404749811, 681.3709716796875 ], [ 1210437.828370797914, 5982786.120503979735, 681.3709716796875 ], [ 1210443.00361887156, 5982799.058623518795, 681.67901611328125 ], [ 1210443.00361887156, 5982806.82149627246, 681.92401123046875 ], [ 1210444.383685024688, 5982809.581628578715, 681.92401123046875 ], [ 1210449.213916559238, 5982817.862025494687, 680.906005859375 ], [ 1210456.11424732348, 5982824.76235625986, 680.906005859375 ], [ 1210456.394495429238, 5982825.031394316815, 681.010009765625 ], [ 1210456.459263861645, 5982825.452389334328, 681.010009765625 ], [ 1210456.459263861645, 5982827.1475941604, 681.010009765625 ], [ 1210456.459263861645, 5982833.042753175832, 681.1810302734375 ], [ 1210451.639907969628, 5982855.76257374417, 679.67401123046875 ], [ 1210451.629032327095, 5982855.813844699413, 679.67401123046875 ], [ 1210451.609671251383, 5982855.835141872987, 679.67401123046875 ], [ 1210444.728701562388, 5982863.404208539054, 678.72698974609375 ], [ 1210436.448304645251, 5982872.37463853322, 678.3809814453125 ], [ 1210432.998139262898, 5982876.514836992137, 678.7860107421875 ], [ 1210427.477874651784, 5982888.245399289764, 678.8809814453125 ], [ 1210424.717742345994, 5982904.806193124503, 678.614990234375 ], [ 1210422.647643116768, 5982917.226788500324, 678.801025390625 ], [ 1210422.647643116768, 5982930.337416952476, 678.89898681640625 ], [ 1210421.267576963874, 5982944.138078480028, 679.2130126953125 ], [ 1210420.57754388731, 5982962.76897154469, 679.79901123046875 ], [ 1210420.57754388731, 5982968.289236155339, 681.051025390625 ], [ 1210420.57754388731, 5982980.01979845576, 681.76202392578125 ], [ 1210419.197477734415, 5982991.060327678919, 682.89202880859375 ], [ 1210418.507444658084, 5982994.510493061505, 683.60302734375 ], [ 1210408.846981588285, 5983000.030757671222, 684.60699462890625 ], [ 1210399.876551594585, 5983009.691220740788, 683.42498779296875 ], [ 1210395.736353135901, 5983020.041716888547, 682.57000732421875 ], [ 1210397.116419288563, 5983034.532411493361, 684.052978515625 ], [ 1210396.426386212464, 5983042.812808409333, 684.3189697265625 ], [ 1210390.780920467107, 5983051.537617597729, 685.3699951171875 ], [ 1210388.836022371659, 5983054.543370710686, 686.56597900390625 ], [ 1210383.31575776008, 5983054.543370710686, 686.56597900390625 ], [ 1210380.707621925278, 5983054.543370710686, 686.73797607421875 ], [ 1210376.415426996304, 5983054.543370710686, 686.73797607421875 ], [ 1210363.304798543919, 5983048.333073022775, 685.13299560546875 ], [ 1210353.644335473655, 5983045.57294071652, 683.95501708984375 ], [ 1210343.983872403624, 5983046.262973792851, 683.3330078125 ], [ 1210339.153640868608, 5983049.023106098175, 683.3330078125 ], [ 1210328.803144722246, 5983055.233403786086, 682.9310302734375 ], [ 1210319.142681652214, 5983064.893866855651, 682.8389892578125 ], [ 1210302.581887818174, 5983075.244363002479, 683.6710205078125 ] ] } },
{ "type": "Feature", "properties": { "name": "Umholer bis Inn (1 km)", "description": "Landschaftliches Highlight und technisch bis flowiger Traum-Weg!" }, "geometry": { "type": "LineString", "coordinates": [ [ 1209997.353373608552, 5983093.08592909947, 708.84698486328125 ], [ 1209994.295605806634, 5983103.788116405718, 709.01300048828125 ], [ 1209985.122302401345, 5983116.01918761339, 707.4520263671875 ], [ 1209973.655673144618, 5983126.721374916844, 706.85101318359375 ], [ 1209964.482369739097, 5983138.188004177064, 705.95098876953125 ], [ 1209956.073508283822, 5983155.770169035532, 705.1820068359375 ], [ 1209949.193530729972, 5983172.587891945615, 706.3480224609375 ], [ 1209935.433575622039, 5983193.992266559042, 707.052978515625 ], [ 1209917.350741822505, 5983208.54037107341, 702.1710205078125 ], [ 1209883.188680980587, 5983212.253638556227, 695.760986328125 ], [ 1209875.01949251839, 5983245.67304590065, 694.68701171875 ], [ 1209875.76214601472, 5983247.901006391272, 694.68701171875 ], [ 1209881.703373987461, 5983276.864492756315, 693.99700927734375 ], [ 1209886.901948463405, 5983292.460216184147, 693.69500732421875 ], [ 1209905.46828587749, 5983322.166356047615, 692.22100830078125 ], [ 1209911.409513849998, 5983344.445960943587, 689.41400146484375 ], [ 1209915.865434829379, 5983371.181486820802, 687.9580078125 ], [ 1209919.578702312196, 5983389.747824233957, 686.98699951171875 ], [ 1209927.747890774393, 5983417.968657102436, 685.81500244140625 ], [ 1209929.23319776752, 5983431.33642004244, 684.32598876953125 ], [ 1209929.155212611658, 5983431.882315006107, 684.32598876953125 ], [ 1209931.482478453778, 5983435.820767953992, 684.27398681640625 ], [ 1209936.236882178346, 5983453.253581608646, 682.81402587890625 ], [ 1209923.55847224663, 5983469.893994643353, 682.94000244140625 ], [ 1209922.330525705591, 5983470.610296593048, 682.94000244140625 ], [ 1209914.049664797494, 5983475.440798988566, 683.12298583984375 ], [ 1209905.333257969702, 5983486.534407679923, 680.14398193359375 ], [ 1209903.748456728179, 5983492.873612646013, 680.14398193359375 ], [ 1209892.654848037986, 5983511.098826921545, 683.35797119140625 ], [ 1209890.277646175586, 5983523.777236855589, 683.4320068359375 ], [ 1209891.070046796463, 5983552.303659200668, 684.52099609375 ], [ 1209892.654848037986, 5983564.98206913285, 684.83001708984375 ], [ 1209899.786453624256, 5983587.169286513701, 684.916015625 ], [ 1209921.973671005107, 5983615.695708859712, 685.156982421875 ], [ 1209934.652080936823, 5983628.374118790962, 683.06597900390625 ], [ 1209948.915292110061, 5983640.260128101334, 682.39501953125 ], [ 1209955.254497075686, 5983648.184134308249, 683.80999755859375 ], [ 1209967.932907007635, 5983660.070143621415, 684.54400634765625 ], [ 1209979.818916318472, 5983664.03214672301, 683.69598388671875 ], [ 1209984.573320043273, 5983667.201749207452, 683.69598388671875 ], [ 1209992.497326250188, 5983679.087758517824, 684.1710205078125 ], [ 1209996.459329354111, 5983683.049761622213, 683.72998046875 ], [ 1210000.421332457801, 5983686.219364105724, 683.40399169921875 ], [ 1210009.13773928606, 5983689.388966587372, 682.572998046875 ], [ 1210019.438947355375, 5983689.388966587372, 681.3179931640625 ], [ 1210037.664161632303, 5983678.295357897878, 680.83197021484375 ], [ 1210046.380568460561, 5983675.125755414367, 679.8289794921875 ], [ 1210054.304574667942, 5983669.578951068223, 679.8690185546875 ], [ 1210064.60578273749, 5983667.994149827398, 679.593994140625 ], [ 1210073.322189565515, 5983667.994149827398, 679.5369873046875 ], [ 1210085.208198876353, 5983667.994149827398, 679.0159912109375 ], [ 1210099.471410049591, 5983670.3713516891, 678.40301513671875 ], [ 1210105.810615015682, 5983674.333354793489, 678.85498046875 ], [ 1210115.319422464352, 5983675.918156034313, 679.0560302734375 ], [ 1210127.997832396068, 5983675.125755414367, 679.1300048828125 ], [ 1210129.58263363759, 5983675.125755414367, 679.1300048828125 ], [ 1210134.337037362158, 5983675.125755414367, 678.88397216796875 ], [ 1210149.392649155809, 5983675.918156034313, 678.8900146484375 ], [ 1210161.278658467112, 5983675.918156034313, 679.27301025390625 ], [ 1210169.20266467426, 5983671.163752310909, 679.28497314453125 ], [ 1210181.881074606208, 5983670.3713516891, 678.614990234375 ], [ 1210193.767083917046, 5983669.578951068223, 678.552001953125 ], [ 1210208.822695711162, 5983667.201749207452, 679.04400634765625 ], [ 1210224.670708125923, 5983667.201749207452, 679.49102783203125 ], [ 1210240.518720540451, 5983667.201749207452, 679.010009765625 ], [ 1210256.366732955212, 5983664.03214672301, 679.63397216796875 ], [ 1210267.460341645638, 5983660.862544241361, 679.4110107421875 ], [ 1210285.685555922566, 5983674.333354793489, 678.92999267578125 ], [ 1210292.024760888191, 5983678.295357897878, 679.64599609375 ], [ 1210297.571565233404, 5983679.880159139633, 678.99298095703125 ], [ 1210299.948767095804, 5983686.219364105724, 679.10198974609375 ], [ 1210304.703170819907, 5983693.350969691761, 679.0789794921875 ], [ 1210309.457574544474, 5983701.274975898676, 678.6090087890625 ], [ 1210313.419577648165, 5983706.821780242957, 678.28802490234375 ], [ 1210319.758782614022, 5983718.707789555192, 676.958984375 ], [ 1210322.13598447619, 5983731.386199486442, 676.06500244140625 ], [ 1210333.229593166616, 5983741.687407557853, 676.40399169921875 ], [ 1210335.194932977902, 5983746.928311475553, 676.92498779296875 ], [ 1210337.983996890718, 5983754.365817486309, 676.52398681640625 ], [ 1210329.387240268523, 5983767.260949642397, 676.6500244140625 ], [ 1210326.890388200758, 5983771.00623052381, 676.6500244140625 ], [ 1210326.09798757988, 5983776.553034868091, 677.1939697265625 ], [ 1210326.09798757988, 5983782.892239834182, 674.91400146484375 ], [ 1210327.014953165315, 5983785.059610736556, 674.91400146484375 ], [ 1210334.814394407906, 5983803.494655973278, 671.36798095703125 ], [ 1210346.700403719209, 5983813.003463421948, 674.8170166015625 ], [ 1210356.209211167879, 5983813.003463421948, 673.07501220703125 ], [ 1210369.680021720473, 5983824.889472733252, 671.969970703125 ], [ 1210374.434425444575, 5983836.775482044555, 671.24798583984375 ], [ 1210374.434425444575, 5983842.184666865505, 670.27398681640625 ], [ 1210374.434425444575, 5983849.453891977668, 669.63201904296875 ], [ 1210374.434425444575, 5983858.170298804529, 669.6669921875 ], [ 1210374.434425444575, 5983869.263907494023, 668.9849853515625 ], [ 1210383.150832272833, 5983871.641109355725, 667.8740234375 ], [ 1210385.880214019679, 5983871.641109355725, 667.8740234375 ], [ 1210388.697636617813, 5983871.641109355725, 667.8740234375 ], [ 1210393.452040342381, 5983874.01831121929, 667.8280029296875 ], [ 1210398.107381503331, 5983880.106062456965, 666.7449951171875 ], [ 1210403.753248412162, 5983887.489121772349, 666.48199462890625 ], [ 1210419.829598408192, 5983895.144524667412, 665.7769775390625 ], [ 1210428.713867964689, 5983899.375131082721, 665.06097412109375 ], [ 1210435.053072930779, 5983899.375131082721, 664.31097412109375 ], [ 1210440.599877275992, 5983900.959932324477, 664.31097412109375 ], [ 1210442.72684728587, 5983902.732407108881, 664.35101318359375 ], [ 1210445.354281000327, 5983904.921935427003, 664.35101318359375 ], [ 1210458.825091552688, 5983908.883938531391, 665.302001953125 ], [ 1210468.333899001591, 5983912.053541013971, 666.7449951171875 ], [ 1210472.295902105281, 5983913.638342253864, 667.2440185546875 ], [ 1210487.351513899164, 5983913.638342253864, 668.6929931640625 ], [ 1210505.576728176326, 5983915.223143497482, 668.6929931640625 ], [ 1210509.538731280016, 5983917.600345359184, 668.95599365234375 ], [ 1210523.801942453254, 5983918.392745980062, 668.18902587890625 ], [ 1210535.687951763859, 5983916.807944739237, 667.2440185546875 ], [ 1210545.98915983364, 5983923.939550325274, 666.93402099609375 ], [ 1210560.252371006878, 5983928.693954048678, 666.49298095703125 ], [ 1210568.176377214259, 5983927.901553430595, 666.78497314453125 ], [ 1210572.138380317949, 5983927.109152808785, 666.1669921875 ] ] } },
{ "type": "Feature", "properties": { "name": "Umholer DH (0,4 km)", "description": "Kurzer, knackiger DH-Trail von der Umholer Höhe nach Nordost runter.." }, "geometry": { "type": "LineString", "coordinates": [ [ 1210010.348886765772, 5983086.970393496566, 708.906005859375 ], [ 1210012.940123053268, 5983089.849542871118, 709.8330078125 ], [ 1210013.099742389517, 5983091.126497931778, 709.8330078125 ], [ 1210020.231347976252, 5983099.842904759571, 710.96002197265625 ], [ 1210024.985751700588, 5983107.766910968348, 713.0269775390625 ], [ 1210027.362953562522, 5983110.936513450928, 713.0269775390625 ], [ 1210028.947754804278, 5983116.483317796141, 714.66400146484375 ], [ 1210030.5325560458, 5983118.068119036965, 714.802978515625 ], [ 1210036.079360391013, 5983118.068119036965, 714.802978515625 ], [ 1210040.041363494704, 5983120.445320898667, 717.07098388671875 ], [ 1210047.965369702084, 5983132.331330210902, 719.635009765625 ], [ 1210049.550170943141, 5983132.331330210902, 719.635009765625 ], [ 1210056.540799094597, 5983133.108066670597, 719.84197998046875 ], [ 1210056.681776529877, 5983133.123730830848, 719.84197998046875 ], [ 1210063.813382116379, 5983138.670535176992, 721.74200439453125 ], [ 1210063.970652399585, 5983139.299616216682, 721.74200439453125 ], [ 1210064.60578273749, 5983141.840137658641, 722.89697265625 ], [ 1210067.775385220302, 5983152.141345728189, 722.96502685546875 ], [ 1210068.56778584118, 5983154.518547590822, 722.96502685546875 ], [ 1210081.246195772663, 5983158.480550696142, 723.2459716796875 ], [ 1210083.846880115569, 5983158.939494939521, 722.08001708984375 ], [ 1210091.478498072363, 5983160.286251042038, 720.87799072265625 ], [ 1210100.537405913929, 5983169.563450931571, 719.0159912109375 ], [ 1210107.66209762916, 5983175.323839092627, 717.92901611328125 ], [ 1210111.357419360895, 5983182.252569316886, 716.1409912109375 ], [ 1210111.850235231454, 5983187.427132543176, 715.344970703125 ], [ 1210112.942220602185, 5983198.892982351594, 714.06597900390625 ], [ 1210112.942220602185, 5983213.948594145477, 711.80999755859375 ], [ 1210110.565018740017, 5983217.118196629919, 710.25 ], [ 1210109.772618119139, 5983223.45740159601, 708.135986328125 ], [ 1210106.603015636094, 5983245.64461897593, 702.3690185546875 ], [ 1210097.886608808069, 5983250.399022699334, 702.47900390625 ], [ 1210087.585400738753, 5983260.700230768882, 700.53399658203125 ], [ 1210078.076593289617, 5983274.963441942818, 698.39599609375 ], [ 1210078.076593289617, 5983286.057050631382, 697.67999267578125 ], [ 1210075.699391427683, 5983294.773457461968, 697.06097412109375 ], [ 1210072.529788944637, 5983319.33787670359, 694.97698974609375 ], [ 1210072.529788944637, 5983323.299879807979, 694.97698974609375 ], [ 1210072.529788944637, 5983334.393488497473, 693.49102783203125 ], [ 1210072.529788944637, 5983343.109895326197, 692.9990234375 ], [ 1210082.038596393541, 5983351.033901534043, 691.75897216796875 ], [ 1210085.393168841256, 5983352.112156587653, 691.75897216796875 ], [ 1210086.793081811164, 5983359.111727857031, 692.00201416015625 ], [ 1210102.081920820288, 5983382.044986371882, 691.2139892578125 ], [ 1210114.312992027728, 5983391.218289776705, 689.864013671875 ], [ 1210126.544063234702, 5983401.920477082953, 688.23297119140625 ], [ 1210129.601831036154, 5983414.151548291557, 687.551025390625 ], [ 1210129.601831036154, 5983426.382619499229, 687.08099365234375 ], [ 1210125.015179333743, 5983434.027039003558, 685.87298583984375 ], [ 1210117.37075982918, 5983453.902529713698, 684.73297119140625 ], [ 1210115.841875928221, 5983473.778020424768, 684.89898681640625 ], [ 1210102.081920820288, 5983484.480207731947, 684.114013671875 ], [ 1210091.379733513575, 5983495.182395037264, 682.06298828125 ], [ 1210079.148662306368, 5983499.769046741538, 682.08001708984375 ] ] } },
{ "type": "Feature", "properties": { "name": "Haiminger Forchet - Umspannwerk NW (0,6 km)", "description": "Zuerst technisch dann flowiges Traum-Wegerl!" }, "geometry": { "type": "LineString", "coordinates": [ [ 1210358.934416172095, 5982496.821207745932, 692.468994140625 ], [ 1210331.414505955996, 5982527.398885764182, 693.3489990234375 ], [ 1210328.356738154078, 5982541.158840871416, 694.2249755859375 ], [ 1210320.712318649516, 5982559.505447682925, 696.19097900390625 ], [ 1210305.423479640624, 5982579.380938394926, 697.57000732421875 ], [ 1210294.721292334143, 5982590.083125701174, 698.53802490234375 ], [ 1210290.134640631499, 5982593.140893503092, 698.53802490234375 ], [ 1210258.028078712756, 5982605.371964710765, 700.8179931640625 ], [ 1210236.623704100028, 5982608.429732511751, 700.57501220703125 ], [ 1210219.805981189944, 5982608.429732511751, 701.37799072265625 ], [ 1210212.161561685381, 5982608.429732511751, 699.8709716796875 ], [ 1210193.814954874571, 5982613.016384213232, 696.49298095703125 ], [ 1210172.410580262076, 5982614.545268115588, 692.9580078125 ], [ 1210147.94843784743, 5982620.660803718492, 690.10699462890625 ], [ 1210140.304018342867, 5982629.834107125178, 689.18597412109375 ], [ 1210140.304018342867, 5982649.709597836249, 688.1259765625 ], [ 1210134.188482739264, 5982654.296249539591, 688.1259765625 ], [ 1210114.312992027728, 5982657.354017340578, 686.30902099609375 ], [ 1210079.148662307067, 5982643.594062233344, 688.57098388671875 ], [ 1210056.215403793147, 5982646.651830037124, 686.4539794921875 ], [ 1210036.339913081611, 5982648.180713934824, 686.614013671875 ], [ 1210008.820002865046, 5982663.469552945346, 687.91900634765625 ], [ 1209984.357860450633, 5982678.758391953073, 689.2960205078125 ], [ 1209959.895718036452, 5982686.402811460197, 691.01300048828125 ], [ 1209941.549111225642, 5982692.518347061239, 693.16497802734375 ], [ 1209921.673620513873, 5982695.576114863157, 695.0009765625 ], [ 1209898.740362000186, 5982695.576114863157, 695.28497314453125 ], [ 1209878.86487128865, 5982683.345043656416, 695.5250244140625 ], [ 1209863.576032279525, 5982672.642856349237, 694.73699951171875 ], [ 1209834.527238162467, 5982664.998436845839, 692.1290283203125 ], [ 1209808.536211847095, 5982674.171740250662, 689.0150146484375 ], [ 1209767.256346522365, 5982678.758391953073, 690.41497802734375 ], [ 1209745.851971909637, 5982680.287275854498, 687.2769775390625 ], [ 1209704.572106585372, 5982683.345043656416, 685.4949951171875 ], [ 1209652.59005395486, 5982683.345043656416, 685.3590087890625 ] ] } },
{ "type": "Feature", "properties": { "name": "Trail zum Umspannwerk (0,8 km)", "description": "Verbindung zum Umspannwerk" }, "geometry": { "type": "LineString", "coordinates": [ [ 1209651.880696744891, 5982667.434814832173, 685.5040283203125 ], [ 1209673.961755190277, 5982655.01421945449, 685.81097412109375 ], [ 1209691.212582101347, 5982628.792962551117, 686.14300537109375 ], [ 1209697.422879788792, 5982617.752433328889, 685.906005859375 ], [ 1209701.563078247709, 5982612.232168718241, 685.7080078125 ], [ 1209702.943144400604, 5982600.501606416889, 687.1259765625 ], [ 1209699.49297901825, 5982586.700944888406, 688.031982421875 ], [ 1209699.49297901825, 5982572.900283360854, 687.25299072265625 ], [ 1209705.703276706161, 5982557.719555679709, 689.3170166015625 ], [ 1209711.913574394071, 5982545.988993379287, 689.94097900390625 ], [ 1209728.474368228111, 5982517.697637247853, 686.1729736328125 ], [ 1209731.234500534134, 5982500.446810334921, 686.18402099609375 ], [ 1209733.304599763127, 5982492.85644649528, 686.38299560546875 ], [ 1209736.06473206915, 5982483.886016501114, 686.1519775390625 ], [ 1209741.584996680496, 5982474.915586506948, 686.323974609375 ], [ 1209755.385658208979, 5982469.3953218963, 685.885009765625 ], [ 1209780.226848960388, 5982461.114924979396, 685.85302734375 ], [ 1209796.09760971833, 5982465.255123437382, 686.93902587890625 ], [ 1209810.588304323377, 5982471.465421125293, 688.83099365234375 ], [ 1209823.008899699198, 5982466.635189590044, 689.5679931640625 ], [ 1209827.149098157883, 5982463.875057285652, 690.10101318359375 ], [ 1209845.089958144818, 5982451.454461908899, 691.072021484375 ], [ 1209851.300255832728, 5982446.624230373651, 691.82098388671875 ], [ 1209863.030818131752, 5982440.413932686672, 690.62200927734375 ], [ 1209879.591611966491, 5982432.823568846099, 691.14599609375 ], [ 1209887.181975807063, 5982430.063436539844, 690.98602294921875 ], [ 1209901.67267041211, 5982425.233205005527, 692.25897216796875 ], [ 1209911.333133481909, 5982425.233205005527, 692.29498291015625 ], [ 1209946.524820379913, 5982425.923238080926, 690.77899169921875 ], [ 1209965.845746519975, 5982434.893668076023, 688.62701416015625 ], [ 1209970.675978054758, 5982439.723899610341, 689.4940185546875 ], [ 1209978.266341895796, 5982441.793998841196, 689.239990234375 ], [ 1209992.067003424279, 5982447.314263451844, 689.135986328125 ], [ 1209998.27730111219, 5982451.454461908899, 689.33697509765625 ], [ 1210014.148061869666, 5982463.875057285652, 688.33099365234375 ], [ 1210025.878624169156, 5982473.535520356148, 688.17401123046875 ], [ 1210035.539087239187, 5982488.026214960963, 689.7130126953125 ], [ 1210048.649715691339, 5982500.446810334921, 687.48101806640625 ], [ 1210059.000211837934, 5982501.136843413115, 687.94000244140625 ], [ 1210073.490906442981, 5982507.347141101025, 687.91302490234375 ], [ 1210088.671634124359, 5982521.147802630439, 689.33697509765625 ], [ 1210096.952031041496, 5982537.708596464247, 691.99298095703125 ], [ 1210098.33209719439, 5982541.158761845902, 691.28802490234375 ], [ 1210109.372626417316, 5982555.649456450716, 690.42999267578125 ], [ 1210119.378106025513, 5982564.274869905785, 689.864013671875 ], [ 1210123.518304483965, 5982572.900283361785, 690.41497802734375 ], [ 1210128.003519480815, 5982579.110581048764, 689.68402099609375 ], [ 1210131.798701401334, 5982586.355928352103, 689.906005859375 ], [ 1210136.283916397719, 5982594.981341805309, 690.0269775390625 ], [ 1210140.769131394802, 5982596.016391421668, 689.4000244140625 ], [ 1210144.21929677669, 5982588.426027580164, 689.23101806640625 ], [ 1210145.599362929817, 5982579.800614125095, 688.802001953125 ], [ 1210147.324445620645, 5982574.970382589847, 688.4580078125 ], [ 1210151.464644079562, 5982563.929853367619, 686.74700927734375 ], [ 1210153.879759846954, 5982560.134671447799, 687.1939697265625 ], [ 1210161.815140225925, 5982552.544307606295, 690.91802978515625 ], [ 1210168.715470990166, 5982547.024042994715, 690.28802490234375 ], [ 1210173.545702525182, 5982540.813745307736, 689.70098876953125 ], [ 1210183.20616559498, 5982523.217901858501, 686.71697998046875 ], [ 1210182.861149056815, 5982511.142323020846, 686.31500244140625 ], [ 1210188.381413668161, 5982498.376711106859, 686.0040283203125 ], [ 1210189.416463283356, 5982485.266082654707, 686.593017578125 ], [ 1210189.761479821289, 5982471.81043766439, 686.52801513671875 ], [ 1210189.761479821289, 5982461.114924979396, 685.97100830078125 ], [ 1210191.486562512349, 5982453.869577676058, 685.50897216796875 ], [ 1210197.006827123463, 5982446.279213836417, 684.22198486328125 ], [ 1210212.187554805074, 5982435.238684614189, 683.9520263671875 ], [ 1210216.327753263758, 5982432.823568846099, 683.57598876953125 ], [ 1210235.648679403821, 5982421.093006546609, 684.29901123046875 ], [ 1210244.964125935454, 5982413.847659244202, 683.905029296875 ], [ 1210261.52491976996, 5982404.187196173705, 685.43499755859375 ], [ 1210274.980564760277, 5982401.427063869312, 685.030029296875 ], [ 1210288.436209750362, 5982400.737030793913, 685.0980224609375 ], [ 1210303.616937431972, 5982399.356964640319, 684.96502685546875 ], [ 1210322.247830495704, 5982399.356964640319, 685.15997314453125 ], [ 1210328.458128183614, 5982399.356964640319, 685.843994140625 ], [ 1210339.843673944473, 5982407.982378095388, 686.2969970703125 ], [ 1210338.808624329977, 5982425.578221543692, 686.46600341796875 ], [ 1210339.153640868142, 5982433.168585383333, 686.31500244140625 ], [ 1210347.089021247113, 5982453.869577676058, 687.8330078125 ], [ 1210349.504137014505, 5982459.734858827665, 688.23297119140625 ], [ 1210354.334368549753, 5982471.465421125293, 689.28399658203125 ], [ 1210356.404467778979, 5982477.330702275038, 690.2550048828125 ], [ 1210359.509616622701, 5982483.541, 691.1820068359375 ], [ 1210361.234699313994, 5982487.336181884632, 692.03997802734375 ] ] } },
{ "type": "Feature", "properties": { "name": "Haiminger Forchet Erdwall Trail (0,4 km)", "description": "Schön, flowiges Waldwegerl rechts unterhalb des Erdwalls startend, dann kurz den Wall rauf und wieder runter!" }, "geometry": { "type": "LineString", "coordinates": [ [ 1209651.06117005297, 5981843.987782060169, 683.2979736328125 ], [ 1209625.07014373783, 5981857.747737168334, 683.51397705078125 ], [ 1209603.665769125102, 5981866.921040574089, 684.76300048828125 ], [ 1209596.02134962054, 5981871.507692275569, 685.1300048828125 ], [ 1209585.319162314059, 5981886.796531284228, 684.9849853515625 ], [ 1209571.559207206126, 5981911.258673698641, 685.698974609375 ], [ 1209553.212600395316, 5981946.423003421165, 685.10101318359375 ], [ 1209539.452645287151, 5981969.356261933222, 685.5150146484375 ], [ 1209524.163806278259, 5981993.818404348567, 685.22198486328125 ], [ 1209511.932735071052, 5982022.867198464461, 685.0419921875 ], [ 1209498.172779962886, 5982047.329340879805, 685.56597900390625 ], [ 1209478.297289250884, 5982073.320367194712, 685.802978515625 ], [ 1209452.306262935745, 5982099.311393509619, 686.791015625 ], [ 1209430.901888323016, 5982110.013580817729, 686.68798828125 ], [ 1209407.968629809562, 5982125.302419825457, 688.69500732421875 ], [ 1209388.09313909756, 5982152.82233004272, 688.6710205078125 ], [ 1209378.919835692039, 5982168.111169050448, 688.71002197265625 ], [ 1209365.159880584106, 5982187.986659761518, 688.510986328125 ], [ 1209368.217648386024, 5982201.746614871547, 687.9990234375 ], [ 1209371.275416187709, 5982226.20875728596, 689.02398681640625 ], [ 1209366.688764485065, 5982246.084247997031, 688.23602294921875 ], [ 1209363.63099668338, 5982264.43085480947, 688.76300048828125 ], [ 1209368.217648386024, 5982285.835229421034, 687.72100830078125 ], [ 1209377.390951791545, 5982308.768487934023, 687.38897705078125 ], [ 1209380.448719593231, 5982313.355139637366, 687.28900146484375 ] ] } },
{ "type": "Feature", "properties": { "name": "Ötzer Höhe - Friedhof Trail (0,5 km)", "description": "Schnell, technisch, geil!" }, "geometry": { "type": "LineString", "coordinates": [ [ 1208184.310123329284, 5980134.867488855496, 723.58599853515625 ], [ 1208169.793041504687, 5980148.347636263818, 723.74298095703125 ], [ 1208145.943549935706, 5980173.234062248841, 723.13201904296875 ], [ 1208128.315664862981, 5980188.788078488782, 723.48797607421875 ], [ 1208106.540042126086, 5980204.342094729654, 725.65399169921875 ], [ 1208084.76441938919, 5980218.859176553786, 729.35498046875 ], [ 1208049.508649243973, 5980236.487061627209, 731.030029296875 ], [ 1208036.028501835186, 5980245.81947137136, 729.92901611328125 ], [ 1208016.326747930376, 5980262.410422027111, 730.1099853515625 ], [ 1207995.588059609756, 5980283.149110348895, 731.21600341796875 ], [ 1207986.255649865372, 5980287.296848012134, 730.72998046875 ], [ 1207972.775502456818, 5980309.072470749728, 731.3499755859375 ], [ 1207962.406158296391, 5980336.032765567303, 730.239013671875 ], [ 1207953.073748552008, 5980356.771453888156, 728.2960205078125 ], [ 1207945.815207639476, 5980386.842551952228, 725.1729736328125 ], [ 1207929.224256982794, 5980431.430731843226, 718.89801025390625 ], [ 1207920.928781654686, 5980452.169420164078, 718.26898193359375 ], [ 1207909.522503077984, 5980465.649567571469, 717.74200439453125 ], [ 1207887.746880341321, 5980480.166649396531, 717.08001708984375 ], [ 1207881.525273845065, 5980492.609862389974, 716.90399169921875 ], [ 1207869.082060852554, 5980502.979206549004, 716.49700927734375 ], [ 1207859.74965110817, 5980510.237747461535, 715.71502685546875 ], [ 1207844.19563486753, 5980532.013370198198, 714.81298828125 ], [ 1207835.900159538956, 5980562.084468263201, 711.51800537109375 ], [ 1207829.678553042933, 5980570.379943592474, 711.75 ], [ 1207812.050667970441, 5980605.635713737458, 708.0250244140625 ], [ 1207804.79212705791, 5980616.005057897419, 706.04498291015625 ], [ 1207772.647160160821, 5980651.260828043334, 703.0419921875 ] ] } },
{ "type": "Feature", "properties": { "name": "Ötzer Höhe - Kanzel Trail (1,8 km)", "description": "Gemütlicher Uphill, dann flowig schnelles Stück bis Brücke, ab da technische Kletterei und Querfahrten mit alpinem Charakter - 1A!!" }, "geometry": { "type": "LineString", "coordinates": [ [ 1208500.575120222056, 5979552.110347039066, 724.50701904296875 ], [ 1208474.65175982099, 5979557.295019120909, 723.364990234375 ], [ 1208465.319350076374, 5979563.516625616699, 723.09002685546875 ], [ 1208448.728399419924, 5979576.996773025952, 724.5679931640625 ], [ 1208440.432924091583, 5979586.329182768241, 724.91497802734375 ], [ 1208421.768104602816, 5979603.957067841664, 725.84197998046875 ], [ 1208399.310887127882, 5979614.466740272008, 725.3499755859375 ], [ 1208385.081856139004, 5979621.125739883631, 725.541015625 ], [ 1208368.693135838257, 5979622.897493430413, 726.22802734375 ], [ 1208363.456195088569, 5979621.640627548099, 726.22802734375 ], [ 1208357.61967617576, 5979620.239863108844, 726.7490234375 ], [ 1208345.217401353642, 5979614.924602472223, 726.40899658203125 ], [ 1208325.72811234789, 5979611.824033766985, 726.6829833984375 ], [ 1208307.124700114597, 5979611.824033766985, 726.85101318359375 ], [ 1208280.105458538048, 5979622.011616656557, 727.47698974609375 ], [ 1208275.676074673189, 5979623.340431815945, 727.47698974609375 ], [ 1208261.944984691683, 5979627.326877294108, 727.23199462890625 ], [ 1208243.784510845318, 5979630.427445998415, 727.333984375 ], [ 1208234.9257431156, 5979631.313322771341, 727.197998046875 ], [ 1208215.436454109382, 5979638.400336954743, 727.6719970703125 ], [ 1208207.020624765661, 5979642.829720821232, 728.041015625 ], [ 1208199.047733808635, 5979649.473796618171, 728.27899169921875 ], [ 1208193.289534784388, 5979655.231995643117, 728.49200439453125 ], [ 1208183.987828667741, 5979657.003749189898, 728.57598876953125 ], [ 1208172.028492232319, 5979657.003749189898, 728.46002197265625 ], [ 1208158.740340637276, 5979656.560810801573, 728.426025390625 ], [ 1208144.566312269308, 5979657.889625962824, 728.61199951171875 ], [ 1208131.721099060727, 5979664.090763371438, 728.86602783203125 ], [ 1208128.620530355256, 5979665.862516921014, 728.93701171875 ], [ 1208121.976454557385, 5979672.949531102553, 727.73297119140625 ], [ 1208114.446501987055, 5979685.794744312763, 729.4219970703125 ], [ 1208111.788871668279, 5979692.438820108771, 730.71099853515625 ], [ 1208107.80242618965, 5979698.639957520179, 732.1920166015625 ], [ 1208104.258919097716, 5979709.270478798077, 733.8330078125 ], [ 1208100.272473619087, 5979712.813985888846, 733.8330078125 ], [ 1208089.19901395659, 5979713.699862661771, 735.208984375 ], [ 1208063.951525925891, 5979712.813985888846, 736.29901123046875 ], [ 1208058.193326901644, 5979708.827540409751, 738.1920166015625 ], [ 1208052.435127877165, 5979701.297587839887, 740.177978515625 ], [ 1208046.233990466222, 5979696.425265587866, 740.177978515625 ], [ 1208036.932284349343, 5979691.552943335846, 743.094970703125 ], [ 1208027.795501254033, 5979685.95297859516, 743.80499267578125 ], [ 1208023.585288842674, 5979680.690214629285, 743.28802490234375 ], [ 1208014.252879098523, 5979658.914591892622, 745.83099365234375 ], [ 1207983.144846617244, 5979634.02816590853, 746.719970703125 ], [ 1207960.332289464306, 5979617.437215250917, 746.98101806640625 ], [ 1207947.889076471794, 5979609.141739923507, 746.7750244140625 ], [ 1207933.371994646965, 5979599.809330177493, 745.19000244140625 ], [ 1207926.113453735132, 5979589.439986017533, 744.16998291015625 ], [ 1207914.707175158663, 5979558.331953534856, 747.593017578125 ], [ 1207910.559437494492, 5979543.814871712588, 748.03302001953125 ], [ 1207904.337830998236, 5979526.186986638233, 748.1300048828125 ], [ 1207886.709945925511, 5979508.559101565741, 746.61102294921875 ], [ 1207881.525273845298, 5979496.115888574161, 745.3599853515625 ], [ 1207878.41447059717, 5979483.672675581649, 743.36297607421875 ], [ 1207876.555724569131, 5979466.943959464319, 741.18701171875 ], [ 1207882.789725847542, 5979447.493892376311, 739.47698974609375 ], [ 1207885.447356166551, 5979435.091617552564, 739.364013671875 ], [ 1207877.377536181128, 5979430.78902036231, 738.29901123046875 ], [ 1207860.786585524213, 5979419.382741787471, 736.260986328125 ], [ 1207851.454175780062, 5979399.680987880565, 734.1500244140625 ], [ 1207851.454175780062, 5979378.942299559712, 735.5059814453125 ], [ 1207852.491110195871, 5979364.425217737444, 734.3499755859375 ], [ 1207844.19563486753, 5979346.797332662158, 734.21600341796875 ], [ 1207833.826290707337, 5979337.464922918938, 733.406982421875 ], [ 1207820.79016340198, 5979332.863936383277, 732.405029296875 ], [ 1207807.490200142609, 5979335.873418975621, 731.43499755859375 ], [ 1207795.087925320258, 5979335.43048059009, 731.09002685546875 ], [ 1207785.786219204077, 5979330.558158339001, 730.14697265625 ], [ 1207774.71275954158, 5979329.672281567007, 729.5009765625 ], [ 1207767.62574535748, 5979329.229343179613, 728.77099609375 ], [ 1207755.019275088096, 5979323.984775508754, 726.9010009765625 ], [ 1207749.83460300765, 5979339.538791751489, 726.96697998046875 ], [ 1207742.576062095584, 5979369.609889815561, 726.2139892578125 ], [ 1207738.428324431181, 5979382.053102809004, 725.6309814453125 ], [ 1207730.13284910284, 5979395.533250216395, 725.42999267578125 ], [ 1207719.763504942646, 5979407.976463209838, 725.8809814453125 ], [ 1207707.320291950367, 5979434.936758027412, 725.4110107421875 ], [ 1207701.098685454112, 5979441.158364525996, 724.9169921875 ], [ 1207693.840144541813, 5979446.343036604114, 723.781982421875 ], [ 1207691.766275709728, 5979456.712380763143, 720.760009765625 ], [ 1207690.729341293685, 5979467.081724924035, 718.67901611328125 ], [ 1207677.249193884898, 5979471.229462588206, 716.875 ], [ 1207659.621308812406, 5979465.007856091484, 712.71002197265625 ], [ 1207648.215030235937, 5979460.860118428245, 711.58599853515625 ], [ 1207640.956489323406, 5979460.860118428245, 711.31597900390625 ], [ 1207631.624079579255, 5979459.823184012435, 709.927001953125 ], [ 1207627.476341915084, 5979461.897052844055, 709.927001953125 ], [ 1207626.439407499041, 5979474.340265836567, 711.71099853515625 ], [ 1207631.624079579255, 5979486.783478829078, 715.90899658203125 ], [ 1207638.882620491553, 5979506.48523273319, 721.97698974609375 ], [ 1207639.919554907596, 5979514.780708063394, 723.06097412109375 ], [ 1207636.808751659235, 5979535.519396382384, 726.0830078125 ], [ 1207630.587145163212, 5979552.110347039066, 726.49298095703125 ], [ 1207621.254735418595, 5979578.033707439899, 728.91802978515625 ], [ 1207617.106997754658, 5979596.698526930064, 731.86798095703125 ], [ 1207613.996194506297, 5979615.363346419297, 733.25897216796875 ], [ 1207610.885391258402, 5979629.880428242497, 729.58697509765625 ], [ 1207605.700719177956, 5979640.249772403389, 727.9840087890625 ], [ 1207599.479112681933, 5979652.692985396832, 725.61602783203125 ], [ 1207589.109768521739, 5979667.210067220964, 724.343994140625 ], [ 1207574.592686696677, 5979676.542476964183, 721.76898193359375 ], [ 1207554.890932791866, 5979676.542476964183, 718.25299072265625 ], [ 1207544.521588631673, 5979672.394739300944, 721.6729736328125 ], [ 1207533.115310055204, 5979672.394739300944, 724.35699462890625 ], [ 1207507.191949653905, 5979680.690214629285, 727.0369873046875 ], [ 1207469.343843468465, 5979701.428902949207, 725.260009765625 ], [ 1207445.494351899717, 5979706.613575030118, 727.19097900390625 ], [ 1207427.866466826992, 5979718.019853607751, 728.85498046875 ], [ 1207402.980040841969, 5979725.27839451842, 732.77197265625 ], [ 1207388.462959017605, 5979725.27839451842, 731.1939697265625 ], [ 1207370.835073944647, 5979728.38919776585, 728.79400634765625 ], [ 1207357.354926536093, 5979730.463066600263, 725.62701416015625 ], [ 1207324.173025222728, 5979724.241460101679, 721.86199951171875 ], [ 1207309.655943398364, 5979720.093722437508, 718.7130126953125 ], [ 1207297.212730405619, 5979718.019853607751, 719.19097900390625 ], [ 1207293.064992741682, 5979718.019853607751, 719.93499755859375 ], [ 1207284.769517413341, 5979719.05678802263, 718.22802734375 ], [ 1207274.400173252914, 5979719.05678802263, 712.656005859375 ], [ 1207264.030829092488, 5979713.87211594265, 710.51800537109375 ], [ 1207255.735353764147, 5979709.724378277548, 711.3270263671875 ], [ 1207229.811993362848, 5979709.724378277548, 709.37298583984375 ], [ 1207192.482354385545, 5979712.835181525908, 715.510009765625 ], [ 1207156.18964982382, 5979720.093722437508, 718.5 ], [ 1207138.561764751561, 5979719.05678802263, 719.89599609375 ], [ 1207120.933879678603, 5979729.426132181659, 721.60797119140625 ], [ 1207092.936650445685, 5979754.312558167614, 728.198974609375 ], [ 1207062.865552380448, 5979769.866574407555, 722.719970703125 ], [ 1207042.126864059828, 5979776.088180905208, 717.64501953125 ], [ 1206997.020216961857, 5979803.048475721851, 712.916015625 ], [ 1206967.986053312197, 5979828.971836123616, 707.2659912109375 ], [ 1206957.616709152004, 5979842.451983531937, 706.3079833984375 ], [ 1206948.284299407387, 5979856.969065355137, 706.22100830078125 ], [ 1206935.841086414875, 5979891.187901085243, 702.2459716796875 ], [ 1206930.656414334895, 5979925.406736813486, 700.36700439453125 ], [ 1206926.508676670957, 5979946.14542513527, 700.1820068359375 ], [ 1206923.397873422829, 5979980.364260864444, 699.927978515625 ], [ 1206924.434807838872, 5980021.841637507081, 699.46099853515625 ], [ 1206946.210430575535, 5980070.577555060387, 698.9520263671875 ], [ 1206972.133790976368, 5980113.091866118833, 698.59100341796875 ], [ 1207004.278757873923, 5980158.71698042471, 698.29901123046875 ], [ 1207025.017446194775, 5980173.234062248841, 699.594970703125 ], [ 1207048.866937763756, 5980191.898881738074, 698.27099609375 ], [ 1207069.605626084376, 5980201.231291482225, 698.3690185546875 ], [ 1207095.528986485675, 5980215.748373305425, 698.43798828125 ] ] } },
{ "type": "Feature", "properties": { "name": "Ötzer Höhe - Kanzel Bonus Loop (0,8 km)", "description": "Wassertalweg (Top!) und retour in das schönste Stück vom Kanzel Weg - Super Bonus Loop!" }, "geometry": { "type": "LineString", "coordinates": [ [ 1207281.140246956842, 5979730.463066600263, 712.88702392578125 ], [ 1207280.103312541032, 5979757.423361415975, 710.32000732421875 ], [ 1207282.177181373117, 5979782.309787400067, 714.09600830078125 ], [ 1207285.287984621013, 5979798.900738056749, 710.6209716796875 ], [ 1207285.287984621013, 5979818.602491961792, 708.9000244140625 ], [ 1207291.509591117501, 5979830.008770540357, 709.56597900390625 ], [ 1207303.952804110013, 5979848.673590026796, 711.0830078125 ], [ 1207316.396017102292, 5979861.116803019308, 709.9730224609375 ], [ 1207330.913098927122, 5979872.523081596009, 708.78399658203125 ], [ 1207349.577918415889, 5979889.114032253623, 706.04498291015625 ], [ 1207357.873393744463, 5979902.594179661945, 705.79498291015625 ], [ 1207373.427409984404, 5979925.406736813486, 705.75299072265625 ], [ 1207381.722885312978, 5979947.182359552011, 704.051025390625 ], [ 1207386.907557393191, 5979964.810244625434, 703.5419921875 ], [ 1207395.203032721533, 5979990.733605025336, 702.5469970703125 ], [ 1207399.350770385703, 5980011.472293345258, 702.1400146484375 ], [ 1207402.461573633831, 5980031.174047250301, 701.94500732421875 ], [ 1207412.310295931529, 5980049.558317605406, 701.32098388671875 ], [ 1207415.028358824318, 5980051.418045748025, 700.718994140625 ], [ 1207429.235145353246, 5980054.575109421276, 700.3489990234375 ], [ 1207441.074134127703, 5980060.889236767776, 700.6500244140625 ], [ 1207454.491654738318, 5980069.571161868051, 700.85302734375 ], [ 1207456.859452493256, 5980072.728225542232, 700.85302734375 ], [ 1207465.541377593996, 5980086.145746152848, 700.70098876953125 ], [ 1207469.487707185326, 5980103.509596355259, 703.11102294921875 ], [ 1207470.126655786065, 5980118.205411247909, 703.625 ], [ 1207478.157786004944, 5980128.645882357843, 708.2239990234375 ], [ 1207500.970343157882, 5980139.015226519667, 706.322021484375 ], [ 1207528.967572391033, 5980142.126029767096, 707.06298828125 ], [ 1207561.112539288355, 5980130.719751190394, 704.239990234375 ], [ 1207579.77735877689, 5980120.350407030433, 707.74298095703125 ], [ 1207604.66378476168, 5980112.054931703024, 709.06597900390625 ], [ 1207619.18086658651, 5980105.833325206302, 707.3499755859375 ], [ 1207646.141161403852, 5980091.316243380308, 708.5570068359375 ], [ 1207663.769046476111, 5980083.020768051967, 715.3909912109375 ], [ 1207694.87707895739, 5980062.282079731114, 715.3079833984375 ], [ 1207711.468029614072, 5980050.875801156275, 717.8070068359375 ], [ 1207721.837373774964, 5980040.506456994452, 717.7459716796875 ], [ 1207731.169783519115, 5980013.546162177809, 721.322998046875 ], [ 1207738.627385317581, 5979993.801633714698, 721.7760009765625 ], [ 1207735.47032164433, 5979988.276772286743, 721.5269775390625 ], [ 1207725.999130625045, 5979984.330442694016, 721.4110107421875 ], [ 1207702.321153076831, 5979974.069985756651, 721.166015625 ], [ 1207667.59345267294, 5979949.602742291056, 721.08697509765625 ], [ 1207658.122261653189, 5979938.553019434214, 721.2349853515625 ], [ 1207641.547677369788, 5979918.821371478029, 721.281005859375 ], [ 1207637.243814025773, 5979915.439763533883, 721.281005859375 ], [ 1207630.497954513645, 5979910.139446377754, 721.2440185546875 ], [ 1207624.18382716761, 5979900.668255357072, 719.84197998046875 ], [ 1207621.816029412905, 5979890.407798419707, 720.7860107421875 ], [ 1207620.237497576047, 5979880.147341483273, 721.83697509765625 ], [ 1207615.501902066404, 5979863.572757198475, 720.8189697265625 ], [ 1207610.766306556994, 5979851.733768424019, 722.83599853515625 ], [ 1207604.452179210726, 5979840.684045567177, 723.58099365234375 ], [ 1207587.87759492686, 5979804.377813328058, 726.5789794921875 ], [ 1207587.08832900878, 5979795.69588822592, 727.6939697265625 ], [ 1207586.567867197562, 5979787.88895924855, 728.05499267578125 ], [ 1207583.92509644106, 5979782.309787400067, 727.9210205078125 ], [ 1207583.92509644106, 5979763.644967913628, 727.7449951171875 ], [ 1207578.740424360847, 5979728.38919776585, 724.28900146484375 ], [ 1207581.851227608975, 5979712.835181525908, 723.74798583984375 ], [ 1207587.035899689188, 5979695.207296453416, 724.6929931640625 ], [ 1207588.072834105231, 5979680.690214629285, 725.1510009765625 ], [ 1207587.035899689188, 5979676.542476964183, 725.50701904296875 ] ] } },
{ "type": "Feature", "properties": { "name": "Schlierenzau Jump Trail (0,3 km)", "description": "Geiler CC/EN Singletrack mit Anliegern und Double Sprüngen!" }, "geometry": { "type": "LineString", "coordinates": [ [ 1206887.871455525747, 5981463.176687487401, 775.13897705078125 ], [ 1206887.871455525747, 5981464.947283941321, 775.13897705078125 ], [ 1206888.658387282863, 5981466.717880395241, 775.01898193359375 ], [ 1206895.937506036134, 5981469.472141545266, 773.6400146484375 ], [ 1206898.495034246938, 5981470.849272119813, 773.6400146484375 ], [ 1206907.938215332571, 5981476.16106147971, 772.6829833984375 ], [ 1206910.692476482829, 5981478.325123811141, 772.6829833984375 ], [ 1206917.381396418205, 5981480.882652023807, 772.75201416015625 ], [ 1206920.135657568229, 5981480.095720265061, 772.75201416015625 ], [ 1206923.480117535917, 5981475.964328540489, 771.0999755859375 ], [ 1206926.234378685942, 5981471.242737998255, 770.77197265625 ], [ 1206928.988639835734, 5981469.275408605114, 770.77197265625 ], [ 1206937.841622103471, 5981468.88194272574, 768.916015625 ], [ 1206942.759945585858, 5981469.078675664961, 768.916015625 ], [ 1206952.399859610479, 5981470.65253917966, 766.0980224609375 ], [ 1206955.7443195784, 5981471.046005058102, 766.0980224609375 ], [ 1206960.465910121333, 5981473.406800329685, 766.15399169921875 ], [ 1206962.236506574554, 5981474.980663844384, 766.15399169921875 ], [ 1206966.958097117487, 5981479.112055568956, 764.82098388671875 ], [ 1206974.827414688887, 5981476.947993236594, 765.08502197265625 ], [ 1206978.171874656808, 5981474.390465026721, 765.08502197265625 ], [ 1206981.122868745821, 5981471.636203876697, 761.697998046875 ], [ 1206986.041192228207, 5981468.685209786519, 761.697998046875 ], [ 1206988.99218631722, 5981468.291743909009, 760.5269775390625 ], [ 1206996.468038010178, 5981468.291743909009, 760.27801513671875 ], [ 1207005.321020277916, 5981468.095010968857, 760.25897216796875 ], [ 1207007.09161673137, 5981468.095010968857, 760.25897216796875 ], [ 1207014.567468424095, 5981464.750551001169, 758.52398681640625 ], [ 1207018.895593088353, 5981462.193022790365, 757.32098388671875 ], [ 1207024.471691239392, 5981457.45004876703, 757.90399169921875 ], [ 1207035.277639364591, 5981444.843109288253, 757.12200927734375 ], [ 1207038.363655240508, 5981442.879280748777, 756.90899658203125 ], [ 1207042.897011680994, 5981441.536064166576, 755.469970703125 ], [ 1207047.815335163148, 5981441.339331227355, 753.9110107421875 ], [ 1207053.127124523744, 5981439.568734773435, 753.9110107421875 ], [ 1207063.553970305482, 5981434.650411291979, 752.11602783203125 ], [ 1207067.88209496974, 5981432.092883080244, 752.11602783203125 ], [ 1207074.177549026906, 5981426.584360781126, 750.45001220703125 ], [ 1207080.276270144852, 5981423.239900812507, 749.07098388671875 ], [ 1207084.210928930435, 5981422.846434934065, 748.00701904296875 ], [ 1207091.686780623393, 5981422.45296905376, 747.21099853515625 ], [ 1207096.998569983756, 5981423.436633750796, 747.21099853515625 ], [ 1207102.900558162248, 5981424.813764327206, 745.93902587890625 ], [ 1207107.622148705181, 5981426.781093720347, 744.73101806640625 ], [ 1207112.737205126556, 5981430.322286626324, 744.48101806640625 ], [ 1207118.835926244501, 5981438.191604197957, 744.2769775390625 ], [ 1207121.486552855, 5981441.725772609934, 742.97698974609375 ], [ 1207122.967317969305, 5981443.700126498006, 743.55999755859375 ], [ 1207124.147715605097, 5981448.224984101951, 743.55999755859375 ], [ 1207124.147715605097, 5981453.143307584338, 744.10601806640625 ], [ 1207123.557516787201, 5981453.93023934029, 744.10601806640625 ], [ 1207120.606522697955, 5981457.274699308909, 744.10601806640625 ], [ 1207120.606522697955, 5981457.66816518642, 744.10601806640625 ], [ 1207117.262062730035, 5981462.389755730517, 744.85601806640625 ], [ 1207114.531713306205, 5981466.940338007174, 745.58697509765625 ], [ 1207114.311068640789, 5981467.308079211973, 745.58697509765625 ], [ 1207113.327403944451, 5981470.062340361997, 745.58697509765625 ], [ 1207113.524136883672, 5981475.177396782674, 745.18402099609375 ], [ 1207116.278398033464, 5981476.554527359083, 745.18402099609375 ], [ 1207121.393454455072, 5981476.751260297373, 745.02197265625 ], [ 1207125.524846180109, 5981474.980663844384, 745.02197265625 ], [ 1207125.7337442711, 5981474.855324968696, 745.02197265625 ], [ 1207130.44316966203, 5981472.029669755138, 744.051025390625 ], [ 1207135.558226083405, 5981469.668874482624, 742.677001953125 ], [ 1207144.176683445694, 5981469.337395350449, 741.77398681640625 ], [ 1207145.788338926155, 5981469.275408605114, 741.77398681640625 ], [ 1207147.165469500935, 5981469.275408605114, 741.77398681640625 ], [ 1207155.231520011788, 5981471.242737998255, 740.6820068359375 ], [ 1207166.83876342955, 5981470.062340361997, 739.197021484375 ], [ 1207172.150552790146, 5981468.291743909009, 738.42401123046875 ], [ 1207174.698664461728, 5981467.199696005322, 738.42401123046875 ], [ 1207176.281944514951, 5981466.521147454157, 738.42401123046875 ], [ 1207180.413336240221, 5981464.947283941321, 737.66998291015625 ], [ 1207187.298989114817, 5981464.947283941321, 736.85101318359375 ], [ 1207192.414045536192, 5981465.537482759915, 736.364990234375 ], [ 1207195.168306686217, 5981466.324414515868, 735.6619873046875 ], [ 1207203.627823075512, 5981470.25907330215, 734.7919921875 ], [ 1207205.398419528967, 5981472.029669755138, 734.7919921875 ], [ 1207209.333078314783, 5981475.177396782674, 734.11199951171875 ], [ 1207209.799694688525, 5981475.614849569276, 734.11199951171875 ], [ 1207212.48080534325, 5981478.12839087192, 734.11199951171875 ], [ 1207216.218731189612, 5981479.505521447398, 732.9229736328125 ], [ 1207220.940321732545, 5981479.70225438755, 732.9229736328125 ], [ 1207226.645576971583, 5981477.538192056119, 732.36297607421875 ], [ 1207228.219440486049, 5981475.767595601268, 732.36297607421875 ], [ 1207231.760633392958, 5981470.849272119813, 731.90997314453125 ], [ 1207235.301826300099, 5981464.947283941321, 732.552978515625 ], [ 1207236.875689814333, 5981461.602823972702, 732.552978515625 ], [ 1207237.662621571682, 5981458.651829884388, 732.552978515625 ], [ 1207238.252820389112, 5981455.504102855921, 731.780029296875 ], [ 1207238.64628626802, 5981454.126972280443, 731.780029296875 ], [ 1207238.826340941479, 5981452.746552867815, 731.780029296875 ], [ 1207239.236485085916, 5981449.602114676498, 731.86297607421875 ], [ 1207238.843019207241, 5981447.634785284288, 731.86297607421875 ], [ 1207237.465888631996, 5981446.060921768658, 732.54302978515625 ], [ 1207235.301826300099, 5981446.847853526473, 732.54302978515625 ], [ 1207234.318161603529, 5981448.618449979462, 732.54302978515625 ], [ 1207233.137763967738, 5981449.99558055494, 732.54302978515625 ], [ 1207230.580235757399, 5981450.192313493229, 732.54302978515625 ], [ 1207229.990036939504, 5981449.798847615719, 733.2559814453125 ], [ 1207227.825974607375, 5981448.618449979462, 733.2559814453125 ], [ 1207224.874980518129, 5981447.241319403984, 733.2559814453125 ], [ 1207221.137054671766, 5981447.831518223509, 734.03802490234375 ], [ 1207219.366458218312, 5981449.798847615719, 734.03802490234375 ], [ 1207219.216961952392, 5981449.958310271613, 734.03802490234375 ], [ 1207217.598238393432, 5981451.684948625043, 734.208984375 ], [ 1207216.415464129066, 5981452.946574645117, 734.208984375 ], [ 1207214.448134736158, 5981453.53677346278, 734.93597412109375 ], [ 1207210.1200100719, 5981452.159642887302, 734.93597412109375 ], [ 1207209.136345375562, 5981449.011915858835, 734.69000244140625 ], [ 1207210.513475950342, 5981446.060921768658, 734.69000244140625 ], [ 1207213.46447003982, 5981444.093592376448, 734.69000244140625 ], [ 1207218.579526461195, 5981441.929530044086, 734.010009765625 ], [ 1207223.69458288257, 5981441.142598287202, 733.29302978515625 ], [ 1207233.531229846878, 5981443.306660618633, 732.54302978515625 ], [ 1207240.416882721474, 5981446.847853526473, 731.86297607421875 ], [ 1207240.966706519946, 5981452.162816793658, 731.780029296875 ], [ 1207241.007081539137, 5981452.553108766675, 731.780029296875 ], [ 1207241.007081539137, 5981461.20935809426, 731.6829833984375 ], [ 1207239.236485085916, 5981471.439470936544, 731.41400146484375 ], [ 1207237.662621571682, 5981483.440180232748, 731.3079833984375 ], [ 1207233.137763967738, 5981486.587907262146, 731.3079833984375 ], [ 1207230.186769878725, 5981488.751969594508, 731.8590087890625 ], [ 1207228.809639303479, 5981491.112764866091, 731.8590087890625 ], [ 1207228.219440486049, 5981496.227821286768, 731.364013671875 ], [ 1207228.809639303479, 5981500.359213012271, 731.364013671875 ], [ 1207235.105093360879, 5981511.769723490812, 732.24700927734375 ], [ 1207238.449553328799, 5981515.901115213521, 730.989013671875 ], [ 1207248.974765580613, 5981526.131228057668, 731.86798095703125 ], [ 1207254.680020819651, 5981532.229949173518, 731.98797607421875 ], [ 1207259.401611362584, 5981535.180943264626, 731.98797607421875 ], [ 1207264.713400722947, 5981536.754806779325, 731.17401123046875 ], [ 1207271.992519476684, 5981537.935204416513, 730.74798583984375 ] ] } },
{ "type": "Feature", "properties": { "name": "Schlierenzau - CC Trail (0,4 km)", "description": "Technisch fordernder CC-Trainings-Trail!" }, "geometry": { "type": "LineString", "coordinates": [ [ 1207538.927270941436, 5981986.448755444959, 764.21502685546875 ], [ 1207545.69290975295, 5981983.26492541749, 763.91900634765625 ], [ 1207550.468654796481, 5981977.892212242819, 762.04998779296875 ], [ 1207552.458548564231, 5981970.728594677523, 761.05499267578125 ], [ 1207553.851474202238, 5981962.769019605592, 759.135009765625 ], [ 1207554.249452955788, 5981953.416518894956, 758.5889892578125 ], [ 1207552.856527318247, 5981944.064018186182, 759.36102294921875 ], [ 1207551.065622926923, 5981936.303432489745, 757.843994140625 ], [ 1207546.289877883391, 5981926.154974272475, 757.81597900390625 ], [ 1207538.728281564545, 5981915.011569171213, 757.23797607421875 ], [ 1207533.952536521247, 5981909.837845372967, 756.177978515625 ], [ 1207522.610142043093, 5981902.276249054819, 757.85797119140625 ], [ 1207513.058651956264, 5981897.898482763208, 758.1820068359375 ], [ 1207503.109183116117, 5981890.9338545762, 758.7650146484375 ], [ 1207500.920299971011, 5981886.556088286452, 759.0980224609375 ], [ 1207493.159714275273, 5981866.060182475485, 757.6400146484375 ], [ 1207492.960724898614, 5981862.279384316877, 757.6400146484375 ], [ 1207486.493570152204, 5981847.554170432501, 757.40899658203125 ], [ 1207485.122095801402, 5981845.808656957932, 756.16900634765625 ], [ 1207479.926920717582, 5981839.196616605856, 755.49298095703125 ], [ 1207471.768356268527, 5981834.420871562324, 756.91400146484375 ], [ 1207462.813834311906, 5981829.247147766873, 757.39501953125 ], [ 1207458.436068022158, 5981825.864328360185, 757.39501953125 ], [ 1207454.888956748182, 5981820.637004701421, 758.4219970703125 ], [ 1207450.874471703544, 5981814.720923257992, 757.31201171875 ], [ 1207448.884577935329, 5981806.761348187923, 756.177978515625 ], [ 1207441.521970993606, 5981786.265442376025, 753.0780029296875 ], [ 1207433.562395920977, 5981750.646343926899, 748.68701171875 ], [ 1207430.179576515453, 5981745.472620129585, 748.68701171875 ], [ 1207425.602820848813, 5981742.48777947668, 746.96099853515625 ], [ 1207417.643245776184, 5981739.502938824706, 746.72100830078125 ], [ 1207414.26042637066, 5981738.706981318071, 746.72100830078125 ], [ 1207403.912978776731, 5981738.905970695429, 746.68402099609375 ], [ 1207398.142286848975, 5981735.324161912315, 746.822021484375 ], [ 1207395.157446196768, 5981729.951448738575, 746.822021484375 ], [ 1207392.570584298344, 5981721.991873666644, 742.3060302734375 ], [ 1207385.804945487063, 5981717.81309675239, 743.2130126953125 ], [ 1207378.442338545108, 5981711.445436695591, 742.93597412109375 ], [ 1207375.855476646684, 5981708.261606667191, 745.26300048828125 ], [ 1207358.841884929454, 5981691.944477767684, 741.718994140625 ], [ 1207358.045927422121, 5981691.148520260118, 741.718994140625 ], [ 1207353.867150509031, 5981681.000062043779, 742.90301513671875 ], [ 1207351.280288610607, 5981658.116283710115, 739.2020263671875 ], [ 1207352.673214248149, 5981651.947613029741, 736.7080078125 ], [ 1207353.270182378823, 5981639.809261042625, 731.219970703125 ] ] } },
{ "type": "Feature", "properties": { "name": "Schlierenzau - Autobahn Trail (0,3 km)", "description": "Schnell, technisch, steinig... Unter der Autobahn ganz rechts bleiben und Kopf einziehen;)" }, "geometry": { "type": "LineString", "coordinates": [ [ 1206911.597925621551, 5980904.699451730587, 731.0579833984375 ], [ 1206921.503151301527, 5980892.508404741064, 727.35198974609375 ], [ 1206929.122555670561, 5980882.603179060854, 726.7869873046875 ], [ 1206930.646436544368, 5980873.459893817082, 725.468994140625 ], [ 1206932.932257855311, 5980865.07854901161, 725.49200439453125 ], [ 1206933.694198292447, 5980862.792727700435, 725.49200439453125 ], [ 1206940.551662224345, 5980852.887502021156, 724.46502685546875 ], [ 1206942.837483535288, 5980849.077799837105, 724.46502685546875 ], [ 1206946.647185720038, 5980840.696455029771, 724.97802734375 ], [ 1206946.647185720038, 5980833.838991099037, 724.97802734375 ], [ 1206947.409126156708, 5980830.79122934863, 723.99298095703125 ], [ 1206951.980768778129, 5980830.029288913123, 722.406005859375 ], [ 1206964.933756206185, 5980830.029288913123, 720.42498779296875 ], [ 1206971.791220138315, 5980830.029288913123, 718.6719970703125 ], [ 1206979.410624507582, 5980827.743467602879, 715.5250244140625 ], [ 1206980.172564944485, 5980826.981527164578, 715.5250244140625 ], [ 1206983.220326692332, 5980809.456897116266, 714.77099609375 ], [ 1206994.649433246115, 5980803.36137362197, 713.30401611328125 ], [ 1207000.744956741342, 5980794.980028814636, 711.7130126953125 ], [ 1207007.602420673706, 5980781.265100949444, 711.26898193359375 ], [ 1207012.174063294893, 5980772.883756143972, 709.385009765625 ], [ 1207019.031527227256, 5980755.359126094729, 710.49102783203125 ], [ 1207019.031527227256, 5980753.073304784484, 710.49102783203125 ], [ 1207018.269586790586, 5980747.739721724764, 710.6719970703125 ], [ 1207025.127050722949, 5980743.930019540712, 711.0469970703125 ], [ 1207028.174812470796, 5980740.120317356661, 711.0469970703125 ], [ 1207034.27033596579, 5980734.024793861434, 708.260986328125 ], [ 1207036.556157276966, 5980725.6434490541, 707.6729736328125 ], [ 1207035.032276402926, 5980722.595687306486, 706.594970703125 ], [ 1207028.174812470796, 5980720.30986599531, 707.71502685546875 ], [ 1207025.88899115962, 5980714.214342501014, 707.41400146484375 ], [ 1207025.88899115962, 5980712.690461627208, 707.41400146484375 ], [ 1207028.174812470796, 5980708.880759443156, 707.41400146484375 ], [ 1207031.984514654847, 5980708.118819004856, 706.09100341796875 ], [ 1207045.699442519573, 5980706.594938131981, 705.27197265625 ], [ 1207054.84272776288, 5980703.547176383436, 701.94097900390625 ], [ 1207063.22407256905, 5980696.689712451771, 699.82598876953125 ], [ 1207067.79571519047, 5980692.118069830351, 699.5989990234375 ], [ 1207068.557655627141, 5980686.784486771561, 699.5989990234375 ], [ 1207051.03302557813, 5980675.355380218476, 694.86102294921875 ], [ 1207044.175561645767, 5980668.497916284949, 691.49298095703125 ], [ 1207041.889740334824, 5980653.25910754595, 690.02099609375 ], [ 1207041.889740334824, 5980643.353881866671, 689.97998046875 ], [ 1207033.508395529119, 5980640.30612012092, 687.8189697265625 ], [ 1207028.936752907233, 5980634.9725370612, 687.4119873046875 ], [ 1207023.603169849375, 5980625.829251817428, 685.06597900390625 ], [ 1207023.603169849375, 5980619.733728323132, 684.44598388671875 ] ] } },
{ "type": "Feature", "properties": { "name": "Haiminge Mure - Trainings Trail (0,6 km)", "description": "Schöne Auffahrt über Singletrack, dann Abfahrt mit Action im Schotter, einige lässige Anlieger Kurven und Double Sprünge!" }, "geometry": { "type": "LineString", "coordinates": [ [ 1210005.075294006849, 5984248.199429737404, 689.8599853515625 ], [ 1210008.999501506332, 5984252.123637235723, 690.75897216796875 ], [ 1210009.980553381145, 5984256.047844735906, 690.75897216796875 ], [ 1210012.923709005583, 5984266.839415358379, 696.1719970703125 ], [ 1210005.075294006849, 5984275.668882233091, 698.26300048828125 ], [ 1210000.17003463232, 5984278.612037856132, 698.6300048828125 ], [ 1209998.207930882461, 5984280.574141606688, 701.01300048828125 ], [ 1210006.056345881661, 5984286.460452856496, 700.1939697265625 ], [ 1210009.980553381145, 5984289.403608479537, 702.1300048828125 ], [ 1210008.018449631287, 5984299.214127228595, 704.323974609375 ], [ 1210007.037397756241, 5984302.157282852568, 707.4229736328125 ], [ 1210004.094242131803, 5984302.157282852568, 707.4229736328125 ], [ 1209995.642297934042, 5984299.138731026091, 705.42401123046875 ], [ 1209972.512457064586, 5984272.648147922009, 702.7490234375 ], [ 1209949.262140387669, 5984240.546820450574, 697.40399169921875 ], [ 1209949.02834217553, 5984240.224019732326, 697.40399169921875 ], [ 1209934.382789448136, 5984220.003209111281, 697.23199462890625 ], [ 1209928.553247767733, 5984214.843665990978, 697.23199462890625 ], [ 1209923.647988393204, 5984211.900510367937, 698.510009765625 ], [ 1209916.780625269283, 5984206.01419911813, 699.63201904296875 ], [ 1209908.932210270548, 5984200.127887867391, 700.78399658203125 ], [ 1209905.008002771065, 5984195.222628493793, 703.1500244140625 ], [ 1209895.197484022472, 5984181.487902246416, 705.4749755859375 ], [ 1209885.386965273879, 5984175.601590995677, 706.74102783203125 ], [ 1209876.5574984001, 5984174.620539122261, 707.6519775390625 ], [ 1209866.746979651507, 5984174.620539122261, 709.719970703125 ], [ 1209859.879616527585, 5984169.715279748663, 710.85400390625 ], [ 1209848.106994029367, 5984162.847916622646, 712.6929931640625 ], [ 1209838.296475280775, 5984166.772124122828, 714.989990234375 ], [ 1209836.334371530684, 5984169.715279748663, 714.65802001953125 ], [ 1209833.391215906246, 5984171.677383496426, 714.65802001953125 ], [ 1209818.67543778359, 5984173.639487246051, 717.01800537109375 ], [ 1209813.77017840906, 5984170.696331622079, 718.531005859375 ], [ 1209811.808074659435, 5984160.885812874883, 719.20697021484375 ], [ 1209809.845970909577, 5984151.075294124894, 721.54400634765625 ], [ 1209806.902815285139, 5984148.13213849999, 720.9539794921875 ], [ 1209797.092296536313, 5984147.151086627506, 722.51800537109375 ], [ 1209787.281777787954, 5984143.226879127324, 725.302001953125 ], [ 1209780.414414664032, 5984137.340567876585, 725.8060302734375 ], [ 1209769.622844040394, 5984140.283723503351, 727.3809814453125 ], [ 1209768.641792165348, 5984143.226879127324, 728.406005859375 ], [ 1209767.660740290768, 5984151.075294124894, 729.18597412109375 ], [ 1209764.717584665865, 5984151.075294124894, 730.54302978515625 ], [ 1209757.850221541943, 5984151.075294124894, 732.2449951171875 ], [ 1209752.94496216788, 5984154.018449748866, 732.2449951171875 ], [ 1209752.94496216788, 5984162.847916622646, 734.27197265625 ], [ 1209752.94496216788, 5984166.772124122828, 734.27197265625 ], [ 1209738.229184044758, 5984174.620539122261, 738.92999267578125 ], [ 1209733.323924670462, 5984171.677383496426, 740.9119873046875 ], [ 1209730.380769046023, 5984159.904760999605, 738.48297119140625 ], [ 1209725.475509671494, 5984146.170034751296, 736.3289794921875 ], [ 1209721.551302172709, 5984138.321619752795, 737.37200927734375 ], [ 1209710.759731548838, 5984129.492152879946, 739.0269775390625 ], [ 1209701.930264675291, 5984114.776374755427, 738.81500244140625 ], [ 1209693.100797801511, 5984098.098492884077, 738.94097900390625 ], [ 1209688.195538427215, 5984091.231129758991, 739.0560302734375 ], [ 1209683.290279052919, 5984080.439559136517, 738.655029296875 ], [ 1209674.460812178906, 5984060.81852163747, 738.5460205078125 ], [ 1209672.498708429513, 5984056.894314140081, 737.75 ], [ 1209661.707137805643, 5984038.254328516312, 738.34002685546875 ], [ 1209657.782930306625, 5984028.443809768185, 735.41802978515625 ], [ 1209643.067152183503, 5984011.765927896835, 736.64398193359375 ], [ 1209629.33242593566, 5983995.08804602176, 735.2230224609375 ], [ 1209614.616647813004, 5983977.429112275131, 733.6820068359375 ], [ 1209603.825077189133, 5983957.808074777946, 733.72198486328125 ], [ 1209591.071402815869, 5983949.959659779444, 733.5560302734375 ], [ 1209586.166143442038, 5983936.224933530204, 731.83197021484375 ], [ 1209585.185091566993, 5983925.433362906799, 730.50897216796875 ], [ 1209590.090350941289, 5983931.319674156606, 730.114013671875 ], [ 1209607.749284688616, 5983939.168089156039, 728.09698486328125 ], [ 1209620.50295906188, 5983941.130192906596, 726.22998046875 ], [ 1209634.237685309956, 5983946.035452281125, 724.46502685546875 ], [ 1209643.067152183503, 5983951.921763528138, 720.46099853515625 ], [ 1209656.801878431812, 5983950.940711653791, 719.64202880859375 ], [ 1209659.74503405625, 5983947.016504153609, 718.81097412109375 ], [ 1209659.74503405625, 5983937.205985406414, 718.5419921875 ], [ 1209658.763982181204, 5983930.338622282259, 717.40802001953125 ], [ 1209652.877670932328, 5983918.565999783576, 716.55999755859375 ], [ 1209649.93451530789, 5983908.755481035449, 716.010009765625 ], [ 1209649.93451530789, 5983897.963910411112, 715.57501220703125 ] ] } },
{ "type": "Feature", "properties": { "name": "Sautener Höhe - Tschirgant Blick (2,2 km)", "description": "Sehr schöner, technischer Uphill mit fahrbaren Spitzkehren, dann ab Anhöhe Traum Flow! Nach Tschrigantblick, alpiner Steig - Mega Trail!!" }, "geometry": { "type": "LineString", "coordinates": [ [ 1207919.829821371706, 5977390.738722811453, 814.9320068359375 ], [ 1207925.895648825914, 5977395.288093402982, 815.27301025390625 ], [ 1207944.093131187838, 5977401.353920858353, 814.89202880859375 ], [ 1207954.70832923241, 5977405.903291448019, 815.24798583984375 ], [ 1207957.741242959164, 5977418.034946355037, 816.573974609375 ], [ 1207959.257699823007, 5977424.100773808546, 817.16998291015625 ], [ 1207974.422268458176, 5977428.650144399144, 817.57598876953125 ], [ 1207986.553923366126, 5977431.683058127761, 818.427978515625 ], [ 1208004.75140572805, 5977440.781799308024, 820.71099853515625 ], [ 1208015.366603772622, 5977448.364083625376, 822.030029296875 ], [ 1208013.850146909244, 5977472.627393442206, 823.6710205078125 ], [ 1207998.685578274308, 5977489.308418940753, 822.3699951171875 ], [ 1207988.070380229503, 5977501.440073848702, 823.12701416015625 ], [ 1207982.004552775295, 5977515.088185619563, 823.92999267578125 ], [ 1207962.290613549994, 5977530.252754255198, 824.92901611328125 ], [ 1207942.57667432446, 5977543.900866027921, 824.88397216796875 ], [ 1207916.796907644719, 5977560.581891524605, 828.541015625 ], [ 1207880.401942920405, 5977581.81228761375, 836.74700927734375 ], [ 1207871.303201739676, 5977590.911028796807, 838.5780029296875 ], [ 1207839.457607606193, 5977609.108511158265, 844.01898193359375 ], [ 1207827.325952697778, 5977616.690795475617, 844.8189697265625 ], [ 1207804.579099745257, 5977633.371820974164, 847.197021484375 ], [ 1207790.930987973697, 5977634.888277838007, 849.2139892578125 ], [ 1207774.249962475151, 5977656.118673926219, 850.4229736328125 ], [ 1207765.151221294189, 5977677.349070016295, 849.823974609375 ], [ 1207751.503109522397, 5977689.480724922381, 850.5360107421875 ], [ 1207719.657515388913, 5977698.579466104507, 853.16998291015625 ], [ 1207699.943576163147, 5977704.645293558948, 856.14898681640625 ], [ 1207686.295464391354, 5977727.392146510072, 862.3060302734375 ], [ 1207674.163809483638, 5977731.941517101601, 863.968994140625 ], [ 1207643.834672213765, 5977731.941517101601, 862.906005859375 ], [ 1207621.087819260778, 5977738.007344556041, 860.239990234375 ], [ 1207604.406793762231, 5977748.622542599216, 856.42498779296875 ], [ 1207574.077656491892, 5977747.106085736305, 855.09698486328125 ], [ 1207551.330803539604, 5977751.655456327833, 854.1309814453125 ], [ 1207533.133321177214, 5977763.787111235783, 848.81500244140625 ], [ 1207517.968752542278, 5977774.402309279889, 847.0360107421875 ], [ 1207492.188985862769, 5977785.017507325858, 844.30902099609375 ], [ 1207473.99150350038, 5977792.59979164321, 841.260009765625 ], [ 1207452.761107411468, 5977794.116248504259, 845.219970703125 ], [ 1207433.047168186167, 5977780.46813673526, 844.24798583984375 ], [ 1207416.366142687388, 5977778.951679870486, 844.9229736328125 ], [ 1207398.168660324998, 5977778.951679870486, 842.5 ], [ 1207386.037005417049, 5977788.050421051681, 842.55902099609375 ], [ 1207358.740781874163, 5977795.63270536717, 836.13702392578125 ], [ 1207334.477472058032, 5977800.18207595963, 831.62799072265625 ], [ 1207302.631877924083, 5977819.896015184, 833.74102783203125 ], [ 1207302.631877924083, 5977847.192238728516, 833.57098388671875 ], [ 1207298.082507333718, 5977860.840350501239, 832.9630126953125 ], [ 1207276.852111244574, 5977877.521375997923, 835.405029296875 ], [ 1207272.30274065421, 5977885.103660315275, 835.72198486328125 ], [ 1207269.269826926989, 5977915.432797585614, 832.45501708984375 ], [ 1207258.65462888265, 5977933.630279946141, 826.52301025390625 ], [ 1207245.006517111091, 5977951.827762311324, 825.6820068359375 ], [ 1207229.841948476154, 5977966.99233094696, 824.81597900390625 ], [ 1207199.512811205816, 5977979.123985853978, 824.72802734375 ], [ 1207185.864699434256, 5977982.156899580732, 824.45599365234375 ], [ 1207150.98619157332, 5978001.870838806033, 829.86199951171875 ], [ 1207140.370993528981, 5978010.969579987228, 830.364990234375 ], [ 1207116.107683712617, 5978024.617691758089, 828.2249755859375 ], [ 1207103.9760288049, 5978036.749346666038, 826.61102294921875 ], [ 1207093.360830760561, 5978064.045570208691, 819.92401123046875 ], [ 1207084.262089579366, 5978089.825336889364, 816.04998779296875 ], [ 1207059.998779763235, 5978123.187387886457, 812.49298095703125 ], [ 1207040.284840537235, 5978148.967154566199, 811.49102783203125 ], [ 1207020.570901311934, 5978174.746921246871, 814.177978515625 ], [ 1207000.8569620864, 5978202.043144787662, 818.385009765625 ], [ 1206993.274677768815, 5978230.855825194158, 819.489013671875 ], [ 1206988.725307178218, 5978249.05330755841, 818.94000244140625 ], [ 1206984.175936587853, 5978264.217876191251, 820.656005859375 ], [ 1206972.044281679438, 5978273.316617372446, 823.49700927734375 ], [ 1206955.363256180892, 5978297.579927189276, 824.1929931640625 ], [ 1206929.583489501383, 5978327.909064459614, 823.6099853515625 ], [ 1206912.902464002836, 5978346.106546822935, 824.677978515625 ], [ 1206888.639154186472, 5978364.304029183462, 823.843994140625 ], [ 1206846.178362008417, 5978377.952140953392, 827.65399169921875 ], [ 1206820.398595328676, 5978388.567339001223, 825.86798095703125 ], [ 1206791.585914922412, 5978394.633166453801, 827.7130126953125 ], [ 1206765.806148242671, 5978396.149623316713, 831.26300048828125 ], [ 1206755.190950198099, 5978405.248364497907, 830.9959716796875 ], [ 1206746.09220901737, 5978412.830648815259, 830.905029296875 ], [ 1206724.861812927993, 5978412.830648815259, 831.551025390625 ], [ 1206715.763071747031, 5978394.633166453801, 832.8389892578125 ], [ 1206715.763071747031, 5978362.787572320551, 833.50299072265625 ], [ 1206723.345356064616, 5978346.106546822935, 834.43701171875 ], [ 1206741.54283842654, 5978311.228038961068, 837.77801513671875 ], [ 1206758.223863925086, 5978268.767246781848, 838.99798583984375 ], [ 1206780.97071687784, 5978217.207713422365, 832.81597900390625 ], [ 1206794.618828649167, 5978192.944403607398, 829.97998046875 ], [ 1206794.618828649167, 5978179.296291835606, 829.010009765625 ], [ 1206774.904889423866, 5978177.779834973626, 828.0780029296875 ], [ 1206759.740320788464, 5978188.39503301587, 827.84698486328125 ], [ 1206750.641579607502, 5978195.977317334153, 825.947021484375 ], [ 1206740.026381563162, 5978170.19755065348, 821.99798583984375 ], [ 1206740.026381563162, 5978159.582352610305, 821.50897216796875 ], [ 1206729.41118351859, 5978123.187387886457, 812.58197021484375 ], [ 1206724.861812927993, 5978104.989905523136, 811.54400634765625 ], [ 1206709.697244292824, 5978101.956991797313, 806.406982421875 ], [ 1206694.532675657887, 5978138.35195652023, 805.0670166015625 ], [ 1206693.016218794044, 5978152.000068292953, 802.3060302734375 ], [ 1206680.884563886328, 5978195.977317334153, 799.052978515625 ], [ 1206667.236452114535, 5978220.240627150051, 797.96502685546875 ], [ 1206646.006056025624, 5978226.306454604492, 796.0360107421875 ], [ 1206632.357944253832, 5978208.108972241171, 793.07501220703125 ], [ 1206632.357944253832, 5978164.131723200902, 784.74700927734375 ], [ 1206632.357944253832, 5978112.572189841419, 775.32098388671875 ], [ 1206635.390857981052, 5978092.858250616118, 775.85797119140625 ], [ 1206638.42377170804, 5978062.529113345779, 772.551025390625 ], [ 1206630.841487390455, 5978047.364544711076, 772.16998291015625 ], [ 1206609.611091301544, 5978036.749346665107, 767.31500244140625 ], [ 1206585.347781485412, 5978029.167062346824, 765.38299560546875 ], [ 1206567.150299123256, 5978015.518950575963, 767.677001953125 ], [ 1206527.722420672188, 5977998.837925077416, 768.03997802734375 ], [ 1206512.557852037018, 5977977.607528988272, 767.8790283203125 ], [ 1206486.778085357277, 5977959.410046626814, 767.03802490234375 ], [ 1206457.965404950781, 5977942.729021126404, 765.593994140625 ], [ 1206420.053983362857, 5977939.696107400581, 761.593017578125 ], [ 1206382.142561775399, 5977910.883426995017, 764.53302001953125 ], [ 1206353.329881368438, 5977892.685944632627, 766.04302978515625 ], [ 1206333.615942143137, 5977885.103660315275, 765.47601318359375 ], [ 1206309.352632327005, 5977880.554289725609, 767.9630126953125 ], [ 1206298.737434282433, 5977872.972005407326, 768.29400634765625 ], [ 1206275.990581329679, 5977851.741609318182, 765.8909912109375 ], [ 1206271.441210739547, 5977844.15932500083, 765.86602783203125 ], [ 1206244.144987195963, 5977824.44538577646, 763.22998046875 ], [ 1206232.013332288247, 5977822.928928912617, 762.405029296875 ], [ 1206180.453798928997, 5977827.478299502283, 762.83099365234375 ], [ 1206171.355057747802, 5977827.478299502283, 762.29998779296875 ], [ 1206147.276187389158, 5977842.328035701998, 757.99102783203125 ] ] } },
{ "type": "Feature", "properties": { "name": "Sautens - Kapellen Trail (0,5 km)", "description": "Easy & flowig, leicht bergab, beste Verbindung zum Höhenweg Richtung Tschirgant Blick." }, "geometry": { "type": "LineString", "coordinates": [ [ 1207393.619289734401, 5976917.604181399569, 824.2650146484375 ], [ 1207378.454721099464, 5976973.713085349649, 825.03802490234375 ], [ 1207376.938264235854, 5976976.745999074541, 824.9000244140625 ], [ 1207376.938264235854, 5976988.877653983422, 825.63201904296875 ], [ 1207389.069919143803, 5977007.07513634488, 824.80499267578125 ], [ 1207414.849685823545, 5977032.854903024621, 822.87298583984375 ], [ 1207423.948427004507, 5977069.249867748469, 823.24700927734375 ], [ 1207425.464883867884, 5977082.89797951933, 822.98199462890625 ], [ 1207425.464883867884, 5977119.29294424504, 820.7130126953125 ], [ 1207431.530711322092, 5977126.87522856053, 820.09600830078125 ], [ 1207466.409219182795, 5977140.523340333253, 815.77801513671875 ], [ 1207481.573787817964, 5977143.556254059076, 814.90301513671875 ], [ 1207514.935838815058, 5977148.105624650605, 814.79400634765625 ], [ 1207530.100407449994, 5977173.885391330346, 814.31597900390625 ], [ 1207537.682691767579, 5977199.665158010088, 813.5679931640625 ], [ 1207558.913087856723, 5977213.313269780949, 811.7860107421875 ], [ 1207590.758681990439, 5977239.093036462553, 815.71197509765625 ], [ 1207593.791595717194, 5977249.708234506659, 813.2979736328125 ], [ 1207615.021991806803, 5977275.488001187332, 812.98297119140625 ], [ 1207642.318215349689, 5977275.488001187332, 812.906005859375 ], [ 1207654.449870257406, 5977277.004458049312, 812.89898681640625 ], [ 1207666.58152516582, 5977296.718397275545, 810.89697265625 ], [ 1207668.097982029198, 5977313.399422774091, 808.09100341796875 ], [ 1207648.384042803664, 5977348.277930633165, 812.5269775390625 ], [ 1207625.637189851142, 5977375.574154176749, 805.51800537109375 ], [ 1207613.505534942728, 5977404.386834584177, 802.01800537109375 ], [ 1207610.472621215973, 5977439.265342445113, 801.947998046875 ], [ 1207610.472621215973, 5977460.495738534257, 802.4420166015625 ] ] } },
{ "type": "Feature", "properties": { "name": "Ötzbruck Trail (1,6 km)", "description": "Flowiger S1 Trail." }, "geometry": { "type": "LineString", "coordinates": [ [ 1206147.276187389158, 5977842.328035701998, 757.99102783203125 ], [ 1206136.317798021482, 5977859.548361849971, 757.31097412109375 ], [ 1206112.835535090882, 5977884.596108976752, 755.719970703125 ], [ 1206086.222303769551, 5977908.078371907584, 757.47198486328125 ], [ 1206067.436493425397, 5977917.471277078614, 757.24298095703125 ], [ 1206042.388746299082, 5977933.126119033433, 748.93701171875 ], [ 1206020.471967564197, 5977951.911929376423, 745.822021484375 ], [ 1205984.46583107044, 5977972.263223917224, 752.79998779296875 ], [ 1205964.114536531037, 5977981.656129090115, 752.68902587890625 ], [ 1205951.590662967879, 5977984.787097480148, 752.24700927734375 ], [ 1205917.150010669837, 5977989.483550066128, 749.385986328125 ], [ 1205914.019042278873, 5978014.531297191046, 748.5880126953125 ], [ 1205928.108400037512, 5978028.620654949918, 747.59698486328125 ], [ 1205946.894210381899, 5978038.013560120948, 748.97601318359375 ], [ 1205976.638410093728, 5978039.579044317827, 748.20697021484375 ], [ 1206025.16842015041, 5978050.537433684804, 743.08599853515625 ], [ 1206045.519714690046, 5978080.281633397564, 742.91400146484375 ], [ 1206073.698430206627, 5978113.156801499426, 737.60498046875 ], [ 1206100.311661527725, 5978152.293906382285, 736.21099853515625 ], [ 1206125.359408653807, 5978167.948748338036, 733.13702392578125 ], [ 1206183.282323882449, 5978150.728422189131, 734.3590087890625 ], [ 1206206.764586813049, 5978125.680675062351, 735.906982421875 ], [ 1206258.42556526023, 5978089.674538568594, 736.55499267578125 ], [ 1206288.169764972059, 5978088.109054374509, 737.51702880859375 ], [ 1206360.182037959341, 5978075.585180811584, 736.2969970703125 ], [ 1206402.450111234328, 5978077.150665005669, 742.20001220703125 ], [ 1206458.807542267488, 5978106.894864717498, 744.47601318359375 ], [ 1206490.1172261748, 5978142.901001212187, 745.0679931640625 ], [ 1206493.248194565997, 5978196.127463853918, 739.9169921875 ], [ 1206493.248194565997, 5978213.347790002823, 738.47998046875 ], [ 1206488.551741979551, 5978282.229094600305, 739.96697998046875 ], [ 1206480.724321002839, 5978305.711357530206, 738.73199462890625 ], [ 1206477.593352612108, 5978351.110399195924, 738.655029296875 ], [ 1206450.197379193036, 5978412.164282813668, 725.1669921875 ], [ 1206428.280600457918, 5978418.426219596528, 721.27197265625 ], [ 1206375.054137815023, 5978418.426219596528, 724.84698486328125 ], [ 1206304.607349023689, 5978427.819124769419, 734.00799560546875 ], [ 1206271.732180920895, 5978440.342998331413, 732.45001220703125 ], [ 1206245.118949599797, 5978462.259777067229, 733.58099365234375 ], [ 1206240.422497013584, 5978479.480103216134, 730.5050048828125 ], [ 1206254.511854771525, 5978523.313660685904, 726.010009765625 ], [ 1206304.607349023689, 5978548.361407812685, 719.64697265625 ], [ 1206334.351548735518, 5978564.016249765642, 718.427001953125 ], [ 1206365.661232643062, 5978603.153354650363, 717.13299560546875 ], [ 1206400.101884941105, 5978640.724975339137, 718.0830078125 ], [ 1206436.89076353237, 5978690.820469591767, 718.00799560546875 ], [ 1206443.1527003136, 5978725.261121888645, 718.24798583984375 ], [ 1206446.283668704564, 5978762.832742579281, 724.114990234375 ], [ 1206441.587216118583, 5978784.749521313235, 727.56500244140625 ], [ 1206427.497858359944, 5978820.755657807924, 728.47601318359375 ], [ 1206427.497858359944, 5978845.803404932842, 727.156982421875 ], [ 1206402.450111234328, 5978870.851152058691, 730.66400146484375 ], [ 1206385.229785084957, 5978878.678573034704, 726.864990234375 ], [ 1206368.009458936285, 5978906.857288550586, 725.427001953125 ], [ 1206352.354616982397, 5978928.774067286402, 722.51702880859375 ], [ 1206325.741385661298, 5978952.256330217235, 718.5999755859375 ], [ 1206308.521059512161, 5978969.47665636614, 713.88897705078125 ], [ 1206286.604280777043, 5979007.048277055845, 709.89300537109375 ], [ 1206280.342343995348, 5979055.578287111595, 709.218994140625 ], [ 1206270.94943882362, 5979072.7986132605, 706.3380126953125 ], [ 1206256.860081064748, 5979086.887971018441, 705.041015625 ] ] } },
{ "type": "Feature", "properties": { "name": "Geo Lehrpfad Roppen (1,2 km)", "description": "Flowiger S1 Trail, mit kurzen Gegenanstiegen.." }, "geometry": { "type": "LineString", "coordinates": [ [ 1205891.56876643002, 5977995.80501134973, 751.197021484375 ], [ 1205876.404197794851, 5978024.617691758089, 750.6920166015625 ], [ 1205858.206715432927, 5978044.331630981527, 751.635009765625 ], [ 1205830.910491889808, 5978062.529113343917, 751.5830078125 ], [ 1205830.910491889808, 5978062.529113343917, 751.5830078125 ], [ 1205802.097811482847, 5978088.308880025521, 751.31298828125 ], [ 1205780.867415394168, 5978111.055732975714, 742.4520263671875 ], [ 1205764.186389895389, 5978124.703844748437, 742.1729736328125 ], [ 1205738.40662321588, 5978133.802585929632, 744.00701904296875 ], [ 1205715.659770263126, 5978141.384870246053, 742.0050048828125 ], [ 1205683.81417612941, 5978162.615266336128, 741.57000732421875 ], [ 1205680.781262402656, 5978168.681093789637, 741.29998779296875 ], [ 1205667.133150631096, 5978188.39503301587, 746.25299072265625 ], [ 1205658.034409449669, 5978200.526687923819, 748.10101318359375 ], [ 1205636.804013360757, 5978214.17479969468, 744.197021484375 ], [ 1205612.540703544626, 5978224.789997738786, 737.65899658203125 ], [ 1205600.409048636677, 5978235.405195783824, 736.57598876953125 ], [ 1205568.563454502961, 5978250.569764418527, 733.73297119140625 ], [ 1205529.13557605166, 5978268.767246781848, 731.6300048828125 ], [ 1205520.036834870698, 5978276.349531098269, 732.1669921875 ], [ 1205530.652032915037, 5978280.898901688866, 731.70001220703125 ], [ 1205551.882429004414, 5978282.415358551778, 729.77099609375 ], [ 1205580.695109411143, 5978280.898901688866, 727.156982421875 ], [ 1205600.409048636677, 5978277.865987962112, 726.8330078125 ], [ 1205630.738185906783, 5978277.865987962112, 727.59197998046875 ], [ 1205659.550866313512, 5978276.349531098269, 726.52197265625 ], [ 1205683.81417612941, 5978279.382444825023, 729.7249755859375 ], [ 1205698.978744764579, 5978286.964729142375, 729.0360107421875 ], [ 1205729.307882034918, 5978302.129297778942, 732.33001708984375 ], [ 1205752.05473498744, 5978321.843237003312, 733.13702392578125 ], [ 1205762.669933032012, 5978335.491348776035, 731.40301513671875 ], [ 1205770.252217349596, 5978350.655917409807, 732.2459716796875 ], [ 1205782.383872257546, 5978361.271115456708, 730.99298095703125 ], [ 1205789.96615657513, 5978367.336942908354, 730.0789794921875 ], [ 1205809.680095800431, 5978371.886313498951, 727.8079833984375 ], [ 1205829.394035025965, 5978371.886313498951, 725.40899658203125 ], [ 1205844.558603661368, 5978370.369856636971, 724.406982421875 ], [ 1205858.206715432927, 5978380.985054680146, 726.6610107421875 ], [ 1205859.723172296537, 5978405.248364496976, 731.23699951171875 ], [ 1205861.239629159681, 5978418.896476267837, 732.09197998046875 ], [ 1205861.239629159681, 5978449.225613538176, 732.3280029296875 ], [ 1205865.788999750512, 5978481.071207672358, 731.58001708984375 ], [ 1205871.854827204486, 5978502.301603761502, 728.76202392578125 ], [ 1205891.56876643002, 5978517.466172396205, 729.4530029296875 ], [ 1205914.315619382774, 5978528.081370440312, 728.447021484375 ], [ 1205917.348533109762, 5978528.081370440312, 727.95001220703125 ], [ 1205932.513101744931, 5978552.344680257142, 722.5419921875 ], [ 1205938.578929198906, 5978558.410507710651, 719.7509765625 ], [ 1205953.74349783361, 5978572.058619483374, 715.4329833984375 ], [ 1205991.654919421533, 5978590.256101844832, 710.21197509765625 ], [ 1206021.984056691872, 5978628.167523431592, 708.875 ], [ 1206040.181539053563, 5978691.858711700886, 712.7509765625 ], [ 1206040.181539053563, 5978731.28659015242, 713.75299072265625 ], [ 1206041.697995917406, 5978760.099270557053, 715.4940185546875 ], [ 1206043.214452780783, 5978775.263839194551, 712.78497314453125 ], [ 1206076.576503778109, 5978816.208174507134, 714.81201171875 ], [ 1206084.158788095694, 5978817.724631371908, 716.2760009765625 ], [ 1206108.422097911825, 5978845.020854914561, 712.64898681640625 ], [ 1206129.652494000737, 5978870.800621595234, 710.9329833984375 ], [ 1206137.234778318321, 5978892.031017683446, 710.719970703125 ], [ 1206149.366433226503, 5978919.327241227962, 709.8489990234375 ], [ 1206146.333519499516, 5978937.52472358942, 708.17401123046875 ], [ 1206135.718321454944, 5978967.853860858828, 706.9949951171875 ], [ 1206134.201864591334, 5978999.699454992078, 703.77001953125 ], [ 1206137.234778318321, 5979004.248825582676, 702.9310302734375 ], [ 1206163.014544998063, 5979022.446307944134, 703.57000732421875 ], [ 1206172.113286179025, 5979025.479221670888, 703.4639892578125 ], [ 1206188.794311677571, 5979030.028592262417, 704.802978515625 ], [ 1206213.057621493703, 5979042.160247170366, 705.80499267578125 ], [ 1206226.705733265262, 5979060.357729531825, 706.70501708984375 ], [ 1206256.860081064748, 5979086.887971018441, 705.041015625 ] ] } },
{ "type": "Feature", "properties": { "name": "Sautens Brunau Spitzkehren (1,2 km)", "description": "Schmaler, etwas schlecht ausgetretener Steig bis zur Hangkante, dann steile und enge Spitzkehren zur Ötztaler Ache - traumhaft!" }, "geometry": { "type": "LineString", "coordinates": [ [ 1208344.680811597733, 5978568.129617608152, 751.95697021484375 ], [ 1208345.540620872052, 5978593.923895837739, 753.15399169921875 ], [ 1208350.699476517737, 5978611.120081322268, 753.57098388671875 ], [ 1208365.316234180704, 5978630.035885356367, 753.53900146484375 ], [ 1208394.549749506405, 5978642.07321519684, 758.08599853515625 ], [ 1208427.222501929384, 5978641.213405922987, 761.427978515625 ], [ 1208447.857924512122, 5978639.493787374347, 763.7509765625 ], [ 1208475.371821289184, 5978636.054550275207, 762.375 ], [ 1208483.969914032146, 5978637.774168825708, 761.55902099609375 ], [ 1208513.203429357614, 5978660.129209958948, 761.72900390625 ], [ 1208525.240759197855, 5978673.026349072345, 763.5789794921875 ], [ 1208538.137898312183, 5978692.801962378435, 766.0 ], [ 1208573.390078557655, 5978714.297194236889, 769.10797119140625 ], [ 1208578.548934203573, 5978719.456049882807, 768.06298828125 ], [ 1208606.062830980634, 5978744.390518835746, 766.97198486328125 ], [ 1208609.50206807768, 5978750.409183755517, 766.97198486328125 ], [ 1208619.819779369282, 5978775.343652710319, 767.43701171875 ], [ 1208620.679588643368, 5978797.698693843558, 767.74298095703125 ], [ 1208620.679588643368, 5978801.137930940837, 768.50701904296875 ], [ 1208618.959970094962, 5978821.773353521712, 770.5269775390625 ], [ 1208625.838444289286, 5978853.586296670139, 768.719970703125 ], [ 1208625.838444289286, 5978861.324580139481, 768.4749755859375 ], [ 1208619.819779369282, 5978898.296378933825, 764.52398681640625 ], [ 1208611.221686626319, 5978918.071992241777, 762.9119873046875 ], [ 1208600.04416606063, 5978943.006461195648, 762.36798095703125 ], [ 1208566.511604363564, 5978945.585889019072, 758.55499267578125 ], [ 1208537.278089037631, 5978943.866270470433, 757.8499755859375 ], [ 1208519.222094277851, 5978958.483028134331, 760.02197265625 ], [ 1208514.063238632167, 5978978.258641442284, 760.87701416015625 ], [ 1208513.203429357614, 5978994.59501765389, 760.614013671875 ], [ 1208497.726862420561, 5979032.426625722088, 753.96502685546875 ], [ 1208491.70819750079, 5979047.043383384123, 750.6259765625 ], [ 1208476.23163056327, 5979077.136707986705, 746.0670166015625 ], [ 1208472.792393466225, 5979087.454419275746, 745.4530029296875 ], [ 1208480.530676934635, 5979092.613274922594, 742.26300048828125 ], [ 1208499.4464809692, 5979081.435754355043, 753.072021484375 ], [ 1208511.483810809208, 5979081.435754355043, 749.90301513671875 ], [ 1208515.782857180573, 5979083.155372906476, 749.90301513671875 ], [ 1208516.64266645466, 5979084.874991454184, 744.4169921875 ], [ 1208511.483810809208, 5979091.753465647809, 742.19097900390625 ], [ 1208506.324955163291, 5979097.772130568512, 744.79998779296875 ], [ 1208506.324955163291, 5979100.351558391005, 743.22900390625 ], [ 1208512.343620083528, 5979105.510414036922, 739.71099853515625 ], [ 1208524.380949923536, 5979103.790795488283, 736.7979736328125 ], [ 1208526.960377746262, 5979103.790795488283, 736.7979736328125 ], [ 1208524.380949923536, 5979110.669269683771, 732.7559814453125 ], [ 1208515.782857180573, 5979119.267362424172, 734.9010009765625 ], [ 1208511.483810809208, 5979121.846790248528, 730.99700927734375 ], [ 1208498.58667169488, 5979133.884120088071, 734.11602783203125 ], [ 1208496.867053146474, 5979135.60373863671, 734.11602783203125 ], [ 1208514.063238632167, 5979133.884120088071, 728.052001953125 ], [ 1208516.64266645466, 5979133.884120088071, 725.2230224609375 ], [ 1208508.044573712396, 5979145.921449927613, 723.0560302734375 ], [ 1208513.203429357614, 5979146.781259201467, 721.95501708984375 ], [ 1208523.521140648983, 5979139.902785006911, 722.197021484375 ], [ 1208533.838851940352, 5979136.463547912426, 716.73797607421875 ], [ 1208548.455609603552, 5979136.463547912426, 715.156005859375 ], [ 1208566.511604363564, 5979136.463547912426, 712.6400146484375 ], [ 1208556.193893072195, 5979151.940114848316, 708.1199951171875 ], [ 1208551.035037426045, 5979154.519542669877, 708.23101806640625 ], [ 1208545.016372506274, 5979164.837253961712, 707.20599365234375 ], [ 1208545.876181780593, 5979173.435346704908, 704.77398681640625 ], [ 1208551.894846700598, 5979176.874583803117, 704.77398681640625 ], [ 1208575.109697106294, 5979169.996109607629, 704.89898681640625 ], [ 1208592.305882591987, 5979160.538207592443, 705.26397705078125 ], [ 1208611.221686626319, 5979145.061640653759, 705.44500732421875 ], [ 1208634.436537032016, 5979121.846790248528, 709.3690185546875 ], [ 1208674.847572923405, 5979093.473084198311, 708.8380126953125 ], [ 1208683.445665666368, 5979087.454419275746, 709.0469970703125 ], [ 1208794.361062049167, 5978975.67921361886, 707.885986328125 ], [ 1208816.716103180544, 5978951.604553938843, 709.5460205078125 ], [ 1208832.192670117598, 5978925.810275709257, 708.5889892578125 ], [ 1208841.65057213488, 5978913.772945871577, 708.29901123046875 ], [ 1208844.23, 5978893.997332562692, 708.41497802734375 ], [ 1208851.108474151697, 5978857.025533767417, 709.49798583984375 ], [ 1208853.687901974656, 5978814.035070053302, 710.10302734375 ], [ 1208854.547711249208, 5978801.997740213759, 710.78997802734375 ], [ 1208849.388855603524, 5978771.044606340118, 711.23199462890625 ], [ 1208836.491716489196, 5978745.250328110531, 712.41998291015625 ], [ 1208832.192670117598, 5978723.755096253008, 712.65997314453125 ], [ 1208827.033814471914, 5978712.57757568825, 713.12701416015625 ], [ 1208812.417056809179, 5978691.942153104581, 713.4420166015625 ], [ 1208796.080680597574, 5978675.605776892975, 714.50299072265625 ], [ 1208782.323732209159, 5978664.428256328218, 714.85699462890625 ], [ 1208778.024685837794, 5978659.269400681369, 714.573974609375 ] ] } },
{ "type": "Feature", "properties": { "name": "Autobahn Trail II (0,5 km)", "description": "Schotterhügel Jumps & Innufer Trail..." }, "geometry": { "type": "LineString", "coordinates": [ [ 1207558.161582226865, 5980986.22838373296, 687.4210205078125 ], [ 1207554.562768888893, 5980972.552893047221, 687.35601806640625 ], [ 1207553.843006221112, 5980966.794791705906, 687.35601806640625 ], [ 1207548.804667547578, 5980956.718114360236, 687.6199951171875 ], [ 1207548.804667547578, 5980938.72404766921, 687.073974609375 ], [ 1207544.486091541592, 5980927.927607652731, 686.39898681640625 ], [ 1207543.766328874044, 5980905.614964955486, 685.2139892578125 ], [ 1207542.326803538715, 5980895.538287608884, 685.427001953125 ], [ 1207538.727990200277, 5980866.747780902311, 682.89599609375 ], [ 1207530.810600856086, 5980848.033951544203, 682.364013671875 ], [ 1207527.211787517648, 5980834.358460858464, 681.864013671875 ], [ 1207525.052499515004, 5980830.039884851314, 681.13800048828125 ], [ 1207517.135110170813, 5980816.364394167438, 679.97198486328125 ], [ 1207517.135110170813, 5980797.650564807467, 679.323974609375 ], [ 1207520.014160841471, 5980781.81578611955, 678.333984375 ], [ 1207520.014160841471, 5980763.101956758648, 676.89501953125 ], [ 1207516.415347503033, 5980744.38812740054, 676.16802978515625 ], [ 1207509.93748349417, 5980737.190500725992, 675.91802978515625 ], [ 1207491.943416802911, 5980714.877858026884, 676.6309814453125 ], [ 1207468.911011437885, 5980699.762842005119, 678.208984375 ], [ 1207460.993622093694, 5980691.845452663489, 677.6719970703125 ], [ 1207447.318131408421, 5980670.252572633326, 675.3909912109375 ], [ 1207437.241454060888, 5980665.214233960025, 676.33502197265625 ], [ 1207414.928811364109, 5980657.29684461467, 678.0419921875 ], [ 1207400.533558010822, 5980647.220167267136, 677.177001953125 ], [ 1207373.182576639578, 5980623.467999236658, 674.5159912109375 ], [ 1207366.704712630948, 5980616.990135226399, 674.40997314453125 ], [ 1207340.073493927717, 5980601.875119204633, 676.385986328125 ], [ 1207315.60156322713, 5980588.199628520757, 677.4959716796875 ], [ 1207279.613429844612, 5980573.804375167005, 677.97698974609375 ], [ 1207268.097227161983, 5980570.925324497744, 678.72698974609375 ], [ 1207237.86719512078, 5980563.007935152389, 678.57000732421875 ], [ 1207212.675501752878, 5980563.007935152389, 678.93499755859375 ], [ 1207201.159299070248, 5980565.167223154567, 678.573974609375 ], [ 1207160.132827013731, 5980565.886985822581, 678.61602783203125 ], [ 1207139.979472319828, 5980568.04627382569, 678.60198974609375 ], [ 1207117.666829622118, 5980569.485799160786, 679.14300537109375 ], [ 1207103.991338936612, 5980573.804375167005, 679.19000244140625 ], [ 1207095.354186925106, 5980574.524137834087, 678.5560302734375 ], [ 1207085.997272245586, 5980580.282239175402, 680.47100830078125 ], [ 1207084.557746910024, 5980593.237967194058, 682.29901123046875 ] ] } },
{ "type": "Feature", "properties": { "name": "Inn bis Ötzer Höhe UH-Trail (0,6 km)", "description": "Vom Inn Radweg schöner UH-Trail zurück zur Ötzer Höhe." }, "geometry": { "type": "LineString", "coordinates": [ [ 1207576.54135905602, 5980506.046813029796, 702.875 ], [ 1207597.720978223719, 5980458.74566355627, 704.21197509765625 ], [ 1207613.252698946977, 5980429.800184026361, 710.7869873046875 ], [ 1207621.724546614103, 5980406.502602944151, 709.4320068359375 ], [ 1207631.608368892455, 5980368.379288439639, 712.489990234375 ], [ 1207637.256267337129, 5980347.905656578019, 713.09197998046875 ], [ 1207644.316140393028, 5980334.491897771135, 715.11798095703125 ], [ 1207654.905949976761, 5980316.136227824725, 716.79302978515625 ], [ 1207670.437670700019, 5980294.250621351413, 717.635009765625 ], [ 1207699.383150229231, 5980277.306926017627, 719.656982421875 ], [ 1207719.150794785935, 5980262.481192600913, 720.01800537109375 ], [ 1207725.504680536222, 5980252.597370321862, 720.4110107421875 ], [ 1207734.682515509194, 5980239.889598820359, 721.06402587890625 ], [ 1207746.68429970392, 5980220.827941570431, 723.33599853515625 ], [ 1207763.627995038405, 5980211.65010659676, 724.81201171875 ], [ 1207789.749525345396, 5980199.6483224025, 727.05999755859375 ], [ 1207805.281246068655, 5980191.176474736072, 728.17999267578125 ], [ 1207831.402776375646, 5980182.704627067782, 730.03997802734375 ], [ 1207872.350040100049, 5980169.996855568141, 731.655029296875 ], [ 1207901.295519629261, 5980171.40883017797, 731.79400634765625 ], [ 1207911.885329213226, 5980172.114817483351, 731.572021484375 ], [ 1207921.063164185965, 5980172.114817483351, 732.09002685546875 ], [ 1207935.182910297997, 5980167.172906345688, 733.52899169921875 ], [ 1207947.89068179857, 5980151.641185623594, 732.31201171875 ], [ 1207953.538580243476, 5980137.521439509466, 732.6729736328125 ], [ 1207965.540364438435, 5980122.695706092753, 732.6309814453125 ], [ 1207981.778072467074, 5980107.869972675107, 731.75201416015625 ], [ 1207993.779856662266, 5980093.044239258394, 732.78399658203125 ], [ 1208006.487628162839, 5980087.396340812556, 730.39697265625 ], [ 1208024.137310802704, 5980085.278378896415, 729.06402587890625 ], [ 1208050.964828415308, 5980085.278378896415, 728.14801025390625 ], [ 1208070.026485666167, 5980078.924493146129, 726.98602294921875 ], [ 1208074.262409500079, 5980073.276594701223, 727.0880126953125 ], [ 1208076.380371416453, 5980069.040670867078, 727.1719970703125 ], [ 1208086.970181000652, 5980071.158632783219, 726.8480224609375 ], [ 1208107.44381286297, 5980085.278378896415, 725.53802490234375 ], [ 1208113.09171130741, 5980092.338251951151, 725.16802978515625 ], [ 1208128.623432030668, 5980097.986150395125, 725.20501708984375 ], [ 1208144.155152753694, 5980107.869972675107, 726.15399169921875 ] ] } },
{ "type": "Feature", "properties": { "name": "Ötzer Höhe - Trainings Loop (3,7 km)", "description": "Beste (weil auch für nicht Worlcup Fahrer \"machbare\") Kombination der CC-Trainings Trails!" }, "geometry": { "type": "LineString", "coordinates": [ [ 1208735.772514841752, 5979586.851341147907, 732.177978515625 ], [ 1208736.478502147831, 5979591.79325228557, 731.75897216796875 ], [ 1208752.010222870391, 5979598.853125342168, 732.27099609375 ], [ 1208768.24793089903, 5979601.67707456369, 733.5250244140625 ], [ 1208772.483854732942, 5979603.089049176313, 733.5250244140625 ], [ 1208778.837740483228, 5979617.208795287646, 732.24200439453125 ], [ 1208776.719778566156, 5979624.268668344244, 731.5460205078125 ], [ 1208760.48207053775, 5979634.858477926813, 729.64398193359375 ], [ 1208745.656337120337, 5979644.742300205864, 727.510986328125 ], [ 1208735.772514841752, 5979663.803957457654, 729.06298828125 ], [ 1208733.654552924912, 5979682.159627403133, 729.46697998046875 ], [ 1208731.536591008306, 5979696.985360819846, 726.61297607421875 ], [ 1208747.068311731331, 5979726.636827655137, 727.927978515625 ], [ 1208785.191626233514, 5979749.93440874014, 727.0369873046875 ], [ 1208795.075448511867, 5979754.170332572423, 727.27301025390625 ], [ 1208823.314940735698, 5979766.172116767615, 727.5560302734375 ], [ 1208845.906534514623, 5979771.114027909003, 728.9110107421875 ], [ 1208864.968191765714, 5979784.527786714956, 728.739990234375 ], [ 1208871.322077516001, 5979791.58765976876, 729.3179931640625 ], [ 1208892.501696683932, 5979817.709190077148, 730.031005859375 ], [ 1208908.739404712338, 5979840.300783855841, 729.91497802734375 ], [ 1208936.978896936402, 5979851.596580744721, 730.2440185546875 ], [ 1208971.572274910286, 5979874.188174524345, 729.97100830078125 ], [ 1208996.281830605818, 5979879.83607296925, 730.5260009765625 ], [ 1209022.403360912809, 5979892.543844469823, 730.8499755859375 ], [ 1209039.347056247294, 5979912.311489026062, 732.468994140625 ], [ 1209053.466802359559, 5979927.843209750019, 733.32501220703125 ], [ 1209073.940434221411, 5979934.903082805686, 733.59002685546875 ], [ 1209110.651774112368, 5979939.139006638899, 733.50701904296875 ], [ 1209136.067317113513, 5979939.139006638899, 733.64898681640625 ], [ 1209179.838530060602, 5979932.079133583233, 733.78302001953125 ], [ 1209198.194200005848, 5979926.431235138327, 734.0050048828125 ], [ 1209220.079806479393, 5979915.841425555758, 734.4580078125 ], [ 1209220.785793785239, 5979913.017476332374, 734.593994140625 ], [ 1209198.900187311694, 5979893.955819081515, 734.59100341796875 ], [ 1209189.722352338955, 5979879.83607296925, 735.11798095703125 ], [ 1209182.662479283055, 5979840.300783855841, 738.427978515625 ], [ 1209181.250504671596, 5979827.593012355268, 738.01898193359375 ], [ 1209181.250504671596, 5979802.883456659503, 740.15899658203125 ], [ 1209175.602606226923, 5979785.939761325717, 740.51800537109375 ], [ 1209159.364898198284, 5979761.230205627158, 744.06097412109375 ], [ 1209136.773304419592, 5979738.638611848466, 745.50299072265625 ], [ 1209130.419418669073, 5979732.284726100042, 745.08599853515625 ], [ 1209106.415850278689, 5979699.809310041368, 748.030029296875 ], [ 1209104.297888362082, 5979694.161411598325, 747.8170166015625 ], [ 1209099.355977223022, 5979662.391982845031, 751.60198974609375 ], [ 1209089.472154944669, 5979621.444719121791, 755.697998046875 ], [ 1209086.648205722217, 5979618.620769899338, 756.094970703125 ], [ 1209076.764383443631, 5979596.735163426027, 757.093994140625 ], [ 1209061.232662720839, 5979569.201658505946, 755.9520263671875 ], [ 1209060.526675414992, 5979560.729810839519, 755.38201904296875 ], [ 1209056.996738886926, 5979491.54305489175, 754.6309814453125 ], [ 1209061.232662720839, 5979474.599359557964, 755.7860107421875 ], [ 1209076.058396138251, 5979464.009549973533, 755.97900390625 ], [ 1209090.884129555896, 5979449.889803863131, 752.697998046875 ], [ 1209105.003875667462, 5979432.240121222101, 753.1290283203125 ], [ 1209105.709862973308, 5979420.944324333221, 752.91400146484375 ], [ 1209101.473939139396, 5979395.528781331144, 752.13201904296875 ], [ 1209091.590116861043, 5979383.526997135021, 751.447998046875 ], [ 1209086.648205722217, 5979367.995276411995, 748.791015625 ], [ 1209085.236231110757, 5979347.521644549444, 747.18798828125 ], [ 1209084.530243805377, 5979331.28393652197, 745.10101318359375 ], [ 1209078.882345360471, 5979318.576165021397, 743.677001953125 ], [ 1209062.644637332065, 5979307.986355437897, 742.61199951171875 ], [ 1209035.817119719228, 5979303.044444298372, 743.06597900390625 ], [ 1209018.873424385209, 5979298.808520464227, 742.8800048828125 ], [ 1209012.519538634922, 5979295.278583937325, 740.77001953125 ], [ 1209006.871640189784, 5979294.572596631944, 741.10302734375 ], [ 1209001.929729050957, 5979301.632469687611, 741.9420166015625 ], [ 1208996.281830605818, 5979319.988139632158, 746.10797119140625 ], [ 1208980.750109883025, 5979336.225847661495, 748.73797607421875 ], [ 1208980.044122577179, 5979336.931834966876, 748.73797607421875 ], [ 1208960.27647802094, 5979338.343809577636, 746.95599365234375 ], [ 1208946.156731908908, 5979334.107885744423, 748.46600341796875 ], [ 1208943.332782686688, 5979319.282152326778, 749.2769775390625 ], [ 1208943.332782686688, 5979311.51629196573, 748.3070068359375 ], [ 1208924.97711274121, 5979309.398330047727, 745.54998779296875 ], [ 1208911.210360281635, 5979319.988139632158, 745.3740234375 ], [ 1208903.444499920355, 5979307.280368131585, 741.97802734375 ], [ 1208893.560677642003, 5979293.160622019321, 737.65899658203125 ], [ 1208874.499020391377, 5979284.688774351031, 734.197998046875 ], [ 1208862.497236195952, 5979284.688774351031, 734.0369873046875 ], [ 1208847.671502778539, 5979313.634253881872, 739.10601806640625 ], [ 1208847.671502778539, 5979333.401898438111, 740.08697509765625 ], [ 1208846.965515472693, 5979346.815657245927, 744.0360107421875 ], [ 1208830.021820138674, 5979363.053365274332, 746.5999755859375 ], [ 1208815.196086721495, 5979369.407251024619, 747.72698974609375 ], [ 1208795.428442164557, 5979387.762920970097, 750.5989990234375 ], [ 1208776.366784913233, 5979406.118590915576, 751.93798828125 ], [ 1208770.718886468792, 5979418.826362415217, 752.76800537109375 ], [ 1208774.248822996393, 5979433.652095832862, 753.906005859375 ], [ 1208803.90028983145, 5979431.534133916721, 756.10498046875 ], [ 1208816.608061332256, 5979438.594006973319, 756.71197509765625 ], [ 1208823.667934388388, 5979450.59579116758, 756.3270263671875 ], [ 1208823.667934388388, 5979455.537702307105, 756.125 ], [ 1208829.315832833061, 5979464.009549973533, 756.66302490234375 ], [ 1208861.085261584725, 5979456.949676918797, 760.97601318359375 ], [ 1208864.615198112791, 5979459.773626139387, 759.95001220703125 ], [ 1208871.675071168458, 5979463.303562667221, 759.45098876953125 ], [ 1208883.676855363883, 5979447.771841946058, 760.02899169921875 ], [ 1208890.736728419783, 5979432.946108527482, 757.447021484375 ], [ 1208910.504372976488, 5979419.532349721529, 755.4749755859375 ], [ 1208912.622334892862, 5979419.532349721529, 755.4749755859375 ], [ 1208934.507941366639, 5979436.476045056246, 756.8599853515625 ], [ 1208938.743865199853, 5979444.241905416362, 756.69000244140625 ], [ 1208940.861827116925, 5979479.541270697489, 758.11297607421875 ], [ 1208940.861827116925, 5979497.896940642036, 761.81298828125 ], [ 1208949.333674784051, 5979528.254394783638, 757.48101806640625 ], [ 1208962.041446284624, 5979552.257963173091, 758.6939697265625 ], [ 1208976.867179702036, 5979576.261531562544, 758.06597900390625 ], [ 1208980.397116230102, 5979594.617201508023, 757.4169921875 ], [ 1208982.515078146942, 5979609.442934925668, 758.13397216796875 ], [ 1208986.045014675008, 5979630.622554094531, 760.10400390625 ], [ 1208986.045014675008, 5979641.212363677099, 760.2490234375 ], [ 1208990.986925814068, 5979656.038097095676, 756.39300537109375 ], [ 1209005.1066719261, 5979656.744084401056, 753.51800537109375 ], [ 1209007.930621148087, 5979644.036312899552, 755.92401123046875 ], [ 1209008.636608453933, 5979639.80038906727, 758.55999755859375 ], [ 1209010.754570370773, 5979632.740516010672, 756.87799072265625 ], [ 1209022.756354565965, 5979628.504592176527, 756.9010009765625 ], [ 1209036.876100677764, 5979634.858477926813, 757.58099365234375 ], [ 1209052.40782140079, 5979635.564465233125, 757.114013671875 ], [ 1209058.761707150843, 5979633.446503316984, 756.48602294921875 ], [ 1209066.527567512821, 5979639.094401761889, 756.802001953125 ], [ 1209067.233554818202, 5979661.68599553965, 752.01800537109375 ], [ 1209062.997630984755, 5979685.689563930035, 749.9940185546875 ], [ 1209060.879669067916, 5979716.753005377017, 745.08599853515625 ], [ 1209055.937757928856, 5979724.518865737133, 746.06500244140625 ], [ 1209068.645529429195, 5979735.814662627876, 746.50701904296875 ], [ 1209077.117377096554, 5979744.992497600615, 745.56201171875 ], [ 1209081.353300930234, 5979753.464345267043, 744.469970703125 ], [ 1209081.353300930234, 5979775.349951741286, 741.7230224609375 ], [ 1209081.353300930234, 5979790.175685158931, 740.06201171875 ], [ 1209080.64731362462, 5979807.82536779996, 738.45697021484375 ], [ 1209074.999415179947, 5979825.475050437264, 737.8499755859375 ], [ 1209062.291643679142, 5979831.828936188482, 734.70001220703125 ], [ 1209036.876100677764, 5979841.712758467533, 731.56298828125 ], [ 1209015.6964815096, 5979855.832504578866, 733.33001708984375 ], [ 1209017.108456121292, 5979871.36422530096, 730.864013671875 ], [ 1209010.754570370773, 5979899.60371752549, 731.00299072265625 ], [ 1209003.694697314873, 5979908.07556519378, 731.17401123046875 ], [ 1208991.692913119681, 5979920.78333669249, 732.02099609375 ], [ 1208982.515078146942, 5979947.61085430719, 730.41497802734375 ], [ 1208971.925268562976, 5979967.378498862498, 731.8909912109375 ], [ 1208959.923484368017, 5979985.028181502596, 732.13201904296875 ], [ 1208954.981573228491, 5980004.795826058835, 732.45098876953125 ], [ 1208954.981573228491, 5980027.387419837527, 732.60400390625 ], [ 1208955.687560534338, 5980052.802962840535, 733.635009765625 ], [ 1208947.921700172825, 5980071.158632785082, 733.28399658203125 ], [ 1208940.861827116925, 5980086.690353507176, 733.0989990234375 ], [ 1208922.506157171447, 5980114.929845731705, 734.45001220703125 ], [ 1208902.032525309362, 5980140.345388732851, 733.94500732421875 ], [ 1208896.384626864456, 5980148.817236400209, 734.53302001953125 ], [ 1208890.030741114169, 5980178.4687032355, 734.3900146484375 ], [ 1208886.500804586103, 5980194.000423958525, 736.781982421875 ], [ 1208899.208576086909, 5980208.82615737617, 736.8740234375 ], [ 1208909.798385670874, 5980215.180043126456, 737.197998046875 ], [ 1208920.388195254374, 5980220.121954265051, 737.01300048828125 ], [ 1208940.861827116925, 5980237.0656496007, 739.10400390625 ], [ 1208945.803738255985, 5980244.125522654504, 739.822021484375 ], [ 1208952.157624006271, 5980254.009344933555, 740.7750244140625 ], [ 1208964.159408201464, 5980270.247052962892, 739.844970703125 ], [ 1208974.043230479816, 5980280.83686254546, 738.9010009765625 ], [ 1208993.810875036521, 5980287.89673560299, 740.030029296875 ], [ 1209010.754570370773, 5980284.366799075156, 739.8590087890625 ], [ 1209030.522214927478, 5980285.778773685917, 740.36297607421875 ], [ 1209043.22998642805, 5980287.89673560299, 740.18701171875 ], [ 1209053.113808706403, 5980292.132659435272, 740.41900634765625 ], [ 1209052.40782140079, 5980301.310494408943, 739.95599365234375 ], [ 1209052.40782140079, 5980306.958392853849, 739.844970703125 ], [ 1209053.819796011783, 5980316.136227827519, 737.58197021484375 ], [ 1209065.115592901595, 5980316.136227827519, 736.75897216796875 ], [ 1209090.531135902973, 5980314.724253214896, 733.5689697265625 ], [ 1209114.534704292892, 5980310.488329382613, 733.780029296875 ], [ 1209132.89037423837, 5980317.548202436417, 727.9210205078125 ], [ 1209139.950247294502, 5980328.138012020849, 720.677001953125 ], [ 1209139.950247294502, 5980339.433808909729, 717.85198974609375 ], [ 1209151.246044184081, 5980334.491897772066, 715.52301025390625 ], [ 1209163.247828379041, 5980328.843999328092, 715.1610107421875 ], [ 1209163.953815684654, 5980330.25597393699, 715.1610107421875 ], [ 1209167.48375221272, 5980347.905656578019, 710.36798095703125 ], [ 1209178.779549102066, 5980351.435593104921, 705.63800048828125 ], [ 1209185.839422157966, 5980345.081707355566, 705.95697021484375 ], [ 1209195.017257130705, 5980347.199669272639, 704.56597900390625 ], [ 1209209.84299054835, 5980356.377504245378, 698.7039794921875 ], [ 1209221.138787437696, 5980350.02361849416, 699.08001708984375 ], [ 1209244.436368522234, 5980306.958392853849, 703.0770263671875 ], [ 1209275.499809968285, 5980268.835078352131, 705.8389892578125 ], [ 1209307.975226025796, 5980243.419535349123, 708.91497802734375 ], [ 1209320.682997526601, 5980226.475840016268, 709.52197265625 ], [ 1209337.62669286062, 5980202.472271625884, 712.96197509765625 ], [ 1209340.45064208284, 5980195.412398570217, 713.46502685546875 ], [ 1209361.630261251004, 5980158.701058680192, 716.89300537109375 ], [ 1209363.042235862231, 5980129.049591844901, 722.86700439453125 ], [ 1209371.514083529357, 5980109.2819472868, 725.22698974609375 ], [ 1209379.985931196483, 5980076.806531229988, 728.3289794921875 ], [ 1209371.514083529357, 5980064.098759729415, 732.75799560546875 ], [ 1209360.218286639778, 5980045.743089783005, 734.697021484375 ], [ 1209346.098540527746, 5980045.743089783005, 735.89599609375 ], [ 1209330.566819804953, 5980055.626912061125, 736.38201904296875 ], [ 1209320.682997526601, 5980075.394556618296, 737.0040283203125 ], [ 1209306.563251414569, 5980092.338251953013, 738.03997802734375 ], [ 1209268.439936912619, 5980121.989718787372, 738.4219970703125 ], [ 1209250.08426696714, 5980150.229211011901, 739.85699462890625 ], [ 1209226.080698576756, 5980192.588449347764, 739.07000732421875 ], [ 1209204.901079409057, 5980219.415966958739, 740.3189697265625 ], [ 1209166.777764906641, 5980239.183611515909, 741.1300048828125 ], [ 1209156.893942628754, 5980240.595586127602, 741.1099853515625 ], [ 1209113.122729681898, 5980254.715332239866, 740.44097900390625 ], [ 1209073.587440568488, 5980275.894951406866, 740.1829833984375 ], [ 1209045.70094199758, 5980287.89673560299, 740.16400146484375 ], [ 1209041.112024511211, 5980288.955716560595, 740.18701171875 ], [ 1209030.169221274555, 5980284.366799075156, 740.36297607421875 ], [ 1209014.990494204219, 5980283.660811767913, 739.8590087890625 ], [ 1209010.754570370307, 5980283.660811767913, 739.8590087890625 ], [ 1208990.633932161145, 5980288.602722907439, 740.030029296875 ], [ 1208980.397116230102, 5980284.366799075156, 739.14599609375 ], [ 1208977.573167007649, 5980282.954824463464, 739.02099609375 ], [ 1208962.394439937314, 5980267.776097391732, 739.844970703125 ], [ 1208955.334566881415, 5980259.304249725305, 740.7750244140625 ], [ 1208952.863611311885, 5980255.421319545247, 740.7750244140625 ], [ 1208938.037877894472, 5980235.653674988076, 739.10400390625 ], [ 1208927.095074657584, 5980222.945903486572, 737.8280029296875 ], [ 1208921.09418256022, 5980220.474947920069, 737.8280029296875 ], [ 1208901.679531656206, 5980210.591125639156, 736.8740234375 ], [ 1208891.795709377853, 5980203.884246234782, 737.041015625 ], [ 1208888.61876650271, 5980201.060297014192, 736.739990234375 ], [ 1208874.852014043601, 5980193.294436652213, 736.2449951171875 ], [ 1208861.791248890106, 5980187.646538207307, 733.77001953125 ], [ 1208843.78857259755, 5980192.588449347764, 734.52398681640625 ], [ 1208831.433794749668, 5980200.707303361036, 733.07098388671875 ], [ 1208798.605385039235, 5980215.533036779612, 732.0250244140625 ], [ 1208783.779651622055, 5980219.768960611895, 730.26702880859375 ], [ 1208766.482962634647, 5980216.592017737217, 731.655029296875 ], [ 1208751.657229217235, 5980203.178258931264, 732.33099365234375 ], [ 1208741.773406939115, 5980194.706411263905, 732.35400390625 ], [ 1208718.828819507267, 5980174.58577305451, 733.427001953125 ], [ 1208696.5902193808, 5980163.642969817854, 735.093017578125 ], [ 1208675.057606560411, 5980157.995071372017, 734.8289794921875 ], [ 1208653.524993739789, 5980151.288191970438, 734.69500732421875 ], [ 1208609.7537807927, 5980119.518763217144, 736.864990234375 ], [ 1208597.399002945051, 5980097.986150397919, 738.49798583984375 ], [ 1208576.572377430042, 5980066.216721646488, 737.5780029296875 ], [ 1208545.861929636449, 5980040.801178645343, 736.416015625 ], [ 1208532.095177177573, 5980030.917356366292, 735.88397216796875 ], [ 1208525.035304121673, 5980022.798502351157, 736.3699951171875 ], [ 1208515.504475496011, 5980010.443724503741, 736.8189697265625 ], [ 1208511.974538968178, 5979996.676972044632, 736.176025390625 ], [ 1208512.680526273791, 5979993.853022822179, 734.8289794921875 ], [ 1208530.683202566113, 5979959.259644848295, 732.4229736328125 ], [ 1208546.214923289372, 5979937.021044721827, 732.8070068359375 ], [ 1208577.631358388346, 5979903.486647706479, 732.718994140625 ], [ 1208605.517856959254, 5979878.071104704402, 732.6920166015625 ], [ 1208632.345374571625, 5979850.184606135823, 732.73297119140625 ], [ 1208653.524993739789, 5979832.887917147018, 732.75201416015625 ], [ 1208664.820790629368, 5979789.116704200394, 732.5250244140625 ], [ 1208657.760917573236, 5979780.644856533967, 732.5250244140625 ], [ 1208632.345374571625, 5979762.289186588489, 732.62200927734375 ], [ 1208621.049577682512, 5979755.229313531891, 732.5989990234375 ], [ 1208618.225628459826, 5979734.049694363959, 732.39501953125 ], [ 1208630.933399960864, 5979715.694024418481, 732.2919921875 ], [ 1208649.28906990611, 5979691.690456029028, 732.198974609375 ], [ 1208654.936968351016, 5979684.630582973361, 732.406982421875 ], [ 1208670.468689073808, 5979670.510836861096, 732.2440185546875 ], [ 1208722.711749688024, 5979597.088157078251, 732.34600830078125 ] ] } },
{ "type": "Feature", "properties": { "name": "Innufer Riedegg (0,8 km)", "description": "Innufer Trail bis Riedegg. ACHTUNG: Viel begangener Steig. Besondere Rückssichtnahme auf Fußgeher notwendig! " }, "geometry": { "type": "LineString", "coordinates": [ [ 1206046.458429044345, 5979470.821814536117, 693.64801025390625 ], [ 1206011.019171960419, 5979458.063681986183, 689.739990234375 ], [ 1205998.261039410252, 5979449.558260286227, 686.43701171875 ], [ 1205981.250196009874, 5979432.547416886315, 685.3170166015625 ], [ 1205948.64607949229, 5979412.701432918198, 685.28302001953125 ], [ 1205911.789252125192, 5979397.108159800991, 685.07000732421875 ], [ 1205910.371681841789, 5979397.108159800991, 685.07000732421875 ], [ 1205883.437846458051, 5979373.00946498476, 685.06097412109375 ], [ 1205828.15260540694, 5979344.65805931855, 685.3809814453125 ], [ 1205796.966059172992, 5979329.064786201343, 685.448974609375 ], [ 1205772.867364355829, 5979323.394505067728, 685.91400146484375 ], [ 1205736.010536988266, 5979321.976934784092, 688.21197509765625 ], [ 1205710.494271887932, 5979324.812075351365, 689.34600830078125 ], [ 1205686.395577070769, 5979312.053942799568, 689.0009765625 ], [ 1205679.307725654216, 5979309.218802234158, 689.656005859375 ], [ 1205659.461741687264, 5979303.548521100543, 690.5059814453125 ], [ 1205643.868468570057, 5979297.878239965998, 689.05999755859375 ], [ 1205618.352203469723, 5979270.944404583424, 688.458984375 ], [ 1205577.24266525195, 5979252.515990899876, 686.17901611328125 ], [ 1205564.484532702016, 5979252.515990899876, 686.197021484375 ], [ 1205544.638548734831, 5979241.175428631715, 686.614013671875 ], [ 1205510.616861934308, 5979225.58215551544, 690.78497314453125 ], [ 1205489.353307683952, 5979194.395609281957, 687.89898681640625 ], [ 1205469.507323716767, 5979175.967195598409, 688.4320068359375 ], [ 1205461.001902016578, 5979173.132055030204, 688.85601806640625 ], [ 1205434.068066632841, 5979171.714484748431, 694.60498046875 ], [ 1205426.980215216056, 5979171.714484748431, 695.58599853515625 ], [ 1205395.793668982107, 5979161.791492764838, 696.28497314453125 ], [ 1205366.024693031562, 5979149.033360213041, 696.219970703125 ], [ 1205350.431419914588, 5979136.275227664039, 696.0770263671875 ], [ 1205329.167865664233, 5979119.264384264126, 693.75897216796875 ], [ 1205310.739451980451, 5979107.923821995966, 693.42901611328125 ], [ 1205300.816459997091, 5979099.41840029601, 693.28399658203125 ], [ 1205265.377202912932, 5979085.242697463371, 690.78302001953125 ], [ 1205252.619070362765, 5979082.407556896098, 689.61199951171875 ], [ 1205241.278508095769, 5979078.15484604612, 689.91400146484375 ], [ 1205228.520375545369, 5979073.902135196142, 689.21197509765625 ], [ 1205207.256821295246, 5979073.902135196142, 689.197998046875 ], [ 1205174.652704777662, 5979066.814283779822, 688.0469970703125 ], [ 1205150.554009960731, 5979072.484564911574, 687.82098388671875 ], [ 1205139.213447693968, 5979080.989986612462, 687.88397216796875 ], [ 1205129.290455710143, 5979088.077838029712, 688.156005859375 ], [ 1205110.862042026594, 5979098.000830012374, 688.302978515625 ], [ 1205096.686339193024, 5979107.923821995966, 688.655029296875 ], [ 1205079.675495792879, 5979123.517095114104, 689.156982421875 ], [ 1205075.422784942435, 5979126.352235679515, 689.0150146484375 ] ] } },
{ "type": "Feature", "properties": { "name": "Umholer Uphill Trail (0,4 km)", "description": "Uphill Trail zur Umholer Höhe." }, "geometry": { "type": "LineString", "coordinates": [ [ 1209393.368006653152, 5982335.800432583317, 688.48797607421875 ], [ 1209411.440937292296, 5982354.936476788484, 687.083984375 ], [ 1209419.945845828392, 5982371.946293861605, 689.7490234375 ], [ 1209428.450754364254, 5982390.019224500284, 688.35400390625 ], [ 1209448.649912137305, 5982409.15526870545, 689.07098388671875 ], [ 1209458.217934240121, 5982425.101972211152, 688.2239990234375 ], [ 1209466.722842776217, 5982444.238016416319, 688.301025390625 ], [ 1209463.533502075123, 5982485.699445529841, 686.63397216796875 ], [ 1209461.407274941215, 5982517.592852540314, 687.77099609375 ], [ 1209453.965479972074, 5982543.107578148134, 687.13800048828125 ], [ 1209440.145003601443, 5982569.685417322442, 686.051025390625 ], [ 1209429.513867931208, 5982592.010802229866, 685.9000244140625 ], [ 1209435.892549333395, 5982612.209960002452, 685.3590087890625 ], [ 1209452.902366405353, 5982614.336187137291, 686.4420166015625 ], [ 1209472.038410611451, 5982612.209960002452, 685.70501708984375 ], [ 1209493.300681951223, 5982607.957505735569, 686.3060302734375 ], [ 1209504.994931188412, 5982607.957505735569, 686.67901611328125 ], [ 1209528.383429662324, 5982613.273073570803, 686.2020263671875 ], [ 1209549.645701002562, 5982616.462414271198, 687.01898193359375 ], [ 1209577.286653744522, 5982628.156663509086, 685.64599609375 ], [ 1209604.927606486483, 5982643.040253445506, 685.47100830078125 ], [ 1209624.06365069258, 5982660.050070517696, 685.7760009765625 ], [ 1209643.220848006196, 5982684.670691166073, 685.4000244140625 ], [ 1209643.220848006196, 5982735.581133975647, 688.14697265625 ], [ 1209646.991991917836, 5982752.551281578839, 688.2659912109375 ], [ 1209667.733283432433, 5982788.377148740925, 692.66497802734375 ], [ 1209684.703431034926, 5982799.690580475144, 694.03302001953125 ], [ 1209703.559150593821, 5982809.118440254591, 695.39398193359375 ], [ 1209739.385017754976, 5982824.203015901148, 700.89501953125 ], [ 1209745.041733622551, 5982829.859731769189, 700.38897705078125 ], [ 1209771.439741004491, 5982831.745303724892, 699.6190185546875 ], [ 1209795.952176430728, 5982831.745303724892, 698.7659912109375 ], [ 1209828.006899680011, 5982833.630875682458, 698.84600830078125 ], [ 1209860.061622929526, 5982863.800026973709, 700.35601806640625 ], [ 1209877.031770532485, 5982892.08360631112, 701.197021484375 ], [ 1209895.887490090914, 5982901.511466091499, 701.510986328125 ], [ 1209903.429777914425, 5982916.596041739918, 701.88397216796875 ], [ 1209939.255645075813, 5982939.222905209288, 702.208984375 ], [ 1209978.852656148607, 5982954.307480855845, 708.04998779296875 ], [ 1209982.623800060479, 5982961.849768678658, 709.2080078125 ], [ 1209995.822803751566, 5982982.591060194187, 709.20501708984375 ], [ 1209999.593947662972, 5983003.332351707853, 709.95697021484375 ], [ 1209999.593947662972, 5983020.302499311045, 710.09600830078125 ], [ 1209998.279626276577, 5983053.402090308256, 710.80902099609375 ], [ 1209998.748582773143, 5983066.000530653633, 710.30902099609375 ] ] } },
{ "type": "Feature", "properties": { "name": "Trail zum Umspannwerk (0,2 km)", "description": "Verbindung zum Umspannwerk" }, "geometry": { "type": "LineString", "coordinates": [ [ 1209799.955371955177, 5981989.01434336137, 684.010986328125 ], [ 1209809.640088780085, 5981999.390825674869, 684.24200439453125 ], [ 1209815.865978167625, 5982006.308480548672, 684.50299072265625 ], [ 1209829.009522429435, 5982006.308480548672, 684.822998046875 ], [ 1209834.543646329548, 5982006.308480548672, 686.051025390625 ], [ 1209841.461301204516, 5982011.842604448088, 686.0689697265625 ], [ 1209843.536597666796, 5982017.376728350297, 686.198974609375 ], [ 1209847.687190591823, 5982021.527321274392, 686.90997314453125 ], [ 1209853.221314491704, 5982021.527321274392, 686.90997314453125 ], [ 1209861.52250034106, 5982021.527321274392, 685.89697265625 ], [ 1209867.7483897286, 5982025.677914198488, 686.1519775390625 ], [ 1209874.666044603568, 5982031.212038097903, 686.0689697265625 ], [ 1209884.350761428243, 5982033.287334560417, 686.385986328125 ], [ 1209891.268416302744, 5982033.979100046679, 687.53399658203125 ], [ 1209896.802540202625, 5982034.670865536667, 687.53399658203125 ], [ 1209909.946084465133, 5982041.588520410471, 686.84197998046875 ], [ 1209914.788442877354, 5982047.814409798011, 686.71697998046875 ], [ 1209925.164925189456, 5982048.506175284274, 686.51300048828125 ], [ 1209934.849642014364, 5982047.122644310817, 687.25897216796875 ], [ 1209943.150827864185, 5982045.739113334566, 686.55999755859375 ], [ 1209954.910841151373, 5982045.739113334566, 686.0360107421875 ], [ 1209963.212027000962, 5982060.266188573092, 685.96197509765625 ], [ 1209967.362619925989, 5982063.725016010925, 685.6719970703125 ], [ 1209981.889695163118, 5982069.25913991034, 686.2969970703125 ], [ 1209995.03323942516, 5982082.402684171684, 686.66400146484375 ], [ 1210006.793252712581, 5982097.621524897404, 686.06298828125 ], [ 1210015.786204049829, 5982119.06625500787, 685.31402587890625 ], [ 1210019.936796974391, 5982136.360392195173, 684.99102783203125 ], [ 1210031.696810261812, 5982157.80512230657, 685.35601806640625 ], [ 1210036.539168674266, 5982164.722777182236, 684.4110107421875 ], [ 1210046.915650986368, 5982187.551038269885, 683.95501708984375 ], [ 1210056.600367811043, 5982197.927520581521, 683.4990234375 ], [ 1210066.976850123378, 5982212.454595817253, 684.2039794921875 ], [ 1210073.202739510685, 5982220.064016180113, 684.07098388671875 ], [ 1210086.346283772727, 5982235.282856904902, 683.26202392578125 ], [ 1210096.031000597635, 5982239.43344983086, 683.344970703125 ], [ 1210110.558075834764, 5982250.501697630621, 683.72100830078125 ], [ 1210132.694571434055, 5982302.384109190665, 684.71600341796875 ], [ 1210142.379288258962, 5982318.986480891705, 683.6300048828125 ], [ 1210147.221646670951, 5982330.746494177729, 682.85400390625 ], [ 1210156.906363495858, 5982343.198272953741, 682.9840087890625 ], [ 1210162.440487395506, 5982363.259472090751, 683.697998046875 ], [ 1210167.282845808193, 5982372.252423427068, 682.43701171875 ], [ 1210174.892266170587, 5982376.403016351163, 681.8179931640625 ], [ 1210180.426390070235, 5982386.087733177468, 681.4000244140625 ], [ 1210180.426390070235, 5982397.15598097723, 682.1259765625 ], [ 1210184.57698299503, 5982414.450118164532, 683.322021484375 ], [ 1210187.344044945203, 5982417.217180114239, 683.17999267578125 ], [ 1210200.141706463415, 5982426.90189693775, 684.1510009765625 ] ] } },
{ "type": "Feature", "properties": { "name": "Schlierenzau - CC Trail (0,9 km)", "description": "Technisch fordernder CC-Trainings-Trail!" }, "geometry": { "type": "LineString", "coordinates": [ [ 1207073.603999235202, 5981765.008817915805, 821.155029296875 ], [ 1207084.97868147213, 5981761.849183960818, 821.58099365234375 ], [ 1207094.45758333616, 5981760.585330380127, 821.46002197265625 ], [ 1207096.411168071209, 5981760.194613399915, 821.46002197265625 ], [ 1207100.15569507773, 5981760.595812766813, 820.71502685546875 ], [ 1207117.666760236723, 5981764.973579056561, 820.927978515625 ], [ 1207140.35154919303, 5981767.759430332109, 819.00299072265625 ], [ 1207149.505060526542, 5981772.933154128492, 817.6240234375 ], [ 1207158.658571859356, 5981775.321026650257, 816.9530029296875 ], [ 1207170.199955714634, 5981778.90283543244, 817.6610107421875 ], [ 1207171.393891975284, 5981779.300814188085, 817.6610107421875 ], [ 1207177.188489685301, 5981779.300814188085, 817.7540283203125 ], [ 1207190.894850902492, 5981779.300814188085, 817.489990234375 ], [ 1207203.232192264637, 5981778.90283543244, 817.60101318359375 ], [ 1207220.345278670546, 5981781.290707954206, 814.24700927734375 ], [ 1207221.937193684978, 5981781.688686707057, 815.53802490234375 ], [ 1207229.896768757375, 5981785.270495491102, 814.52899169921875 ], [ 1207235.070492554223, 5981789.250283027068, 814.03399658203125 ], [ 1207243.03006762662, 5981788.852304274216, 812.64599609375 ], [ 1207249.397727684584, 5981789.648261780851, 810.114990234375 ], [ 1207252.908549000509, 5981791.98880910594, 807.1259765625 ], [ 1207255.367408988765, 5981793.628049317747, 807.1259765625 ], [ 1207260.143154032296, 5981795.219964331947, 804.63201904296875 ], [ 1207261.507582204649, 5981794.475730712526, 804.63201904296875 ], [ 1207264.520920322044, 5981792.83209180925, 804.63201904296875 ], [ 1207261.337090293178, 5981785.270495491102, 803.22998046875 ], [ 1207258.94921777118, 5981775.321026650257, 804.1090087890625 ], [ 1207258.551239017863, 5981773.729111636057, 802.75299072265625 ], [ 1207270.687669269275, 5981772.993570406921, 799.03302001953125 ], [ 1207281.753350606188, 5981780.479179529473, 798.06597900390625 ], [ 1207298.129629096948, 5981792.429436805658, 796.344970703125 ], [ 1207305.653865159955, 5981800.838877113536, 795.406005859375 ], [ 1207312.292896980653, 5981814.116940752603, 794.80902099609375 ], [ 1207318.046724558342, 5981831.378423485905, 794.63299560546875 ], [ 1207315.391111830249, 5981873.425625015981, 792.093017578125 ], [ 1207312.292896980653, 5981883.162871686742, 792.00897216796875 ], [ 1207311.407692737877, 5981893.785322600044, 790.7139892578125 ], [ 1207315.391111830249, 5981905.292977754958, 790.29302978515625 ], [ 1207323.800552136265, 5981918.571041396819, 784.2960205078125 ], [ 1207328.226573349908, 5981927.423083825037, 782.7459716796875 ], [ 1207337.078615776962, 5981932.291707157157, 782.77398681640625 ], [ 1207353.01229214645, 5981937.160330493934, 781.12701416015625 ], [ 1207358.028541469015, 5981937.360980459489, 780.2340087890625 ], [ 1207375.142398214433, 5981938.045534735546, 778.447998046875 ], [ 1207387.092655491782, 5981943.356760191731, 777.05999755859375 ], [ 1207395.346009509405, 5981948.308770987205, 776.1619873046875 ], [ 1207404.796740346123, 5981953.979211105034, 776.43499755859375 ], [ 1207414.091384895146, 5981965.044264139608, 776.125 ], [ 1207425.599040050525, 5981969.912887475453, 774.28802490234375 ], [ 1207442.860522783594, 5981973.453704444692, 773.70001220703125 ], [ 1207446.416968103033, 5981973.838184989989, 772.5989990234375 ], [ 1207459.236801274354, 5981975.224112930708, 771.17401123046875 ], [ 1207471.900701994542, 5981979.445411724038, 770.58197021484375 ], [ 1207489.776347648818, 5981985.403961722739, 768.2960205078125 ], [ 1207501.726604925469, 5981986.731768085621, 767.38897705078125 ], [ 1207512.464480748633, 5981986.015909692273, 766.15899658203125 ], [ 1207513.705421431689, 5981986.429556610994, 766.15899658203125 ], [ 1207514.252588217147, 5981986.448755444959, 766.15899658203125 ], [ 1207522.411152666435, 5981986.448755444959, 764.9739990234375 ], [ 1207538.130629408406, 5981988.28087551333, 765.7139892578125 ], [ 1207543.66315592546, 5981989.829982936382, 764.5159912109375 ], [ 1207549.638284563553, 5981990.936488241889, 764.0159912109375 ], [ 1207554.949510020204, 5981989.829982936382, 763.197021484375 ], [ 1207562.03114396194, 5981982.969650056213, 761.47601318359375 ], [ 1207562.916348204948, 5981981.420542631298, 761.47601318359375 ], [ 1207566.899767296854, 5981975.888016114011, 760.6290283203125 ], [ 1207568.670175782405, 5981973.896306566894, 759.8289794921875 ], [ 1207571.325788510498, 5981973.896306566894, 759.8289794921875 ], [ 1207577.964820331195, 5981973.896306566894, 758.82501220703125 ], [ 1207582.390841545071, 5981979.42883308325, 758.82501220703125 ], [ 1207584.161250030389, 5981982.527047934011, 759.14398193359375 ], [ 1207585.931658515474, 5981990.493886119686, 759.4959716796875 ], [ 1207588.144669122295, 5981996.469014757313, 760.26800537109375 ], [ 1207591.02158291149, 5982001.116337032057, 759.52801513671875 ], [ 1207593.455894578947, 5982003.771949759685, 759.98602294921875 ], [ 1207595.890206246404, 5982003.771949759685, 759.98602294921875 ], [ 1207601.644033824326, 5982002.444143395871, 759.44500732421875 ], [ 1207605.848753977334, 5981999.788530668244, 758.02899169921875 ], [ 1207608.946968826698, 5981998.903326425701, 758.02899169921875 ], [ 1207615.143398525892, 5981998.018122182228, 757.09002685546875 ], [ 1207619.790720800171, 5981999.788530668244, 757.09002685546875 ], [ 1207626.87235474214, 5982006.206261427142, 757.4739990234375 ], [ 1207633.290085501503, 5982014.394400673918, 757.6820068359375 ], [ 1207636.166999290697, 5982019.705626128241, 757.2750244140625 ], [ 1207643.027332171798, 5982034.975399316289, 758.1309814453125 ], [ 1207658.850358010735, 5982056.441602203064, 758.4310302734375 ], [ 1207668.366303619929, 5982070.383569026366, 758.5050048828125 ], [ 1207674.784034379758, 5982079.456912512891, 759.18597412109375 ], [ 1207679.431356654037, 5982087.202449638397, 758.968017578125 ], [ 1207688.062098020688, 5982095.611889942549, 758.6259765625 ], [ 1207692.488119234331, 5982099.37400797382, 759.23199462890625 ], [ 1207698.684548933525, 5982104.242631308734, 758.44097900390625 ], [ 1207705.766182875028, 5982109.775157826021, 758.23699951171875 ], [ 1207707.536591360578, 5982111.545566312037, 758.23699951171875 ], [ 1207714.618225302314, 5982121.061511921696, 758.91302490234375 ], [ 1207717.273838030873, 5982126.815339499153, 758.43597412109375 ], [ 1207722.363762426423, 5982133.233070259914, 758.43597412109375 ], [ 1207730.109299550299, 5982141.421209503897, 755.4749755859375 ], [ 1207751.46485190629, 5982143.855521171354, 753.2030029296875 ], [ 1207761.202098576119, 5982145.183327536099, 754.18798828125 ], [ 1207775.586667520693, 5982142.52771480754, 752.5040283203125 ], [ 1207783.332204644568, 5982138.322994654998, 748.5670166015625 ], [ 1207791.962946010754, 5982131.905263895169, 747.37298583984375 ], [ 1207799.044579952955, 5982125.487533136271, 746.7760009765625 ], [ 1207806.790117076831, 5982121.504114042968, 747.6409912109375 ], [ 1207810.552235108102, 5982120.176307679154, 747.6409912109375 ], [ 1207822.059890263947, 5982117.963297071867, 746.96600341796875 ], [ 1207830.026728448225, 5982115.528985403478, 747.35400390625 ], [ 1207839.10007193638, 5982113.094673736952, 746.947021484375 ], [ 1207843.083491028752, 5982111.324265251867, 745.22601318359375 ], [ 1207849.943823909853, 5982109.33255570475, 744.4949951171875 ], [ 1207856.582855730318, 5982104.463932370767, 743.31500244140625 ], [ 1207860.344973762054, 5982101.587018581107, 743.31500244140625 ], [ 1207865.434898157604, 5982098.931405851617, 743.75897216796875 ], [ 1207870.082220431883, 5982099.15270691365, 744.00897216796875 ], [ 1207881.811176648131, 5982105.791738735512, 744.541015625 ], [ 1207898.630057259696, 5982121.504114042968, 744.13397216796875 ], [ 1207907.260798626347, 5982131.020059652627, 742.510009765625 ], [ 1207916.55544317537, 5982137.880392533727, 741.98699951171875 ], [ 1207933.706275378121, 5982154.699273145758, 740.82598876953125 ], [ 1207936.804490227485, 5982159.346595418639, 740.4420166015625 ], [ 1207946.763037958415, 5982173.509863304906, 740.0579833984375 ], [ 1207951.63166129333, 5982182.361905731261, 739.31298828125 ], [ 1207954.06597296102, 5982189.886141792871, 739.3499755859375 ], [ 1207955.836381446337, 5982195.639969371259, 739.86798095703125 ], [ 1207962.918015388306, 5982213.565355286002, 738.85498046875 ], [ 1207971.991358876228, 5982224.851709380746, 738.59100341796875 ], [ 1207986.597228881205, 5982232.154644384049, 737.2769775390625 ], [ 1208014.038560406072, 5982241.006686811335, 734.4310302734375 ], [ 1208035.947365413653, 5982249.858729239553, 731.572021484375 ], [ 1208050.774536479264, 5982258.046868484467, 729.7490234375 ] ] } },
{ "type": "Feature", "properties": { "name": "Schlierenzau CC-Trail (0,6 km)", "description": "unbekannt" }, "geometry": { "type": "LineString", "coordinates": [ [ 1207939.804960666224, 5982473.41045728419, 761.01300048828125 ], [ 1207931.310529952869, 5982473.41045728419, 761.18902587890625 ], [ 1207928.043441216694, 5982473.41045728419, 761.3189697265625 ], [ 1207924.77635248052, 5982477.330963768065, 761.3189697265625 ], [ 1207924.122934733517, 5982481.25147025194, 761.9990234375 ], [ 1207924.122934733517, 5982487.132229976356, 762.906005859375 ], [ 1207924.122934733517, 5982491.0527364593, 762.906005859375 ], [ 1207933.270783194341, 5982492.359571954235, 762.53997802734375 ], [ 1207946.992555885576, 5982494.319825195707, 763.01202392578125 ], [ 1207969.862177037634, 5982500.854002667591, 761.739990234375 ], [ 1207980.970278739929, 5982503.467673656531, 762.55401611328125 ], [ 1207996.652304672869, 5982510.001851127483, 763.15997314453125 ], [ 1208014.948001594283, 5982518.496281840838, 763.322021484375 ], [ 1208031.936863021692, 5982526.337294807658, 763.52099609375 ], [ 1208053.499648679048, 5982541.365902993828, 764.49298095703125 ], [ 1208061.994079392869, 5982547.900080465712, 764.87701416015625 ], [ 1208073.102181095397, 5982568.156030627899, 766.9310302734375 ], [ 1208086.823953786399, 5982588.411980791949, 767.60198974609375 ], [ 1208102.505979719339, 5982602.133753482252, 768.27301025390625 ], [ 1208114.920916916104, 5982613.241855187342, 770.1929931640625 ], [ 1208147.591804276221, 5982622.389703647234, 769.38397216796875 ], [ 1208163.273830208927, 5982622.389703647234, 769.0460205078125 ], [ 1208185.490033613751, 5982627.617045624182, 768.55499267578125 ], [ 1208193.331046579871, 5982632.190969854593, 767.0789794921875 ], [ 1208217.507503226865, 5982647.219578040764, 767.7459716796875 ], [ 1208234.496364653576, 5982665.51527496241, 767.9630126953125 ], [ 1208251.485226080986, 5982684.464389630593, 767.48199462890625 ], [ 1208253.445479322691, 5982687.731478367001, 766.89898681640625 ], [ 1208274.354847233044, 5982704.066922048107, 763.95599365234375 ], [ 1208284.156113440869, 5982713.214770507999, 764.5989990234375 ], [ 1208310.946241076104, 5982726.936543199234, 761.76300048828125 ], [ 1208341.656875194749, 5982743.925404625945, 759.10699462890625 ], [ 1208367.793585082749, 5982754.380088582635, 757.61700439453125 ], [ 1208390.663206234574, 5982773.329203250818, 755.58599853515625 ], [ 1208406.998649914749, 5982783.130469457246, 753.2030029296875 ], [ 1208424.640929088928, 5982796.852242149413, 751.72698974609375 ], [ 1208464.499411668163, 5982826.256040771492, 746.79901123046875 ], [ 1208484.755361831281, 5982838.670977969654, 744.64801025390625 ], [ 1208498.477134522516, 5982843.244902200997, 743.10198974609375 ], [ 1208511.545489466516, 5982847.818826431409, 741.08502197265625 ], [ 1208518.733084685868, 5982852.39275066182, 740.0989990234375 ], [ 1208540.62257921719, 5982864.80768785812, 737.0460205078125 ], [ 1208552.38409866672, 5982877.876042801887, 735.55999755859375 ], [ 1208554.344351908425, 5982880.489713789895, 734.552001953125 ], [ 1208563.492200369248, 5982887.02389126271, 733.6400146484375 ], [ 1208569.37296009413, 5982887.677309010178, 732.69598388671875 ], [ 1208571.333213335834, 5982884.41022027377, 732.69598388671875 ], [ 1208571.333213335834, 5982881.143131538294, 732.21002197265625 ], [ 1208571.333213335834, 5982879.836296043359, 732.21002197265625 ] ] } },
{ "type": "Feature", "properties": { "name": "Ferienheim Trail (0,5 km)", "description": "unbekannt" }, "geometry": { "type": "LineString", "coordinates": [ [ 1210768.292968859663, 5982642.722594306804, 682.5579833984375 ], [ 1210791.295981564326, 5982625.470334775746, 683.44000244140625 ], [ 1210835.891231887974, 5982603.796380249783, 684.3699951171875 ], [ 1210858.999112258665, 5982597.715359097347, 684.364013671875 ], [ 1210884.539401088841, 5982595.282950637862, 686.10699462890625 ], [ 1210895.485239159083, 5982591.634337948635, 685.3289794921875 ], [ 1210925.890344909858, 5982577.039887187071, 688.572998046875 ], [ 1210934.403774520149, 5982566.094049116597, 689.20697021484375 ], [ 1210952.646837970708, 5982558.79682373628, 688.69500732421875 ], [ 1210973.32230988075, 5982552.715802586637, 687.635009765625 ], [ 1210991.565373331308, 5982546.634781437926, 686.4119873046875 ], [ 1211008.592232551659, 5982541.769964516163, 686.63397216796875 ], [ 1211051.15938060265, 5982542.986168746836, 683.177001953125 ], [ 1211069.402444052976, 5982542.986168746836, 682.416015625 ], [ 1211082.780690583633, 5982541.769964516163, 682.19097900390625 ], [ 1211098.591345573775, 5982534.472739136778, 681.13397216796875 ], [ 1211136.293676704867, 5982561.229232197627, 680.0560302734375 ], [ 1211146.023310544668, 5982577.039887187071, 680.18701171875 ], [ 1211155.7529443854, 5982583.120908336714, 678.77398681640625 ], [ 1211171.563599375542, 5982594.06674640812, 680.1209716796875 ], [ 1211173.99600783526, 5982600.147767557763, 679.64501953125 ], [ 1211180.077028985834, 5982605.012584476732, 678.72998046875 ], [ 1211193.455275515793, 5982597.715359097347, 676.88897705078125 ], [ 1211204.401113586035, 5982577.039887187071, 677.3330078125 ], [ 1211223.860381266568, 5982561.229232197627, 675.4739990234375 ], [ 1211229.941402416909, 5982547.850985665806, 675.530029296875 ], [ 1211234.80621933681, 5982545.418577207252, 675.7960205078125 ], [ 1211251.833078557393, 5982538.121351826936, 675.5770263671875 ], [ 1211262.778916627867, 5982541.769964516163, 675.63897705078125 ], [ 1211270.076142007485, 5982556.364415277727, 675.3280029296875 ], [ 1211271.292346237693, 5982580.688499878161, 676.0 ], [ 1211281.02198007796, 5982602.580176017247, 676.19000244140625 ], [ 1211291.967818148201, 5982639.066302917898, 674.7449951171875 ], [ 1211305.346064678626, 5982660.957979059778, 673.614013671875 ], [ 1211305.346064678626, 5982664.606591749936, 673.69097900390625 ], [ 1211312.643290058477, 5982668.255204439163, 672.9219970703125 ] ] } }
]
}
